d,unixTs,investorCap
2020-01-01,1577836800,85086289941.8317
2020-01-02,1577923200,84809168990.13629
2020-01-03,1578009600,84839849306.4846
2020-01-04,1578096000,84819199885.8602
2020-01-05,1578182400,84816761600.47139
2020-01-06,1578268800,84881800866.9618
2020-01-07,1578355200,84956925082.0401
2020-01-08,1578441600,84999183397.8141
2020-01-09,1578528000,85041042427.7581
2020-01-10,1578614400,85109585309.7213
2020-01-11,1578700800,85114414697.4189
2020-01-12,1578787200,85139698717.7013
2020-01-13,1578873600,85166629103.1481
2020-01-14,1578960000,85471454998.789
2020-01-15,1579046400,85635385844.19609
2020-01-16,1579132800,85720323239.2552
2020-01-17,1579219200,85816072059.1985
2020-01-18,1579305600,85850909860.095
2020-01-19,1579392000,85839649707.9161
2020-01-20,1579478400,85829021377.95619
2020-01-21,1579564800,85859449631.0331
2020-01-22,1579651200,85868220271.9009
2020-01-23,1579737600,85861426327.55139
2020-01-24,1579824000,85901358178.6004
2020-01-25,1579910400,85911046068.7539
2020-01-26,1579996800,85937324557.2565
2020-01-27,1580083200,86012303510.0055
2020-01-28,1580169600,86141350144.5996
2020-01-29,1580256000,86330282552.661
2020-01-30,1580342400,86511072638.2546
2020-01-31,1580428800,86689600105.53479
2020-02-01,1580515200,86725192824.5856
2020-02-02,1580601600,86714288342.2958
2020-02-03,1580688000,86778791711.3011
2020-02-04,1580774400,86803620921.40059
2020-02-05,1580860800,86909329109.4347
2020-02-06,1580947200,87186400382.7042
2020-02-07,1581033600,87585968847.8308
2020-02-08,1581120000,87726135438.487
2020-02-09,1581206400,87836694658.0695
2020-02-10,1581292800,88101308342.6599
2020-02-11,1581379200,88308118655.2007
2020-02-12,1581465600,88439395024.343
2020-02-13,1581552000,88551062574.38829
2020-02-14,1581638400,88661280846.3414
2020-02-15,1581724800,88647752729.58359
2020-02-16,1581811200,88687343312.32379
2020-02-17,1581897600,88675452636.93869
2020-02-18,1581984000,88953106234.7058
2020-02-19,1582070400,88950513297.2335
2020-02-20,1582156800,88932282031.1021
2020-02-21,1582243200,88965553647.9113
2020-02-22,1582329600,88987006444.1866
2020-02-23,1582416000,89049851915.9458
2020-02-24,1582502400,89066278707.79
2020-02-25,1582588800,89177533517.1178
2020-02-26,1582675200,89071488673.4715
2020-02-27,1582761600,89002408410.66519
2020-02-28,1582848000,88980486589.5419
2020-02-29,1582934400,88944581690.6004
2020-03-01,1583020800,88909714787.2605
2020-03-02,1583107200,88965026305.0215
2020-03-03,1583193600,88989433696.6837
2020-03-04,1583280000,88723406024.15259
2020-03-05,1583366400,88747919760.0521
2020-03-06,1583452800,88786374357.7001
2020-03-07,1583539200,88769880439.3245
2020-03-08,1583625600,88687241001.82239
2020-03-09,1583712000,88497691820.8876
2020-03-10,1583798400,88380877100.2188
2020-03-11,1583884800,88110884073.498
2020-03-12,1583971200,85901016565.4169
2020-03-13,1584057600,85223682871.9953
2020-03-14,1584144000,84882526518.6363
2020-03-15,1584230400,84768520143.0204
2020-03-16,1584316800,84343209754.2135
2020-03-17,1584403200,84181815567.1538
2020-03-18,1584489600,84109145779.8131
2020-03-19,1584576000,84191290744.6915
2020-03-20,1584662400,84014841073.4555
2020-03-21,1584748800,84002837027.50699
2020-03-22,1584835200,83976593406.9287
2020-03-23,1584921600,84007067079.4234
2020-03-24,1585008000,84179271805.9552
2020-03-25,1585094400,84148913211.7487
2020-03-26,1585180800,84169659695.4736
2020-03-27,1585267200,84099128265.9398
2020-03-28,1585353600,84040366596.8366
2020-03-29,1585440000,83939081330.8465
2020-03-30,1585526400,83912755243.83609
2020-03-31,1585612800,83862299471.4794
2020-04-01,1585699200,83570946812.6055
2020-04-02,1585785600,83576015660.9827
2020-04-03,1585872000,83561694322.8743
2020-04-04,1585958400,83567317206.4564
2020-04-05,1586044800,83569107935.579
2020-04-06,1586131200,83726286131.9775
2020-04-07,1586217600,83685438550.0568
2020-04-08,1586304000,83740480125.4944
2020-04-09,1586390400,83756202538.5199
2020-04-10,1586476800,83351260122.2185
2020-04-11,1586563200,83339450477.3143
2020-04-12,1586649600,83341505011.04199
2020-04-13,1586736000,83311938295.74669
2020-04-14,1586822400,83300847136.9571
2020-04-15,1586908800,83246491817.37909
2020-04-16,1586995200,83275350329.51709
2020-04-17,1587081600,83276187999.0044
2020-04-18,1587168000,83299771268.1295
2020-04-19,1587254400,83295245015.3801
2020-04-20,1587340800,83223522417.5026
2020-04-21,1587427200,83196771398.12259
2020-04-22,1587513600,83221358683.1653
2020-04-23,1587600000,83313056954.2124
2020-04-24,1587686400,83371898532.0216
2020-04-25,1587772800,83391875150.8168
2020-04-26,1587859200,83418983423.8866
2020-04-27,1587945600,83618286428.1368
2020-04-28,1588032000,83642089549.83139
2020-04-29,1588118400,84424344489.7397
2020-04-30,1588204800,84669358779.7616
2020-05-01,1588291200,84837419480.3821
2020-05-02,1588377600,84921669710.52429
2020-05-03,1588464000,84984127576.6204
2020-05-04,1588550400,85065142347.8168
2020-05-05,1588636800,85144453657.6449
2020-05-06,1588723200,85379288044.8017
2020-05-07,1588809600,86098857017.72769
2020-05-08,1588896000,86314255092.1455
2020-05-09,1588982400,86316485610.0147
2020-05-10,1589068800,86248777578.87439
2020-05-11,1589155200,86142009047.1755
2020-05-12,1589241600,86141139200.71829
2020-05-13,1589328000,86317080602.6842
2020-05-14,1589414400,86488916809.1799
2020-05-15,1589500800,86513574977.1341
2020-05-16,1589587200,86540927041.0448
2020-05-17,1589673600,86601092957.4787
2020-05-18,1589760000,86795036361.0596
2020-05-19,1589846400,86938943653.5852
2020-05-20,1589932800,86957171483.1051
2020-05-21,1590019200,86895586128.1834
2020-05-22,1590105600,86894244185.0433
2020-05-23,1590192000,86918343390.6884
2020-05-24,1590278400,86886080245.0693
2020-05-25,1590364800,86817758845.7809
2020-05-26,1590451200,86800508592.90471
2020-05-27,1590537600,86867794142.1603
2020-05-28,1590624000,86937059229.4043
2020-05-29,1590710400,86981627663.3682
2020-05-30,1590796800,87030138520.0378
2020-05-31,1590883200,87032571727.40529
2020-06-01,1590969600,87388652668.1636
2020-06-02,1591056000,87352331972.8476
2020-06-03,1591142400,87421755325.5544
2020-06-04,1591228800,87526928534.8829
2020-06-05,1591315200,87541865789.5541
2020-06-06,1591401600,87577386435.8993
2020-06-07,1591488000,87608387997.5938
2020-06-08,1591574400,87789066805.663
2020-06-09,1591660800,87854762755.78452
2020-06-10,1591747200,87923622892.1488
2020-06-11,1591833600,87856381700.3179
2020-06-12,1591920000,87885781382.0614
2020-06-13,1592006400,87900676850.26749
2020-06-14,1592092800,87910294892.295
2020-06-15,1592179200,87947234010.12201
2020-06-16,1592265600,87998480110.01219
2020-06-17,1592352000,88007503728.92601
2020-06-18,1592438400,88266803836.2213
2020-06-19,1592524800,88252597328.0379
2020-06-20,1592611200,88272867891.7358
2020-06-21,1592697600,88291517364.17711
2020-06-22,1592784000,88387338245.95999
2020-06-23,1592870400,88438871257.4819
2020-06-24,1592956800,88382587623.35861
2020-06-25,1593043200,88358674401.1943
2020-06-26,1593129600,88629244256.0107
2020-06-27,1593216000,88616611601.6666
2020-06-28,1593302400,88620841081.1651
2020-06-29,1593388800,88645630303.3815
2020-06-30,1593475200,88689568233.2478
2020-07-01,1593561600,88714909491.5186
2020-07-02,1593648000,88704374124.501
2020-07-03,1593734400,88708666473.3264
2020-07-04,1593820800,88718831916.42291
2020-07-05,1593907200,88719218570.0528
2020-07-06,1593993600,88770011631.6115
2020-07-07,1594080000,88784828666.8619
2020-07-08,1594166400,88936784665.7867
2020-07-09,1594252800,88955655281.96869
2020-07-10,1594339200,88972166817.4543
2020-07-11,1594425600,88977734765.3987
2020-07-12,1594512000,88989588250.3085
2020-07-13,1594598400,88994652868.86731
2020-07-14,1594684800,89046190643.4104
2020-07-15,1594771200,89082373003.01941
2020-07-16,1594857600,89082470310.7372
2020-07-17,1594944000,89078794401.3804
2020-07-18,1595030400,89084143059.8726
2020-07-19,1595116800,89108882494.37
2020-07-20,1595203200,89108181041.79419
2020-07-21,1595289600,89153264279.5222
2020-07-22,1595376000,89236522014.9346
2020-07-23,1595462400,89312260930.9861
2020-07-24,1595548800,89352325123.5521
2020-07-25,1595635200,89408601144.3488
2020-07-26,1595721600,89486562177.7373
2020-07-27,1595808000,89971108536.5078
2020-07-28,1595894400,90288072687.0702
2020-07-29,1595980800,90492068515.6314
2020-07-30,1596067200,90686000971.849
2020-07-31,1596153600,90896220512.2204
2020-08-01,1596240000,91073711719.446
2020-08-02,1596326400,91132852646.1281
2020-08-03,1596412800,91485874385.0137
2020-08-04,1596499200,91584871537.95511
2020-08-05,1596585600,91904845441.7594
2020-08-06,1596672000,92337586119.0638
2020-08-07,1596758400,92662218146.17801
2020-08-08,1596844800,92890314901.06839
2020-08-09,1596931200,93026780932.1278
2020-08-10,1597017600,93182067667.68631
2020-08-11,1597104000,93337183409.1274
2020-08-12,1597190400,93461642396.79471
2020-08-13,1597276800,93636751158.4168
2020-08-14,1597363200,93799464428.34769
2020-08-15,1597449600,93900548839.545
2020-08-16,1597536000,93988932852.1066
2020-08-17,1597622400,94393025635.78859
2020-08-18,1597708800,94485598979.1403
2020-08-19,1597795200,94542091677.34329
2020-08-20,1597881600,94660979443.3132
2020-08-21,1597968000,94739603937.6178
2020-08-22,1598054400,94788592840.0573
2020-08-23,1598140800,94825518001.5014
2020-08-24,1598227200,94945660003.8287
2020-08-25,1598313600,94980022827.75049
2020-08-26,1598400000,95050937713.1486
2020-08-27,1598486400,95083799284.80011
2020-08-28,1598572800,95213147516.87122
2020-08-29,1598659200,95222171005.12181
2020-08-30,1598745600,95316109791.3955
2020-08-31,1598832000,95457084536.0079
2020-09-01,1598918400,95701523650.3643
2020-09-02,1599004800,95729772847.93411
2020-09-03,1599091200,95537895022.4388
2020-09-04,1599177600,95560412237.63101
2020-09-05,1599264000,95487422452.31279
2020-09-06,1599350400,95482343744.6606
2020-09-07,1599436800,95463302909.70819
2020-09-08,1599523200,95413142621.38739
2020-09-09,1599609600,95395435504.1029
2020-09-10,1599696000,95406708455.88019
2020-09-11,1599782400,95398019186.26129
2020-09-12,1599868800,95390471690.8999
2020-09-13,1599955200,95388418523.069
2020-09-14,1600041600,95441780262.601
2020-09-15,1600128000,95523780971.5824
2020-09-16,1600214400,95669119866.4167
2020-09-17,1600300800,95735048379.3369
2020-09-18,1600387200,95820277588.4063
2020-09-19,1600473600,95920553009.36081
2020-09-20,1600560000,95956396685.63701
2020-09-21,1600646400,95888302675.914
2020-09-22,1600732800,95990828104.8059
2020-09-23,1600819200,95925867364.8284
2020-09-24,1600905600,96000226436.0909
2020-09-25,1600992000,96061622822.4603
2020-09-26,1601078400,96101358343.605
2020-09-27,1601164800,96121485186.5887
2020-09-28,1601251200,96145595503.15671
2020-09-29,1601337600,96342323488.7979
2020-09-30,1601424000,96368238116.14651
2020-10-01,1601510400,96358383740.0892
2020-10-02,1601596800,96370744465.97101
2020-10-03,1601683200,96374464181.7198
2020-10-04,1601769600,96399531701.2281
2020-10-05,1601856000,96455141401.3861
2020-10-06,1601942400,96458052817.5719
2020-10-07,1602028800,96522363411.7732
2020-10-08,1602115200,96619195443.9054
2020-10-09,1602201600,96739700072.79889
2020-10-10,1602288000,96811381353.3167
2020-10-11,1602374400,96889180496.9986
2020-10-12,1602460800,97003350999.3154
2020-10-13,1602547200,97084796935.64131
2020-10-14,1602633600,97198607155.8754
2020-10-15,1602720000,97310933890.9243
2020-10-16,1602806400,97340335781.8892
2020-10-17,1602892800,97368691445.2728
2020-10-18,1602979200,97411468081.42801
2020-10-19,1603065600,97754639746.9141
2020-10-20,1603152000,97975202121.9444
2020-10-21,1603238400,98447428412.931
2020-10-22,1603324800,99409757704.16339
2020-10-23,1603411200,99689691596.19849
2020-10-24,1603497600,99938231433.22769
2020-10-25,1603584000,100061138780.8089
2020-10-26,1603670400,100184350621.9404
2020-10-27,1603756800,100615811371.31729
2020-10-28,1603843200,100841774963.414
2020-10-29,1603929600,101144205469.9259
2020-10-30,1604016000,101310995523.8534
2020-10-31,1604102400,101525603587.1782
2020-11-01,1604188800,101724791839.2249
2020-11-02,1604275200,102057541778.7318
2020-11-03,1604361600,103902956066.7271
2020-11-04,1604448000,104276648923.00351
2020-11-05,1604534400,105405320787.7016
2020-11-06,1604620800,105946600984.5966
2020-11-07,1604707200,106010886326.1612
2020-11-08,1604793600,106589049497.99701
2020-11-09,1604880000,106908696469.5977
2020-11-10,1604966400,107191418518.6666
2020-11-11,1605052800,107553836741.22672
2020-11-12,1605139200,108104144669.4537
2020-11-13,1605225600,108513534718.46219
2020-11-14,1605312000,108715635672.6407
2020-11-15,1605398400,108843554601.7796
2020-11-16,1605484800,109251278639.0127
2020-11-17,1605571200,110114329945.6683
2020-11-18,1605657600,111377624110.3335
2020-11-19,1605744000,111775061239.2327
2020-11-20,1605830400,113138739289.8756
2020-11-21,1605916800,113748464142.451
2020-11-22,1606003200,114009117328.905
2020-11-23,1606089600,114576596382.4668
2020-11-24,1606176000,115436314982.6542
2020-11-25,1606262400,115812684015.9806
2020-11-26,1606348800,116140597620.8448
2020-11-27,1606435200,116464208591.4249
2020-11-28,1606521600,116665784952.59
2020-11-29,1606608000,116929883573.5597
2020-11-30,1606694400,117985958527.80191
2020-12-01,1606780800,118585923956.73682
2020-12-02,1606867200,119313267489.58789
2020-12-03,1606953600,119892852894.3159
2020-12-04,1607040000,120172408093.0737
2020-12-05,1607126400,120360412003.943
2020-12-06,1607212800,120555274319.96799
2020-12-07,1607299200,120925630179.078
2020-12-08,1607385600,121130330082.364
2020-12-09,1607472000,121802864381.68869
2020-12-10,1607558400,122002710787.84471
2020-12-11,1607644800,122233366349.1519
2020-12-12,1607731200,122657043370.9191
2020-12-13,1607817600,123729460597.5152
2020-12-14,1607904000,124108254708.2918
2020-12-15,1607990400,124613916172.0339
2020-12-16,1608076800,126099063083.186
2020-12-17,1608163200,128382047311.8642
2020-12-18,1608249600,130956489732.02449
2020-12-19,1608336000,131683793536.3001
2020-12-20,1608422400,132525986555.4357
2020-12-21,1608508800,133191608792.5104
2020-12-22,1608595200,135038077405.94379
2020-12-23,1608681600,136500042781.04129
2020-12-24,1608768000,137953742296.4512
2020-12-25,1608854400,138393546122.45938
2020-12-26,1608940800,139472564273.6924
2020-12-27,1609027200,140932885676.5501
2020-12-28,1609113600,144667017170.9501
2020-12-29,1609200000,147290451127.4533
2020-12-30,1609286400,149222356053.81412
2020-12-31,1609372800,150658401627.5834
2021-01-01,1609459200,152484756609.2349
2021-01-02,1609545600,155920579505.4168
2021-01-03,1609632000,158988444207.2523
2021-01-04,1609718400,161301677117.54462
2021-01-05,1609804800,164310526099.6928
2021-01-06,1609891200,167905124951.92648
2021-01-07,1609977600,173519079442.6346
2021-01-08,1610064000,178745367105.763
2021-01-09,1610150400,182117729839.0488
2021-01-10,1610236800,183588990162.1081
2021-01-11,1610323200,184944387067.6578
2021-01-12,1610409600,185762304349.2272
2021-01-13,1610496000,187434178939.9784
2021-01-14,1610582400,189523554336.859
2021-01-15,1610668800,190611970210.01163
2021-01-16,1610755200,191269116190.6135
2021-01-17,1610841600,191827127377.4923
2021-01-18,1610928000,193141277932.7037
2021-01-19,1611014400,193822196394.3905
2021-01-20,1611100800,194362633100.6847
2021-01-21,1611187200,194162815506.625
2021-01-22,1611273600,194553355803.6543
2021-01-23,1611360000,194784184060.4682
2021-01-24,1611446400,194958481336.0198
2021-01-25,1611532800,195252082953.8839
2021-01-26,1611619200,195579915909.8733
2021-01-27,1611705600,196595824150.86398
2021-01-28,1611792000,197895603406.0401
2021-01-29,1611878400,199361771302.0245
2021-01-30,1611964800,199994827780.525
2021-01-31,1612051200,200627643678.867
2021-02-01,1612137600,201093914560.6275
2021-02-02,1612224000,202192273467.56262
2021-02-03,1612310400,203269962721.22922
2021-02-04,1612396800,204594105320.515
2021-02-05,1612483200,206550638935.9581
2021-02-06,1612569600,207628009148.4511
2021-02-07,1612656000,208746939811.4927
2021-02-08,1612742400,212323588957.5084
2021-02-09,1612828800,217000351524.64862
2021-02-10,1612915200,219550569082.2316
2021-02-11,1613001600,222003069189.4617
2021-02-12,1613088000,224568082275.65057
2021-02-13,1613174400,225097304823.00497
2021-02-14,1613260800,226064625767.4155
2021-02-15,1613347200,228780394087.4169
2021-02-16,1613433600,230504938560.28372
2021-02-17,1613520000,233467756882.9138
2021-02-18,1613606400,236390913515.0563
2021-02-19,1613692800,242937653054.48898
2021-02-20,1613779200,245277705223.22382
2021-02-21,1613865600,247515208643.2298
2021-02-22,1613952000,249447841925.9004
2021-02-23,1614038400,251830326285.09406
2021-02-24,1614124800,254065658518.38013
2021-02-25,1614211200,255666550267.93182
2021-02-26,1614297600,257621878107.3287
2021-02-27,1614384000,257086056027.73813
2021-02-28,1614470400,257465247382.7877
2021-03-01,1614556800,259367413334.29062
2021-03-02,1614643200,260376471488.9004
2021-03-03,1614729600,261510324310.4298
2021-03-04,1614816000,262077136444.4702
2021-03-05,1614902400,263144357886.15448
2021-03-06,1614988800,263666403776.42084
2021-03-07,1615075200,264297064187.71033
2021-03-08,1615161600,266005597420.08087
2021-03-09,1615248000,267784938944.94583
2021-03-10,1615334400,269676777808.5722
2021-03-11,1615420800,272959904769.3994
2021-03-12,1615507200,275327898613.23193
2021-03-13,1615593600,277437380313.21277
2021-03-14,1615680000,278961500280.9798
2021-03-15,1615766400,280213456638.5968
2021-03-16,1615852800,281788304354.29266
2021-03-17,1615939200,283596930397.8118
2021-03-18,1616025600,284405671673.22925
2021-03-19,1616112000,285195113150.9646
2021-03-20,1616198400,286115517165.244
2021-03-21,1616284800,286896750375.6544
2021-03-22,1616371200,287803328992.47253
2021-03-23,1616457600,289825452191.71173
2021-03-24,1616544000,290694218780.7464
2021-03-25,1616630400,291934809806.9327
2021-03-26,1616716800,293868522510.2301
2021-03-27,1616803200,294823900011.7758
2021-03-28,1616889600,295407085235.6986
2021-03-29,1616976000,296804882736.1782
2021-03-30,1617062400,298589520310.1305
2021-03-31,1617148800,299883259052.59717
2021-04-01,1617235200,301883904190.6586
2021-04-02,1617321600,303206138027.5186
2021-04-03,1617408000,303457473666.07654
2021-04-04,1617494400,303994549653.46655
2021-04-05,1617580800,304886803848.8337
2021-04-06,1617667200,310281352970.14075
2021-04-07,1617753600,310880231046.8028
2021-04-08,1617840000,311944360041.448
2021-04-09,1617926400,312647369337.5976
2021-04-10,1618012800,314276011851.2414
2021-04-11,1618099200,315018290537.2065
2021-04-12,1618185600,316483952061.1323
2021-04-13,1618272000,319045780161.0593
2021-04-14,1618358400,321771302133.8609
2021-04-15,1618444800,323925388753.1701
2021-04-16,1618531200,324847031578.7937
2021-04-17,1618617600,325729950233.4729
2021-04-18,1618704000,329642080161.85406
2021-04-19,1618790400,329977815291.9558
2021-04-20,1618876800,330641357772.3429
2021-04-21,1618963200,330687453178.9693
2021-04-22,1619049600,331269410763.62897
2021-04-23,1619136000,331502886469.3995
2021-04-24,1619222400,332125397648.55664
2021-04-25,1619308800,332063099220.8871
2021-04-26,1619395200,333401361278.47314
2021-04-27,1619481600,335028506621.7489
2021-04-28,1619568000,335626907759.8288
2021-04-29,1619654400,336827984073.41626
2021-04-30,1619740800,338821939002.4485
2021-05-01,1619827200,339382413905.3079
2021-05-02,1619913600,339840639282.01825
2021-05-03,1620000000,340731828107.2926
2021-05-04,1620086400,341170001165.99396
2021-05-05,1620172800,342362237451.04846
2021-05-06,1620259200,344112744908.3771
2021-05-07,1620345600,346332217424.3654
2021-05-08,1620432000,346926337509.1757
2021-05-09,1620518400,347755347224.15295
2021-05-10,1620604800,348214013607.6283
2021-05-11,1620691200,348782456338.10034
2021-05-12,1620777600,349317891682.72205
2021-05-13,1620864000,349315488307.0403
2021-05-14,1620950400,349408186468.75104
2021-05-15,1621036800,349264324903.7881
2021-05-16,1621123200,349088546552.1737
2021-05-17,1621209600,348023780699.84204
2021-05-18,1621296000,347569823567.33606
2021-05-19,1621382400,344853294317.4558
2021-05-20,1621468800,343975890824.9035
2021-05-21,1621555200,343013047265.6986
2021-05-22,1621641600,342315465439.39496
2021-05-23,1621728000,341834224083.6298
2021-05-24,1621814400,342818277175.3407
2021-05-25,1621900800,342263010535.29865
2021-05-26,1621987200,342462219570.4475
2021-05-27,1622073600,342058786534.5236
2021-05-28,1622160000,341281061926.74493
2021-05-29,1622246400,340902503427.6948
2021-05-30,1622332800,341223983676.226
2021-05-31,1622419200,341299180137.85986
2021-06-01,1622505600,341579180584.6875
2021-06-02,1622592000,341422152891.20557
2021-06-03,1622678400,341950341752.9329
2021-06-04,1622764800,341392707124.5578
2021-06-05,1622851200,341052864629.9712
2021-06-06,1622937600,340863444664.8709
2021-06-07,1623024000,340134039749.9563
2021-06-08,1623110400,339180623741.2118
2021-06-09,1623196800,340136172833.2811
2021-06-10,1623283200,339861266314.39624
2021-06-11,1623369600,340016674603.2724
2021-06-12,1623456000,339810621925.51526
2021-06-13,1623542400,340128427566.3424
2021-06-14,1623628800,340842120537.5072
2021-06-15,1623715200,341127981528.78033
2021-06-16,1623801600,340995564182.828
2021-06-17,1623888000,340575822359.88605
2021-06-18,1623974400,340194640011.6359
2021-06-19,1624060800,340057610138.4398
2021-06-20,1624147200,340008088936.1348
2021-06-21,1624233600,338792786925.81616
2021-06-22,1624320000,338473560066.6369
2021-06-23,1624406400,338417950081.28687
2021-06-24,1624492800,338507882446.89655
2021-06-25,1624579200,334909226253.712
2021-06-26,1624665600,334579706418.8307
2021-06-27,1624752000,334890754082.5163
2021-06-28,1624838400,334833802231.7238
2021-06-29,1624924800,334879734855.71826
2021-06-30,1625011200,334746767951.9098
2021-07-01,1625097600,334286988932.63434
2021-07-02,1625184000,333350966518.41046
2021-07-03,1625270400,333400268270.05804
2021-07-04,1625356800,333499372807.39325
2021-07-05,1625443200,333373760869.3979
2021-07-06,1625529600,333291960575.2329
2021-07-07,1625616000,333288559902.0571
2021-07-08,1625702400,332919902966.9372
2021-07-09,1625788800,333032479481.56274
2021-07-10,1625875200,332978335629.8252
2021-07-11,1625961600,333019266205.771
2021-07-12,1626048000,333122338282.8632
2021-07-13,1626134400,332852741157.6649
2021-07-14,1626220800,332616613412.5642
2021-07-15,1626307200,332126641462.8326
2021-07-16,1626393600,331753713501.66705
2021-07-17,1626480000,333205843374.7846
2021-07-18,1626566400,333061010079.5823
2021-07-19,1626652800,332802649896.4201
2021-07-20,1626739200,332629459799.0921
2021-07-21,1626825600,332773670998.6934
2021-07-22,1626912000,332960513255.6169
2021-07-23,1626998400,332247279752.6283
2021-07-24,1627084800,332331202318.55286
2021-07-25,1627171200,332412342658.88416
2021-07-26,1627257600,334037790384.99554
2021-07-27,1627344000,336747100628.27747
2021-07-28,1627430400,338446459247.646
2021-07-29,1627516800,342794266806.60065
2021-07-30,1627603200,343479860094.1289
2021-07-31,1627689600,343670288727.1038
2021-08-01,1627776000,343598229219.5117
2021-08-02,1627862400,343679826089.5535
2021-08-03,1627948800,343484814226.4753
2021-08-04,1628035200,343795694790.4605
2021-08-05,1628121600,344143165979.426
2021-08-06,1628208000,344841729104.0542
2021-08-07,1628294400,345275411944.6776
2021-08-08,1628380800,345499933779.0691
2021-08-09,1628467200,346562718986.9367
2021-08-10,1628553600,347121991958.777
2021-08-11,1628640000,347537100092.465
2021-08-12,1628726400,347795092932.96216
2021-08-13,1628812800,348600407378.5905
2021-08-14,1628899200,349453538180.6749
2021-08-15,1628985600,349646207840.492
2021-08-16,1629072000,349953939596.42017
2021-08-17,1629158400,350065720901.6734
2021-08-18,1629244800,350539020582.4377
2021-08-19,1629331200,351162511611.8066
2021-08-20,1629417600,352107850805.43616
2021-08-21,1629504000,352535046077.4837
2021-08-22,1629590400,352921301693.9624
2021-08-23,1629676800,353851062295.8028
2021-08-24,1629763200,353961505453.26013
2021-08-25,1629849600,355785853736.3578
2021-08-26,1629936000,356313197411.55786
2021-08-27,1630022400,356732232666.73834
2021-08-28,1630108800,356985041663.84717
2021-08-29,1630195200,357174463385.68616
2021-08-30,1630281600,357350719626.55536
2021-08-31,1630368000,357730221171.63995
2021-09-01,1630454400,358482129872.41614
2021-09-02,1630540800,359139338724.738
2021-09-03,1630627200,359644236053.2031
2021-09-04,1630713600,360016046585.5849
2021-09-05,1630800000,360389547956.7359
2021-09-06,1630886400,361047319210.6787
2021-09-07,1630972800,360432359313.2875
2021-09-08,1631059200,360449503127.17224
2021-09-09,1631145600,361129556756.73303
2021-09-10,1631232000,360942731828.0818
2021-09-11,1631318400,361028628879.0155
2021-09-12,1631404800,361248046725.58307
2021-09-13,1631491200,361131735816.2048
2021-09-14,1631577600,361775925460.9116
2021-09-15,1631664000,362792941441.9599
2021-09-16,1631750400,363146021461.8276
2021-09-17,1631836800,363344766373.1946
2021-09-18,1631923200,363595164443.524
2021-09-19,1632009600,363684073338.1005
2021-09-20,1632096000,362709455368.8721
2021-09-21,1632182400,361967784443.7225
2021-09-22,1632268800,362487608891.7874
2021-09-23,1632355200,362794398306.5686
2021-09-24,1632441600,362465675523.4013
2021-09-25,1632528000,362451795662.0808
2021-09-26,1632614400,365144496846.2747
2021-09-27,1632700800,365139221378.5844
2021-09-28,1632787200,364816082983.15063
2021-09-29,1632873600,364782331009.94635
2021-09-30,1632960000,365335050181.9432
2021-10-01,1633046400,366602678021.93097
2021-10-02,1633132800,367189722093.50543
2021-10-03,1633219200,367449081951.2655
2021-10-04,1633305600,368220800886.8028
2021-10-05,1633392000,369437915705.9694
2021-10-06,1633478400,372471045844.5879
2021-10-07,1633564800,373737021710.21313
2021-10-08,1633651200,374359222656.4952
2021-10-09,1633737600,374897599342.4149
2021-10-10,1633824000,375482744395.0473
2021-10-11,1633910400,376660506826.8199
2021-10-12,1633996800,377734839821.3981
2021-10-13,1634083200,378816529609.9478
2021-10-14,1634169600,380013212409.8717
2021-10-15,1634256000,382232363265.19
2021-10-16,1634342400,383019759553.3718
2021-10-17,1634428800,383580199981.59686
2021-10-18,1634515200,386548710917.1919
2021-10-19,1634601600,388496855073.8294
2021-10-20,1634688000,391216348308.33514
2021-10-21,1634774400,392449260976.7906
2021-10-22,1634860800,392702716632.42773
2021-10-23,1634947200,393073721770.9617
2021-10-24,1635033600,394063511787.2675
2021-10-25,1635120000,395953528610.2016
2021-10-26,1635206400,396398635509.4136
2021-10-27,1635292800,396284970182.0929
2021-10-28,1635379200,397366921122.4476
2021-10-29,1635465600,398599194417.4464
2021-10-30,1635552000,398971288884.2308
2021-10-31,1635638400,400883428882.0282
2021-11-01,1635724800,401830892054.14355
2021-11-02,1635811200,404559798164.69135
2021-11-03,1635897600,406155259791.5034
2021-11-04,1635984000,406358927115.46204
2021-11-05,1636070400,407351360296.4239
2021-11-06,1636156800,407895411990.373
2021-11-07,1636243200,408329904753.4255
2021-11-08,1636329600,411248554920.4055
2021-11-09,1636416000,412855467094.4831
2021-11-10,1636502400,413765822429.95374
2021-11-11,1636588800,414797777792.8669
2021-11-12,1636675200,420865627668.19
2021-11-13,1636761600,421235436091.9228
2021-11-14,1636848000,421600969017.171
2021-11-15,1636934400,422608981473.6548
2021-11-16,1637020800,423232936721.5133
2021-11-17,1637107200,423867335636.5494
2021-11-18,1637193600,422854241788.40265
2021-11-19,1637280000,423139625293.3042
2021-11-20,1637366400,423590248012.6828
2021-11-21,1637452800,423690870473.8122
2021-11-22,1637539200,423074786653.0705
2021-11-23,1637625600,423439148509.419
2021-11-24,1637712000,423673139102.2716
2021-11-25,1637798400,427198674234.2918
2021-11-26,1637884800,425956557841.339
2021-11-27,1637971200,425895778439.58215
2021-11-28,1638057600,426419675507.7238
2021-11-29,1638144000,427312634138.0191
2021-11-30,1638230400,427544998514.061
2021-12-01,1638316800,428253810172.9795
2021-12-02,1638403200,428179944662.3262
2021-12-03,1638489600,427477508282.5524
2021-12-04,1638576000,425639443832.17126
2021-12-05,1638662400,425426151668.5276
2021-12-06,1638748800,425105830581.913
2021-12-07,1638835200,426143690980.2976
2021-12-08,1638921600,426036577457.90027
2021-12-09,1639008000,425194844637.0951
2021-12-10,1639094400,424861627670.2588
2021-12-11,1639180800,425202115703.7947
2021-12-12,1639267200,425287828055.9983
2021-12-13,1639353600,424648970268.78625
2021-12-14,1639440000,425125180272.35095
2021-12-15,1639526400,425323579923.78406
2021-12-16,1639612800,425187133395.77136
2021-12-17,1639699200,424643064796.3804
2021-12-18,1639785600,424708604513.5075
2021-12-19,1639872000,424714167758.31476
2021-12-20,1639958400,424517796271.1461
2021-12-21,1640044800,424968756052.1124
2021-12-22,1640131200,425048865793.7053
2021-12-23,1640217600,425759290832.38446
2021-12-24,1640304000,426048597742.47394
2021-12-25,1640390400,425953947786.1827
2021-12-26,1640476800,426154839403.2765
2021-12-27,1640563200,426296549512.277
2021-12-28,1640649600,425696108613.39197
2021-12-29,1640736000,425253118853.58624
2021-12-30,1640822400,425398122923.79877
2021-12-31,1640908800,425303716683.89966
2022-01-01,1640995200,425429804815.04724
2022-01-02,1641081600,425406471808.8039
2022-01-03,1641168000,425210948096.7049
2022-01-04,1641254400,424759105564.86804
2022-01-05,1641340800,424090536676.2461
2022-01-06,1641427200,423658920200.5585
2022-01-07,1641513600,422722015377.7419
2022-01-08,1641600000,422535326541.9211
2022-01-09,1641686400,422448072511.2832
2022-01-10,1641772800,422251260429.03015
2022-01-11,1641859200,422152690794.9966
2022-01-12,1641945600,422512218109.5959
2022-01-13,1642032000,422163719164.6861
2022-01-14,1642118400,422124696815.9439
2022-01-15,1642204800,422156454211.9491
2022-01-16,1642291200,422183109208.5124
2022-01-17,1642377600,421728348962.4306
2022-01-18,1642464000,421566116036.2879
2022-01-19,1642550400,420865682515.423
2022-01-20,1642636800,420271704145.5603
2022-01-21,1642723200,417489923280.3308
2022-01-22,1642809600,416705770294.3079
2022-01-23,1642896000,416631442833.70825
2022-01-24,1642982400,416083430910.5092
2022-01-25,1643068800,415969487230.3
2022-01-26,1643155200,415644459835.1638
2022-01-27,1643241600,415359740829.123
2022-01-28,1643328000,414865820075.2388
2022-01-29,1643414400,414119293952.1663
2022-01-30,1643500800,413712018435.5462
2022-01-31,1643587200,413656457598.9558
2022-02-01,1643673600,416102529624.6736
2022-02-02,1643760000,415652528952.2178
2022-02-03,1643846400,415408584311.4685
2022-02-04,1643932800,416297333358.9132
2022-02-05,1644019200,416475724678.4267
2022-02-06,1644105600,416618311808.84033
2022-02-07,1644192000,417327060000.2868
2022-02-08,1644278400,417715736653.98846
2022-02-09,1644364800,418017786020.27527
2022-02-10,1644451200,418165529713.5318
2022-02-11,1644537600,418241949800.244
2022-02-12,1644624000,418396131178.5378
2022-02-13,1644710400,418420351616.9537
2022-02-14,1644796800,418460814217.63403
2022-02-15,1644883200,419088089632.1632
2022-02-16,1644969600,419205547043.0527
2022-02-17,1645056000,418428890177.57556
2022-02-18,1645142400,418121843877.42163
2022-02-19,1645228800,418079235453.6953
2022-02-20,1645315200,417779927716.1805
2022-02-21,1645401600,417195508982.07324
2022-02-22,1645488000,417164246199.46173
2022-02-23,1645574400,417028294501.129
2022-02-24,1645660800,417030908461.5992
2022-02-25,1645747200,417032310761.64777
2022-02-26,1645833600,416865423492.621
2022-02-27,1645920000,416578458925.8759
2022-02-28,1646006400,418593432875.269
2022-03-01,1646092800,419218303311.0305
2022-03-02,1646179200,419397870169.7804
2022-03-03,1646265600,419584073281.6233
2022-03-04,1646352000,418598377572.05884
2022-03-05,1646438400,418588280309.56573
2022-03-06,1646524800,418469047944.1335
2022-03-07,1646611200,418188683908.0059
2022-03-08,1646697600,417851252271.4481
2022-03-09,1646784000,418723295211.4735
2022-03-10,1646870400,419099984813.2676
2022-03-11,1646956800,418571978564.3939
2022-03-12,1647043200,418560552249.0539
2022-03-13,1647129600,418444481882.3309
2022-03-14,1647216000,418649711237.9814
2022-03-15,1647302400,418481823253.262
2022-03-16,1647388800,419060187578.54047
2022-03-17,1647475200,418684251536.6584
2022-03-18,1647561600,418966723644.2925
2022-03-19,1647648000,419115237969.3158
2022-03-20,1647734400,419059331369.76154
2022-03-21,1647820800,419100167601.35376
2022-03-22,1647907200,419526460526.78143
2022-03-23,1647993600,419812657060.84735
2022-03-24,1648080000,420279646699.9212
2022-03-25,1648166400,422575875451.6211
2022-03-26,1648252800,422683910116.22485
2022-03-27,1648339200,423385919056.0734
2022-03-28,1648425600,424596622786.53217
2022-03-29,1648512000,425539637983.4157
2022-03-30,1648598400,425894800600.59216
2022-03-31,1648684800,425563466859.6369
2022-04-01,1648771200,426049700837.7302
2022-04-02,1648857600,426003934514.6373
2022-04-03,1648944000,426241411574.5614
2022-04-04,1649030400,426574050725.93835
2022-04-05,1649116800,426550174814.1372
2022-04-06,1649203200,425824157213.7505
2022-04-07,1649289600,425763503240.6064
2022-04-08,1649376000,425297452138.4815
2022-04-09,1649462400,425353005084.0498
2022-04-10,1649548800,425244093538.8263
2022-04-11,1649635200,424424922332.9404
2022-04-12,1649721600,424988202276.9114
2022-04-13,1649808000,425142558523.8151
2022-04-14,1649894400,425420368232.9419
2022-04-15,1649980800,425500383325.0422
2022-04-16,1650067200,425443548394.158
2022-04-17,1650153600,425352357629.7531
2022-04-18,1650240000,425425974226.8249
2022-04-19,1650326400,425611477053.6494
2022-04-20,1650412800,425671818261.8911
2022-04-21,1650499200,426428414028.28687
2022-04-22,1650585600,425981596273.02014
2022-04-23,1650672000,425937074536.5829
2022-04-24,1650758400,425884090965.782
2022-04-25,1650844800,425869005331.4566
2022-04-26,1650931200,425074355335.3838
2022-04-27,1651017600,425107052223.2937
2022-04-28,1651104000,425133209043.3393
2022-04-29,1651190400,424685955481.73303
2022-04-30,1651276800,424329241088.53345
2022-05-01,1651363200,424399339992.521
2022-05-02,1651449600,423718159301.81836
2022-05-03,1651536000,423049286811.07764
2022-05-04,1651622400,423437434813.9777
2022-05-05,1651708800,422550802730.7902
2022-05-06,1651795200,422064905946.95404
2022-05-07,1651881600,421840250197.7902
2022-05-08,1651968000,421301874993.78687
2022-05-09,1652054400,418297236863.5206
2022-05-10,1652140800,417305039605.10754
2022-05-11,1652227200,414427906899.6286
2022-05-12,1652313600,413318583532.946
2022-05-13,1652400000,412434551915.5796
2022-05-14,1652486400,413184984397.345
2022-05-15,1652572800,413305204972.11755
2022-05-16,1652659200,412784167545.0143
2022-05-17,1652745600,412455984790.24805
2022-05-18,1652832000,411710023584.8335
2022-05-19,1652918400,411307771334.4158
2022-05-20,1653004800,410619210733.0536
2022-05-21,1653091200,410511396319.3446
2022-05-22,1653177600,410591759044.0654
2022-05-23,1653264000,409911644870.4825
2022-05-24,1653350400,409855715574.2749
2022-05-25,1653436800,409631809835.9608
2022-05-26,1653523200,409200807907.3711
2022-05-27,1653609600,408400000012.3658
2022-05-28,1653696000,408398348270.19226
2022-05-29,1653782400,408447431513.6709
2022-05-30,1653868800,408754363790.14294
2022-05-31,1653955200,409169354293.31116
2022-06-01,1654041600,408327505713.6765
2022-06-02,1654128000,407380841241.57544
2022-06-03,1654214400,406890461982.2008
2022-06-04,1654300800,406458485191.91077
2022-06-05,1654387200,406347271069.0055
2022-06-06,1654473600,406208327428.9308
2022-06-07,1654560000,405685560458.6941
2022-06-08,1654646400,405383436957.4338
2022-06-09,1654732800,404766995680.24
2022-06-10,1654819200,404330569641.8297
2022-06-11,1654905600,403831880388.9173
2022-06-12,1654992000,403214929311.2353
2022-06-13,1655078400,398408597276.0943
2022-06-14,1655164800,395245933484.3972
2022-06-15,1655251200,393296285228.9633
2022-06-16,1655337600,391342490676.2854
2022-06-17,1655424000,389621415051.95483
2022-06-18,1655510400,387994620646.91907
2022-06-19,1655596800,387965713438.66406
2022-06-20,1655683200,387593663072.1743
2022-06-21,1655769600,386830856606.5323
2022-06-22,1655856000,385970835408.7455
2022-06-23,1655942400,385870611596.8046
2022-06-24,1656028800,385460980692.7877
2022-06-25,1656115200,385569474435.9723
2022-06-26,1656201600,385453259810.2451
2022-06-27,1656288000,384876289447.7447
2022-06-28,1656374400,384424251625.80505
2022-06-29,1656460800,383968842224.3169
2022-06-30,1656547200,382437830509.4042
2022-07-01,1656633600,381754188824.179
2022-07-02,1656720000,381537783574.0006
2022-07-03,1656806400,381253856721.1813
2022-07-04,1656892800,381292510725.7329
2022-07-05,1656979200,381096357241.026
2022-07-06,1657065600,380311647830.1137
2022-07-07,1657152000,380307125047.3136
2022-07-08,1657238400,380122414929.6707
2022-07-09,1657324800,379477830474.65173
2022-07-10,1657411200,379325697221.5558
2022-07-11,1657497600,377882418707.8808
2022-07-12,1657584000,377499128393.3174
2022-07-13,1657670400,377472136239.5689
2022-07-14,1657756800,377112458055.3039
2022-07-15,1657843200,375554681499.3791
2022-07-16,1657929600,375577964431.6314
2022-07-17,1658016000,375485617081.9074
2022-07-19,1658188800,375112892210.3744
2022-07-20,1658275200,375253836473.77936
2022-07-21,1658361600,374506725494.11163
2022-07-22,1658448000,373705740481.19934
2022-07-23,1658534400,373424423853.792
2022-07-24,1658620800,373340776971.2428
2022-07-25,1658707200,372780942672.991
2022-07-26,1658793600,372442964626.6894
2022-07-27,1658880000,372689856912.4653
2022-07-28,1658966400,372919867502.9909
2022-07-29,1659052800,372912782473.9467
2022-07-30,1659139200,372889638463.47003
2022-07-31,1659225600,372753613356.9933
2022-08-01,1659312000,372788832107.9127
2022-08-02,1659398400,372597547879.6569
2022-08-03,1659484800,372475320624.5899
2022-08-04,1659571200,372123400080.2893
2022-08-05,1659657600,372159008152.5677
2022-08-06,1659744000,372136099127.2049
2022-08-07,1659830400,372133757228.7281
2022-08-08,1659916800,372199918895.4931
2022-08-09,1660003200,371643580694.99225
2022-08-10,1660089600,371942510721.721
2022-08-11,1660176000,371852013493.4814
2022-08-12,1660262400,371991044751.8748
2022-08-13,1660348800,371981842567.8447
2022-08-14,1660435200,371934021977.63086
2022-08-15,1660521600,371780632682.0768
2022-08-16,1660608000,371746795163.1181
2022-08-17,1660694400,371482576795.5025
2022-08-18,1660780800,371405186934.8863
2022-08-19,1660867200,370523214039.2687
2022-08-20,1660953600,370428726773.3761
2022-08-21,1661040000,370418199862.8916
2022-08-22,1661126400,370162316458.1059
2022-08-23,1661212800,370030472336.3086
2022-08-24,1661299200,369865955430.16565
2022-08-25,1661385600,369699778551.6524
2022-08-26,1661472000,369321260580.4431
2022-08-27,1661558400,369069674153.49945
2022-08-28,1661644800,369023326216.8203
2022-08-29,1661731200,369045837522.17816
2022-08-30,1661817600,368508265697.4294
2022-08-31,1661904000,368325492142.4038
2022-09-01,1661990400,368086341724.26105
2022-09-02,1662076800,367739338761.27795
2022-09-03,1662163200,367671098182.8447
2022-09-04,1662249600,367722205923.5172
2022-09-05,1662336000,367592886541.1233
2022-09-06,1662422400,366986420366.8268
2022-09-07,1662508800,366816856969.1858
2022-09-08,1662595200,366589478829.5785
2022-09-09,1662681600,366870703660.5931
2022-09-10,1662768000,366902159661.0766
2022-09-11,1662854400,366826820190.7683
2022-09-12,1662940800,366889239735.339
2022-09-13,1663027200,365545042545.8835
2022-09-14,1663113600,365120929589.1394
2022-09-15,1663200000,364548508203.4406
2022-09-16,1663286400,364420367205.33685
2022-09-17,1663372800,364370547918.4175
2022-09-18,1663459200,364210061871.745
2022-09-19,1663545600,363936698372.07104
2022-09-20,1663632000,363597422686.154
2022-09-21,1663718400,363245558308.4664
2022-09-22,1663804800,363250783380.8783
2022-09-23,1663891200,363147583306.0141
2022-09-24,1663977600,363065822653.9009
2022-09-25,1664064000,362951585689.3318
2022-09-26,1664150400,362890408396.88116
2022-09-27,1664236800,362588184905.24
2022-09-28,1664323200,362327522345.3606
2022-09-29,1664409600,362174037465.5583
2022-09-30,1664496000,361883249330.5079
2022-10-01,1664582400,361818541696.5558
2022-10-02,1664668800,361720035568.46545
2022-10-03,1664755200,361699542735.2124
2022-10-04,1664841600,361686316355.01117
2022-10-05,1664928000,361563046745.24634
2022-10-06,1665014400,361422417701.9612
2022-10-07,1665100800,361212499808.3155
2022-10-08,1665187200,361035115719.0686
2022-10-09,1665273600,360995556859.5088
2022-10-10,1665360000,360809339984.8919
2022-10-11,1665446400,360652616232.8481
2022-10-12,1665532800,360225485579.8229
2022-10-13,1665619200,360136932999.0205
2022-10-14,1665705600,359995173195.4623
2022-10-15,1665792000,359941569678.7428
2022-10-16,1665878400,359889958841.8241
2022-10-17,1665964800,359531796612.3546
2022-10-18,1666051200,359753984169.985
2022-10-19,1666137600,359525149758.3861
2022-10-20,1666224000,359390486447.5146
2022-10-21,1666310400,359299228071.2374
2022-10-22,1666396800,359021860226.07605
2022-10-23,1666483200,359021092696.3413
2022-10-24,1666569600,358966837889.1173
2022-10-25,1666656000,359081217340.63635
2022-10-26,1666742400,359282487021.4645
2022-10-27,1666828800,359224106242.174
2022-10-28,1666915200,359212964723.3422
2022-10-29,1667001600,359212823134.48145
2022-10-30,1667088000,359106647805.2415
2022-10-31,1667174400,359014548904.7463
2022-11-01,1667260800,358898084032.4761
2022-11-02,1667347200,358754726366.8846
2022-11-03,1667433600,358698219026.26526
2022-11-04,1667520000,359284256425.0853
2022-11-05,1667606400,359220273929.0852
2022-11-06,1667692800,359126266245.0296
2022-11-07,1667779200,358053360296.61707
2022-11-08,1667865600,357215846999.0897
2022-11-09,1667952000,354760286313.0517
2022-11-10,1668038400,354465134589.15967
2022-11-11,1668124800,353801511039.1402
2022-11-12,1668211200,352801459943.3049
2022-11-13,1668297600,352515827051.3565
2022-11-14,1668384000,351910458450.5138
2022-11-15,1668470400,351214429491.0799
2022-11-16,1668556800,350296732786.05237
2022-11-17,1668643200,348635129608.52563
2022-11-18,1668729600,344322828517.55206
2022-11-19,1668816000,344131914304.7483
2022-11-20,1668902400,343817019128.2337
2022-11-21,1668988800,343081701446.4532
2022-11-22,1669075200,342596741897.4458
2022-11-23,1669161600,342788510526.5733
2022-11-24,1669248000,342575217480.6115
2022-11-25,1669334400,342264233763.2743
2022-11-26,1669420800,342088530755.10034
2022-11-27,1669507200,341782918529.09625
2022-11-28,1669593600,341477209322.1521
2022-11-29,1669680000,341292540077.91296
2022-11-30,1669766400,341149926069.6227
2022-12-01,1669852800,340964405618.2951
2022-12-02,1669939200,340723364721.2934
2022-12-03,1670025600,340614700434.6968
2022-12-04,1670112000,340421241523.7564
2022-12-05,1670198400,339065789188.7387
2022-12-06,1670284800,338949172782.8187
2022-12-07,1670371200,338864006606.59503
2022-12-08,1670457600,338710732211.0982
2022-12-09,1670544000,338359694205.5829
2022-12-10,1670630400,338347688098.28516
2022-12-11,1670716800,338221171551.8041
2022-12-12,1670803200,338098638403.2315
2022-12-13,1670889600,337987306567.9557
2022-12-14,1670976000,337648729979.9154
2022-12-15,1671062400,337514799205.4618
2022-12-16,1671148800,337234099455.9287
2022-12-17,1671235200,337124888880.31213
2022-12-18,1671321600,337067514830.2675
2022-12-19,1671408000,336471833372.7198
2022-12-20,1671494400,336408656366.0786
2022-12-21,1671580800,336119070710.5452
2022-12-22,1671667200,335979922886.79565
2022-12-23,1671753600,335807336950.49756
2022-12-24,1671840000,335742401672.0496
2022-12-25,1671926400,335542319739.1872
2022-12-26,1672012800,335492652931.1634
2022-12-27,1672099200,335291405697.86
2022-12-28,1672185600,334726596357.2599
2022-12-29,1672272000,334371927820.4953
2022-12-30,1672358400,334238380940.7504
2022-12-31,1672444800,333425895303.29956
2023-01-01,1672531200,333379527598.9009
2023-01-02,1672617600,333332889448.4021
2023-01-03,1672704000,333166896619.4858
2023-01-04,1672790400,332961336753.729
2023-01-05,1672876800,332823090470.4946
2023-01-06,1672963200,332629739632.6601
2023-01-07,1673049600,332564205519.97784
2023-01-08,1673136000,332498794790.98553
2023-01-09,1673222400,332458367745.7975
2023-01-10,1673308800,332278697362.9188
2023-01-11,1673395200,332001984320.23206
2023-01-12,1673481600,332216068961.4416
2023-01-13,1673568000,332533315751.17346
2023-01-14,1673654400,332777908602.4914
2023-01-15,1673740800,332829323524.075
2023-01-16,1673827200,332994913391.4307
2023-01-17,1673913600,333172753810.7839
2023-01-18,1674000000,333109685532.1781
2023-01-19,1674086400,333024522324.2179
2023-01-20,1674172800,333439130676.9698
2023-01-21,1674259200,333576148429.1321
2023-01-22,1674345600,333711466084.0544
2023-01-23,1674432000,333776308646.1938
2023-01-24,1674518400,333845146235.62317
2023-01-25,1674604800,334034884580.45404
2023-01-26,1674691200,333818171891.77106
2023-01-27,1674777600,333587443413.5311
2023-01-28,1674864000,333631060810.6139
2023-01-29,1674950400,333774489468.1301
2023-01-30,1675036800,333763012495.9771
2023-01-31,1675123200,333912214088.0834
2023-02-01,1675209600,334391539448.0709
2023-02-02,1675296000,334475806758.2362
2023-02-03,1675382400,334590834383.9927
2023-02-04,1675468800,334726700814.23047
2023-02-05,1675555200,334712137347.2608
2023-02-06,1675641600,334724632627.1811
2023-02-07,1675728000,334811163496.5469
2023-02-08,1675814400,334845611519.9895
2023-02-09,1675900800,334696532503.19495
2023-02-10,1675987200,334567394862.07947
2023-02-11,1676073600,334560221517.1648
2023-02-12,1676160000,334518475665.16364
2023-02-13,1676246400,334475479366.7959
2023-02-14,1676332800,334506513989.8787
2023-02-15,1676419200,334882773783.58093
2023-02-16,1676505600,334981995812.9534
2023-02-17,1676592000,335217356761.8105
2023-02-18,1676678400,335266840784.3638
2023-02-19,1676764800,335310160175.15173
2023-02-20,1676851200,335414910292.3578
2023-02-21,1676937600,335450835889.5705
2023-02-22,1677024000,335367989735.4619
2023-02-23,1677110400,335418812448.9514
2023-02-24,1677196800,335287180246.2232
2023-02-25,1677283200,335288640620.26587
2023-02-26,1677369600,335281111515.9485
2023-02-27,1677456000,335088798452.61035
2023-02-28,1677542400,334896912653.2022
2023-03-01,1677628800,334759447878.4418
2023-03-02,1677715200,334717197199.78156
2023-03-03,1677801600,334548304727.5641
2023-03-04,1677888000,334541693438.27716
2023-03-05,1677974400,334308162554.5988
2023-03-06,1678060800,334217285462.6374
2023-03-07,1678147200,332877295933.129
2023-03-08,1678233600,332745601114.2537
2023-03-09,1678320000,332356789508.2216
2023-03-10,1678406400,332673630993.10376
2023-03-17,1679011200,334857105006.079
2023-03-18,1679097600,334956677670.2255
2023-03-19,1679184000,335246986950.0753
2023-03-20,1679270400,335566497789.9055
2023-03-21,1679356800,335956478769.86804
2023-03-22,1679443200,336079940673.2976
2023-03-23,1679529600,336694895050.72626
2023-03-24,1679616000,336793942584.9739
2023-03-25,1679702400,337037985466.6369
2023-03-27,1679875200,337525914169.42285
2023-03-28,1679961600,337654581229.99
2023-03-29,1680048000,337978426087.1949
2023-03-30,1680134400,332045714821.3998
2023-03-31,1680220800,332464684288.20807
2023-04-01,1680307200,332612534149.87415
2023-04-02,1680393600,332650260634.1491
2023-04-03,1680480000,332742124820.6108
2023-04-04,1680566400,332856980436.04333
2023-04-05,1680652800,332948168370.4116
2023-04-06,1680739200,333035963734.57996
2023-04-07,1680825600,333127132687.3783
2023-04-08,1680912000,333161538176.97266
2023-04-09,1680998400,333527467354.64105
2023-04-10,1681084800,333896838575.0094
2023-04-11,1681171200,334258870193.8478
2023-04-12,1681257600,334516591543.5713
2023-04-13,1681344000,334777442358.8448
2023-04-14,1681430400,335038294002.8183
2023-04-15,1681516800,335149518793.68414
2023-04-16,1681603200,335267404868.27997
2023-04-17,1681689600,335379864196.0858
2023-04-18,1681776000,335490080465.4816
2023-04-19,1681862400,335605621495.9975
2023-04-20,1681948800,335582046257.27954
2023-04-21,1682035200,335556949219.0616
2023-04-22,1682121600,335607383461.6667
2023-04-23,1682208000,335670083049.405
2023-04-24,1682294400,335713233147.0492
2023-04-25,1682380800,335758905535.56335
2023-04-26,1682467200,335905309532.9767
2023-04-27,1682553600,336093869739.8001
2023-04-28,1682640000,336362492005.1253
2023-04-29,1682726400,336406506972.9163
2023-04-30,1682812800,336441778557.4255
2023-05-01,1682899200,336341134565.2131
2023-05-02,1682985600,336469168073.39746
2023-05-03,1683072000,337130568667.6462
2023-05-04,1683158400,337214272101.48566
2023-05-05,1683244800,337301992159.8451
2023-05-06,1683331200,337961284395.54755
2023-05-07,1683417600,338616286806.84
2023-05-08,1683504000,339266407739.8225
2023-05-09,1683590400,339179038809.58856
2023-05-10,1683676800,339113657035.92194
2023-05-11,1683763200,339021748731.1619
2023-05-12,1683849600,339029263618.55615
2023-05-13,1683936000,339014023431.59576
2023-05-14,1684022400,339048774712.8758
2023-05-15,1684108800,339457282292.6246
2023-05-16,1684195200,339575409323.1817
2023-05-17,1684281600,339556758041.2132
2023-05-18,1684368000,339540794873.4148
2023-05-19,1684454400,339476153290.5334
2023-05-20,1684540800,339500667934.79834
2023-05-21,1684627200,339494590684.15015
2023-05-22,1684713600,340026557871.8076
2023-05-23,1684800000,340102622540.1646
2023-05-24,1684886400,340009389407.90607
2023-05-25,1684972800,340286317427.28253
2023-05-26,1685059200,340284303030.85657
2023-05-27,1685145600,340288241188.9838
2023-05-28,1685232000,340443623352.5393
2023-05-29,1685318400,340517897547.8053
2023-05-30,1685404800,340661048290.9893
2023-05-31,1685491200,340667263062.1329
2023-06-01,1685577600,340703255262.5528
2023-06-02,1685664000,340790590689.504
2023-06-03,1685750400,340782909887.23016
2023-06-04,1685836800,340771954060.15625
2023-06-05,1685923200,340579567878.1972
2023-06-06,1686009600,340823679004.9623
2023-06-07,1686096000,340744124186.902
2023-06-08,1686182400,340756675264.0813
2023-06-09,1686268800,340753702464.3532
2023-06-10,1686355200,340645111565.74744
2023-06-11,1686441600,340595858368.2049
2023-06-12,1686528000,340523532493.9723
2023-06-13,1686614400,340469821064.266
2023-06-14,1686700800,340386557859.06726
2023-06-15,1686787200,340324770425.7995
2023-06-16,1686873600,340414105960.12726
2023-06-17,1686960000,340396940700.63306
2023-06-18,1687046400,340506785873.5312
2023-06-19,1687132800,340345314564.83075
2023-06-20,1687219200,340499448349.7726
2023-06-21,1687305600,340937970655.39655
2023-06-22,1687392000,341372429552.2204
2023-06-23,1687478400,341788387899.4089
2023-06-24,1687564800,341983645404.5771
2023-06-25,1687651200,342108762312.247
2023-06-26,1687737600,342315537316.3634
2023-06-27,1687824000,342696177827.58734
2023-06-28,1687910400,343083157040.87134
2023-06-29,1687996800,343112882312.4194
2023-06-30,1688083200,343417315566.1076
2023-07-01,1688169600,343963074494.8158
2023-07-02,1688256000,344054506953.9367
2023-07-03,1688342400,344280706623.7318
2023-07-04,1688428800,344358735511.2894
2023-07-05,1688515200,344429541919.0444
2023-07-06,1688601600,343925555483.3165
2023-07-07,1688688000,344036065777.0288
2023-07-08,1688774400,344070323523.3218
2023-07-09,1688860800,344114354478.6449
2023-07-10,1688947200,344232189752.15485
2023-07-11,1689033600,344447211558.379
2023-07-12,1689120000,344566675547.09314
2023-07-13,1689206400,344718972327.9772
2023-07-14,1689292800,344716790814.3811
2023-07-15,1689379200,344730921131.9222
2023-07-16,1689465600,344758104380.93066
2023-07-17,1689552000,344659169809.2262
2023-07-18,1689638400,344776585841.8066
2023-07-19,1689724800,344881459579.78107
2023-07-20,1689811200,344989840789.3156
2023-07-21,1689897600,344893190028.96545
2023-07-22,1689984000,344888541843.66614
2023-07-23,1690070400,344882009739.15686
2023-07-26,1690329600,344866341885.4088
2023-07-27,1690416000,344476487363.5597
2023-07-28,1690502400,343111200998.6385
2023-07-29,1690588800,343135675909.91327
2023-07-30,1690675200,343088494135.1524
2023-07-31,1690761600,343046239263.98157
2023-08-01,1690848000,343004608358.6607
2023-08-02,1690934400,342959737187.3998
2023-08-03,1691020800,342973050847.72174
2023-08-04,1691107200,342991860878.0636
2023-08-05,1691193600,342882250221.91797
2023-08-06,1691280000,342770572469.8224
2023-08-07,1691366400,342758748469.946
2023-08-08,1691452800,342788824183.8652
2023-08-09,1691539200,342889202468.055
2023-08-10,1691625600,342896440509.057
2023-08-11,1691712000,342959932849.59705
2023-08-12,1691798400,343014187280.5678
2023-08-13,1691884800,343061262401.73456
2023-08-14,1691971200,343105748365.2025
2023-08-15,1692057600,343128643000.63
2023-08-16,1692144000,343119364445.45154
2023-08-17,1692230400,342954541431.0232
2023-08-18,1692316800,342588491172.3982
2023-08-19,1692403200,342517385199.9002
2023-08-20,1692489600,342384533714.50256
2023-08-21,1692576000,342254426482.1248
2023-08-22,1692662400,342124319249.74713
2023-08-23,1692748800,341994212017.37946
2023-08-24,1692835200,341864104785.0018
2023-08-25,1692921600,341733997552.6241
2023-08-26,1693008000,341691284640.3232
2023-08-27,1693094400,341724870074.7554
2023-08-28,1693180800,341644865235.7775
2023-08-29,1693267200,341423134083.5797
2023-08-30,1693353600,341458655899.5365
2023-08-31,1693440000,341388806780.8675
2023-09-01,1693526400,341220383777.0461
2023-09-02,1693612800,341184333300.7915
2023-09-03,1693699200,341143430587.5652
2023-09-04,1693785600,341097181503.92065
2023-09-05,1693872000,340985341910.8655
2023-09-06,1693958400,340900668255.7555
2023-09-07,1694044800,340838396407.4987
2023-09-08,1694131200,340816581989.334
2023-09-09,1694217600,340762779655.7732
2023-09-10,1694304000,340685011229.2294
2023-09-11,1694390400,340606022554.8955
2023-09-12,1694476800,340562419629.2417
2023-09-13,1694563200,340550315977.1213
2023-09-14,1694649600,340675207250.7995
2023-09-15,1694736000,340712934077.3233
2023-09-16,1694822400,340719344608.1816
2023-09-17,1694908800,340726654786.7558
2023-09-18,1694995200,341087556030.47394
2023-09-19,1695081600,341389463007.7069
2023-09-20,1695168000,341121137867.0793
2023-09-21,1695254400,341081909884.6374
2023-09-22,1695340800,341063517320.5293
2023-09-23,1695427200,341054981300.7633
2023-09-24,1695513600,341052156425.63934
2023-09-25,1695600000,341240589582.06335
2023-09-26,1695686400,340986748015.4763
2023-09-27,1695772800,340945401684.29913
2023-09-28,1695859200,340966492818.0764
2023-09-29,1695945600,341037308304.7169
2023-09-30,1696032000,341087046185.0443
2023-10-01,1696118400,341115803329.53894
2023-10-02,1696204800,341244756277.1044
2023-10-03,1696291200,341267114271.73956
2023-10-04,1696377600,341373524186.24414
2023-10-05,1696464000,341343531501.0973
2023-10-06,1696550400,341705200323.5723
2023-10-07,1696636800,341566333961.28955
2023-10-08,1696723200,341588103764.4831
2023-10-09,1696809600,341695918658.58044
2023-10-10,1696896000,341664964531.2035
2023-10-11,1696982400,341653130892.06305
2023-10-12,1697068800,341822691986.2982
2023-10-13,1697155200,341784870815.4805
2023-10-14,1697241600,341967124090.2056
2023-10-15,1697328000,341998111793.3642
2023-10-16,1697414400,342235628104.24445
2023-10-17,1697500800,342309196302.1143
2023-10-18,1697587200,342390266232.0441
2023-10-19,1697673600,342322618485.7456
2023-10-20,1697760000,342486248578.1792
2023-10-21,1697846400,342682785771.1128
2023-10-22,1697932800,342688553220.8994
2023-10-23,1698019200,343839333101.2717
2023-10-24,1698105600,344905162568.2067
2023-10-25,1698192000,345508102408.5786
2023-10-26,1698278400,346209430788.3258
2023-10-27,1698364800,346445076481.8664
2023-10-28,1698451200,346644181922.1356
2023-10-29,1698537600,346835933251.395
2023-10-30,1698624000,347138035399.4364
2023-10-31,1698710400,347501855733.6841
2023-11-01,1698796800,348249928327.8021
2023-11-02,1698883200,348583475054.23413
2023-11-03,1698969600,348932597271.2121
2023-11-04,1699056000,349110656233.9175
2023-11-05,1699142400,349283519869.4225
2023-11-06,1699228800,349456951509.6774
2023-11-07,1699315200,349852090157.2497
2023-11-08,1699401600,350196987699.5229
2023-11-09,1699488000,351228589163.2978
2023-11-10,1699574400,351806823322.90027
2023-11-11,1699660800,351947748103.9456
2023-11-12,1699747200,352070056008.5043
2023-11-13,1699833600,352239733267.07
2023-11-14,1699920000,352270498217.9933
2023-11-15,1700006400,352947147720.1726
2023-11-16,1700092800,353061525663.00146
2023-11-17,1700179200,353281705593.2641
2023-11-18,1700265600,353379037495.3608
2023-11-19,1700352000,353688515133.56006
2023-11-20,1700438400,353993096650.2593
2023-11-21,1700524800,354298393940.7439
2023-11-22,1700611200,354629377738.9679
2023-11-23,1700697600,354963203028.50183
2023-11-24,1700784000,355243569387.68774
2023-11-25,1700870400,355360958938.1875
2023-11-26,1700956800,355481576453.49524
2023-11-27,1701043200,355581237050.0808
2023-11-28,1701129600,355982392724.8911
2023-11-29,1701216000,356379360064.0214
2023-11-30,1701302400,356432207026.2374
2023-12-01,1701388800,357054273101.265
2023-12-02,1701475200,357330566052.3236
2023-12-03,1701561600,357616530221.0722
2023-12-04,1701648000,359007848411.2394
2023-12-05,1701734400,360097048672.1928
2023-12-06,1701820800,361321937690.9851
2023-12-07,1701907200,361942870197.0965
2023-12-08,1701993600,362441488935.98395
2023-12-09,1702080000,362934640723.24133
2023-12-10,1702166400,363144033447.9473
2023-12-11,1702252800,363361442494.56213
2023-12-12,1702339200,364212951009.3575
2023-12-13,1702425600,364689396581.35364
2023-12-14,1702512000,365050307269.9953
2023-12-15,1702598400,365581478680.5399
2023-12-16,1702684800,365867713242.784
2023-12-17,1702771200,365910021594.865
2023-12-18,1702857600,366607694933.1736
2023-12-19,1702944000,367000288310.3308
2023-12-20,1703030400,367712097149.7828
2023-12-21,1703116800,368117877659.2561
2023-12-22,1703203200,368650596680.5934
2023-12-23,1703289600,368886712324.0694
2023-12-24,1703376000,369341390431.0559
2023-12-25,1703462400,369521579560.18567
2023-12-26,1703548800,370054548684.8805
2023-12-27,1703635200,371429409810.0271
2023-12-28,1703721600,371706759074.968
2023-12-29,1703808000,372191579575.4292
2023-12-30,1703894400,372428714577.44055
2023-12-31,1703980800,372625590002.2214
2024-01-01,1704067200,372949550357.83386
2024-01-02,1704153600,373717484682.134
2024-01-03,1704240000,374092578701.5279
2024-01-04,1704326400,377838463134.0227
2024-01-05,1704412800,378431930244.30096
2024-01-06,1704499200,378605235166.462
2024-01-07,1704585600,378743574528.6277
2024-01-08,1704672000,379608275486.7499
2024-01-09,1704758400,380418218694.8901
2024-01-10,1704844800,381127950102.8224
2024-01-11,1704931200,381827230157.3518
2024-01-12,1705017600,381465736803.2216
2024-01-13,1705104000,381545676775.44775
2024-01-14,1705190400,381563600756.39905
2024-01-15,1705276800,381738162482.7327
2024-01-16,1705363200,383866844032.1029
2024-01-17,1705449600,384042382527.22644
2024-01-18,1705536000,384809902209.02075
2024-01-19,1705622400,385115357082.801
2024-01-20,1705708800,385157620663.52344
2024-01-21,1705795200,385193729353.37024
2024-01-22,1705881600,385030872639.8504
2024-01-23,1705968000,385248426604.8894
2024-01-24,1706054400,386126643496.9054
2024-01-25,1706140800,386457899677.2
2024-01-26,1706227200,386897936156.1388
2024-01-27,1706313600,387068741119.6047
2024-01-28,1706400000,387155341199.8731
2024-01-29,1706486400,387584015652.9087
2024-01-30,1706572800,388517079715.8471
2024-01-31,1706659200,389181286872.9313
2024-02-01,1706745600,389396187520.8392
2024-02-02,1706832000,389649469832.7387
2024-02-03,1706918400,389682649413.8876
2024-02-04,1707004800,389773837282.47217
2024-02-05,1707091200,389990031480.4468
2024-02-06,1707177600,390612721751.3064
2024-02-07,1707264000,391077253094.8167
2024-02-08,1707350400,391673620351.8221
2024-02-09,1707436800,392470794052.688
2024-02-10,1707523200,392863202584.2289
2024-02-11,1707609600,393222569584.0735
2024-02-12,1707696000,394432634627.5762
2024-02-13,1707782400,395079804509.1618
2024-02-14,1707868800,396358981259.4937
2024-02-15,1707955200,398455314949.37036
2024-02-16,1708041600,
2024-02-17,1708128000,
2024-02-18,1708214400,
2024-02-19,1708300800,
2024-02-20,1708387200,
2024-02-21,1708473600,
2024-02-22,1708560000,
2024-02-23,1708646400,404068890237.73755
2024-02-24,1708732800,
2024-02-25,1708819200,
2024-02-26,1708905600,
2024-02-27,1708992000,
2024-02-28,1709078400,
2024-02-29,1709164800,
2024-03-01,1709251200,
2024-03-02,1709337600,
2024-03-03,1709424000,422419225302.05225
2024-03-04,1709510400,
2024-03-05,1709596800,
2024-03-06,1709683200,
2024-03-07,1709769600,
2024-03-08,1709856000,
2024-03-09,1709942400,
2024-03-10,1710028800,
2024-03-11,1710115200,
2024-03-12,1710201600,
2024-03-13,1710288000,
2024-03-14,1710374400,
2024-03-15,1710460800,
2024-03-16,1710547200,
2024-03-17,1710633600,
2024-03-18,1710720000,
2024-03-19,1710806400,
2024-03-20,1710892800,
2024-03-21,1710979200,
2024-03-22,1711065600,
2024-03-23,1711152000,
2024-03-24,1711238400,
2024-03-25,1711324800,
2024-03-26,1711411200,
2024-03-27,1711497600,
2024-03-28,1711584000,
2024-03-29,1711670400,
2024-03-30,1711756800,
2024-03-31,1711843200,
2024-04-01,1711929600,
2024-04-02,1712016000,
2024-04-03,1712102400,
2024-04-04,1712188800,493813982754.1297
2024-04-05,1712275200,
2024-04-06,1712361600,
2024-04-07,1712448000,
2024-04-08,1712534400,
2024-04-09,1712620800,
2024-04-10,1712707200,
2024-04-11,1712793600,
2024-04-12,1712880000,
2024-04-13,1712966400,
2024-04-14,1713052800,
2024-04-15,1713139200,
2024-04-16,1713225600,
2024-04-17,1713312000,
2024-04-18,1713398400,
2024-04-19,1713484800,
2024-04-20,1713571200,
2024-04-21,1713657600,
2024-04-22,1713744000,
2024-04-23,1713830400,
2024-04-24,1713916800,503835379787.31775
2024-04-25,1714003200,
2024-04-26,1714089600,
2024-04-27,1714176000,
2024-04-29,1714348800,505383483053.74963
2024-04-30,1714435200,
2024-05-01,1714521600,
2024-05-02,1714608000,
2024-05-03,1714694400,
2024-05-04,1714780800,
2024-05-05,1714867200,
2024-05-06,1714953600,
2024-05-07,1715040000,
2024-05-08,1715126400,
2024-05-09,1715212800,
2024-05-10,1715299200,
2024-05-11,1715385600,
2024-05-12,1715472000,
2024-05-13,1715558400,
2024-05-14,1715644800,507899078680.66205
2024-05-15,1715731200,
2024-05-16,1715817600,510572941417.94006
2024-05-17,1715904000,
2024-05-18,1715990400,
2024-05-19,1716076800,
2024-05-20,1716163200,
2024-05-21,1716249600,
2024-05-22,1716336000,515099974919.9436
2024-05-23,1716422400,
2024-05-24,1716508800,
2024-05-25,1716595200,
2024-05-26,1716681600,
2024-05-27,1716768000,
2024-05-28,1716854400,
2024-05-29,1716940800,
2024-05-30,1717027200,
2024-05-31,1717113600,
2024-06-01,1717200000,
2024-06-02,1717286400,
2024-06-03,1717372800,
2024-06-04,1717459200,
2024-06-05,1717545600,
2024-06-06,1717632000,533514498662.05835
2024-06-07,1717718400,
2024-06-08,1717804800,
2024-06-09,1717891200,
2024-06-10,1717977600,
2024-06-11,1718064000,
2024-06-12,1718150400,
2024-06-13,1718236800,
2024-06-14,1718323200,536984799409.2301
2024-06-15,1718409600,
2024-06-16,1718496000,
2024-06-17,1718582400,
2024-06-18,1718668800,
2024-06-19,1718755200,537919151400.6428
2024-06-20,1718841600,
2024-06-21,1718928000,
2024-06-22,1719014400,
2024-06-23,1719100800,
2024-06-24,1719187200,
2024-06-25,1719273600,
2024-06-26,1719360000,
2024-06-27,1719446400,
2024-06-28,1719532800,
2024-06-29,1719619200,
2024-06-30,1719705600,
2024-07-01,1719792000,
2024-07-02,1719878400,
2024-07-03,1719964800,
2024-07-04,1720051200,
2024-07-05,1720137600,
2024-07-06,1720224000,
2024-07-07,1720310400,
2024-07-08,1720396800,
2024-07-09,1720483200,
2024-07-10,1720569600,
2024-07-11,1720656000,
2024-07-12,1720742400,
2024-07-13,1720828800,
2024-07-14,1720915200,
2024-07-15,1721001600,
2024-07-16,1721088000,
2024-07-17,1721174400,
2024-07-18,1721260800,
2024-07-19,1721347200,
2024-07-20,1721433600,
2024-07-21,1721520000,
2024-07-22,1721606400,
2024-07-23,1721692800,
2024-07-24,1721779200,
2024-07-25,1721865600,
2024-07-26,1721952000,
2024-07-27,1722038400,
2024-07-28,1722124800,
2024-07-29,1722211200,
2024-07-30,1722297600,
2024-07-31,1722384000,
2024-08-01,1722470400,
2024-08-02,1722556800,
2024-08-03,1722643200,
2024-08-04,1722729600,
2024-08-05,1722816000,
2024-08-06,1722902400,
2024-08-07,1722988800,
2024-08-08,1723075200,
2024-08-09,1723161600,
2024-08-10,1723248000,
2024-08-11,1723334400,
2024-08-12,1723420800,
2024-08-13,1723507200,
2024-08-14,1723593600,
2024-08-15,1723680000,
2024-08-16,1723766400,
2024-08-17,1723852800,
2024-08-18,1723939200,
2024-08-19,1724025600,
2024-08-20,1724112000,
2024-08-21,1724198400,
2024-08-22,1724284800,
2024-08-23,1724371200,
2024-08-24,1724457600,
2024-08-25,1724544000,
2024-08-26,1724630400,
2024-08-27,1724716800,
2024-08-28,1724803200,
2024-08-29,1724889600,
2024-08-30,1724976000,
2024-08-31,1725062400,
2024-09-01,1725148800,
2024-09-02,1725235200,
2024-09-03,1725321600,555329657517.3214
2024-09-04,1725408000,555564038533.6141
2024-09-05,1725494400,555126969018.6997
2024-09-06,1725580800,
2024-09-07,1725667200,
2024-09-08,1725753600,
2024-09-09,1725840000,
2024-09-10,1725926400,
2024-09-11,1726012800,
2024-09-12,1726099200,
2024-09-13,1726185600,
2024-09-14,1726272000,
2024-09-15,1726358400,
2024-09-16,1726444800,
2024-09-17,1726531200,
2024-09-18,1726617600,
2024-09-19,1726704000,
2024-09-20,1726790400,
2024-09-21,1726876800,
2024-09-22,1726963200,
2024-09-23,1727049600,
2024-09-24,1727136000,
2024-09-25,1727222400,
2024-09-26,1727308800,
2024-09-27,1727395200,
2024-09-28,1727481600,
2024-09-29,1727568000,
2024-09-30,1727654400,
2024-10-01,1727740800,
2024-10-02,1727827200,
2024-10-03,1727913600,
2024-10-04,1728000000,
2024-10-05,1728086400,
2024-10-06,1728172800,
2024-10-07,1728259200,
2024-10-08,1728345600,
2024-10-09,1728432000,
2024-10-10,1728518400,
2024-10-11,1728604800,
2024-10-12,1728691200,
2024-10-13,1728777600,
2024-10-14,1728864000,
2024-10-15,1728950400,
2024-10-16,1729036800,
2024-10-17,1729123200,
2024-10-18,1729209600,
2024-10-19,1729296000,
2024-10-20,1729382400,
2024-10-21,1729468800,
2024-10-22,1729555200,
2024-10-23,1729641600,
2024-10-24,1729728000,
2024-10-25,1729814400,
2024-10-26,1729900800,
2024-10-27,1729987200,
2024-10-28,1730073600,
2024-10-29,1730160000,
2024-10-30,1730246400,
2024-10-31,1730332800,
2024-11-01,1730419200,
2024-11-02,1730505600,
2024-11-03,1730592000,
2024-11-04,1730678400,
2024-11-05,1730764800,
2024-11-06,1730851200,
2024-11-07,1730937600,
2024-11-08,1731024000,
2024-11-09,1731110400,
2024-11-10,1731196800,
2024-11-11,1731283200,
2024-11-12,1731369600,
2024-11-13,1731456000,
2024-11-14,1731542400,
2024-11-15,1731628800,620825568763.4698
2024-11-16,1731715200,
2024-11-17,1731801600,622438229795.8624
2024-11-18,1731888000,
2024-11-19,1731974400,
2024-11-20,1732060800,
2024-11-21,1732147200,
2024-11-22,1732233600,
2024-11-23,1732320000,
2024-11-24,1732406400,
2024-11-25,1732492800,
2024-11-26,1732579200,
2024-11-27,1732665600,
2024-11-28,1732752000,
2024-11-29,1732838400,
2024-11-30,1732924800,
2024-12-01,1733011200,
2024-12-02,1733097600,
2024-12-03,1733184000,
2024-12-04,1733270400,
2024-12-05,1733356800,
2024-12-06,1733443200,
2024-12-07,1733529600,
2024-12-08,1733616000,
2024-12-09,1733702400,
2024-12-10,1733788800,
2024-12-11,1733875200,
2024-12-12,1733961600,
2024-12-13,1734048000,
2024-12-14,1734134400,
2024-12-15,1734220800,
2024-12-16,1734307200,
2024-12-17,1734393600,
2024-12-18,1734480000,
2024-12-19,1734566400,
2024-12-20,1734652800,
2024-12-21,1734739200,
2024-12-22,1734825600,
2024-12-23,1734912000,
2024-12-24,1734998400,
2024-12-25,1735084800,
2024-12-26,1735171200,
2024-12-27,1735257600,
2024-12-28,1735344000,
2024-12-29,1735430400,
2024-12-30,1735516800,
2024-12-31,1735603200,
2025-01-01,1735689600,
2025-01-02,1735776000,
2025-01-03,1735862400,
2025-01-04,1735948800,
2025-01-05,1736035200,
2025-01-06,1736121600,
2025-01-07,1736208000,
2025-01-08,1736294400,
2025-01-09,1736380800,
2025-01-10,1736467200,
2025-01-11,1736553600,
2025-01-12,1736640000,
2025-01-13,1736726400,
2025-01-14,1736812800,
2025-01-15,1736899200,
2025-01-16,1736985600,
2025-01-17,1737072000,
2025-01-18,1737158400,
2025-01-19,1737244800,758656059007.4584
2025-01-20,1737331200,760203051061.7405
2025-01-21,1737417600,
2025-01-22,1737504000,
2025-01-23,1737590400,
2025-01-24,1737676800,
2025-01-25,1737763200,
2025-01-26,1737849600,
2025-01-27,1737936000,
2025-01-28,1738022400,
2025-01-29,1738108800,
2025-01-30,1738195200,
2025-01-31,1738281600,
2025-02-01,1738368000,
2025-02-02,1738454400,
2025-02-03,1738540800,
2025-02-04,1738627200,
2025-02-05,1738713600,
2025-02-06,1738800000,781087372858.2195
2025-02-07,1738886400,
2025-02-08,1738972800,
2025-02-09,1739059200,
2025-02-10,1739145600,
2025-02-11,1739232000,
2025-02-12,1739318400,
2025-02-13,1739404800,
2025-02-14,1739491200,
2025-02-15,1739577600,
2025-02-16,1739664000,
2025-02-17,1739750400,
2025-02-18,1739836800,
2025-02-19,1739923200,
2025-02-20,1740009600,
2025-02-21,1740096000,
2025-02-22,1740182400,
2025-02-23,1740268800,
2025-02-24,1740355200,
2025-02-25,1740441600,
2025-02-26,1740528000,
2025-02-27,1740614400,
2025-02-28,1740700800,
2025-03-01,1740787200,
2025-03-02,1740873600,
2025-03-03,1740960000,
2025-03-04,1741046400,
2025-03-05,1741132800,
2025-03-06,1741219200,
2025-03-07,1741305600,
2025-03-08,1741392000,
2025-03-09,1741478400,
2025-03-10,1741564800,
2025-03-11,1741651200,
2025-03-12,1741737600,
2025-03-13,1741824000,
2025-03-14,1741910400,
2025-03-15,1741996800,
2025-03-16,1742083200,
2025-03-17,1742169600,
2025-03-18,1742256000,
2025-03-19,1742342400,
2025-03-20,1742428800,
2025-03-21,1742515200,
2025-03-22,1742601600,
2025-03-23,1742688000,
2025-03-24,1742774400,
2025-03-25,1742860800,
2025-03-26,1742947200,
2025-03-27,1743033600,
2025-03-28,1743120000,
2025-03-29,1743206400,
2025-03-30,1743292800,793295678109.6536
2025-03-31,1743379200,
2025-04-01,1743465600,
2025-04-02,1743552000,
2025-04-03,1743638400,
2025-04-04,1743724800,
2025-04-05,1743811200,
2025-04-06,1743897600,
2025-04-07,1743984000,
2025-04-08,1744070400,
2025-04-09,1744156800,
2025-04-10,1744243200,
2025-04-11,1744329600,
2025-04-12,1744416000,
2025-04-13,1744502400,
2025-04-14,1744588800,
2025-04-15,1744675200,
2025-04-16,1744761600,
2025-04-17,1744848000,
2025-04-18,1744934400,
2025-04-19,1745020800,
2025-04-20,1745107200,
2025-04-21,1745193600,
2025-04-22,1745280000,
2025-04-23,1745366400,
2025-04-24,1745452800,
2025-04-25,1745539200,
2025-04-26,1745625600,
2025-04-27,1745712000,
2025-04-28,1745798400,
2025-04-29,1745884800,
2025-04-30,1745971200,
2025-05-01,1746057600,
2025-05-02,1746144000,
2025-05-03,1746230400,
2025-05-04,1746316800,
2025-05-05,1746403200,
2025-05-06,1746489600,
2025-05-07,1746576000,
2025-05-08,1746662400,
2025-05-09,1746748800,
2025-05-10,1746835200,
2025-05-11,1746921600,
2025-05-12,1747008000,
2025-05-13,1747094400,
2025-05-14,1747180800,825891391771.3706
2025-05-15,1747267200,
2025-05-16,1747353600,
2025-05-17,1747440000,
2025-05-18,1747526400,
2025-05-19,1747612800,
2025-05-20,1747699200,
2025-05-21,1747785600,
2025-05-22,1747872000,
2025-05-23,1747958400,
2025-05-24,1748044800,
2025-05-25,1748131200,
2025-05-26,1748217600,
2025-05-27,1748304000,
2025-05-28,1748390400,
2025-05-29,1748476800,
2025-05-30,1748563200,
2025-05-31,1748649600,
2025-06-01,1748736000,
2025-06-02,1748822400,
2025-06-03,1748908800,
2025-06-04,1748995200,
2025-06-05,1749081600,
2025-06-06,1749168000,
2025-06-07,1749254400,
2025-06-08,1749340800,
2025-06-09,1749427200,
2025-06-10,1749513600,
2025-06-11,1749600000,
2025-06-12,1749686400,
2025-06-13,1749772800,
2025-06-14,1749859200,
2025-06-15,1749945600,
2025-06-16,1750032000,
2025-06-17,1750118400,
2025-06-18,1750204800,
2025-06-19,1750291200,
2025-06-20,1750377600,
2025-06-21,1750464000,
2025-06-22,1750550400,
2025-06-23,1750636800,
2025-06-24,1750723200,
2025-06-25,1750809600,
2025-06-26,1750896000,
2025-06-27,1750982400,
2025-06-28,1751068800,
2025-06-29,1751155200,
2025-06-30,1751241600,
