d,unixTs,mvocdd
2020-01-01,1577836800,2190.8916
2020-01-02,1577923200,2190.8916
2020-01-03,1578009600,2107.0760
2020-01-04,1578096000,2110.1107
2020-01-05,1578182400,2045.9992
2020-01-06,1578268800,2069.2384
2020-01-07,1578355200,2130.3152
2020-01-08,1578441600,2190.8916
2020-01-09,1578528000,2223.5153
2020-01-10,1578614400,2223.5153
2020-01-11,1578700800,2203.8112
2020-01-12,1578787200,2203.8112
2020-01-13,1578873600,2242.0894
2020-01-14,1578960000,2354.6026
2020-01-15,1579046400,2564.7548
2020-01-16,1579132800,2564.7548
2020-01-17,1579219200,2354.6026
2020-01-18,1579305600,2209.4658
2020-01-19,1579392000,2209.4658
2020-01-20,1579478400,2209.4658
2020-01-21,1579564800,2354.6026
2020-01-22,1579651200,2402.8456
2020-01-23,1579737600,2402.8456
2020-01-24,1579824000,2402.8456
2020-01-25,1579910400,2209.4658
2020-01-26,1579996800,2168.5935
2020-01-27,1580083200,2358.8574
2020-01-28,1580169600,2513.9590
2020-01-29,1580256000,2513.9590
2020-01-30,1580342400,2606.0601
2020-01-31,1580428800,2706.5627
2020-02-01,1580515200,2606.0601
2020-02-02,1580601600,2706.5627
2020-02-03,1580688000,2822.0099
2020-02-04,1580774400,2888.7004
2020-02-05,1580860800,2930.8144
2020-02-06,1580947200,3033.0351
2020-02-07,1581033600,3234.5074
2020-02-08,1581120000,3234.5074
2020-02-09,1581206400,3388.6374
2020-02-10,1581292800,3645.5544
2020-02-11,1581379200,4075.5024
2020-02-12,1581465600,4075.5024
2020-02-13,1581552000,4075.5024
2020-02-14,1581638400,3878.7976
2020-02-15,1581724800,3810.6722
2020-02-16,1581811200,3810.6722
2020-02-17,1581897600,3810.6722
2020-02-18,1581984000,3878.7976
2020-02-19,1582070400,4075.5024
2020-02-20,1582156800,4378.0219
2020-02-21,1582243200,4378.0219
2020-02-22,1582329600,4075.5024
2020-02-23,1582416000,3878.7976
2020-02-24,1582502400,3878.7976
2020-02-25,1582588800,4075.5024
2020-02-26,1582675200,4075.5024
2020-02-27,1582761600,4075.5024
2020-02-28,1582848000,3979.8318
2020-02-29,1582934400,3979.8318
2020-03-01,1583020800,3878.7976
2020-03-02,1583107200,3979.8318
2020-03-03,1583193600,3979.8318
2020-03-04,1583280000,3878.7976
2020-03-05,1583366400,3972.5553
2020-03-06,1583452800,3972.5553
2020-03-07,1583539200,3810.6722
2020-03-08,1583625600,3702.5637
2020-03-09,1583712000,3702.5637
2020-03-10,1583798400,3702.5637
2020-03-11,1583884800,3702.5637
2020-03-12,1583971200,3702.5637
2020-03-13,1584057600,3702.5637
2020-03-14,1584144000,3702.5637
2020-03-15,1584230400,3624.8095
2020-03-16,1584316800,3864.4469
2020-03-17,1584403200,4116.6667
2020-03-18,1584489600,4116.6667
2020-03-19,1584576000,3864.4469
2020-03-20,1584662400,3624.8095
2020-03-21,1584748800,3483.2579
2020-03-22,1584835200,3205.6819
2020-03-23,1584921600,3205.6819
2020-03-24,1585008000,3205.6819
2020-03-25,1585094400,3513.7525
2020-03-26,1585180800,3205.6819
2020-03-27,1585267200,3012.1559
2020-03-28,1585353600,3012.1559
2020-03-29,1585440000,2941.5838
2020-03-30,1585526400,2941.5838
2020-03-31,1585612800,2941.5838
2020-04-01,1585699200,2881.0125
2020-04-02,1585785600,2863.4735
2020-04-03,1585872000,2754.6692
2020-04-04,1585958400,2506.1201
2020-04-05,1586044800,2362.3608
2020-04-06,1586131200,2362.3608
2020-04-07,1586217600,2506.1201
2020-04-08,1586304000,2362.3608
2020-04-09,1586390400,2362.3608
2020-04-10,1586476800,2362.3608
2020-04-11,1586563200,2243.9832
2020-04-12,1586649600,2110.2514
2020-04-13,1586736000,2083.8363
2020-04-14,1586822400,2046.7938
2020-04-15,1586908800,1912.7089
2020-04-16,1586995200,1912.7089
2020-04-17,1587081600,2046.7938
2020-04-18,1587168000,1912.7089
2020-04-19,1587254400,1912.7089
2020-04-20,1587340800,2007.5285
2020-04-21,1587427200,2007.5285
2020-04-22,1587513600,2007.5285
2020-04-23,1587600000,2007.5285
2020-04-24,1587686400,2007.5285
2020-04-25,1587772800,1912.7089
2020-04-26,1587859200,1855.7490
2020-04-27,1587945600,1945.2125
2020-04-28,1588032000,1945.2125
2020-04-29,1588118400,1945.2125
2020-04-30,1588204800,2007.5285
2020-05-01,1588291200,2007.5285
2020-05-02,1588377600,1945.2125
2020-05-03,1588464000,2007.5285
2020-05-04,1588550400,2105.5411
2020-05-05,1588636800,2214.8846
2020-05-06,1588723200,2255.9943
2020-05-07,1588809600,2255.9943
2020-05-08,1588896000,2303.4061
2020-05-09,1588982400,2303.4061
2020-05-10,1589068800,2303.4061
2020-05-11,1589155200,2327.3121
2020-05-12,1589241600,2362.4158
2020-05-13,1589328000,2539.0147
2020-05-14,1589414400,2712.9816
2020-05-15,1589500800,2780.7108
2020-05-16,1589587200,2756.0356
2020-05-17,1589673600,2756.0356
2020-05-18,1589760000,2792.2101
2020-05-19,1589846400,2792.2101
2020-05-20,1589932800,2851.0625
2020-05-21,1590019200,2890.6972
2020-05-22,1590105600,2890.6972
2020-05-23,1590192000,2851.0625
2020-05-24,1590278400,2851.0625
2020-05-25,1590364800,2851.0625
2020-05-26,1590451200,2851.0625
2020-05-27,1590537600,2792.2101
2020-05-28,1590624000,2851.0625
2020-05-29,1590710400,2851.0625
2020-05-30,1590796800,2792.2101
2020-05-31,1590883200,2826.3873
2020-06-01,1590969600,2890.6972
2020-06-02,1591056000,3090.6676
2020-06-03,1591142400,3181.1853
2020-06-04,1591228800,3361.0136
2020-06-05,1591315200,3181.1853
2020-06-06,1591401600,3181.1853
2020-06-07,1591488000,2986.6722
2020-06-08,1591574400,2986.6722
2020-06-09,1591660800,3181.1853
2020-06-10,1591747200,3181.1853
2020-06-11,1591833600,3181.1853
2020-06-12,1591920000,3181.1853
2020-06-13,1592006400,2979.5456
2020-06-14,1592092800,2829.0431
2020-06-15,1592179200,2979.5456
2020-06-16,1592265600,3034.0764
2020-06-17,1592352000,2936.4321
2020-06-18,1592438400,3034.0764
2020-06-19,1592524800,2936.4321
2020-06-20,1592611200,2829.0431
2020-06-21,1592697600,2829.0431
2020-06-22,1592784000,2936.4321
2020-06-23,1592870400,3034.0764
2020-06-24,1592956800,3160.5348
2020-06-25,1593043200,3160.5348
2020-06-26,1593129600,3317.9062
2020-06-27,1593216000,3160.5348
2020-06-28,1593302400,3160.5348
2020-06-29,1593388800,3266.5316
2020-06-30,1593475200,3266.5316
2020-07-01,1593561600,3160.5348
2020-07-02,1593648000,3036.1301
2020-07-03,1593734400,2993.0166
2020-07-04,1593820800,2936.4321
2020-07-05,1593907200,2907.6635
2020-07-06,1593993600,2820.9395
2020-07-07,1594080000,2907.6635
2020-07-08,1594166400,2907.6635
2020-07-09,1594252800,2820.9395
2020-07-10,1594339200,2796.8499
2020-07-11,1594425600,2773.3103
2020-07-12,1594512000,2773.3103
2020-07-13,1594598400,2820.9395
2020-07-14,1594684800,2907.6635
2020-07-15,1594771200,2907.6635
2020-07-16,1594857600,2820.9395
2020-07-17,1594944000,2820.9395
2020-07-18,1595030400,2773.3103
2020-07-19,1595116800,2773.3103
2020-07-20,1595203200,2773.3103
2020-07-21,1595289600,2820.9395
2020-07-22,1595376000,2820.9395
2020-07-23,1595462400,2820.9395
2020-07-24,1595548800,2820.9395
2020-07-25,1595635200,2820.9395
2020-07-26,1595721600,2820.9395
2020-07-27,1595808000,2906.2926
2020-07-28,1595894400,2906.2926
2020-07-29,1595980800,2906.2926
2020-07-30,1596067200,2906.2926
2020-07-31,1596153600,2973.1411
2020-08-01,1596240000,3151.4468
2020-08-02,1596326400,3217.2378
2020-08-03,1596412800,3755.8777
2020-08-04,1596499200,4310.0634
2020-08-05,1596585600,4380.3521
2020-08-06,1596672000,4506.4974
2020-08-07,1596758400,4506.4974
2020-08-08,1596844800,4550.6703
2020-08-09,1596931200,4773.0617
2020-08-10,1597017600,4773.0617
2020-08-11,1597104000,5150.1347
2020-08-12,1597190400,5459.2266
2020-08-13,1597276800,5150.1347
2020-08-14,1597363200,5150.1347
2020-08-15,1597449600,5150.1347
2020-08-16,1597536000,5150.1347
2020-08-17,1597622400,5459.2266
2020-08-18,1597708800,5459.2266
2020-08-19,1597795200,5459.2266
2020-08-20,1597881600,5459.2266
2020-08-21,1597968000,5459.2266
2020-08-22,1598054400,5459.2266
2020-08-23,1598140800,5459.2266
2020-08-24,1598227200,5459.2266
2020-08-25,1598313600,5717.9941
2020-08-26,1598400000,5717.9941
2020-08-27,1598486400,5459.2266
2020-08-28,1598572800,5459.2266
2020-08-29,1598659200,5330.9298
2020-08-30,1598745600,5105.9074
2020-08-31,1598832000,5330.9298
2020-09-01,1598918400,5414.9993
2020-09-02,1599004800,5414.9993
2020-09-03,1599091200,5589.6973
2020-09-04,1599177600,5589.6973
2020-09-05,1599264000,5105.9074
2020-09-06,1599350400,4814.0273
2020-09-07,1599436800,4814.0273
2020-09-08,1599523200,4537.1023
2020-09-09,1599609600,4607.7479
2020-09-10,1599696000,4549.4615
2020-09-11,1599782400,4549.4615
2020-09-12,1599868800,4549.4615
2020-09-13,1599955200,4316.7106
2020-09-14,1600041600,4316.7106
2020-09-15,1600128000,4388.6391
2020-09-16,1600214400,4388.6391
2020-09-17,1600300800,4549.4615
2020-09-18,1600387200,4549.4615
2020-09-19,1600473600,4549.4615
2020-09-20,1600560000,4549.4615
2020-09-21,1600646400,4549.4615
2020-09-22,1600732800,4711.6347
2020-09-23,1600819200,4711.6347
2020-09-24,1600905600,4711.6347
2020-09-25,1600992000,4711.6347
2020-09-26,1601078400,4711.6347
2020-09-27,1601164800,4549.4615
2020-09-28,1601251200,4549.4615
2020-09-29,1601337600,4711.6347
2020-09-30,1601424000,4711.6347
2020-10-01,1601510400,4549.4615
2020-10-02,1601596800,4549.4615
2020-10-03,1601683200,4388.6391
2020-10-04,1601769600,4066.3060
2020-10-05,1601856000,4058.4480
2020-10-06,1601942400,4058.4480
2020-10-07,1602028800,4388.6391
2020-10-08,1602115200,4549.4615
2020-10-09,1602201600,4711.6347
2020-10-10,1602288000,4550.8123
2020-10-11,1602374400,4058.4480
2020-10-12,1602460800,4806.1102
2020-10-13,1602547200,4806.1102
2020-10-14,1602633600,5367.7930
2020-10-15,1602720000,5418.8897
2020-10-16,1602806400,5367.7930
2020-10-17,1602892800,4599.8333
2020-10-18,1602979200,3834.9342
2020-10-19,1603065600,3834.9342
2020-10-20,1603152000,3834.9342
2020-10-21,1603238400,4582.5964
2020-10-22,1603324800,4582.5964
2020-10-23,1603411200,5398.5922
2020-10-24,1603497600,5398.5922
2020-10-25,1603584000,5287.2511
2020-10-26,1603670400,5287.2511
2020-10-27,1603756800,5398.5922
2020-10-28,1603843200,5718.0016
2020-10-29,1603929600,5718.0016
2020-10-30,1604016000,5622.1547
2020-10-31,1604102400,5890.4674
2020-11-01,1604188800,6010.3345
2020-11-02,1604275200,6060.3156
2020-11-03,1604361600,6124.3809
2020-11-04,1604448000,6468.9679
2020-11-05,1604534400,6940.3583
2020-11-06,1604620800,7233.3201
2020-11-07,1604707200,7757.3582
2020-11-08,1604793600,7907.2882
2020-11-09,1604880000,8931.6310
2020-11-10,1604966400,9288.0046
2020-11-11,1605052800,9917.7849
2020-11-12,1605139200,9982.3525
2020-11-13,1605225600,10237.4397
2020-11-14,1605312000,10237.4397
2020-11-15,1605398400,10237.4397
2020-11-16,1605484800,10514.4077
2020-11-17,1605571200,10664.7552
2020-11-18,1605657600,10664.7552
2020-11-19,1605744000,10866.1832
2020-11-20,1605830400,11412.5834
2020-11-21,1605916800,11412.5834
2020-11-22,1606003200,10866.1832
2020-11-23,1606089600,11342.6771
2020-11-24,1606176000,11797.1206
2020-11-25,1606262400,12173.1955
2020-11-26,1606348800,13031.7074
2020-11-27,1606435200,13867.7481
2020-11-28,1606521600,13867.7481
2020-11-29,1606608000,13867.7481
2020-11-30,1606694400,14307.7955
2020-12-01,1606780800,14877.0638
2020-12-02,1606867200,14877.0638
2020-12-03,1606953600,14877.0638
2020-12-04,1607040000,15845.2164
2020-12-05,1607126400,14877.0638
2020-12-06,1607212800,14307.7955
2020-12-07,1607299200,14877.0638
2020-12-08,1607385600,15544.1659
2020-12-09,1607472000,15544.1659
2020-12-10,1607558400,16132.7550
2020-12-11,1607644800,16591.8509
2020-12-12,1607731200,16622.5397
2020-12-13,1607817600,16790.3123
2020-12-14,1607904000,16790.3123
2020-12-15,1607990400,16790.3123
2020-12-16,1608076800,18177.2857
2020-12-17,1608163200,18177.2857
2020-12-18,1608249600,18177.2857
2020-12-19,1608336000,19647.5970
2020-12-20,1608422400,19647.5970
2020-12-21,1608508800,19685.4173
2020-12-22,1608595200,20134.9238
2020-12-23,1608681600,20712.2694
2020-12-24,1608768000,20712.2694
2020-12-25,1608854400,20712.2694
2020-12-26,1608940800,20712.2694
2020-12-27,1609027200,20712.2694
2020-12-28,1609113600,21037.2021
2020-12-29,1609200000,21296.0237
2020-12-30,1609286400,21296.0237
2020-12-31,1609372800,21296.0237
2021-01-01,1609459200,22164.9856
2021-01-02,1609545600,23276.6739
2021-01-03,1609632000,26779.4700
2021-01-04,1609718400,30088.8918
2021-01-05,1609804800,30416.0862
2021-01-06,1609891200,31488.0702
2021-01-07,1609977600,33342.3996
2021-01-08,1610064000,34407.9078
2021-01-09,1610150400,35215.1695
2021-01-10,1610236800,36017.4549
2021-01-11,1610323200,36463.2328
2021-01-12,1610409600,36463.2328
2021-01-13,1610496000,36463.2328
2021-01-14,1610582400,36463.2328
2021-01-15,1610668800,36652.6205
2021-01-16,1610755200,36652.6205
2021-01-17,1610841600,36402.4661
2021-01-18,1610928000,36402.4661
2021-01-19,1611014400,36402.4661
2021-01-20,1611100800,36402.4661
2021-01-21,1611187200,35210.1932
2021-01-22,1611273600,33328.2547
2021-01-23,1611360000,33328.2547
2021-01-24,1611446400,33328.2547
2021-01-25,1611532800,33328.2547
2021-01-26,1611619200,31727.0739
2021-01-27,1611705600,31727.0739
2021-01-28,1611792000,30424.6034
2021-01-29,1611878400,31727.0739
2021-01-30,1611964800,31727.0739
2021-01-31,1612051200,31727.0739
2021-02-01,1612137600,29623.0045
2021-02-02,1612224000,27556.2057
2021-02-03,1612310400,26702.8965
2021-02-04,1612396800,26702.8965
2021-02-05,1612483200,26702.8965
2021-02-06,1612569600,25498.8281
2021-02-07,1612656000,25498.8281
2021-02-08,1612742400,25498.8281
2021-02-09,1612828800,25498.8281
2021-02-10,1612915200,25498.8281
2021-02-11,1613001600,25498.8281
2021-02-12,1613088000,25498.8281
2021-02-13,1613174400,23055.4778
2021-02-14,1613260800,23055.4778
2021-02-15,1613347200,25498.8281
2021-02-16,1613433600,26702.8965
2021-02-17,1613520000,26792.4409
2021-02-18,1613606400,29164.4986
2021-02-19,1613692800,32244.5304
2021-02-20,1613779200,33698.2885
2021-02-21,1613865600,34526.0874
2021-02-22,1613952000,35818.8073
2021-02-23,1614038400,37880.9774
2021-02-24,1614124800,39649.3458
2021-02-25,1614211200,40427.5837
2021-02-26,1614297600,40427.5837
2021-02-27,1614384000,40427.5837
2021-02-28,1614470400,40427.5837
2021-03-01,1614556800,40427.5837
2021-03-02,1614643200,40851.2175
2021-03-03,1614729600,40851.2175
2021-03-04,1614816000,40851.2175
2021-03-05,1614902400,42308.2719
2021-03-06,1614988800,42308.2719
2021-03-07,1615075200,42308.2719
2021-03-08,1615161600,43652.1404
2021-03-09,1615248000,42308.2719
2021-03-10,1615334400,40731.8859
2021-03-11,1615420800,40731.8859
2021-03-12,1615507200,42308.2719
2021-03-13,1615593600,42308.2719
2021-03-14,1615680000,43652.1404
2021-03-15,1615766400,43652.1404
2021-03-16,1615852800,44014.5180
2021-03-17,1615939200,44014.5180
2021-03-18,1616025600,44014.5180
2021-03-19,1616112000,43770.1551
2021-03-20,1616198400,43579.0388
2021-03-21,1616284800,42496.7725
2021-03-22,1616371200,41034.8776
2021-03-23,1616457600,41034.8776
2021-03-24,1616544000,37295.0317
2021-03-25,1616630400,37295.0317
2021-03-26,1616716800,33810.8064
2021-03-27,1616803200,33810.8064
2021-03-28,1616889600,33108.9733
2021-03-29,1616976000,33108.9733
2021-03-30,1617062400,33810.8064
2021-03-31,1617148800,34487.8987
2021-04-01,1617235200,34487.8987
2021-04-02,1617321600,36438.3737
2021-04-03,1617408000,36438.3737
2021-04-04,1617494400,34487.8987
2021-04-05,1617580800,34487.8987
2021-04-06,1617667200,36438.3737
2021-04-07,1617753600,34487.8987
2021-04-08,1617840000,34487.8987
2021-04-09,1617926400,34487.8987
2021-04-10,1618012800,34057.2927
2021-04-11,1618099200,34057.2927
2021-04-12,1618185600,34492.3622
2021-04-13,1618272000,34492.3622
2021-04-14,1618358400,36438.3737
2021-04-15,1618444800,36438.3737
2021-04-16,1618531200,34492.3622
2021-04-17,1618617600,34492.3622
2021-04-18,1618704000,36438.3737
2021-04-19,1618790400,34492.3622
2021-04-20,1618876800,36438.3737
2021-04-21,1618963200,34492.3622
2021-04-22,1619049600,34492.3622
2021-04-23,1619136000,35503.4943
2021-04-24,1619222400,35503.4943
2021-04-25,1619308800,36125.6852
2021-04-26,1619395200,36125.6852
2021-04-27,1619481600,36844.6650
2021-04-28,1619568000,36844.6650
2021-04-29,1619654400,40529.3076
2021-04-30,1619740800,40529.3076
2021-05-01,1619827200,36844.6650
2021-05-02,1619913600,36125.6852
2021-05-03,1620000000,36730.1137
2021-05-04,1620086400,36730.1137
2021-05-05,1620172800,36730.1137
2021-05-06,1620259200,36125.6852
2021-05-07,1620345600,36730.1137
2021-05-08,1620432000,36730.1137
2021-05-09,1620518400,36730.1137
2021-05-10,1620604800,36730.1137
2021-05-11,1620691200,36125.6852
2021-05-12,1620777600,36125.6852
2021-05-13,1620864000,36125.6852
2021-05-14,1620950400,35712.1823
2021-05-15,1621036800,33961.2914
2021-05-16,1621123200,33961.2914
2021-05-17,1621209600,33961.2914
2021-05-18,1621296000,32384.5415
2021-05-19,1621382400,33961.2914
2021-05-20,1621468800,33961.2914
2021-05-21,1621555200,33961.2914
2021-05-22,1621641600,32384.5415
2021-05-23,1621728000,32057.2680
2021-05-24,1621814400,32057.2680
2021-05-25,1621900800,31667.1175
2021-05-26,1621987200,31037.0052
2021-05-27,1622073600,30522.2734
2021-05-28,1622160000,30007.9139
2021-05-29,1622246400,29154.3609
2021-05-30,1622332800,29154.3609
2021-05-31,1622419200,29154.3609
2021-06-01,1622505600,30007.9139
2021-06-02,1622592000,29154.3609
2021-06-03,1622678400,29154.3609
2021-06-04,1622764800,28292.3239
2021-06-05,1622851200,26881.7683
2021-06-06,1622937600,24687.6480
2021-06-07,1623024000,24687.6480
2021-06-08,1623110400,23211.3222
2021-06-09,1623196800,22176.1201
2021-06-10,1623283200,21201.6035
2021-06-11,1623369600,21201.6035
2021-06-12,1623456000,20903.3627
2021-06-13,1623542400,20582.6405
2021-06-14,1623628800,20582.6405
2021-06-15,1623715200,18488.7691
2021-06-16,1623801600,16373.7715
2021-06-17,1623888000,15895.0672
2021-06-18,1623974400,15351.9351
2021-06-19,1624060800,14539.0294
2021-06-20,1624147200,13044.2219
2021-06-21,1624233600,13464.6997
2021-06-22,1624320000,13062.6818
2021-06-23,1624406400,13062.6818
2021-06-24,1624492800,13062.6818
2021-06-25,1624579200,13062.6818
2021-06-26,1624665600,13062.6818
2021-06-27,1624752000,13062.6818
2021-06-28,1624838400,13062.6818
2021-06-29,1624924800,11499.5349
2021-06-30,1625011200,11499.5349
2021-07-01,1625097600,10569.6794
2021-07-02,1625184000,10569.6794
2021-07-03,1625270400,10063.7052
2021-07-04,1625356800,10063.7052
2021-07-05,1625443200,10063.7052
2021-07-06,1625529600,10063.7052
2021-07-07,1625616000,10063.7052
2021-07-08,1625702400,9583.2590
2021-07-09,1625788800,9583.2590
2021-07-10,1625875200,9141.7151
2021-07-11,1625961600,9078.7486
2021-07-12,1626048000,9141.7151
2021-07-13,1626134400,9078.7486
2021-07-14,1626220800,9078.7486
2021-07-15,1626307200,9078.7486
2021-07-16,1626393600,9078.7486
2021-07-17,1626480000,9078.7486
2021-07-18,1626566400,9078.7486
2021-07-19,1626652800,9202.1874
2021-07-20,1626739200,9471.5936
2021-07-21,1626825600,9471.5936
2021-07-22,1626912000,9471.5936
2021-07-23,1626998400,9471.5936
2021-07-24,1627084800,9202.1874
2021-07-25,1627171200,9078.7486
2021-07-26,1627257600,9202.1874
2021-07-27,1627344000,9471.5936
2021-07-28,1627430400,9637.4211
2021-07-29,1627516800,9718.9781
2021-07-30,1627603200,10087.4189
2021-07-31,1627689600,9718.9781
2021-08-01,1627776000,9637.4211
2021-08-02,1627862400,9637.4211
2021-08-03,1627948800,9637.4211
2021-08-04,1628035200,9637.4211
2021-08-05,1628121600,9637.4211
2021-08-06,1628208000,9637.4211
2021-08-07,1628294400,9637.4211
2021-08-08,1628380800,9637.4211
2021-08-09,1628467200,9718.9781
2021-08-10,1628553600,9789.3682
2021-08-11,1628640000,9789.3682
2021-08-12,1628726400,10088.7936
2021-08-13,1628812800,10500.8929
2021-08-14,1628899200,10500.8929
2021-08-15,1628985600,10500.8929
2021-08-16,1629072000,10500.8929
2021-08-17,1629158400,10749.1715
2021-08-18,1629244800,11284.1727
2021-08-19,1629331200,11284.1727
2021-08-20,1629417600,11817.3367
2021-08-21,1629504000,12107.3510
2021-08-22,1629590400,12107.3510
2021-08-23,1629676800,12477.6264
2021-08-24,1629763200,12477.6264
2021-08-25,1629849600,12477.6264
2021-08-26,1629936000,12477.6264
2021-08-27,1630022400,12107.3510
2021-08-28,1630108800,11905.6327
2021-08-29,1630195200,11773.2400
2021-08-30,1630281600,12063.2542
2021-08-31,1630368000,12477.6264
2021-09-01,1630454400,12781.1515
2021-09-02,1630540800,13118.0180
2021-09-03,1630627200,13809.4784
2021-09-04,1630713600,13809.4784
2021-09-05,1630800000,13118.0180
2021-09-06,1630886400,13809.4784
2021-09-07,1630972800,13809.4784
2021-09-08,1631059200,13375.7329
2021-09-09,1631145600,14189.9840
2021-09-10,1631232000,14255.8608
2021-09-11,1631318400,14255.8608
2021-09-12,1631404800,14255.8608
2021-09-13,1631491200,13375.7329
2021-09-14,1631577600,14255.8608
2021-09-15,1631664000,15187.5061
2021-09-16,1631750400,15627.7694
2021-09-17,1631836800,15187.5061
2021-09-18,1631923200,15187.5061
2021-09-19,1632009600,15187.5061
2021-09-20,1632096000,14714.7448
2021-09-21,1632182400,14714.7448
2021-09-22,1632268800,14714.7448
2021-09-23,1632355200,14714.7448
2021-09-24,1632441600,13846.3366
2021-09-25,1632528000,12953.3982
2021-09-26,1632614400,13846.3366
2021-09-27,1632700800,14714.7448
2021-09-28,1632787200,14714.7448
2021-09-29,1632873600,14035.9460
2021-09-30,1632960000,14035.9460
2021-10-01,1633046400,14035.9460
2021-10-02,1633132800,13577.0620
2021-10-03,1633219200,13276.6798
2021-10-04,1633305600,13577.0620
2021-10-05,1633392000,14035.9460
2021-10-06,1633478400,14035.9460
2021-10-07,1633564800,14035.9460
2021-10-08,1633651200,15456.0201
2021-10-09,1633737600,14228.9047
2021-10-10,1633824000,14228.9047
2021-10-11,1633910400,15456.0201
2021-10-12,1633996800,16725.8762
2021-10-13,1634083200,17614.5548
2021-10-14,1634169600,17614.5548
2021-10-15,1634256000,17614.5548
2021-10-16,1634342400,17614.5548
2021-10-17,1634428800,17614.5548
2021-10-18,1634515200,18440.7763
2021-10-19,1634601600,19429.1689
2021-10-20,1634688000,20371.2658
2021-10-21,1634774400,21838.1588
2021-10-22,1634860800,23415.0069
2021-10-23,1634947200,23415.0069
2021-10-24,1635033600,23617.5685
2021-10-25,1635120000,23854.1556
2021-10-26,1635206400,23854.1556
2021-10-27,1635292800,23854.1556
2021-10-28,1635379200,23900.1031
2021-10-29,1635465600,25374.3425
2021-10-30,1635552000,25266.0054
2021-10-31,1635638400,27649.1653
2021-11-01,1635724800,29576.4944
2021-11-02,1635811200,30796.9799
2021-11-03,1635897600,31633.3705
2021-11-04,1635984000,31633.3705
2021-11-05,1636070400,32193.3271
2021-11-06,1636156800,32193.3271
2021-11-07,1636243200,32193.3271
2021-11-08,1636329600,33451.6587
2021-11-09,1636416000,37896.5858
2021-11-10,1636502400,42917.6656
2021-11-11,1636588800,39630.8903
2021-11-12,1636675200,42917.6656
2021-11-13,1636761600,42917.6656
2021-11-14,1636848000,42917.6656
2021-11-15,1636934400,42917.6656
2021-11-16,1637020800,43610.1636
2021-11-17,1637107200,44584.4577
2021-11-18,1637193600,42917.6656
2021-11-19,1637280000,39630.8903
2021-11-20,1637366400,35948.4875
2021-11-21,1637452800,32955.8513
2021-11-22,1637539200,32955.8513
2021-11-23,1637625600,31240.2026
2021-11-24,1637712000,30891.6237
2021-11-25,1637798400,31132.7695
2021-11-26,1637884800,31951.1249
2021-11-27,1637971200,31951.1249
2021-11-28,1638057600,31951.1249
2021-11-29,1638144000,31951.1249
2021-11-30,1638230400,31132.7695
2021-12-01,1638316800,31132.7695
2021-12-02,1638403200,30121.3975
2021-12-03,1638489600,29124.4821
2021-12-04,1638576000,29124.4821
2021-12-05,1638662400,27784.2907
2021-12-06,1638748800,28458.4388
2021-12-07,1638835200,29124.4821
2021-12-08,1638921600,28458.4388
2021-12-09,1639008000,28458.4388
2021-12-10,1639094400,27452.3698
2021-12-11,1639180800,25272.4918
2021-12-12,1639267200,23383.6775
2021-12-13,1639353600,23383.6775
2021-12-14,1639440000,23803.9605
2021-12-15,1639526400,23383.6775
2021-12-16,1639612800,23383.6775
2021-12-17,1639699200,22968.0287
2021-12-18,1639785600,22968.0287
2021-12-19,1639872000,22528.0878
2021-12-20,1639958400,22528.0878
2021-12-21,1640044800,22528.0878
2021-12-22,1640131200,22528.0878
2021-12-23,1640217600,22528.0878
2021-12-24,1640304000,21741.7823
2021-12-25,1640390400,21246.3782
2021-12-26,1640476800,20383.4555
2021-12-27,1640563200,20383.4555
2021-12-28,1640649600,20383.4555
2021-12-29,1640736000,20383.4555
2021-12-30,1640822400,20383.4555
2021-12-31,1640908800,20383.4555
2022-01-01,1640995200,19595.2392
2022-01-02,1641081600,18661.1387
2022-01-03,1641168000,17965.3831
2022-01-04,1641254400,17979.8940
2022-01-05,1641340800,17979.8940
2022-01-06,1641427200,17979.8940
2022-01-07,1641513600,17783.3180
2022-01-08,1641600000,17763.7776
2022-01-09,1641686400,17755.2832
2022-01-10,1641772800,17220.2146
2022-01-11,1641859200,17220.2146
2022-01-12,1641945600,17220.2146
2022-01-13,1642032000,16511.7627
2022-01-14,1642118400,16309.6786
2022-01-15,1642204800,15773.5147
2022-01-16,1642291200,15773.5147
2022-01-17,1642377600,15773.5147
2022-01-18,1642464000,15773.5147
2022-01-19,1642550400,15773.5147
2022-01-20,1642636800,15773.5147
2022-01-21,1642723200,15773.5147
2022-01-22,1642809600,15773.5147
2022-01-23,1642896000,16309.6786
2022-01-24,1642982400,16598.1781
2022-01-25,1643068800,16598.1781
2022-01-26,1643155200,16598.1781
2022-01-27,1643241600,17326.1704
2022-01-28,1643328000,16598.1781
2022-01-29,1643414400,16309.6786
2022-01-30,1643500800,15796.5983
2022-01-31,1643587200,15796.5983
2022-02-01,1643673600,16309.6786
2022-02-02,1643760000,15796.5983
2022-02-03,1643846400,14953.4969
2022-02-04,1643932800,13896.5678
2022-02-05,1644019200,12745.4035
2022-02-06,1644105600,12138.6910
2022-02-07,1644192000,12745.4035
2022-02-08,1644278400,13896.5678
2022-02-09,1644364800,13896.5678
2022-02-10,1644451200,14609.7448
2022-02-11,1644537600,14609.7448
2022-02-12,1644624000,14609.7448
2022-02-13,1644710400,14609.7448
2022-02-14,1644796800,14609.7448
2022-02-15,1644883200,14861.2791
2022-02-16,1644969600,14861.2791
2022-02-17,1645056000,15205.0312
2022-02-18,1645142400,14861.2791
2022-02-19,1645228800,13308.2900
2022-02-20,1645315200,12544.3383
2022-02-21,1645401600,12544.3383
2022-02-22,1645488000,11467.2116
2022-02-23,1645574400,11467.2116
2022-02-24,1645660800,10980.1922
2022-02-25,1645747200,11501.3811
2022-02-26,1645833600,10980.1922
2022-02-27,1645920000,11501.3811
2022-02-28,1646006400,11501.3811
2022-03-01,1646092800,12544.3383
2022-03-02,1646179200,13583.4530
2022-03-03,1646265600,13583.4530
2022-03-04,1646352000,14347.4047
2022-03-05,1646438400,14347.4047
2022-03-06,1646524800,14347.4047
2022-03-07,1646611200,14861.2791
2022-03-08,1646697600,15578.3089
2022-03-09,1646784000,15578.3089
2022-03-10,1646870400,15710.3818
2022-03-11,1646956800,16529.0133
2022-03-12,1647043200,15710.3818
2022-03-13,1647129600,14580.5042
2022-03-14,1647216000,14580.5042
2022-03-15,1647302400,14580.5042
2022-03-16,1647388800,15710.3818
2022-03-17,1647475200,16529.0133
2022-03-18,1647561600,16529.0133
2022-03-19,1647648000,15196.5074
2022-03-20,1647734400,15196.5074
2022-03-21,1647820800,15196.5074
2022-03-22,1647907200,15196.5074
2022-03-23,1647993600,13743.9124
2022-03-24,1648080000,13743.9124
2022-03-25,1648166400,13743.9124
2022-03-26,1648252800,13808.5518
2022-03-27,1648339200,13485.8344
2022-03-28,1648425600,13808.5518
2022-03-29,1648512000,14938.4294
2022-03-30,1648598400,13485.8344
2022-03-31,1648684800,13485.8344
2022-04-01,1648771200,13485.8344
2022-04-02,1648857600,13145.4516
2022-04-03,1648944000,12829.2074
2022-04-04,1649030400,13145.4516
2022-04-05,1649116800,13485.8344
2022-04-06,1649203200,13485.8344
2022-04-07,1649289600,13145.4516
2022-04-08,1649376000,12829.2074
2022-04-09,1649462400,12786.6881
2022-04-10,1649548800,12723.4587
2022-04-11,1649635200,12786.6881
2022-04-12,1649721600,12829.2074
2022-04-13,1649808000,12891.7116
2022-04-14,1649894400,13207.9558
2022-04-15,1649980800,12889.6931
2022-04-16,1650067200,12723.4587
2022-04-17,1650153600,12723.4587
2022-04-18,1650240000,12723.4587
2022-04-19,1650326400,12889.6931
2022-04-20,1650412800,12889.6931
2022-04-21,1650499200,13272.5952
2022-04-22,1650585600,13625.2526
2022-04-23,1650672000,13625.2526
2022-04-24,1650758400,13272.5952
2022-04-25,1650844800,12828.4822
2022-04-26,1650931200,13347.3740
2022-04-27,1651017600,12828.4822
2022-04-28,1651104000,12828.4822
2022-04-29,1651190400,13347.3740
2022-04-30,1651276800,12828.4822
2022-05-01,1651363200,12409.0279
2022-05-02,1651449600,12828.4822
2022-05-03,1651536000,13347.3740
2022-05-04,1651622400,13347.3740
2022-05-05,1651708800,13347.3740
2022-05-06,1651795200,13347.3740
2022-05-07,1651881600,13347.3740
2022-05-08,1651968000,13347.3740
2022-05-09,1652054400,13943.2002
2022-05-10,1652140800,14659.8197
2022-05-11,1652227200,15254.4390
2022-05-12,1652313600,15254.4390
2022-05-13,1652400000,15262.2146
2022-05-14,1652486400,15262.2146
2022-05-15,1652572800,15262.2146
2022-05-16,1652659200,15262.2146
2022-05-17,1652745600,15948.3535
2022-05-18,1652832000,15948.3535
2022-05-19,1652918400,16764.8991
2022-05-20,1653004800,16764.8991
2022-05-21,1653091200,15948.3535
2022-05-22,1653177600,14788.7639
2022-05-23,1653264000,14788.7639
2022-05-24,1653350400,14788.7639
2022-05-25,1653436800,14788.7639
2022-05-26,1653523200,14432.7099
2022-05-27,1653609600,15948.3535
2022-05-28,1653696000,14989.9046
2022-05-29,1653782400,13157.8181
2022-05-30,1653868800,13157.8181
2022-05-31,1653955200,14989.9046
2022-06-01,1654041600,14989.9046
2022-06-02,1654128000,14989.9046
2022-06-03,1654214400,14989.9046
2022-06-04,1654300800,13157.8181
2022-06-05,1654387200,12720.6714
2022-06-06,1654473600,12720.6714
2022-06-07,1654560000,13157.8181
2022-06-08,1654646400,12785.1128
2022-06-09,1654732800,12664.4091
2022-06-10,1654819200,12664.4091
2022-06-11,1654905600,12431.5557
2022-06-12,1654992000,12053.0302
2022-06-13,1655078400,12053.0302
2022-06-14,1655164800,12431.5557
2022-06-15,1655251200,12431.5557
2022-06-16,1655337600,12053.0302
2022-06-17,1655424000,12431.5557
2022-06-18,1655510400,12431.5557
2022-06-19,1655596800,12053.0302
2022-06-20,1655683200,12053.0302
2022-06-21,1655769600,12053.0302
2022-06-22,1655856000,12053.0302
2022-06-23,1655942400,12053.0302
2022-06-24,1656028800,12053.0302
2022-06-25,1656115200,12431.5557
2022-06-26,1656201600,12053.0302
2022-06-27,1656288000,12053.0302
2022-06-28,1656374400,12053.0302
2022-06-29,1656460800,12431.5557
2022-06-30,1656547200,12431.5557
2022-07-01,1656633600,12053.0302
2022-07-02,1656720000,11667.0769
2022-07-03,1656806400,11345.6970
2022-07-04,1656892800,11041.2015
2022-07-05,1656979200,11041.2015
2022-07-06,1657065600,11041.2015
2022-07-07,1657152000,10822.0573
2022-07-08,1657238400,10464.5731
2022-07-09,1657324800,10069.8711
2022-07-10,1657411200,9858.1886
2022-07-11,1657497600,9858.1886
2022-07-12,1657584000,8908.2603
2022-07-13,1657670400,7924.0273
2022-07-14,1657756800,7924.0273
2022-07-15,1657843200,7924.0273
2022-07-16,1657929600,7757.5516
2022-07-17,1658016000,7722.8752
2022-07-18,1658102400,7722.8752
2022-07-19,1658188800,7757.5516
2022-07-20,1658275200,7838.1955
2022-07-21,1658361600,7838.1955
2022-07-22,1658448000,7838.1955
2022-07-23,1658534400,7838.1955
2022-07-24,1658620800,7757.5516
2022-07-25,1658707200,7722.8752
2022-07-26,1658793600,7722.8752
2022-07-27,1658880000,7684.6460
2022-07-28,1658966400,7229.3986
2022-07-29,1659052800,6482.9310
2022-07-30,1659139200,6015.2232
2022-07-31,1659225600,5862.5833
2022-08-01,1659312000,5862.5833
2022-08-02,1659398400,5862.5833
2022-08-03,1659484800,5862.5833
2022-08-04,1659571200,6015.2232
2022-08-05,1659657600,5862.5833
2022-08-06,1659744000,5862.5833
2022-08-07,1659830400,5809.4144
2022-08-08,1659916800,5809.4144
2022-08-09,1660003200,5862.5833
2022-08-10,1660089600,5862.5833
2022-08-11,1660176000,5809.4144
2022-08-12,1660262400,5984.0602
2022-08-13,1660348800,5809.4144
2022-08-14,1660435200,5693.5235
2022-08-15,1660521600,5693.5235
2022-08-16,1660608000,5693.5235
2022-08-17,1660694400,5693.5235
2022-08-18,1660780800,5693.5235
2022-08-19,1660867200,5693.5235
2022-08-20,1660953600,5598.6030
2022-08-21,1661040000,5428.6197
2022-08-22,1661126400,5428.6197
2022-08-23,1661212800,5598.6030
2022-08-24,1661299200,5428.6197
2022-08-25,1661385600,5200.5814
2022-08-26,1661472000,5428.6197
2022-08-27,1661558400,5428.6197
2022-08-28,1661644800,5428.6197
2022-08-29,1661731200,5598.6030
2022-08-30,1661817600,5598.6030
2022-08-31,1661904000,5598.6030
2022-09-01,1661990400,5598.6030
2022-09-02,1662076800,5693.4311
2022-09-03,1662163200,5598.6030
2022-09-04,1662249600,5693.4311
2022-09-05,1662336000,5693.4311
2022-09-06,1662422400,5969.9834
2022-09-07,1662508800,6160.7911
2022-09-08,1662595200,5969.9834
2022-09-09,1662681600,5693.4311
2022-09-10,1662768000,5507.3812
2022-09-11,1662854400,4976.5732
2022-09-12,1662940800,5163.7498
2022-09-13,1663027200,5507.3812
2022-09-14,1663113600,5969.9834
2022-09-15,1663200000,6160.7911
2022-09-16,1663286400,5969.9834
2022-09-17,1663372800,5507.3812
2022-09-18,1663459200,5163.7498
2022-09-19,1663545600,5507.3812
2022-09-20,1663632000,5772.3290
2022-09-21,1663718400,5772.3290
2022-09-22,1663804800,5492.4867
2022-09-23,1663891200,5492.4867
2022-09-24,1663977600,5492.4867
2022-09-25,1664064000,5163.7498
2022-09-26,1664150400,5163.7498
2022-09-27,1664236800,5163.7498
2022-09-28,1664323200,5163.7498
2022-09-29,1664409600,5163.7498
2022-09-30,1664496000,5492.4867
2022-10-01,1664582400,5163.7498
2022-10-02,1664668800,4950.5075
2022-10-03,1664755200,4950.5075
2022-10-04,1664841600,4950.5075
2022-10-05,1664928000,5163.7498
2022-10-06,1665014400,5163.7498
2022-10-07,1665100800,5163.7498
2022-10-08,1665187200,5163.7498
2022-10-09,1665273600,4966.5156
2022-10-10,1665360000,4966.5156
2022-10-11,1665446400,5223.5727
2022-10-12,1665532800,5552.3096
2022-10-13,1665619200,5126.3446
2022-10-14,1665705600,4884.9741
2022-10-15,1665792000,4848.7571
2022-10-16,1665878400,4848.7571
2022-10-17,1665964800,4884.9741
2022-10-18,1666051200,5126.3446
2022-10-19,1666137600,5126.3446
2022-10-20,1666224000,4884.9741
2022-10-21,1666310400,4848.7571
2022-10-22,1666396800,4884.9741
2022-10-23,1666483200,4884.9741
2022-10-24,1666569600,4884.9741
2022-10-25,1666656000,5126.3446
2022-10-26,1666742400,5552.4960
2022-10-27,1666828800,5552.4960
2022-10-28,1666915200,5207.3427
2022-10-29,1667001600,4986.5026
2022-10-30,1667088000,4884.9741
2022-10-31,1667174400,4986.5026
2022-11-01,1667260800,5207.3427
2022-11-02,1667347200,5552.4960
2022-11-03,1667433600,5963.9679
2022-11-04,1667520000,5963.9679
2022-11-05,1667606400,6682.4419
2022-11-06,1667692800,6682.4419
2022-11-07,1667779200,7040.3296
2022-11-08,1667865600,7635.2722
2022-11-09,1667952000,8253.9858
2022-11-10,1668038400,9040.5278
2022-11-11,1668124800,9175.4350
2022-11-12,1668211200,10003.3093
2022-11-13,1668297600,10003.3093
2022-11-14,1668384000,11177.3344
2022-11-15,1668470400,12336.5755
2022-11-16,1668556800,12336.5755
2022-11-17,1668643200,12336.5755
2022-11-18,1668729600,12645.0975
2022-11-19,1668816000,12645.0975
2022-11-20,1668902400,12645.0975
2022-11-21,1668988800,12336.5755
2022-11-22,1669075200,12645.0975
2022-11-23,1669161600,12968.7748
2022-11-24,1669248000,12831.8618
2022-11-25,1669334400,12336.5755
2022-11-26,1669420800,11370.2483
2022-11-27,1669507200,11370.2483
2022-11-28,1669593600,11370.2483
2022-11-29,1669680000,11370.2483
2022-11-30,1669766400,11370.2483
2022-12-01,1669852800,12236.6187
2022-12-02,1669939200,11370.2483
2022-12-03,1670025600,11370.2483
2022-12-04,1670112000,10382.6161
2022-12-05,1670198400,11370.2483
2022-12-06,1670284800,11370.2483
2022-12-07,1670371200,9395.7987
2022-12-08,1670457600,8143.9380
2022-12-09,1670544000,8143.9380
2022-12-10,1670630400,7976.2897
2022-12-11,1670716800,7749.0641
2022-12-12,1670803200,7445.1748
2022-12-13,1670889600,7749.0641
2022-12-14,1670976000,7749.0641
2022-12-15,1671062400,7445.1748
2022-12-16,1671148800,7169.2116
2022-12-17,1671235200,6958.5123
2022-12-18,1671321600,6653.0363
2022-12-19,1671408000,6958.5123
2022-12-20,1671494400,6653.0363
2022-12-21,1671580800,6299.2560
2022-12-22,1671667200,5896.4889
2022-12-23,1671753600,5896.4889
2022-12-24,1671840000,5499.9302
2022-12-25,1671926400,5532.4526
2022-12-26,1672012800,5532.4526
2022-12-27,1672099200,5532.4526
2022-12-28,1672185600,5532.4526
2022-12-29,1672272000,5532.4526
2022-12-30,1672358400,5532.4526
2022-12-31,1672444800,5532.4526
2023-01-01,1672531200,5383.4377
2023-01-02,1672617600,5383.4377
2023-01-03,1672704000,5532.4526
2023-01-04,1672790400,5532.4526
2023-01-05,1672876800,5532.4526
2023-01-06,1672963200,5896.4889
2023-01-07,1673049600,6604.7319
2023-01-08,1673136000,5896.4889
2023-01-09,1673222400,5896.4889
2023-01-10,1673308800,6604.7319
2023-01-11,1673395200,7097.4123
2023-01-12,1673481600,7097.4123
2023-01-13,1673568000,7097.4123
2023-01-14,1673654400,7097.4123
2023-01-15,1673740800,6636.7132
2023-01-16,1673827200,7155.5439
2023-01-17,1673913600,7205.3737
2023-01-18,1674000000,7205.3737
2023-01-19,1674086400,7425.6961
2023-01-20,1674172800,7425.6961
2023-01-21,1674259200,7425.6961
2023-01-22,1674345600,7215.1275
2023-01-23,1674432000,7215.1275
2023-01-24,1674518400,7215.1275
2023-01-25,1674604800,7279.1259
2023-01-26,1674691200,7475.7687
2023-01-27,1674777600,7475.7687
2023-01-28,1674864000,7279.1259
2023-01-29,1674950400,7215.1275
2023-01-30,1675036800,7191.4479
2023-01-31,1675123200,7215.1275
2023-02-01,1675209600,7279.1259
2023-02-02,1675296000,7279.1259
2023-02-03,1675382400,7475.7687
2023-02-04,1675468800,7265.2001
2023-02-05,1675555200,7165.2976
2023-02-06,1675641600,7078.7509
2023-02-07,1675728000,7078.7509
2023-02-08,1675814400,7127.3142
2023-02-09,1675900800,7127.3142
2023-02-10,1675987200,7127.3142
2023-02-11,1676073600,7004.8635
2023-02-12,1676160000,6717.1560
2023-02-13,1676246400,6717.1560
2023-02-14,1676332800,6717.1560
2023-02-15,1676419200,6717.1560
2023-02-16,1676505600,6717.1560
2023-02-17,1676592000,6299.8911
2023-02-18,1676678400,5915.3250
2023-02-19,1676764800,5790.8860
2023-02-20,1676851200,5746.4415
2023-02-21,1676937600,5997.3313
2023-02-22,1677024000,5997.3313
2023-02-23,1677110400,5746.4415
2023-02-24,1677196800,5746.4415
2023-02-25,1677283200,5598.3380
2023-02-26,1677369600,5379.6963
2023-02-27,1677456000,5598.3380
2023-02-28,1677542400,5746.4415
2023-03-01,1677628800,5997.3313
2023-03-02,1677715200,5997.3313
2023-03-03,1677801600,5997.3313
2023-03-04,1677888000,5997.3313
2023-03-05,1677974400,5997.3313
2023-03-06,1678060800,6225.8344
2023-03-07,1678147200,6428.9282
2023-03-08,1678233600,6428.9282
2023-03-09,1678320000,6540.6640
2023-03-10,1678406400,6428.9282
2023-03-11,1678492800,6428.9282
2023-03-12,1678579200,6274.2459
2023-03-13,1678665600,6428.9282
2023-03-14,1678752000,6540.6640
2023-03-15,1678838400,6871.6046
2023-03-16,1678924800,7636.4312
2023-03-17,1679011200,7681.7738
2023-03-18,1679097600,6871.6046
2023-03-19,1679184000,7035.1621
2023-03-20,1679270400,7885.1897
2023-03-21,1679356800,8728.5436
2023-03-22,1679443200,9229.6622
2023-03-23,1679529600,10211.6337
2023-03-24,1679616000,11046.3648
2023-03-25,1679702400,11046.3648
2023-03-26,1679788800,9858.5186
2023-03-27,1679875200,11080.2836
2023-03-28,1679961600,11080.2836
2023-03-29,1680048000,9858.5186
2023-03-30,1680134400,9858.5186
2023-03-31,1680220800,9858.5186
2023-04-01,1680307200,9858.5186
2023-04-02,1680393600,9858.5186
2023-04-03,1680480000,10552.6402
2023-04-04,1680566400,10552.6402
2023-04-05,1680652800,11080.2836
2023-04-06,1680739200,11080.2836
2023-04-07,1680825600,11476.4561
2023-04-08,1680912000,11476.4561
2023-04-09,1680998400,11476.4561
2023-04-10,1681084800,11778.2752
2023-04-11,1681171200,12186.4543
2023-04-12,1681257600,12186.4543
2023-04-13,1681344000,12186.4543
2023-04-14,1681430400,12186.4543
2023-04-15,1681516800,11778.2752
2023-04-16,1681603200,11476.4561
2023-04-17,1681689600,11476.4561
2023-04-18,1681776000,11476.4561
2023-04-19,1681862400,11778.2752
2023-04-20,1681948800,11778.2752
2023-04-21,1682035200,10948.8127
2023-04-22,1682121600,10196.9925
2023-04-23,1682208000,9833.1356
2023-04-24,1682294400,9833.1356
2023-04-25,1682380800,9833.1356
2023-04-26,1682467200,9360.3278
2023-04-27,1682553600,9360.3278
2023-04-28,1682640000,9360.3278
2023-04-29,1682726400,9360.3278
2023-04-30,1682812800,8949.2132
2023-05-01,1682899200,8949.2132
2023-05-02,1682985600,8949.2132
2023-05-03,1683072000,8949.2132
2023-05-04,1683158400,8635.8618
2023-05-05,1683244800,8228.2842
2023-05-06,1683331200,7873.0529
2023-05-07,1683417600,7873.0529
2023-05-08,1683504000,8228.2842
2023-05-09,1683590400,8228.2842
2023-05-10,1683676800,8228.2842
2023-05-11,1683763200,8228.2842
2023-05-12,1683849600,8228.2842
2023-05-13,1683936000,7873.0529
2023-05-14,1684022400,7873.0529
2023-05-15,1684108800,8228.2842
2023-05-16,1684195200,8635.8618
2023-05-17,1684281600,8228.2842
2023-05-18,1684368000,7873.0529
2023-05-19,1684454400,7742.3599
2023-05-20,1684540800,7742.3599
2023-05-21,1684627200,7549.3028
2023-05-22,1684713600,7742.3599
2023-05-23,1684800000,7873.0529
2023-05-24,1684886400,8136.2980
2023-05-25,1684972800,8448.3148
2023-05-26,1685059200,8448.3148
2023-05-27,1685145600,8448.3148
2023-05-28,1685232000,8136.2980
2023-05-29,1685318400,8136.2980
2023-05-30,1685404800,8448.3148
2023-05-31,1685491200,9270.3078
2023-06-01,1685577600,10471.8397
2023-06-02,1685664000,9270.3078
2023-06-03,1685750400,9270.3078
2023-06-04,1685836800,9270.3078
2023-06-05,1685923200,10471.8397
2023-06-06,1686009600,9340.3077
2023-06-07,1686096000,8593.7256
2023-06-08,1686182400,9340.3077
2023-06-09,1686268800,8593.7256
2023-06-10,1686355200,8448.3148
2023-06-11,1686441600,8358.6155
2023-06-12,1686528000,8448.3148
2023-06-13,1686614400,8448.3148
2023-06-14,1686700800,8448.3148
2023-06-15,1686787200,8448.3148
2023-06-16,1686873600,8549.4592
2023-06-17,1686960000,8549.4592
2023-06-18,1687046400,8619.4591
2023-06-19,1687132800,9340.3077
2023-06-20,1687219200,10445.7036
2023-06-21,1687305600,10445.7036
2023-06-22,1687392000,10973.0451
2023-06-23,1687478400,11488.4699
2023-06-24,1687564800,10973.0451
2023-06-25,1687651200,10445.7036
2023-06-26,1687737600,10445.7036
2023-06-27,1687824000,10973.0451
2023-06-28,1687910400,11282.6116
2023-06-29,1687996800,11282.6116
2023-06-30,1688083200,10973.0451
2023-07-01,1688169600,10973.0451
2023-07-02,1688256000,10973.0451
2023-07-03,1688342400,11014.5935
2023-07-04,1688428800,11014.5935
2023-07-05,1688515200,10916.0657
2023-07-06,1688601600,11014.5935
2023-07-07,1688688000,11014.5935
2023-07-08,1688774400,10916.0657
2023-07-09,1688860800,10916.0657
2023-07-10,1688947200,11014.5935
2023-07-11,1689033600,11218.7441
2023-07-12,1689120000,11218.7441
2023-07-13,1689206400,11218.7441
2023-07-14,1689292800,11218.7441
2023-07-15,1689379200,11014.5935
2023-07-16,1689465600,11014.5935
2023-07-17,1689552000,11218.7441
2023-07-18,1689638400,11218.7441
2023-07-19,1689724800,11218.7441
2023-07-20,1689811200,11208.1560
2023-07-21,1689897600,11208.1560
2023-07-22,1689984000,11151.1766
2023-07-23,1690070400,10900.6704
2023-07-24,1690156800,10900.6704
2023-07-25,1690243200,10900.6704
2023-07-26,1690329600,10900.6704
2023-07-27,1690416000,10900.6704
2023-07-28,1690502400,10900.6704
2023-07-29,1690588800,10823.2140
2023-07-30,1690675200,10823.2140
2023-07-31,1690761600,10823.2140
2023-08-01,1690848000,10823.2140
2023-08-02,1690934400,10823.2140
2023-08-03,1691020800,10823.2140
2023-08-04,1691107200,10823.2140
2023-08-05,1691193600,10767.9782
2023-08-06,1691280000,10767.9782
2023-08-07,1691366400,10767.9782
2023-08-08,1691452800,10823.2140
2023-08-09,1691539200,10767.9782
2023-08-10,1691625600,10140.3655
2023-08-11,1691712000,9066.1682
2023-08-12,1691798400,8584.0909
2023-08-13,1691884800,8132.5344
2023-08-14,1691971200,8584.0909
2023-08-15,1692057600,9066.1682
2023-08-16,1692144000,9066.1682
2023-08-17,1692230400,9066.1682
2023-08-18,1692316800,9066.1682
2023-08-19,1692403200,8584.0909
2023-08-20,1692489600,8132.5344
2023-08-21,1692576000,8132.5344
2023-08-22,1692662400,8584.0909
2023-08-23,1692748800,8132.5344
2023-08-24,1692835200,8132.5344
2023-08-25,1692921600,8132.5344
2023-08-26,1693008000,7167.1577
2023-08-27,1693094400,7167.1577
2023-08-28,1693180800,7959.3505
2023-08-29,1693267200,8410.1376
2023-08-30,1693353600,7996.5176
2023-08-31,1693440000,8410.1376
2023-09-01,1693526400,8314.3510
2023-09-02,1693612800,8314.3510
2023-09-03,1693699200,7996.5176
2023-09-04,1693785600,7996.5176
2023-09-05,1693872000,8188.1812
2023-09-06,1693958400,8314.3510
2023-09-07,1694044800,8188.1812
2023-09-08,1694131200,7947.7452
2023-09-09,1694217600,7718.9145
2023-09-10,1694304000,7718.9145
2023-09-11,1694390400,7384.8634
2023-09-12,1694476800,7512.6144
2023-09-13,1694563200,7141.3963
2023-09-14,1694649600,7141.3963
2023-09-15,1694736000,7141.3963
2023-09-16,1694822400,6904.6226
2023-09-17,1694908800,6724.0840
2023-09-18,1694995200,6904.6226
2023-09-19,1695081600,7141.3963
2023-09-20,1695168000,7141.3963
2023-09-21,1695254400,6904.6226
2023-09-22,1695340800,6904.6226
2023-09-23,1695427200,6904.6226
2023-09-24,1695513600,6904.6226
2023-09-25,1695600000,7141.3963
2023-09-26,1695686400,7141.3963
2023-09-27,1695772800,6904.6226
2023-09-28,1695859200,6904.6226
2023-09-29,1695945600,6904.6226
2023-09-30,1696032000,6280.0090
2023-10-01,1696118400,5638.4830
2023-10-02,1696204800,6280.0090
2023-10-03,1696291200,6904.6226
2023-10-04,1696377600,7141.3963
2023-10-05,1696464000,7141.3963
2023-10-06,1696550400,7141.3963
2023-10-07,1696636800,7273.3599
2023-10-08,1696723200,7273.3599
2023-10-09,1696809600,7388.9517
2023-10-10,1696896000,7753.8681
2023-10-11,1696982400,8740.1686
2023-10-12,1697068800,9127.9371
2023-10-13,1697155200,9127.9371
2023-10-14,1697241600,9127.9371
2023-10-15,1697328000,9127.9371
2023-10-16,1697414400,9294.5342
2023-10-17,1697500800,9622.0019
2023-10-18,1697587200,9622.0019
2023-10-19,1697673600,9622.0019
2023-10-20,1697760000,9622.0019
2023-10-21,1697846400,9622.0019
2023-10-22,1697932800,9622.0019
2023-10-23,1698019200,10269.2923
2023-10-24,1698105600,10899.5849
2023-10-25,1698192000,11254.1445
2023-10-26,1698278400,11534.1497
2023-10-27,1698364800,11738.6166
2023-10-28,1698451200,12640.0484
2023-10-29,1698537600,12493.0994
2023-10-30,1698624000,13210.7114
2023-10-31,1698710400,13990.2874
2023-11-01,1698796800,13990.2874
2023-11-02,1698883200,13990.2874
2023-11-03,1698969600,13602.3197
2023-11-04,1699056000,13602.3197
2023-11-05,1699142400,13418.4999
2023-11-06,1699228800,12766.9580
2023-11-07,1699315200,13070.3708
2023-11-08,1699401600,12766.9580
2023-11-09,1699488000,13070.3708
2023-11-10,1699574400,13070.3708
2023-11-11,1699660800,13070.3708
2023-11-12,1699747200,13070.3708
2023-11-13,1699833600,12956.6690
2023-11-14,1699920000,12956.6690
2023-11-15,1700006400,13070.3708
2023-11-16,1700092800,13461.9792
2023-11-17,1700179200,13461.9792
2023-11-18,1700265600,13070.3708
2023-11-19,1700352000,13070.3708
2023-11-20,1700438400,13461.9792
2023-11-21,1700524800,13982.5703
2023-11-22,1700611200,13982.5703
2023-11-23,1700697600,13461.9792
2023-11-24,1700784000,13070.3708
2023-11-25,1700870400,12956.6690
2023-11-26,1700956800,12696.7355
2023-11-27,1701043200,12446.0367
2023-11-28,1701129600,12696.7355
2023-11-29,1701216000,12696.7355
2023-11-30,1701302400,12696.7355
2023-12-01,1701388800,12696.7355
2023-12-02,1701475200,12635.7477
2023-12-03,1701561600,12120.0154
2023-12-04,1701648000,12635.7477
2023-12-05,1701734400,12941.6739
2023-12-06,1701820800,13055.3756
2023-12-07,1701907200,13185.0897
2023-12-08,1701993600,13764.1553
2023-12-09,1702080000,13310.2254
2023-12-10,1702166400,13122.0369
2023-12-11,1702252800,13310.2254
2023-12-12,1702339200,13764.1553
2023-12-13,1702425600,13836.7511
2023-12-14,1702512000,13836.7511
2023-12-15,1702598400,13836.7511
2023-12-16,1702684800,13836.7511
2023-12-17,1702771200,13836.7511
2023-12-18,1702857600,14224.0205
2023-12-19,1702944000,15411.6390
2023-12-20,1703030400,17306.9412
2023-12-21,1703116800,16479.2134
2023-12-22,1703203200,16479.2134
2023-12-23,1703289600,16479.2134
2023-12-24,1703376000,17306.9412
2023-12-25,1703462400,17306.9412
2023-12-26,1703548800,17306.9412
2023-12-27,1703635200,19915.0752
2023-12-28,1703721600,19915.0752
2023-12-29,1703808000,22574.8822
2023-12-30,1703894400,20898.9855
2023-12-31,1703980800,20898.9855
2024-01-01,1704067200,20898.9855
2024-01-02,1704153600,22574.8822
2024-01-03,1704240000,22574.8822
2024-01-04,1704326400,22574.8822
2024-01-05,1704412800,20898.9855
2024-01-06,1704499200,18929.5472
2024-01-07,1704585600,17117.9090
2024-01-08,1704672000,18929.5472
2024-01-09,1704758400,20172.5818
2024-01-10,1704844800,20172.5818
2024-01-11,1704931200,20172.5818
2024-01-12,1705017600,21158.1098
2024-01-13,1705104000,21158.1098
2024-01-14,1705190400,20172.5818
2024-01-15,1705276800,20172.5818
2024-01-16,1705363200,21158.1098
2024-01-17,1705449600,21158.1098
2024-01-18,1705536000,21899.1334
2024-01-19,1705622400,21899.1334
2024-01-20,1705708800,21899.1334
2024-01-21,1705795200,20172.5818
2024-01-22,1705881600,21899.1334
2024-01-23,1705968000,21899.1334
2024-01-24,1706054400,23445.4361
2024-01-25,1706140800,25207.0952
2024-01-26,1706227200,25207.0952
2024-01-27,1706313600,25207.0952
2024-01-28,1706400000,23445.4361
2024-01-29,1706486400,25207.0952
2024-01-30,1706572800,27013.9637
2024-01-31,1706659200,27165.3396
2024-02-01,1706745600,27013.9637
2024-02-02,1706832000,27271.0043
2024-02-03,1706918400,27013.9637
2024-02-04,1707004800,27013.9637
2024-02-05,1707091200,27013.9637
2024-02-06,1707177600,27271.0043
2024-02-07,1707264000,27271.0043
2024-02-08,1707350400,27013.9637
2024-02-09,1707436800,27013.9637
2024-02-10,1707523200,26127.5824
2024-02-11,1707609600,24378.7048
2024-02-12,1707696000,27125.5305
2024-02-13,1707782400,27523.8922
2024-02-14,1707868800,29724.6168
2024-02-15,1707955200,29724.6168
2024-02-16,1708041600,29724.6168
2024-02-17,1708128000,27523.8922
2024-02-18,1708214400,25515.4781
2024-02-19,1708300800,27523.8922
2024-02-20,1708387200,27523.8922
2024-02-21,1708473600,27523.8922
2024-02-22,1708560000,27523.8922
2024-02-23,1708646400,27523.8922
2024-02-24,1708732800,25515.4781
2024-02-25,1708819200,24846.9159
2024-02-26,1708905600,25515.4781
2024-02-27,1708992000,27523.8922
2024-02-28,1709078400,27523.8922
2024-02-29,1709164800,27523.8922
2024-03-01,1709251200,27523.8922
2024-03-02,1709337600,27523.8922
2024-03-03,1709424000,25515.4781
2024-03-04,1709510400,28662.5945
2024-03-05,1709596800,32798.3603
2024-03-06,1709683200,34814.6008
2024-03-07,1709769600,34814.6008
2024-03-08,1709856000,36966.3700
2024-03-09,1709942400,37429.2454
2024-03-10,1710028800,38530.4068
2024-03-11,1710115200,38825.1718
2024-03-12,1710201600,42740.7038
2024-03-13,1710288000,50445.7956
2024-03-14,1710374400,58584.6748
2024-03-15,1710460800,56990.6710
2024-03-16,1710547200,56990.6710
2024-03-17,1710633600,65552.7035
2024-03-18,1710720000,65552.7035
2024-03-19,1710806400,65552.7035
2024-03-20,1710892800,58429.1508
2024-03-21,1710979200,65552.7035
2024-03-22,1711065600,73944.5486
2024-03-23,1711152000,80547.7689
2024-03-24,1711238400,80547.7689
2024-03-25,1711324800,90762.8814
2024-03-26,1711411200,94370.3194
2024-03-27,1711497600,94370.3194
2024-03-28,1711584000,96948.9274
2024-03-29,1711670400,94370.3194
2024-03-30,1711756800,88426.5674
2024-03-31,1711843200,80547.7689
2024-04-01,1711929600,88426.5674
2024-04-02,1712016000,88890.8458
2024-04-03,1712102400,85283.4078
2024-04-04,1712188800,80547.7689
2024-04-05,1712275200,73944.5486
2024-04-06,1712361600,65552.7035
2024-04-07,1712448000,58429.1508
2024-04-08,1712534400,58429.1508
2024-04-09,1712620800,53684.9650
2024-04-10,1712707200,45844.4741
2024-04-11,1712793600,41633.3034
2024-04-12,1712880000,41410.8810
2024-04-13,1712966400,41204.6785
2024-04-14,1713052800,37559.1425
2024-04-15,1713139200,37559.1425
2024-04-16,1713225600,37559.1425
2024-04-17,1713312000,33820.9941
2024-04-18,1713398400,33820.9941
2024-04-19,1713484800,33820.9941
2024-04-20,1713571200,33532.2064
2024-04-21,1713657600,32586.0105
2024-04-22,1713744000,31744.0891
2024-04-23,1713830400,31673.7297
2024-04-24,1713916800,31673.7297
2024-04-25,1714003200,30513.2098
2024-04-26,1714089600,28701.7576
2024-04-27,1714176000,28527.4127
2024-04-28,1714262400,27927.3570
2024-04-29,1714348800,28527.4127
2024-04-30,1714435200,28527.4127
2024-05-01,1714521600,28404.9559
2024-05-02,1714608000,27927.3570
2024-05-03,1714694400,27927.3570
2024-05-04,1714780800,26726.7137
2024-05-05,1714867200,26726.7137
2024-05-06,1714953600,27927.3570
2024-05-07,1715040000,27927.3570
2024-05-08,1715126400,26091.1299
2024-05-09,1715212800,24156.8918
2024-05-10,1715299200,23809.3958
2024-05-11,1715385600,23809.3958
2024-05-12,1715472000,23809.3958
2024-05-13,1715558400,23809.3958
2024-05-14,1715644800,24156.8918
2024-05-15,1715731200,24156.8918
2024-05-16,1715817600,24156.8918
2024-05-17,1715904000,24156.8918
2024-05-18,1715990400,23809.3958
2024-05-19,1716076800,23140.8460
2024-05-20,1716163200,23809.3958
2024-05-21,1716249600,24156.8918
2024-05-22,1716336000,24646.8506
2024-05-23,1716422400,25816.1705
2024-05-24,1716508800,25816.1705
2024-05-25,1716595200,25816.1705
2024-05-26,1716681600,25816.1705
2024-05-27,1716768000,25816.1705
2024-05-28,1716854400,26896.1538
2024-05-29,1716940800,25816.1705
2024-05-30,1717027200,25816.1705
2024-05-31,1717113600,24438.9080
2024-06-01,1717200000,24208.7238
2024-06-02,1717286400,23007.9661
2024-06-03,1717372800,24208.7238
2024-06-04,1717459200,25816.1705
2024-06-05,1717545600,25816.1705
2024-06-06,1717632000,26896.1538
2024-06-07,1717718400,26943.0884
2024-06-08,1717804800,26943.0884
2024-06-09,1717891200,26943.0884
2024-06-10,1717977600,26943.0884
2024-06-11,1718064000,27715.8768
2024-06-12,1718150400,29456.3204
2024-06-13,1718236800,27715.8768
2024-06-14,1718323200,26943.0884
2024-06-15,1718409600,27715.8768
2024-06-16,1718496000,27570.1316
2024-06-17,1718582400,29472.4237
2024-06-18,1718668800,29472.4237
2024-06-19,1718755200,28699.6353
2024-06-20,1718841600,25142.9620
2024-06-21,1718928000,25142.9620
2024-06-22,1719014400,25142.9620
2024-06-23,1719100800,23083.2606
2024-06-24,1719187200,25142.9620
2024-06-25,1719273600,24737.6418
2024-06-26,1719360000,24737.6418
2024-06-27,1719446400,24737.6418
2024-06-28,1719532800,28380.2364
2024-06-29,1719619200,24737.6418
2024-06-30,1719705600,24737.6418
2024-07-01,1719792000,27129.9076
2024-07-02,1719878400,27129.9076
2024-07-03,1719964800,27129.9076
2024-07-04,1720051200,27129.9076
2024-07-05,1720137600,27129.9076
2024-07-06,1720224000,24737.6418
2024-07-07,1720310400,22501.4260
2024-07-08,1720396800,22501.4260
2024-07-09,1720483200,25070.2062
2024-07-10,1720569600,28712.8008
2024-07-11,1720656000,25070.2062
2024-07-12,1720742400,22501.4260
2024-07-13,1720828800,22501.4260
2024-07-14,1720915200,21239.7331
2024-07-15,1721001600,21239.7331
2024-07-16,1721088000,24893.6917
2024-07-17,1721174400,24893.6917
2024-07-18,1721260800,27848.2578
2024-07-19,1721347200,29098.5867
2024-07-20,1721433600,29098.5867
2024-07-21,1721520000,27848.2578
2024-07-22,1721606400,26433.4544
2024-07-23,1721692800,27848.2578
2024-07-24,1721779200,27848.2578
2024-07-25,1721865600,28648.7751
2024-07-26,1721952000,27848.2578
2024-07-27,1722038400,27848.2578
2024-07-28,1722124800,26433.4544
2024-07-29,1722211200,27848.2578
2024-07-30,1722297600,28598.8313
2024-07-31,1722384000,28598.8313
2024-08-01,1722470400,29013.5626
2024-08-02,1722556800,28598.8313
2024-08-03,1722643200,26819.2403
2024-08-04,1722729600,25335.3111
2024-08-05,1722816000,26819.2403
2024-08-06,1722902400,26819.2403
2024-08-07,1722988800,28598.8313
2024-08-08,1723075200,26819.2403
2024-08-09,1723161600,26819.2403
2024-08-10,1723248000,28598.8313
2024-08-11,1723334400,28598.8313
2024-08-12,1723420800,28598.8313
2024-08-13,1723507200,28598.8313
2024-08-14,1723593600,26819.2403
2024-08-15,1723680000,25335.3111
2024-08-16,1723766400,24171.6396
2024-08-17,1723852800,22800.2674
2024-08-18,1723939200,22248.4087
2024-08-19,1724025600,22625.6377
2024-08-20,1724112000,22625.6377
2024-08-21,1724198400,22625.6377
2024-08-22,1724284800,22318.1171
2024-08-23,1724371200,22318.1171
2024-08-24,1724457600,22043.0847
2024-08-25,1724544000,22043.0847
2024-08-26,1724630400,21735.7685
2024-08-27,1724716800,22043.0847
2024-08-28,1724803200,21735.7685
2024-08-29,1724889600,21735.7685
2024-08-30,1724976000,21377.8196
2024-08-31,1725062400,21377.8196
2024-09-01,1725148800,21057.8815
2024-09-02,1725235200,20618.1117
2024-09-03,1725321600,21057.8815
2024-09-04,1725408000,21057.8815
2024-09-05,1725494400,21057.8815
2024-09-06,1725580800,21057.8815
2024-09-07,1725667200,20618.1117
2024-09-08,1725753600,20054.4658
2024-09-09,1725840000,20054.4658
2024-09-10,1725926400,20618.1117
2024-09-11,1726012800,20059.4539
2024-09-12,1726099200,19735.9806
2024-09-13,1726185600,20059.4539
2024-09-14,1726272000,19735.9806
2024-09-15,1726358400,19735.9806
2024-09-16,1726444800,20059.4539
2024-09-17,1726531200,20988.4489
2024-09-18,1726617600,20988.4489
2024-09-19,1726704000,20988.4489
2024-09-20,1726790400,20988.4489
2024-09-21,1726876800,20988.4489
2024-09-22,1726963200,20059.4539
2024-09-23,1727049600,20988.4489
2024-09-24,1727136000,21623.9468
2024-09-25,1727222400,22255.9471
2024-09-26,1727308800,22255.9471
2024-09-27,1727395200,22255.9471
2024-09-28,1727481600,21623.9468
2024-09-29,1727568000,21623.9468
2024-09-30,1727654400,22230.9591
2024-10-01,1727740800,22230.9591
2024-10-02,1727827200,22230.9591
2024-10-03,1727913600,22230.9591
2024-10-04,1728000000,22230.9591
2024-10-05,1728086400,20669.9638
2024-10-06,1728172800,21770.7290
2024-10-07,1728259200,22402.7293
2024-10-08,1728345600,22402.7293
2024-10-09,1728432000,22402.7293
2024-10-10,1728518400,23478.1177
2024-10-11,1728604800,23865.6511
2024-10-12,1728691200,23250.4928
2024-10-13,1728777600,23865.6511
2024-10-14,1728864000,25157.1781
2024-10-15,1728950400,25157.1781
2024-10-16,1729036800,26291.4605
2024-10-17,1729123200,26291.4605
2024-10-18,1729209600,26689.3863
2024-10-19,1729296000,26689.3863
2024-10-20,1729382400,27565.1817
2024-10-21,1729468800,27565.1817
2024-10-22,1729555200,26867.2365
2024-10-23,1729641600,26867.2365
2024-10-24,1729728000,26867.2365
2024-10-25,1729814400,26539.6910
2024-10-26,1729900800,26539.6910
2024-10-27,1729987200,26867.2365
2024-10-28,1730073600,27565.1817
2024-10-29,1730160000,28366.2832
2024-10-30,1730246400,29991.8867
2024-10-31,1730332800,31762.9462
2024-11-01,1730419200,31762.9462
2024-11-02,1730505600,31762.9462
2024-11-03,1730592000,31762.9462
2024-11-04,1730678400,32454.7596
2024-11-05,1730764800,33126.9002
2024-11-06,1730851200,33126.9002
2024-11-07,1730937600,33126.9002
2024-11-08,1731024000,33126.9002
2024-11-09,1731110400,33126.9002
2024-11-10,1731196800,35554.7685
2024-11-11,1731283200,37694.3796
2024-11-12,1731369600,38410.0795
2024-11-13,1731456000,38410.0795
2024-11-14,1731542400,40276.2705
2024-11-15,1731628800,40303.6799
2024-11-16,1731715200,39531.6771
2024-11-17,1731801600,40745.1364
2024-11-18,1731888000,40745.1364
2024-11-19,1731974400,40745.1364
2024-11-20,1732060800,43982.1304
2024-11-21,1732147200,46550.8038
2024-11-22,1732233600,46550.8038
2024-11-23,1732320000,47159.3306
2024-11-24,1732406400,49342.1311
2024-11-25,1732492800,56036.7223
2024-11-26,1732579200,61490.8363
2024-11-27,1732665600,68651.3419
2024-11-28,1732752000,71579.7250
2024-11-29,1732838400,71579.7250
2024-11-30,1732924800,71579.7250
2024-12-01,1733011200,88392.9926
2024-12-02,1733097600,104095.5815
2024-12-03,1733184000,104095.5815
2024-12-04,1733270400,112800.1865
2024-12-05,1733356800,104095.5815
2024-12-06,1733443200,104095.5815
2024-12-07,1733529600,104095.5815
2024-12-08,1733616000,112800.1865
2024-12-09,1733702400,112800.1865
2024-12-10,1733788800,104095.5815
2024-12-11,1733875200,90722.2617
2024-12-12,1733961600,88265.6891
2024-12-13,1734048000,76936.6472
2024-12-14,1734134400,72403.0295
2024-12-15,1734220800,111773.9329
2024-12-16,1734307200,128103.8393
2024-12-17,1734393600,137991.6480
2024-12-18,1734480000,137991.6480
2024-12-19,1734566400,137991.6480
2024-12-20,1734652800,128103.8393
2024-12-21,1734739200,111773.9329
2024-12-22,1734825600,128103.8393
2024-12-23,1734912000,137991.6480
2024-12-24,1734998400,137991.6480
2024-12-25,1735084800,137991.6480
2024-12-26,1735171200,113604.8154
2024-12-27,1735257600,113604.8154
2024-12-28,1735344000,91403.9450
2024-12-29,1735430400,108792.5044
2024-12-30,1735516800,126753.0927
2024-12-31,1735603200,140410.5903
2025-01-01,1735689600,126753.0927
2025-01-02,1735776000,117789.9361
2025-01-03,1735862400,117789.9361
2025-01-04,1735948800,106272.3407
2025-01-05,1736035200,84564.9688
2025-01-06,1736121600,84564.9688
2025-01-07,1736208000,106473.4361
2025-01-08,1736294400,84564.9688
2025-01-09,1736380800,79303.2726
2025-01-10,1736467200,59363.5569
2025-01-11,1736553600,59014.5489
2025-01-12,1736640000,55427.9207
2025-01-13,1736726400,55427.9207
2025-01-14,1736812800,51803.7677
2025-01-15,1736899200,51803.7677
2025-01-16,1736985600,51803.7677
2025-01-17,1737072000,51803.7677
2025-01-18,1737158400,51803.7677
2025-01-19,1737244800,50569.4752
2025-01-20,1737331200,52739.9747
2025-01-21,1737417600,56282.5728
2025-01-22,1737504000,56282.5728
2025-01-23,1737590400,56282.5728
2025-01-24,1737676800,56282.5728
2025-01-25,1737763200,52739.9747
2025-01-26,1737849600,50400.9256
2025-01-27,1737936000,52739.9747
2025-01-28,1738022400,50400.9256
2025-01-29,1738108800,48340.0168
2025-01-30,1738195200,47099.4429
2025-01-31,1738281600,46655.8214
2025-02-01,1738368000,44635.0517
2025-02-02,1738454400,44635.0517
2025-02-03,1738540800,46655.8214
2025-02-04,1738627200,47099.4429
2025-02-05,1738713600,47099.4429
2025-02-06,1738800000,47099.4429
2025-02-07,1738886400,46655.8214
2025-02-08,1738972800,46655.8214
2025-02-09,1739059200,49160.3516
2025-02-10,1739145600,49160.3516
2025-02-11,1739232000,55048.2803
2025-02-12,1739318400,55048.2803
2025-02-13,1739404800,55048.2803
2025-02-14,1739491200,49160.3516
2025-02-15,1739577600,44794.2512
2025-02-16,1739664000,41804.8165
2025-02-17,1739750400,39954.8982
2025-02-18,1739836800,38968.7971
2025-02-19,1739923200,38794.5882
2025-02-20,1740009600,38618.3167
2025-02-21,1740096000,38140.2727
2025-02-22,1740182400,37410.3140
2025-02-23,1740268800,36885.5758
2025-02-24,1740355200,37410.3140
2025-02-25,1740441600,38128.4728
2025-02-26,1740528000,38128.4728
2025-02-27,1740614400,38128.4728
2025-02-28,1740700800,38499.6065
2025-03-01,1740787200,38128.4728
2025-03-02,1740873600,37769.6477
2025-03-03,1740960000,38499.6065
2025-03-04,1741046400,38618.3167
2025-03-05,1741132800,38499.6065
2025-03-06,1741219200,38499.6065
2025-03-07,1741305600,38499.6065
2025-03-08,1741392000,37769.6477
2025-03-09,1741478400,37603.7346
2025-03-10,1741564800,38499.6065
2025-03-11,1741651200,38499.6065
2025-03-12,1741737600,38606.5168
2025-03-13,1741824000,38606.5168
2025-03-14,1741910400,38606.5168
2025-03-15,1741996800,38606.5168
2025-03-16,1742083200,37603.7346
2025-03-17,1742169600,37603.7346
2025-03-18,1742256000,37603.7346
2025-03-19,1742342400,37603.7346
2025-03-20,1742428800,37603.7346
2025-03-21,1742515200,37603.7346
2025-03-22,1742601600,40299.6113
2025-03-23,1742688000,40299.6113
2025-03-24,1742774400,40299.6113
2025-03-25,1742860800,40299.6113
2025-03-26,1742947200,39820.3694
2025-03-27,1743033600,36410.2768
2025-03-28,1743120000,36410.2768
2025-03-29,1743206400,35229.8156
2025-03-30,1743292800,33539.4417
2025-03-31,1743379200,35229.8156
2025-04-01,1743465600,35229.8156
2025-04-02,1743552000,35229.8156
2025-04-03,1743638400,35229.8156
2025-04-04,1743724800,36410.2768
2025-04-05,1743811200,35229.8156
2025-04-06,1743897600,32942.9422
2025-04-07,1743984000,35229.8156
2025-04-08,1744070400,35229.8156
2025-04-09,1744156800,35229.8156
2025-04-10,1744243200,35229.8156
2025-04-11,1744329600,35229.8156
2025-04-12,1744416000,33176.1384
2025-04-13,1744502400,30950.6803
2025-04-14,1744588800,30950.6803
2025-04-15,1744675200,33176.1384
2025-04-16,1744761600,35229.8156
2025-04-17,1744848000,36410.2768
2025-04-18,1744934400,36348.8615
2025-04-19,1745020800,33176.1384
2025-04-20,1745107200,33176.1384
2025-04-21,1745193600,32250.0358
2025-04-22,1745280000,34242.2976
2025-04-23,1745366400,36348.8615
2025-04-24,1745452800,38746.0068
2025-04-25,1745539200,41287.5373
2025-04-26,1745625600,41430.1589
2025-04-27,1745712000,40105.3127
2025-04-28,1745798400,41430.1589
2025-04-29,1745884800,46275.7702
2025-04-30,1745971200,51267.4753
2025-05-01,1746057600,56945.1988
2025-05-02,1746144000,56945.1988
2025-05-03,1746230400,51267.4753
2025-05-04,1746316800,51267.4753
2025-05-05,1746403200,56945.1988
2025-05-06,1746489600,62102.7032
2025-05-07,1746576000,62102.7032
2025-05-08,1746662400,63739.6042
2025-05-09,1746748800,68902.2833
2025-05-10,1746835200,63739.6042
2025-05-11,1746921600,57753.2981
2025-05-12,1747008000,63739.6042
2025-05-13,1747094400,65482.6956
2025-05-14,1747180800,65482.6956
2025-05-15,1747267200,69816.5730
2025-05-16,1747353600,65482.6956
2025-05-17,1747440000,65482.6956
2025-05-18,1747526400,69816.5730
2025-05-19,1747612800,82477.8512
2025-05-20,1747699200,92058.4686
2025-05-21,1747785600,92058.4686
2025-05-22,1747872000,92058.4686
2025-05-23,1747958400,86908.9543
2025-05-24,1748044800,82066.6762
2025-05-25,1748131200,86908.9543
2025-05-26,1748217600,92058.4686
2025-05-27,1748304000,86908.9543
2025-05-28,1748390400,86908.9543
2025-05-29,1748476800,86908.9543
2025-05-30,1748563200,82066.6762
2025-05-31,1748649600,74215.9854
2025-06-01,1748736000,74855.5571
2025-06-02,1748822400,74855.5571
2025-06-03,1748908800,74855.5571
2025-06-04,1748995200,67036.5571
2025-06-05,1749081600,66233.4139
2025-06-06,1749168000,63907.9784
2025-06-07,1749254400,61438.7852
2025-06-08,1749340800,61438.7852
2025-06-09,1749427200,63907.9784
2025-06-10,1749513600,61438.7852
2025-06-11,1749600000,58518.8678
2025-06-12,1749686400,61438.7852
2025-06-13,1749772800,56658.5574
2025-06-14,1749859200,51658.9387
2025-06-15,1749945600,56658.5574
2025-06-16,1750032000,56658.5574
2025-06-17,1750118400,53283.3972
2025-06-18,1750204800,51658.9387
2025-06-19,1750291200,48765.1848
2025-06-20,1750377600,43935.8107
2025-06-21,1750464000,43935.8107
2025-06-22,1750550400,48765.1848
2025-06-23,1750636800,51658.9387
2025-06-24,1750723200,51658.9387
2025-06-25,1750809600,51658.9387
2025-06-26,1750896000,51658.9387
2025-06-27,1750982400,46302.8442
2025-06-28,1751068800,40868.2038
2025-06-29,1751155200,46302.8442
2025-06-30,1751241600,52756.6768
