d,unixTs,nrplBtc
2020-01-01,1577836800,673.47318290
2020-01-02,1577923200,985.20856100
2020-01-03,1578009600,838.41295730
2020-01-04,1578096000,696.55139010
2020-01-05,1578182400,561.20118230
2020-01-06,1578268800,561.01800360
2020-01-07,1578355200,140.25785480
2020-01-08,1578441600,786.88209580
2020-01-09,1578528000,3090.31524510
2020-01-10,1578614400,3122.99811300
2020-01-11,1578700800,2838.75814330
2020-01-12,1578787200,2709.20527710
2020-01-13,1578873600,2947.50233450
2020-01-14,1578960000,776.14189970
2020-01-15,1579046400,2334.50298710
2020-01-16,1579132800,3529.03402090
2020-01-17,1579219200,3615.95843670
2020-01-18,1579305600,3535.64232980
2020-01-19,1579392000,3856.56751300
2020-01-20,1579478400,4247.78177330
2020-01-21,1579564800,3979.64105930
2020-01-22,1579651200,3634.29946940
2020-01-23,1579737600,3834.42506460
2020-01-24,1579824000,4098.16289350
2020-01-25,1579910400,3949.16896300
2020-01-26,1579996800,3655.43403100
2020-01-27,1580083200,3412.60515460
2020-01-28,1580169600,3488.15185900
2020-01-29,1580256000,4992.45858290
2020-01-30,1580342400,6163.67376810
2020-01-31,1580428800,8081.35039130
2020-02-01,1580515200,7422.56130440
2020-02-02,1580601600,5992.29053090
2020-02-03,1580688000,5140.63373830
2020-02-04,1580774400,5414.68920420
2020-02-05,1580860800,5165.16755930
2020-02-06,1580947200,6142.21805330
2020-02-07,1581033600,10224.24814560
2020-02-08,1581120000,10271.51859630
2020-02-09,1581206400,9750.00464520
2020-02-10,1581292800,12732.65161450
2020-02-11,1581379200,12663.18469020
2020-02-12,1581465600,12092.96754920
2020-02-13,1581552000,12212.47880680
2020-02-14,1581638400,11806.04350000
2020-02-15,1581724800,10815.68090870
2020-02-16,1581811200,10365.51422930
2020-02-17,1581897600,9913.43890140
2020-02-18,1581984000,10081.68802510
2020-02-19,1582070400,9951.21339240
2020-02-20,1582156800,9655.52151580
2020-02-21,1582243200,8741.16074900
2020-02-22,1582329600,7994.53537950
2020-02-23,1582416000,7469.95368680
2020-02-24,1582502400,7319.66812680
2020-02-25,1582588800,9339.51855280
2020-02-26,1582675200,8789.99791290
2020-02-27,1582761600,8210.47149290
2020-02-28,1582848000,7678.00986830
2020-02-29,1582934400,6826.10327870
2020-03-01,1583020800,6278.68654090
2020-03-02,1583107200,6139.88656620
2020-03-03,1583193600,6205.20895530
2020-03-04,1583280000,5542.20494270
2020-03-05,1583366400,4331.77759110
2020-03-06,1583452800,4267.24856460
2020-03-07,1583539200,3882.18213910
2020-03-08,1583625600,3930.27277440
2020-03-09,1583712000,3466.69899220
2020-03-10,1583798400,2836.81241050
2020-03-11,1583884800,2110.30201270
2020-03-12,1583971200,-1993.94624410
2020-03-13,1584057600,-2240.98076880
2020-03-14,1584144000,-4677.16203060
2020-03-15,1584230400,-5021.19403510
2020-03-16,1584316800,-7002.54963020
2020-03-17,1584403200,-10059.84071560
2020-03-18,1584489600,-8793.91361450
2020-03-19,1584576000,-9649.62281740
2020-03-20,1584662400,-8231.29723670
2020-03-21,1584748800,-6619.07370460
2020-03-22,1584835200,-4757.48353410
2020-03-23,1584921600,-4789.71024590
2020-03-24,1585008000,-3859.12382320
2020-03-25,1585094400,-3962.11533410
2020-03-26,1585180800,-2628.46635300
2020-03-27,1585267200,-1530.40384790
2020-03-28,1585353600,-1326.40149650
2020-03-29,1585440000,-2629.76328090
2020-03-30,1585526400,-3214.79559830
2020-03-31,1585612800,-2775.09810700
2020-04-01,1585699200,-2345.59094670
2020-04-02,1585785600,-2600.05754670
2020-04-03,1585872000,-1965.92804620
2020-04-04,1585958400,-1494.65636690
2020-04-05,1586044800,-1202.99026960
2020-04-06,1586131200,-718.63712270
2020-04-07,1586217600,-1294.49153570
2020-04-08,1586304000,-266.99959370
2020-04-09,1586390400,123.65053440
2020-04-10,1586476800,160.07948210
2020-04-11,1586563200,172.60573830
2020-04-12,1586649600,222.88412870
2020-04-13,1586736000,713.35404680
2020-04-14,1586822400,587.73190040
2020-04-15,1586908800,543.92137980
2020-04-16,1586995200,370.97874720
2020-04-17,1587081600,142.57119690
2020-04-18,1587168000,172.20964200
2020-04-19,1587254400,92.46704100
2020-04-20,1587340800,-92.66253410
2020-04-21,1587427200,-191.92535140
2020-04-22,1587513600,-642.42996570
2020-04-23,1587600000,-889.58573480
2020-04-24,1587686400,-362.01624550
2020-04-25,1587772800,6.72473850
2020-04-26,1587859200,357.60752560
2020-04-27,1587945600,2794.11689770
2020-04-28,1588032000,2907.49684340
2020-04-29,1588118400,3963.78446430
2020-04-30,1588204800,6620.50723640
2020-05-01,1588291200,8234.52039330
2020-05-02,1588377600,8056.00933950
2020-05-03,1588464000,8612.70330980
2020-05-04,1588550400,8906.93911280
2020-05-05,1588636800,8440.38191520
2020-05-06,1588723200,9166.07765140
2020-05-07,1588809600,11577.60279090
2020-05-08,1588896000,12534.59815150
2020-05-09,1588982400,12789.43140420
2020-05-10,1589068800,12656.05929200
2020-05-11,1589155200,12696.47691280
2020-05-12,1589241600,11661.70204510
2020-05-13,1589328000,10992.57224520
2020-05-14,1589414400,10305.68262360
2020-05-15,1589500800,10303.35448360
2020-05-16,1589587200,9710.74675110
2020-05-17,1589673600,8975.56136750
2020-05-18,1589760000,10129.93417680
2020-05-19,1589846400,10497.78642350
2020-05-20,1589932800,10609.25331120
2020-05-21,1590019200,10332.60149820
2020-05-22,1590105600,9639.12206790
2020-05-23,1590192000,8768.53443970
2020-05-24,1590278400,8298.70027720
2020-05-25,1590364800,7748.45406700
2020-05-26,1590451200,7075.64561980
2020-05-27,1590537600,6509.05546500
2020-05-28,1590624000,5899.36384490
2020-05-29,1590710400,5115.92598570
2020-05-30,1590796800,4716.67375760
2020-05-31,1590883200,4320.72791310
2020-06-01,1590969600,4802.79904420
2020-06-02,1591056000,5752.79519300
2020-06-03,1591142400,6587.99951300
2020-06-04,1591228800,6391.89114800
2020-06-05,1591315200,6201.00067830
2020-06-06,1591401600,5926.39405390
2020-06-07,1591488000,5500.89842710
2020-06-08,1591574400,6924.78870810
2020-06-09,1591660800,6798.36150050
2020-06-10,1591747200,6463.12760930
2020-06-11,1591833600,6460.13136390
2020-06-12,1591920000,6390.62523330
2020-06-13,1592006400,5846.16094050
2020-06-14,1592092800,5402.18899700
2020-06-15,1592179200,5222.19448920
2020-06-16,1592265600,5067.65405050
2020-06-17,1592352000,4942.54153870
2020-06-18,1592438400,8086.63845900
2020-06-19,1592524800,7472.14769630
2020-06-20,1592611200,6813.54890420
2020-06-21,1592697600,6313.58922250
2020-06-22,1592784000,6008.41483140
2020-06-23,1592870400,5941.28519730
2020-06-24,1592956800,5661.04431160
2020-06-25,1593043200,5429.18344620
2020-06-26,1593129600,9537.93492660
2020-06-27,1593216000,8569.76440560
2020-06-28,1593302400,7726.74556610
2020-06-29,1593388800,7061.51467520
2020-06-30,1593475200,7179.16025250
2020-07-01,1593561600,6636.03555680
2020-07-02,1593648000,6097.93156590
2020-07-03,1593734400,5765.41200030
2020-07-04,1593820800,5162.97980070
2020-07-05,1593907200,4591.42279230
2020-07-06,1593993600,4250.89409380
2020-07-07,1594080000,4090.88681380
2020-07-08,1594166400,5184.96402890
2020-07-09,1594252800,5228.66241000
2020-07-10,1594339200,4955.84249850
2020-07-11,1594425600,4453.29131830
2020-07-12,1594512000,4079.53279030
2020-07-13,1594598400,3493.77774690
2020-07-14,1594684800,4059.65837760
2020-07-15,1594771200,4272.95728980
2020-07-16,1594857600,4007.13679880
2020-07-17,1594944000,3521.40438590
2020-07-18,1595030400,3174.37571030
2020-07-19,1595116800,3081.50972640
2020-07-20,1595203200,2830.14024570
2020-07-21,1595289600,2359.91157690
2020-07-22,1595376000,2710.79323390
2020-07-23,1595462400,2919.20472650
2020-07-24,1595548800,3249.97417720
2020-07-25,1595635200,3318.67386620
2020-07-26,1595721600,3336.02452650
2020-07-27,1595808000,4261.15256150
2020-07-28,1595894400,6684.17068600
2020-07-29,1595980800,7914.87374780
2020-07-30,1596067200,9059.63911070
2020-07-31,1596153600,9704.74586700
2020-08-01,1596240000,9585.57132000
2020-08-02,1596326400,10144.82616160
2020-08-03,1596412800,12976.85607930
2020-08-04,1596499200,12657.38423960
2020-08-05,1596585600,13064.03767860
2020-08-06,1596672000,15524.84748480
2020-08-07,1596758400,17540.90953370
2020-08-08,1596844800,17745.23180420
2020-08-09,1596931200,16987.96249430
2020-08-10,1597017600,16103.98273300
2020-08-11,1597104000,17229.07251810
2020-08-12,1597190400,16489.63313290
2020-08-13,1597276800,15636.47662760
2020-08-14,1597363200,15398.05774120
2020-08-15,1597449600,14330.36570980
2020-08-16,1597536000,13430.20346950
2020-08-17,1597622400,14623.33612340
2020-08-18,1597708800,14433.24811200
2020-08-19,1597795200,14143.19743070
2020-08-20,1597881600,13565.61253740
2020-08-21,1597968000,13739.90869160
2020-08-22,1598054400,12594.31190330
2020-08-23,1598140800,11415.63660990
2020-08-24,1598227200,11109.31161670
2020-08-25,1598313600,11014.85037760
2020-08-26,1598400000,10650.00151550
2020-08-27,1598486400,10286.47827650
2020-08-28,1598572800,10215.31776840
2020-08-29,1598659200,9280.33514410
2020-08-30,1598745600,8760.06183510
2020-08-31,1598832000,9330.52967540
2020-09-01,1598918400,10092.77787620
2020-09-02,1599004800,10562.56848970
2020-09-03,1599091200,12396.89605710
2020-09-04,1599177600,13121.34838870
2020-09-05,1599264000,11712.49548130
2020-09-06,1599350400,10596.61748360
2020-09-07,1599436800,9775.57346670
2020-09-08,1599523200,8905.75097930
2020-09-09,1599609600,8065.55292500
2020-09-10,1599696000,7128.38513970
2020-09-11,1599782400,6901.63547400
2020-09-12,1599868800,6185.54118850
2020-09-13,1599955200,5686.22230700
2020-09-14,1600041600,5551.71546970
2020-09-15,1600128000,5979.76545220
2020-09-16,1600214400,6606.62153560
2020-09-17,1600300800,6594.15440650
2020-09-18,1600387200,6841.04577110
2020-09-19,1600473600,7054.69651630
2020-09-20,1600560000,6803.05425630
2020-09-21,1600646400,6755.76372120
2020-09-22,1600732800,7981.83812380
2020-09-23,1600819200,7533.80814460
2020-09-24,1600905600,7431.66117520
2020-09-25,1600992000,7297.54553870
2020-09-26,1601078400,6797.45128880
2020-09-27,1601164800,6298.85559940
2020-09-28,1601251200,5972.05920870
2020-09-29,1601337600,7571.71553890
2020-09-30,1601424000,7407.69423330
2020-10-01,1601510400,6929.08698530
2020-10-02,1601596800,7288.13716100
2020-10-03,1601683200,6570.26523980
2020-10-04,1601769600,5960.52529150
2020-10-05,1601856000,5610.85484880
2020-10-06,1601942400,5406.61265750
2020-10-07,1602028800,5620.25845600
2020-10-08,1602115200,5524.24717700
2020-10-09,1602201600,5622.76273040
2020-10-10,1602288000,5330.03819780
2020-10-11,1602374400,5175.11178250
2020-10-12,1602460800,5633.56890730
2020-10-13,1602547200,6076.47935410
2020-10-14,1602633600,6620.84361870
2020-10-15,1602720000,6982.00368810
2020-10-16,1602806400,6841.85232430
2020-10-17,1602892800,6347.45604550
2020-10-18,1602979200,5857.20516840
2020-10-19,1603065600,8048.87265510
2020-10-20,1603152000,8511.96944760
2020-10-21,1603238400,9143.64371950
2020-10-22,1603324800,13017.38110950
2020-10-23,1603411200,17253.54559640
2020-10-24,1603497600,17074.07473650
2020-10-25,1603584000,16218.32877560
2020-10-26,1603670400,15400.15950490
2020-10-27,1603756800,15691.10505670
2020-10-28,1603843200,16748.97922700
2020-10-29,1603929600,17283.32630770
2020-10-30,1604016000,16541.83761170
2020-10-31,1604102400,15933.83792340
2020-11-01,1604188800,16110.13881570
2020-11-02,1604275200,17548.12793060
2020-11-03,1604361600,30465.51898060
2020-11-04,1604448000,29104.40777300
2020-11-05,1604534400,29813.29983660
2020-11-06,1604620800,29659.70318960
2020-11-07,1604707200,28054.49413480
2020-11-08,1604793600,28688.53510170
2020-11-09,1604880000,27927.60808420
2020-11-10,1604966400,27053.19791540
2020-11-11,1605052800,25889.82218080
2020-11-12,1605139200,25572.38204100
2020-11-13,1605225600,25169.35910190
2020-11-14,1605312000,24048.54866930
2020-11-15,1605398400,22224.27509520
2020-11-16,1605484800,21443.42399810
2020-11-17,1605571200,22451.84975040
2020-11-18,1605657600,27257.48706270
2020-11-19,1605744000,26884.72014980
2020-11-20,1605830400,30866.51344410
2020-11-21,1605916800,30924.09709200
2020-11-22,1606003200,29099.01129990
2020-11-23,1606089600,28591.78286760
2020-11-24,1606176000,30412.29071340
2020-11-25,1606262400,29699.53080940
2020-11-26,1606348800,32351.90390180
2020-11-27,1606435200,32037.19234130
2020-11-28,1606521600,29030.12573740
2020-11-29,1606608000,26654.80691560
2020-11-30,1606694400,26923.87220680
2020-12-01,1606780800,28500.26321400
2020-12-02,1606867200,29891.61967890
2020-12-03,1606953600,29365.02294060
2020-12-04,1607040000,29303.28552510
2020-12-05,1607126400,26829.35751950
2020-12-06,1607212800,24566.56705370
2020-12-07,1607299200,23923.82111730
2020-12-08,1607385600,24083.76488560
2020-12-09,1607472000,23914.54605370
2020-12-10,1607558400,24915.95116170
2020-12-11,1607644800,24267.09483980
2020-12-12,1607731200,23287.85945200
2020-12-13,1607817600,26619.69764080
2020-12-14,1607904000,25622.25447610
2020-12-15,1607990400,25294.03303740
2020-12-16,1608076800,26846.24920120
2020-12-17,1608163200,30689.73228670
2020-12-18,1608249600,39870.58763870
2020-12-19,1608336000,38278.14645160
2020-12-20,1608422400,37972.26629980
2020-12-21,1608508800,38005.02102410
2020-12-22,1608595200,42073.63522730
2020-12-23,1608681600,44742.86880140
2020-12-24,1608768000,46849.03846430
2020-12-25,1608854400,42397.11701130
2020-12-26,1608940800,40095.28438290
2020-12-27,1609027200,40994.16593970
2020-12-28,1609113600,53146.24639890
2020-12-29,1609200000,58114.13009880
2020-12-30,1609286400,56250.60291140
2020-12-31,1609372800,54364.97074710
2021-01-01,1609459200,54933.75218900
2021-01-02,1609545600,56988.81189670
2021-01-03,1609632000,58872.75895760
2021-01-04,1609718400,64651.24233600
2021-01-05,1609804800,65361.17394900
2021-01-06,1609891200,65261.81812970
2021-01-07,1609977600,69742.86012320
2021-01-08,1610064000,74667.13698290
2021-01-09,1610150400,75611.71713730
2021-01-10,1610236800,72487.78194890
2021-01-11,1610323200,73237.82143020
2021-01-12,1610409600,69738.16821910
2021-01-13,1610496000,65328.52369770
2021-01-14,1610582400,61364.49746000
2021-01-15,1610668800,59493.30792790
2021-01-16,1610755200,55131.75725510
2021-01-17,1610841600,50792.50497880
2021-01-18,1610928000,48511.04449080
2021-01-19,1611014400,45998.90867170
2021-01-20,1611100800,43469.77164140
2021-01-21,1611187200,42024.34866170
2021-01-22,1611273600,39418.83937210
2021-01-23,1611360000,36201.66410150
2021-01-24,1611446400,32784.57098370
2021-01-25,1611532800,30330.08439540
2021-01-26,1611619200,28610.11178840
2021-01-27,1611705600,32193.47397100
2021-01-28,1611792000,31251.69570820
2021-01-29,1611878400,31813.87434330
2021-01-30,1611964800,30919.56321030
2021-01-31,1612051200,30327.40331600
2021-02-01,1612137600,28576.95721510
2021-02-02,1612224000,27700.09696410
2021-02-03,1612310400,26237.05817200
2021-02-04,1612396800,27367.95341500
2021-02-05,1612483200,30037.62370850
2021-02-06,1612569600,28864.29144550
2021-02-07,1612656000,29262.63993530
2021-02-08,1612742400,29475.01267200
2021-02-09,1612828800,34627.59952350
2021-02-10,1612915200,38845.83325320
2021-02-11,1613001600,39307.26852240
2021-02-12,1613088000,39749.66116420
2021-02-13,1613174400,37703.08924810
2021-02-14,1613260800,34937.02747860
2021-02-15,1613347200,38160.28423370
2021-02-16,1613433600,37216.21937700
2021-02-17,1613520000,37632.06082870
2021-02-18,1613606400,39983.95887630
2021-02-19,1613692800,43426.16415120
2021-02-20,1613779200,44930.13392550
2021-02-21,1613865600,43901.31090080
2021-02-22,1613952000,44857.99120590
2021-02-23,1614038400,51915.28120380
2021-02-24,1614124800,51335.08684450
2021-02-25,1614211200,50093.55232310
2021-02-26,1614297600,53337.62183210
2021-02-27,1614384000,48556.14596000
2021-02-28,1614470400,44357.50976340
2021-03-01,1614556800,41036.31401320
2021-03-02,1614643200,39633.40639640
2021-03-03,1614729600,36618.05176470
2021-03-04,1614816000,35093.98939620
2021-03-05,1614902400,34292.49908920
2021-03-06,1614988800,31299.36715280
2021-03-07,1615075200,28441.79647620
2021-03-08,1615161600,28417.02304570
2021-03-09,1615248000,27284.49009250
2021-03-10,1615334400,27293.49069060
2021-03-11,1615420800,30098.20430980
2021-03-12,1615507200,31456.02827850
2021-03-13,1615593600,30136.79047950
2021-03-14,1615680000,29835.20009530
2021-03-15,1615766400,30524.37846540
2021-03-16,1615852800,32376.39599750
2021-03-17,1615939200,31438.05068040
2021-03-18,1616025600,29243.21456710
2021-03-19,1616112000,27579.25073230
2021-03-20,1616198400,26177.82231640
2021-03-21,1616284800,25049.15386660
2021-03-22,1616371200,25507.68323040
2021-03-23,1616457600,27917.59013760
2021-03-24,1616544000,28194.03085850
2021-03-25,1616630400,30140.67091690
2021-03-26,1616716800,28641.88151090
2021-03-27,1616803200,27940.94051780
2021-03-28,1616889600,25850.27105270
2021-03-29,1616976000,24933.54469540
2021-03-30,1617062400,24606.42648330
2021-03-31,1617148800,24733.69046460
2021-04-01,1617235200,25899.40332610
2021-04-02,1617321600,25397.85582390
2021-04-03,1617408000,23254.74033100
2021-04-04,1617494400,21785.24837020
2021-04-05,1617580800,20770.50122140
2021-04-06,1617667200,30116.54366230
2021-04-07,1617753600,28749.49252890
2021-04-08,1617840000,27018.98662630
2021-04-09,1617926400,25121.06669760
2021-04-10,1618012800,23598.70122160
2021-04-11,1618099200,23271.01011650
2021-04-12,1618185600,23606.71247640
2021-04-13,1618272000,24241.32784840
2021-04-14,1618358400,26648.52033540
2021-04-15,1618444800,27700.40486840
2021-04-16,1618531200,26839.07745680
2021-04-17,1618617600,25720.90468160
2021-04-18,1618704000,34918.47122830
2021-04-19,1618790400,31758.44547950
2021-04-20,1618876800,30613.66510120
2021-04-21,1618963200,28283.41868990
2021-04-22,1619049600,29149.61042430
2021-04-23,1619136000,28784.10232530
2021-04-24,1619222400,27490.74728960
2021-04-25,1619308800,25522.33167620
2021-04-26,1619395200,24004.12369450
2021-04-27,1619481600,24353.82146480
2021-04-28,1619568000,23051.72497040
2021-04-29,1619654400,24329.70804550
2021-04-30,1619740800,24193.89779700
2021-05-01,1619827200,22195.83635540
2021-05-02,1619913600,20832.73374590
2021-05-03,1620000000,20337.95054030
2021-05-04,1620086400,20986.63749970
2021-05-05,1620172800,20429.40878030
2021-05-06,1620259200,20627.60922470
2021-05-07,1620345600,23610.16000480
2021-05-08,1620432000,22086.27259570
2021-05-09,1620518400,21275.53694030
2021-05-10,1620604800,20947.01754680
2021-05-11,1620691200,20194.75974500
2021-05-12,1620777600,22801.97260800
2021-05-13,1620864000,24695.90498660
2021-05-14,1620950400,23342.95347570
2021-05-15,1621036800,21845.82254080
2021-05-16,1621123200,21255.90485450
2021-05-17,1621209600,20570.84709230
2021-05-18,1621296000,19680.45002500
2021-05-19,1621382400,22656.21612180
2021-05-20,1621468800,22830.16043630
2021-05-21,1621555200,22069.69687180
2021-05-22,1621641600,20647.70418460
2021-05-23,1621728000,20349.11587820
2021-05-24,1621814400,20762.98017100
2021-05-25,1621900800,19187.61264570
2021-05-26,1621987200,18565.69634980
2021-05-27,1622073600,17438.66808940
2021-05-28,1622160000,16311.87950940
2021-05-29,1622246400,14923.37835070
2021-05-30,1622332800,15076.77813670
2021-05-31,1622419200,13566.42295550
2021-06-01,1622505600,14723.43342730
2021-06-02,1622592000,13782.86296850
2021-06-03,1622678400,13778.73790840
2021-06-04,1622764800,12712.38068470
2021-06-05,1622851200,11578.25673030
2021-06-06,1622937600,10772.35888210
2021-06-07,1623024000,10377.13565260
2021-06-08,1623110400,10707.03032220
2021-06-09,1623196800,10424.53122420
2021-06-10,1623283200,10680.11808410
2021-06-11,1623369600,11063.07430580
2021-06-12,1623456000,10079.54701540
2021-06-13,1623542400,9303.85142710
2021-06-14,1623628800,9054.61502330
2021-06-15,1623715200,9586.37929470
2021-06-16,1623801600,9708.78896860
2021-06-17,1623888000,9304.68400090
2021-06-18,1623974400,9218.49669140
2021-06-19,1624060800,8619.49415290
2021-06-20,1624147200,7963.89698190
2021-06-21,1624233600,8155.30720670
2021-06-22,1624320000,8447.77904430
2021-06-23,1624406400,8502.43361420
2021-06-24,1624492800,8819.99823770
2021-06-25,1624579200,8818.61922060
2021-06-26,1624665600,8349.66527560
2021-06-27,1624752000,7805.05757830
2021-06-28,1624838400,7556.66657400
2021-06-29,1624924800,7073.55058550
2021-06-30,1625011200,7051.84294600
2021-07-01,1625097600,7263.24150940
2021-07-02,1625184000,7113.84386230
2021-07-03,1625270400,6461.07657270
2021-07-04,1625356800,6125.88390500
2021-07-05,1625443200,6057.72623810
2021-07-06,1625529600,5772.81321190
2021-07-07,1625616000,5762.60289990
2021-07-08,1625702400,5890.11374980
2021-07-09,1625788800,5617.80269090
2021-07-10,1625875200,5110.34849420
2021-07-11,1625961600,4733.17226620
2021-07-12,1626048000,5799.22854940
2021-07-13,1626134400,5588.91222350
2021-07-14,1626220800,5235.70672930
2021-07-15,1626307200,5046.20809330
2021-07-16,1626393600,5071.20909110
2021-07-17,1626480000,10628.91232190
2021-07-18,1626566400,9507.22961050
2021-07-19,1626652800,8867.11077880
2021-07-20,1626739200,9046.29608440
2021-07-21,1626825600,8446.16962680
2021-07-22,1626912000,8375.07296230
2021-07-23,1626998400,7671.03891090
2021-07-24,1627084800,6913.36064970
2021-07-25,1627171200,6455.52737450
2021-07-26,1627257600,10370.18437420
2021-07-27,1627344000,17493.06116140
2021-07-28,1627430400,19694.96929230
2021-07-29,1627516800,30896.24388030
2021-07-30,1627603200,28110.79844720
2021-07-31,1627689600,25017.80942240
2021-08-01,1627776000,22733.71979530
2021-08-02,1627862400,21628.35556040
2021-08-03,1627948800,19655.43209530
2021-08-04,1628035200,17807.52655570
2021-08-05,1628121600,16038.00385980
2021-08-06,1628208000,15300.99772540
2021-08-07,1628294400,14071.96421710
2021-08-08,1628380800,13454.69614740
2021-08-09,1628467200,13789.12828410
2021-08-10,1628553600,13845.30039870
2021-08-11,1628640000,13439.03241990
2021-08-12,1628726400,13300.63089490
2021-08-13,1628812800,12867.21646160
2021-08-14,1628899200,13460.94972210
2021-08-15,1628985600,12392.46886380
2021-08-16,1629072000,12263.16103020
2021-08-17,1629158400,12058.04305880
2021-08-18,1629244800,12498.37531640
2021-08-19,1629331200,12128.00442260
2021-08-20,1629417600,11639.99452290
2021-08-21,1629504000,11251.68954990
2021-08-22,1629590400,10805.57387480
2021-08-23,1629676800,11658.31574390
2021-08-24,1629763200,11660.68808080
2021-08-25,1629849600,14852.95535210
2021-08-26,1629936000,15047.09538890
2021-08-27,1630022400,13961.27759850
2021-08-28,1630108800,12933.83657360
2021-08-29,1630195200,11837.69676080
2021-08-30,1630281600,11926.55293000
2021-08-31,1630368000,12128.79791270
2021-09-01,1630454400,11729.60301860
2021-09-02,1630540800,11437.28465870
2021-09-03,1630627200,11342.87391670
2021-09-04,1630713600,10891.74060740
2021-09-05,1630800000,10053.86873210
2021-09-06,1630886400,9775.39730980
2021-09-07,1630972800,10329.65937050
2021-09-08,1631059200,10960.20251220
2021-09-09,1631145600,12025.40500500
2021-09-10,1631232000,11536.37140810
2021-09-11,1631318400,10597.44577630
2021-09-12,1631404800,9695.38889100
2021-09-13,1631491200,8930.81859650
2021-09-14,1631577600,8636.17628570
2021-09-15,1631664000,8850.00526880
2021-09-16,1631750400,9249.42190560
2021-09-17,1631836800,9030.71666470
2021-09-18,1631923200,8352.30029670
2021-09-19,1632009600,7836.74391720
2021-09-20,1632096000,8007.27848360
2021-09-21,1632182400,7985.55960650
2021-09-22,1632268800,7858.17041590
2021-09-23,1632355200,7234.94324560
2021-09-24,1632441600,6849.52401660
2021-09-25,1632528000,6324.02418700
2021-09-26,1632614400,12945.92070990
2021-09-27,1632700800,12073.04512150
2021-09-28,1632787200,10795.19741980
2021-09-29,1632873600,10208.17561840
2021-09-30,1632960000,9960.07436430
2021-10-01,1633046400,9453.23851580
2021-10-02,1633132800,9447.99286410
2021-10-03,1633219200,8881.86203710
2021-10-04,1633305600,8709.45455100
2021-10-05,1633392000,8799.11076160
2021-10-06,1633478400,11026.36443470
2021-10-07,1633564800,13386.07953540
2021-10-08,1633651200,13441.71150870
2021-10-09,1633737600,12777.60469170
2021-10-10,1633824000,12569.11477140
2021-10-11,1633910400,12416.81352330
2021-10-12,1633996800,13755.67889050
2021-10-13,1634083200,14117.14092500
2021-10-14,1634169600,14432.82691050
2021-10-15,1634256000,14873.75830170
2021-10-16,1634342400,14742.40273020
2021-10-17,1634428800,14009.53653670
2021-10-18,1634515200,15069.37294660
2021-10-19,1634601600,18493.87540530
2021-10-20,1634688000,20020.10747360
2021-10-21,1634774400,22334.72269320
2021-10-22,1634860800,22103.55722200
2021-10-23,1634947200,20369.01030480
2021-10-24,1635033600,19936.33681210
2021-10-25,1635120000,19921.47599660
2021-10-26,1635206400,19937.92528660
2021-10-27,1635292800,19111.65852310
2021-10-28,1635379200,18557.95882760
2021-10-29,1635465600,17840.12427780
2021-10-30,1635552000,16475.70466060
2021-10-31,1635638400,16366.44894640
2021-11-01,1635724800,18619.45513450
2021-11-02,1635811200,20480.61735570
2021-11-03,1635897600,21387.29165300
2021-11-04,1635984000,19966.84553930
2021-11-05,1636070400,20277.92077360
2021-11-06,1636156800,18871.57109110
2021-11-07,1636243200,17015.47588050
2021-11-08,1636329600,17088.76947300
2021-11-09,1636416000,17747.24860400
2021-11-10,1636502400,18705.11458200
2021-11-11,1636588800,19083.62718720
2021-11-12,1636675200,29475.87922080
2021-11-13,1636761600,26539.09675080
2021-11-14,1636848000,23806.20428040
2021-11-15,1636934400,23267.24249110
2021-11-16,1637020800,24949.93958280
2021-11-17,1637107200,24094.02156430
2021-11-18,1637193600,22305.10503220
2021-11-19,1637280000,20927.41642910
2021-11-20,1637366400,18737.80447530
2021-11-21,1637452800,16894.71279380
2021-11-22,1637539200,16442.78485510
2021-11-23,1637625600,15549.13846160
2021-11-24,1637712000,14818.31738420
2021-11-25,1637798400,19415.82333160
2021-11-26,1637884800,18793.39198000
2021-11-27,1637971200,16919.52139850
2021-11-28,1638057600,15370.59265460
2021-11-29,1638144000,14448.89248130
2021-11-30,1638230400,14050.18988760
2021-12-01,1638316800,14215.24539970
2021-12-02,1638403200,13479.13911240
2021-12-03,1638489600,12689.64901870
2021-12-04,1638576000,13066.23585830
2021-12-05,1638662400,11872.38883350
2021-12-06,1638748800,11392.98437490
2021-12-07,1638835200,12929.45979520
2021-12-08,1638921600,12258.26867070
2021-12-09,1639008000,12716.59571710
2021-12-10,1639094400,11938.38782090
2021-12-11,1639180800,10996.22986070
2021-12-12,1639267200,9848.54651110
2021-12-13,1639353600,9825.72910090
2021-12-14,1639440000,10592.15132460
2021-12-15,1639526400,9983.14201210
2021-12-16,1639612800,10135.26009980
2021-12-17,1639699200,9779.55693880
2021-12-18,1639785600,9191.84278700
2021-12-19,1639872000,8275.21305460
2021-12-20,1639958400,7697.25515660
2021-12-21,1640044800,7187.35670310
2021-12-22,1640131200,7304.03811260
2021-12-23,1640217600,7751.66564480
2021-12-24,1640304000,7204.21726070
2021-12-25,1640390400,6944.23444170
2021-12-26,1640476800,6531.28123930
2021-12-27,1640563200,6324.08196430
2021-12-28,1640649600,6482.36405830
2021-12-29,1640736000,6523.73813950
2021-12-30,1640822400,7411.57778390
2021-12-31,1640908800,7990.17675950
2022-01-01,1640995200,7379.26353360
2022-01-02,1641081600,6599.64821850
2022-01-03,1641168000,6228.13734310
2022-01-04,1641254400,5569.04653360
2022-01-05,1641340800,5667.51079060
2022-01-06,1641427200,6375.49000010
2022-01-07,1641513600,5964.45504010
2022-01-08,1641600000,5458.00789180
2022-01-09,1641686400,4970.34988620
2022-01-10,1641772800,5132.85074090
2022-01-11,1641859200,4706.57766850
2022-01-12,1641945600,4853.61940890
2022-01-13,1642032000,4557.95795560
2022-01-14,1642118400,4557.87419570
2022-01-15,1642204800,4121.46467660
2022-01-16,1642291200,3856.41008490
2022-01-17,1642377600,3795.49773040
2022-01-18,1642464000,3587.55175060
2022-01-19,1642550400,3542.23781440
2022-01-20,1642636800,3622.15782690
2022-01-21,1642723200,4170.96091820
2022-01-22,1642809600,5605.28721930
2022-01-23,1642896000,5436.77263640
2022-01-24,1642982400,5212.44518940
2022-01-25,1643068800,5073.23397200
2022-01-26,1643155200,4869.29591090
2022-01-27,1643241600,5512.87592950
2022-01-28,1643328000,4822.37872730
2022-01-29,1643414400,4555.96219820
2022-01-30,1643500800,4279.64041510
2022-01-31,1643587200,4484.73753660
2022-02-01,1643673600,15304.78397120
2022-02-02,1643760000,13713.87704900
2022-02-03,1643846400,12150.90933340
2022-02-04,1643932800,10742.17238860
2022-02-05,1644019200,9513.68423180
2022-02-06,1644105600,8454.10238290
2022-02-07,1644192000,8447.34874910
2022-02-08,1644278400,8503.56284890
2022-02-09,1644364800,8091.76108180
2022-02-10,1644451200,8755.28676070
2022-02-11,1644537600,10013.17129830
2022-02-12,1644624000,9760.16693190
2022-02-13,1644710400,8821.15284970
2022-02-14,1644796800,8052.12206180
2022-02-15,1644883200,7656.34842740
2022-02-16,1644969600,7271.43419550
2022-02-17,1645056000,7662.42522540
2022-02-18,1645142400,8078.09689110
2022-02-19,1645228800,7313.96824940
2022-02-20,1645315200,6667.01813040
2022-02-21,1645401600,6519.51981710
2022-02-22,1645488000,6366.93164950
2022-02-23,1645574400,6295.93823740
2022-02-24,1645660800,6060.04806800
2022-02-25,1645747200,5172.26155470
2022-02-26,1645833600,4725.15137950
2022-02-27,1645920000,4548.56211220
2022-02-28,1646006400,5661.25354740
2022-03-01,1646092800,4952.12341770
2022-03-02,1646179200,5590.79486340
2022-03-03,1646265600,7140.14663740
2022-03-04,1646352000,8193.39408300
2022-03-05,1646438400,8236.24375200
2022-03-06,1646524800,7406.33295660
2022-03-07,1646611200,7148.83452670
2022-03-08,1646697600,6732.78518450
2022-03-09,1646784000,6220.60923160
2022-03-10,1646870400,6213.31010590
2022-03-11,1646956800,8975.46428020
2022-03-12,1647043200,8079.18634200
2022-03-13,1647129600,7311.65817390
2022-03-14,1647216000,6866.66633480
2022-03-15,1647302400,6159.85938430
2022-03-16,1647388800,6093.51872200
2022-03-17,1647475200,7072.54526900
2022-03-18,1647561600,6611.18689430
2022-03-19,1647648000,6132.96235240
2022-03-20,1647734400,5667.45976060
2022-03-21,1647820800,5628.68079790
2022-03-22,1647907200,5287.16640810
2022-03-23,1647993600,5376.39040690
2022-03-24,1648080000,4978.33019520
2022-03-25,1648166400,10245.75669990
2022-03-26,1648252800,9210.57146110
2022-03-27,1648339200,8560.71497550
2022-03-28,1648425600,9261.53496470
2022-03-29,1648512000,10572.24155060
2022-03-30,1648598400,10486.83472920
2022-03-31,1648684800,10168.82691110
2022-04-01,1648771200,10443.81329320
2022-04-02,1648857600,9084.74410560
2022-04-03,1648944000,8430.53050300
2022-04-04,1649030400,7929.11385220
2022-04-05,1649116800,7494.42310010
2022-04-06,1649203200,7508.79204190
2022-04-07,1649289600,7557.78052400
2022-04-08,1649376000,6928.45495630
2022-04-09,1649462400,6541.84812970
2022-04-10,1649548800,5806.68049650
2022-04-11,1649635200,5506.60033560
2022-04-12,1649721600,7744.93189140
2022-04-13,1649808000,6661.52066490
2022-04-14,1649894400,8605.15496010
2022-04-15,1649980800,8038.99159640
2022-04-16,1650067200,7047.40815560
2022-04-17,1650153600,6221.70767780
2022-04-18,1650240000,5518.25132890
2022-04-19,1650326400,4909.16905920
2022-04-20,1650412800,4697.17319020
2022-04-21,1650499200,7341.63212390
2022-04-22,1650585600,5832.85956810
2022-04-23,1650672000,5466.38636400
2022-04-24,1650758400,4756.88784810
2022-04-25,1650844800,4284.55800760
2022-04-26,1650931200,3227.77425520
2022-04-27,1651017600,3490.15764140
2022-04-28,1651104000,2773.57117960
2022-04-29,1651190400,2076.27018650
2022-04-30,1651276800,1838.79738410
2022-05-01,1651363200,1870.46030890
2022-05-02,1651449600,-136.84465810
2022-05-03,1651536000,-1488.91989660
2022-05-04,1651622400,-976.38025400
2022-05-05,1651708800,-741.08826210
2022-05-06,1651795200,490.56660500
2022-05-07,1651881600,321.21348430
2022-05-08,1651968000,488.45118540
2022-05-09,1652054400,-41.93279830
2022-05-10,1652140800,1147.45553150
2022-05-11,1652227200,-941.59596730
2022-05-12,1652313600,-2076.01995860
2022-05-13,1652400000,-2847.01470110
2022-05-14,1652486400,1204.49655820
2022-05-15,1652572800,530.63304770
2022-05-16,1652659200,272.16419340
2022-05-17,1652745600,-1280.86310460
2022-05-18,1652832000,-1352.09326290
2022-05-19,1652918400,-4944.31945310
2022-05-20,1653004800,-5022.41641090
2022-05-21,1653091200,-4718.76300960
2022-05-22,1653177600,-4370.56989620
2022-05-23,1653264000,-5441.53812980
2022-05-24,1653350400,-4711.05262700
2022-05-25,1653436800,-4598.00922810
2022-05-26,1653523200,-4393.70218730
2022-05-27,1653609600,-4043.27258270
2022-05-28,1653696000,-3563.09225940
2022-05-29,1653782400,-3306.12428560
2022-05-30,1653868800,-3302.48033420
2022-05-31,1653955200,-1300.30215360
2022-06-01,1654041600,-1963.89243690
2022-06-02,1654128000,-8560.22551230
2022-06-03,1654214400,-9409.42523630
2022-06-04,1654300800,-9327.46045880
2022-06-05,1654387200,-8254.59564260
2022-06-06,1654473600,-7547.41132900
2022-06-07,1654560000,-10587.73443670
2022-06-08,1654646400,-9700.10180900
2022-06-09,1654732800,-12480.59615780
2022-06-10,1654819200,-11539.96643920
2022-06-11,1654905600,-13164.91294430
2022-06-12,1654992000,-11929.13144800
2022-06-13,1655078400,-14754.82866930
2022-06-14,1655164800,-16845.54970230
2022-06-15,1655251200,-28100.60924180
2022-06-16,1655337600,-27888.57090600
2022-06-17,1655424000,-33638.77784700
2022-06-18,1655510400,-34519.44983450
2022-06-19,1655596800,-31153.00556000
2022-06-20,1655683200,-28444.57661200
2022-06-21,1655769600,-30257.32217620
2022-06-22,1655856000,-28118.67084130
2022-06-23,1655942400,-25834.72222600
2022-06-24,1656028800,-24107.04185750
2022-06-25,1656115200,-20524.55569680
2022-06-26,1656201600,-18162.30787400
2022-06-27,1656288000,-16915.61048550
2022-06-28,1656374400,-16322.00781720
2022-06-29,1656460800,-14589.65205920
2022-06-30,1656547200,-19730.43902720
2022-07-01,1656633600,-20149.70785710
2022-07-02,1656720000,-18978.55579820
2022-07-03,1656806400,-18603.36416270
2022-07-04,1656892800,-16792.33595710
2022-07-05,1656979200,-15180.82766180
2022-07-06,1657065600,-16379.38451130
2022-07-07,1657152000,-15418.70555070
2022-07-08,1657238400,-13946.52459850
2022-07-09,1657324800,-12289.98321360
2022-07-10,1657411200,-11028.22075450
2022-07-11,1657497600,-21037.74893790
2022-07-12,1657584000,-18652.93715810
2022-07-13,1657670400,-16449.64734570
2022-07-14,1657756800,-18450.56186560
2022-07-15,1657843200,-28361.23354970
2022-07-16,1657929600,-24792.95508630
2022-07-17,1658016000,-21829.25440690
2022-07-18,1658102400,-19820.27755690
2022-07-19,1658188800,-25601.01536540
2022-07-20,1658275200,-21842.28909640
2022-07-21,1658361600,-24458.43881770
2022-07-22,1658448000,-29182.25469290
2022-07-23,1658534400,-27720.55575530
2022-07-24,1658620800,-25132.68471330
2022-07-25,1658707200,-23656.10281270
2022-07-26,1658793600,-20681.03233950
2022-07-27,1658880000,-18237.53659030
2022-07-28,1658966400,-16120.82385400
2022-07-29,1659052800,-14652.58095860
2022-07-30,1659139200,-12695.55902480
2022-07-31,1659225600,-11660.51637710
2022-08-01,1659312000,-9518.65583590
2022-08-02,1659398400,-8870.73853720
2022-08-03,1659484800,-8084.52951370
2022-08-04,1659571200,-9254.99587200
2022-08-05,1659657600,-8510.33859860
2022-08-06,1659744000,-7413.01860650
2022-08-07,1659830400,-6623.26687230
2022-08-08,1659916800,-6502.05272690
2022-08-09,1660003200,-10303.16081170
2022-08-10,1660089600,-8102.50909430
2022-08-11,1660176000,-8071.15122300
2022-08-12,1660262400,-6731.65569230
2022-08-13,1660348800,-6137.56893020
2022-08-14,1660435200,-5695.61505900
2022-08-15,1660521600,-5730.10254520
2022-08-16,1660608000,-5033.55152500
2022-08-17,1660694400,-5773.53217710
2022-08-18,1660780800,-4889.98381640
2022-08-19,1660867200,-6658.00833550
2022-08-20,1660953600,-6099.28883310
2022-08-21,1661040000,-5637.69490410
2022-08-22,1661126400,-6466.66858760
2022-08-23,1661212800,-6244.59585620
2022-08-24,1661299200,-6362.94336930
2022-08-25,1661385600,-6281.75064000
2022-08-26,1661472000,-5722.67617540
2022-08-27,1661558400,-5013.87914120
2022-08-28,1661644800,-4301.22142170
2022-08-29,1661731200,-3697.85683550
2022-08-30,1661817600,-7150.32504400
2022-08-31,1661904000,-6954.24637220
2022-09-01,1661990400,-7190.15302390
2022-09-02,1662076800,-7864.10199790
2022-09-03,1662163200,-7010.43549290
2022-09-04,1662249600,-5853.92719410
2022-09-05,1662336000,-5720.03367390
2022-09-06,1662422400,-7705.20017630
2022-09-07,1662508800,-7234.68188970
2022-09-08,1662595200,-8515.57604560
2022-09-09,1662681600,-8337.03338920
2022-09-10,1662768000,-7602.96491810
2022-09-11,1662854400,-7034.43996320
2022-09-12,1662940800,-6795.36269690
2022-09-13,1663027200,-10159.65193770
2022-09-14,1663113600,-10482.62715800
2022-09-15,1663200000,-12506.26842360
2022-09-16,1663286400,-11770.10354570
2022-09-17,1663372800,-10894.08448580
2022-09-18,1663459200,-10141.13098290
2022-09-19,1663545600,-10750.01022470
2022-09-20,1663632000,-10738.63438950
2022-09-21,1663718400,-10832.13236560
2022-09-22,1663804800,-9912.47418790
2022-09-23,1663891200,-9611.69162990
2022-09-24,1663977600,-8672.65642030
2022-09-25,1664064000,-8101.16831920
2022-09-26,1664150400,-7786.40121450
2022-09-27,1664236800,-8182.35730260
2022-09-28,1664323200,-9723.60674650
2022-09-29,1664409600,-9493.45083760
2022-09-30,1664496000,-10528.96117630
2022-10-01,1664582400,-9631.97363430
2022-10-02,1664668800,-8840.56429020
2022-10-03,1664755200,-8664.04367810
2022-10-04,1664841600,-9454.89839390
2022-10-05,1664928000,-9578.06397690
2022-10-06,1665014400,-9455.02578180
2022-10-07,1665100800,-8441.66298040
2022-10-08,1665187200,-10149.09229420
2022-10-09,1665273600,-9185.76613280
2022-10-10,1665360000,-9492.56017610
2022-10-11,1665446400,-9260.38614220
2022-10-12,1665532800,-9160.46875630
2022-10-13,1665619200,-8717.22879150
2022-10-14,1665705600,-8674.67521870
2022-10-15,1665792000,-7843.36264460
2022-10-16,1665878400,-7626.86211030
2022-10-17,1665964800,-12284.82034460
2022-10-18,1666051200,-10378.19403820
2022-10-19,1666137600,-10377.97882950
2022-10-20,1666224000,-10077.32482880
2022-10-21,1666310400,-10013.67817150
2022-10-22,1666396800,-12511.46014790
2022-10-23,1666483200,-11396.62831610
2022-10-24,1666569600,-10610.44568900
2022-10-25,1666656000,-9447.66173210
2022-10-26,1666742400,-10107.95019250
2022-10-27,1666828800,-8929.85416320
2022-10-28,1666915200,-8563.40766720
2022-10-29,1667001600,-7881.87359450
2022-10-30,1667088000,-7886.29886610
2022-10-31,1667174400,-7919.30533970
2022-11-01,1667260800,-8346.58924930
2022-11-02,1667347200,-7754.82495750
2022-11-03,1667433600,-7217.37043110
2022-11-04,1667520000,-5027.30156570
2022-11-05,1667606400,-5326.36667370
2022-11-06,1667692800,-5399.23426120
2022-11-07,1667779200,-16379.85387080
2022-11-08,1667865600,-16487.16021830
2022-11-09,1667952000,-26153.30900460
2022-11-10,1668038400,-28727.27497000
2022-11-11,1668124800,-28369.92266790
2022-11-12,1668211200,-36955.07090440
2022-11-13,1668297600,-33966.23724130
2022-11-14,1668384000,-34807.74832100
2022-11-15,1668470400,-38920.63851190
2022-11-16,1668556800,-43004.69938580
2022-11-17,1668643200,-55297.44608560
2022-11-18,1668729600,-111196.74248360
2022-11-19,1668816000,-99848.83010120
2022-11-20,1668902400,-90450.89751790
2022-11-21,1668988800,-85875.13881170
2022-11-22,1669075200,-80743.42207940
2022-11-23,1669161600,-70977.76954330
2022-11-24,1669248000,-64234.53895950
2022-11-25,1669334400,-58502.90838030
2022-11-26,1669420800,-54518.03400170
2022-11-27,1669507200,-48647.83600200
2022-11-28,1669593600,-47859.88498760
2022-11-29,1669680000,-43286.09104540
2022-11-30,1669766400,-41238.16809840
2022-12-01,1669852800,-38041.38536080
2022-12-02,1669939200,-36635.10156670
2022-12-03,1670025600,-33331.86220390
2022-12-04,1670112000,-32242.36776540
2022-12-05,1670198400,-44264.17346750
2022-12-06,1670284800,-43506.38098580
2022-12-07,1670371200,-38597.15123400
2022-12-08,1670457600,-36577.13568430
2022-12-09,1670544000,-36536.96114170
2022-12-10,1670630400,-32090.68440590
2022-12-11,1670716800,-29920.49511140
2022-12-12,1670803200,-27377.78597030
2022-12-13,1670889600,-27836.66902620
2022-12-14,1670976000,-29804.72018540
2022-12-15,1671062400,-26808.83495720
2022-12-16,1671148800,-24637.25925630
2022-12-17,1671235200,-22672.86653480
2022-12-18,1671321600,-20576.09417720
2022-12-19,1671408000,-19779.87060940
2022-12-20,1671494400,-18685.38814800
2022-12-21,1671580800,-19802.47926320
2022-12-22,1671667200,-19144.29540570
2022-12-23,1671753600,-18088.26421030
2022-12-24,1671840000,-16961.85921670
2022-12-25,1671926400,-17903.52114020
2022-12-26,1672012800,-16248.53447400
2022-12-27,1672099200,-16699.76112730
2022-12-28,1672185600,-21411.99322280
2022-12-29,1672272000,-24323.52633380
2022-12-30,1672358400,-22880.38429960
2022-12-31,1672444800,-31959.77506290
2023-01-01,1672531200,-28744.10868060
2023-01-02,1672617600,-25831.09162550
2023-01-03,1672704000,-24794.63242050
2023-01-04,1672790400,-24915.70157980
2023-01-05,1672876800,-24488.24749900
2023-01-06,1672963200,-24782.87519500
2023-01-07,1673049600,-23170.89337300
2023-01-08,1673136000,-20914.62074460
2023-01-09,1673222400,-19354.02718190
2023-01-10,1673308800,-20354.95400290
2023-01-11,1673395200,-22769.94353880
2023-01-12,1673481600,-21108.48264550
2023-01-13,1673568000,-19358.03555300
2023-01-14,1673654400,-17601.16904490
2023-01-15,1673740800,-15658.21982280
2023-01-16,1673827200,-13803.62667950
2023-01-17,1673913600,-11711.41730270
2023-01-18,1674000000,-11263.92966230
2023-01-19,1674086400,-11907.11806100
2023-01-20,1674172800,-11040.84745080
2023-01-21,1674259200,-10080.01564120
2023-01-22,1674345600,-8144.04454670
2023-01-23,1674432000,-7384.52678180
2023-01-24,1674518400,-6279.37938990
2023-01-25,1674604800,-5091.39453980
2023-01-26,1674691200,-9010.99825510
2023-01-27,1674777600,-11622.70460780
2023-01-28,1674864000,-9984.60576640
2023-01-29,1674950400,-8679.74649820
2023-01-30,1675036800,-7014.23724600
2023-01-31,1675123200,-5596.40743390
2023-02-01,1675209600,-3546.84719650
2023-02-02,1675296000,-2999.53894820
2023-02-03,1675382400,-2370.22599840
2023-02-04,1675468800,-1393.75455180
2023-02-05,1675555200,-1343.56548480
2023-02-06,1675641600,-881.67150170
2023-02-07,1675728000,-964.01524610
2023-02-08,1675814400,-623.52770140
2023-02-09,1675900800,-225.92325620
2023-02-10,1675987200,-24.42695490
2023-02-11,1676073600,-35.15340050
2023-02-12,1676160000,-509.15703940
2023-02-13,1676246400,-833.04087960
2023-02-14,1676332800,-880.43807750
2023-02-15,1676419200,-1184.77564280
2023-02-16,1676505600,-880.74472210
2023-02-17,1676592000,-184.19793070
2023-02-18,1676678400,-121.84081900
2023-02-19,1676764800,37.70271490
2023-02-20,1676851200,339.50902410
2023-02-21,1676937600,390.81537800
2023-02-22,1677024000,-548.06810910
2023-02-23,1677110400,-43.72564080
2023-02-24,1677196800,-332.26228460
2023-02-25,1677283200,-688.90514670
2023-02-26,1677369600,-633.52548950
2023-02-27,1677456000,-546.19243980
2023-02-28,1677542400,-4412.27373760
2023-03-01,1677628800,-6798.41485840
2023-03-02,1677715200,-6519.58631940
2023-03-03,1677801600,-5705.13574710
2023-03-04,1677888000,-4962.40329450
2023-03-05,1677974400,-7087.11562620
2023-03-06,1678060800,-6872.68846150
2023-03-07,1678147200,-20205.24756100
2023-03-08,1678233600,-17772.92259640
2023-03-09,1678320000,-15804.15163010
2023-03-10,1678406400,-13551.82593520
2023-03-11,1678492800,-12202.62626310
2023-03-12,1678579200,-11023.81635320
2023-03-13,1678665600,-10032.48087390
2023-03-14,1678752000,-8238.78524440
2023-03-15,1678838400,-6214.79020510
2023-03-16,1678924800,-4731.24287940
2023-03-17,1679011200,-3047.00824230
2023-03-18,1679097600,-2103.27250910
2023-03-19,1679184000,-1417.63186080
2023-03-20,1679270400,-49.94237860
2023-03-21,1679356800,1344.32178280
2023-03-22,1679443200,2123.54532830
2023-03-23,1679529600,4073.26438330
2023-03-24,1679616000,4454.99415980
2023-03-25,1679702400,4195.50796240
2023-03-26,1679788800,4122.08945420
2023-03-27,1679875200,6501.49895310
2023-03-28,1679961600,6460.28730860
2023-03-29,1680048000,6062.60465370
2023-03-30,1680134400,-47489.68027090
2023-03-31,1680220800,-40213.00403370
2023-04-01,1680307200,-34625.68448540
2023-04-02,1680393600,-30037.83440200
2023-04-03,1680480000,-25579.91203880
2023-04-04,1680566400,-22569.39272200
2023-04-05,1680652800,-18963.54458880
2023-04-06,1680739200,-17019.53890700
2023-04-07,1680825600,-15927.78630500
2023-04-08,1680912000,-13816.18123770
2023-04-09,1680998400,-12026.37540650
2023-04-10,1681084800,-10598.99429680
2023-04-11,1681171200,-8745.38503380
2023-04-12,1681257600,-8346.58309350
2023-04-13,1681344000,-6348.32918070
2023-04-14,1681430400,-4326.78177040
2023-04-15,1681516800,-3553.00633890
2023-04-16,1681603200,-2865.10327690
2023-04-17,1681689600,-1951.76771360
2023-04-18,1681776000,-817.62176360
2023-04-19,1681862400,827.29197390
2023-04-20,1681948800,1488.43864860
2023-04-21,1682035200,2309.50591740
2023-04-22,1682121600,2247.98510360
2023-04-23,1682208000,2343.87526380
2023-04-24,1682294400,2345.62248030
2023-04-25,1682380800,2214.62261230
2023-04-26,1682467200,2417.84338580
2023-04-27,1682553600,2383.93264260
2023-04-28,1682640000,2795.32369350
2023-04-29,1682726400,2983.19707280
2023-04-30,1682812800,2690.76946380
2023-05-01,1682899200,2592.83500340
2023-05-02,1682985600,2690.03267480
2023-05-03,1683072000,4670.76693390
2023-05-04,1683158400,4264.49013940
2023-05-05,1683244800,3967.06669600
2023-05-06,1683331200,3678.49565980
2023-05-07,1683417600,12186.37388150
2023-05-08,1683504000,12310.91602440
2023-05-09,1683590400,10986.07193510
2023-05-10,1683676800,9701.13121890
2023-05-11,1683763200,8494.15489710
2023-05-12,1683849600,8163.26760900
2023-05-13,1683936000,7122.36296660
2023-05-14,1684022400,6390.30561170
2023-05-15,1684108800,7343.39369610
2023-05-16,1684195200,7134.94180260
2023-05-17,1684281600,6301.73358720
2023-05-18,1684368000,5347.76045930
2023-05-19,1684454400,4856.08237410
2023-05-20,1684540800,4314.74395780
2023-05-21,1684627200,3739.19414770
2023-05-22,1684713600,5646.37493120
2023-05-23,1684800000,4912.09045240
2023-05-24,1684886400,4483.86147960
2023-05-25,1684972800,4647.34476060
2023-05-26,1685059200,4304.14413210
2023-05-27,1685145600,3673.90092960
2023-05-28,1685232000,3354.18992610
2023-05-29,1685318400,3058.81958690
2023-05-30,1685404800,3372.49472300
2023-05-31,1685491200,3297.12450040
2023-06-01,1685577600,3523.09497560
2023-06-02,1685664000,3210.53176050
2023-06-03,1685750400,2706.02963660
2023-06-04,1685836800,2322.83029870
2023-06-05,1685923200,2342.55993370
2023-06-06,1686009600,2463.55240810
2023-06-07,1686096000,2317.62213300
2023-06-08,1686182400,2342.90077720
2023-06-09,1686268800,2161.12963060
2023-06-10,1686355200,1284.08466340
2023-06-11,1686441600,1186.73658560
2023-06-12,1686528000,1081.25193850
2023-06-13,1686614400,1039.82924170
2023-06-14,1686700800,1174.25847450
2023-06-15,1686787200,882.31310610
2023-06-16,1686873600,808.98518830
2023-06-17,1686960000,718.17012940
2023-06-18,1687046400,1067.99316440
2023-06-19,1687132800,1198.78140940
2023-06-20,1687219200,-1266.22612830
2023-06-21,1687305600,-1874.40912620
2023-06-22,1687392000,-567.84213220
2023-06-23,1687478400,87.15895650
2023-06-24,1687564800,896.40046900
2023-06-25,1687651200,1330.54044460
2023-06-26,1687737600,2303.24686510
2023-06-27,1687824000,3412.35063950
2023-06-28,1687910400,4668.00784280
2023-06-29,1687996800,2717.25165670
2023-06-30,1688083200,3595.29986130
2023-07-01,1688169600,5325.31126610
2023-07-02,1688256000,4999.39125970
2023-07-03,1688342400,4750.26774520
2023-07-04,1688428800,4601.12404990
2023-07-05,1688515200,4443.64288590
2023-07-06,1688601600,-508.81557510
2023-07-07,1688688000,-93.64609990
2023-07-08,1688774400,75.93450050
2023-07-09,1688860800,242.79198690
2023-07-10,1688947200,475.50388280
2023-07-11,1689033600,1044.63331930
2023-07-12,1689120000,1350.14569210
2023-07-13,1689206400,84.52987930
2023-07-14,1689292800,467.03095180
2023-07-15,1689379200,702.61133430
2023-07-16,1689465600,705.31649290
2023-07-17,1689552000,-318.81696090
2023-07-18,1689638400,687.77915440
2023-07-19,1689724800,1475.98186440
2023-07-20,1689811200,1565.05689380
2023-07-21,1689897600,28.11378060
2023-07-22,1689984000,225.20178500
2023-07-23,1690070400,363.65501410
2023-07-24,1690156800,493.51845180
2023-07-25,1690243200,391.00717490
2023-07-26,1690329600,309.11356860
2023-07-27,1690416000,-3182.09376790
2023-07-28,1690502400,-14806.31105850
2023-07-29,1690588800,-12849.39656750
2023-07-30,1690675200,-11259.14247020
2023-07-31,1690761600,-10247.18524890
2023-08-01,1690848000,-8945.32449500
2023-08-02,1690934400,-8788.69548220
2023-08-03,1691020800,-7610.72931340
2023-08-04,1691107200,-6582.70116610
2023-08-05,1691193600,-5739.12867970
2023-08-06,1691280000,-4928.78615830
2023-08-07,1691366400,-4383.34091340
2023-08-08,1691452800,-4187.48477310
2023-08-09,1691539200,-3261.67209460
2023-08-10,1691625600,-2898.43725440
2023-08-11,1691712000,-2243.45398900
2023-08-12,1691798400,-1760.63482060
2023-08-13,1691884800,-1338.16426050
2023-08-14,1691971200,-1173.84090610
2023-08-15,1692057600,-945.25033480
2023-08-16,1692144000,-819.28987790
2023-08-17,1692230400,-340.28014190
2023-08-18,1692316800,-566.79848460
2023-08-19,1692403200,-564.43266110
2023-08-20,1692489600,-473.61572160
2023-08-21,1692576000,-353.76912350
2023-08-22,1692662400,-114.69087020
2023-08-23,1692748800,-229.42604250
2023-08-24,1692835200,-262.62808300
2023-08-25,1692921600,-152.64999140
2023-08-26,1693008000,-267.98613570
2023-08-27,1693094400,-22.36425880
2023-08-28,1693180800,11.78858460
2023-08-29,1693267200,-1895.49777920
2023-08-30,1693353600,-1152.01599950
2023-08-31,1693440000,-919.63583730
2023-09-01,1693526400,-856.45018300
2023-09-02,1693612800,-883.31901880
2023-09-03,1693699200,-1052.84417860
2023-09-04,1693785600,-1050.08752890
2023-09-05,1693872000,-1085.21402510
2023-09-06,1693958400,-959.50551320
2023-09-07,1694044800,-897.28992150
2023-09-08,1694131200,-706.53178130
2023-09-09,1694217600,-913.29645850
2023-09-10,1694304000,-833.31529120
2023-09-11,1694390400,-1119.94821480
2023-09-12,1694476800,-1316.87964740
2023-09-13,1694563200,-1169.03946330
2023-09-14,1694649600,-486.16691790
2023-09-15,1694736000,-160.64714690
2023-09-16,1694822400,-120.53871000
2023-09-17,1694908800,-64.09676680
2023-09-18,1694995200,579.25575570
2023-09-19,1695081600,1686.60179760
2023-09-20,1695168000,1514.85768460
2023-09-21,1695254400,1335.68624390
2023-09-22,1695340800,1224.93353610
2023-09-23,1695427200,1074.24742640
2023-09-24,1695513600,956.14205640
2023-09-25,1695600000,867.44020480
2023-09-26,1695686400,693.66126800
2023-09-27,1695772800,457.69866370
2023-09-28,1695859200,574.42913180
2023-09-29,1695945600,754.86054330
2023-09-30,1696032000,878.06749410
2023-10-01,1696118400,742.80482410
2023-10-02,1696204800,620.58280280
2023-10-03,1696291200,859.00971880
2023-10-04,1696377600,1184.92309080
2023-10-05,1696464000,960.35957060
2023-10-06,1696550400,1191.66542910
2023-10-07,1696636800,1503.54009760
2023-10-08,1696723200,1398.04521540
2023-10-09,1696809600,1998.61787240
2023-10-10,1696896000,1900.97337280
2023-10-11,1696982400,1541.39346630
2023-10-12,1697068800,1044.42564450
2023-10-13,1697155200,853.35812830
2023-10-14,1697241600,1285.02053710
2023-10-15,1697328000,1160.73564090
2023-10-16,1697414400,1461.04075310
2023-10-17,1697500800,1543.75164590
2023-10-18,1697587200,1907.24611270
2023-10-19,1697673600,1314.82601290
2023-10-20,1697760000,1944.25927940
2023-10-21,1697846400,2034.46025240
2023-10-22,1697932800,2021.05607720
2023-10-23,1698019200,3603.13879850
2023-10-24,1698105600,8023.76988050
2023-10-25,1698192000,8999.88599970
2023-10-26,1698278400,10407.20800030
2023-10-27,1698364800,10180.42663700
2023-10-28,1698451200,9635.08507930
2023-10-29,1698537600,8998.19617920
2023-10-30,1698624000,9044.61717120
2023-10-31,1698710400,8874.83649260
2023-11-01,1698796800,10135.99698510
2023-11-02,1698883200,10336.66955060
2023-11-03,1698969600,10301.50469200
2023-11-04,1699056000,9533.19708780
2023-11-05,1699142400,8741.73589840
2023-11-06,1699228800,8561.00479510
2023-11-07,1699315200,8553.92803250
2023-11-08,1699401600,8628.80334970
2023-11-09,1699488000,10816.27654390
2023-11-10,1699574400,11186.72520750
2023-11-11,1699660800,10415.95111110
2023-11-12,1699747200,9489.50474550
2023-11-13,1699833600,9177.78389130
2023-11-14,1699920000,8869.95210420
2023-11-15,1700006400,8840.46915880
2023-11-16,1700092800,8997.48935550
2023-11-17,1700179200,8663.71223750
2023-11-18,1700265600,7925.85316790
2023-11-19,1700352000,7281.02132980
2023-11-20,1700438400,7704.89595830
2023-11-21,1700524800,8671.72376250
2023-11-22,1700611200,8703.43295520
2023-11-23,1700697600,8299.62757620
2023-11-24,1700784000,8031.89150630
2023-11-25,1700870400,7437.56846830
2023-11-26,1700956800,6963.53624210
2023-11-27,1701043200,6494.87702160
2023-11-28,1701129600,6582.71579130
2023-11-29,1701216000,6833.76531420
2023-11-30,1701302400,5936.29972210
2023-12-01,1701388800,6941.56876920
2023-12-02,1701475200,6789.76431380
2023-12-03,1701561600,6756.62508620
2023-12-04,1701648000,9431.26847760
2023-12-05,1701734400,10553.24025910
2023-12-06,1701820800,13215.08481510
2023-12-07,1701907200,13773.51310070
2023-12-08,1701993600,13601.97851190
2023-12-09,1702080000,13039.70136760
2023-12-10,1702166400,11999.72564650
2023-12-11,1702252800,12357.25332350
2023-12-12,1702339200,13545.99819360
2023-12-13,1702425600,12751.05792080
2023-12-14,1702512000,12414.92237870
2023-12-15,1702598400,12909.80575800
2023-12-16,1702684800,12190.38429680
2023-12-17,1702771200,11022.30922930
2023-12-18,1702857600,11213.11396940
2023-12-19,1702944000,11534.68255920
2023-12-20,1703030400,11962.22103350
2023-12-21,1703116800,11605.55894500
2023-12-22,1703203200,11596.17175110
2023-12-23,1703289600,10879.11847170
2023-12-24,1703376000,11055.01732420
2023-12-25,1703462400,10173.70472240
2023-12-26,1703548800,10958.12365850
2023-12-27,1703635200,13265.98251950
2023-12-28,1703721600,12703.84428470
2023-12-29,1703808000,12593.03155040
2023-12-30,1703894400,11774.64466160
2023-12-31,1703980800,11046.83233010
2024-01-01,1704067200,10094.84043370
2024-01-02,1704153600,11263.87411670
2024-01-03,1704240000,11627.71213090
2024-01-04,1704326400,19859.50313430
2024-01-05,1704412800,19046.34978020
2024-01-06,1704499200,17221.44359360
2024-01-07,1704585600,15569.21378780
2024-01-08,1704672000,15008.74269310
2024-01-09,1704758400,15857.55574810
2024-01-10,1704844800,15462.62397760
2024-01-11,1704931200,15755.94669340
2024-01-12,1705017600,14973.24528540
2024-01-13,1705104000,13521.45030900
2024-01-14,1705190400,12258.02224110
2024-01-15,1705276800,11504.49446280
2024-01-16,1705363200,16327.21530880
2024-01-17,1705449600,15066.38917970
2024-01-18,1705536000,16364.13437670
2024-01-19,1705622400,15343.83902040
2024-01-20,1705708800,13707.53249500
2024-01-21,1705795200,12200.01980350
2024-01-22,1705881600,11436.99710210
2024-01-23,1705968000,11237.39009540
2024-01-24,1706054400,12936.26028540
2024-01-25,1706140800,12537.59933490
2024-01-26,1706227200,11712.14796740
2024-01-27,1706313600,10801.49355840
2024-01-28,1706400000,9832.03186770
2024-01-29,1706486400,9486.42218740
2024-01-30,1706572800,11433.12429930
2024-01-31,1706659200,12278.90629610
2024-02-01,1706745600,11296.06938030
2024-02-02,1706832000,10667.59712100
2024-02-03,1706918400,9561.49104690
2024-02-04,1707004800,8713.77021770
2024-02-05,1707091200,8430.42117840
2024-02-06,1707177600,9081.50344090
2024-02-07,1707264000,8816.04133420
2024-02-08,1707350400,9304.97619620
2024-02-09,1707436800,10096.61297660
2024-02-10,1707523200,9753.84537490
2024-02-11,1707609600,9538.44660570
2024-02-12,1707696000,10832.17077790
2024-02-13,1707782400,11401.82064230
2024-02-14,1707868800,15448.61148510
2024-02-15,1707955200,15784.11778460
2024-02-16,1708041600,15568.82823110
2024-02-17,1708128000,14414.97289750
2024-02-18,1708214400,13538.60992790
2024-02-19,1708300800,15434.64624410
2024-02-20,1708387200,14656.70779280
2024-02-21,1708473600,14426.23652730
2024-02-22,1708560000,14833.10419440
2024-02-23,1708646400,15218.89586060
2024-02-24,1708732800,13978.17002190
2024-02-25,1708819200,12826.63411090
2024-02-26,1708905600,13479.74124230
2024-02-27,1708992000,17064.94164160
2024-02-28,1709078400,27609.78946760
2024-02-29,1709164800,29580.47135060
2024-03-01,1709251200,32152.64352040
2024-03-02,1709337600,29072.32503760
2024-03-03,1709424000,26688.46919310
2024-03-04,1709510400,29260.91469770
2024-03-05,1709596800,34185.00562050
2024-03-06,1709683200,44438.26719700
2024-03-07,1709769600,45631.45911000
2024-03-08,1709856000,45408.44099750
2024-03-09,1709942400,41580.00642730
2024-03-10,1710028800,38452.14084530
2024-03-11,1710115200,41238.24762140
2024-03-12,1710201600,40895.93673240
2024-03-13,1710288000,51654.57509990
2024-03-14,1710374400,49355.03667680
2024-03-15,1710460800,45872.79369300
2024-03-16,1710547200,41213.52704340
2024-03-17,1710633600,38819.96382530
2024-03-18,1710720000,36284.23974170
2024-03-19,1710806400,33470.81502990
2024-03-20,1710892800,31006.10059900
2024-03-21,1710979200,30018.62703630
2024-03-22,1711065600,29276.54258700
2024-03-23,1711152000,36127.55650330
2024-03-24,1711238400,32519.05394100
2024-03-25,1711324800,37868.71560470
2024-03-26,1711411200,35700.58272660
2024-03-27,1711497600,32888.01166520
2024-03-28,1711584000,32803.72468400
2024-03-29,1711670400,29905.91949610
2024-03-30,1711756800,26897.86414830
2024-03-31,1711843200,24243.29364550
2024-04-01,1711929600,27041.86723140
2024-04-02,1712016000,27983.90804530
2024-04-03,1712102400,26380.36169750
2024-04-04,1712188800,24243.04247390
2024-04-05,1712275200,22067.33849420
2024-04-06,1712361600,20369.61592510
2024-04-07,1712448000,18531.37422040
2024-04-08,1712534400,18266.74916240
2024-04-09,1712620800,17398.74827370
2024-04-10,1712707200,16216.75412230
2024-04-11,1712793600,15247.72793210
2024-04-12,1712880000,14816.24794070
2024-04-13,1712966400,13554.00380900
2024-04-14,1713052800,12599.17847370
2024-04-15,1713139200,12380.40012270
2024-04-16,1713225600,12316.32427880
2024-04-17,1713312000,11526.51691330
2024-04-18,1713398400,11937.41119970
2024-04-19,1713484800,12153.47125290
2024-04-20,1713571200,10944.81378710
2024-04-21,1713657600,10010.80857000
2024-04-22,1713744000,9817.73019510
2024-04-23,1713830400,9614.44285190
2024-04-24,1713916800,14240.26755410
2024-04-25,1714003200,13331.12288230
2024-04-26,1714089600,12428.71064670
2024-04-27,1714176000,11588.29818360
2024-04-28,1714262400,11339.01799150
2024-04-29,1714348800,10947.84745440
2024-04-30,1714435200,10992.48834670
2024-05-01,1714521600,10398.42920850
2024-05-02,1714608000,9810.31272130
2024-05-03,1714694400,9527.74439020
2024-05-04,1714780800,8963.75936730
2024-05-05,1714867200,8222.65881270
2024-05-06,1714953600,8264.32392920
2024-05-07,1715040000,8043.22610360
2024-05-08,1715126400,8402.87523790
2024-05-09,1715212800,8062.07222220
2024-05-10,1715299200,7552.07297940
2024-05-11,1715385600,7065.23454750
2024-05-12,1715472000,6693.42916180
2024-05-13,1715558400,6710.53177080
2024-05-14,1715644800,6781.42707600
2024-05-15,1715731200,9082.21377850
2024-05-16,1715817600,9532.22309190
2024-05-17,1715904000,9605.51625280
2024-05-18,1715990400,8840.22858340
2024-05-19,1716076800,8361.04678080
2024-05-20,1716163200,8844.33590800
2024-05-21,1716249600,10541.99021280
2024-05-22,1716336000,10844.94488060
2024-05-23,1716422400,11013.39837700
2024-05-24,1716508800,10662.46088590
2024-05-25,1716595200,9772.78930320
2024-05-26,1716681600,9356.29533160
2024-05-27,1716768000,9564.76533020
2024-05-28,1716854400,26707.84748350
2024-05-29,1716940800,24105.25868860
2024-05-30,1717027200,21944.33162480
2024-05-31,1717113600,20032.95951670
2024-06-01,1717200000,17892.45999130
2024-06-02,1717286400,16105.37982760
2024-06-03,1717372800,16206.16683590
2024-06-04,1717459200,15601.78591160
2024-06-05,1717545600,15370.09841870
2024-06-06,1717632000,16408.47938840
2024-06-07,1717718400,15849.12291650
2024-06-08,1717804800,14396.35675890
2024-06-09,1717891200,12989.78919940
2024-06-10,1717977600,12111.40555230
2024-06-11,1718064000,13396.00392970
2024-06-12,1718150400,12902.61860950
2024-06-13,1718236800,11842.46670840
2024-06-14,1718323200,11160.29171590
2024-06-15,1718409600,10480.69849870
2024-06-16,1718496000,9421.71208880
2024-06-17,1718582400,9073.17002030
2024-06-18,1718668800,8504.59444550
2024-06-19,1718755200,8230.34638420
2024-06-20,1718841600,7706.35899280
2024-06-21,1718928000,8025.05159410
2024-06-22,1719014400,10505.81408110
2024-06-23,1719100800,9456.36129740
2024-06-24,1719187200,9331.48336890
2024-06-25,1719273600,8813.00489570
2024-06-26,1719360000,8660.92144020
2024-06-27,1719446400,10384.56950110
2024-06-28,1719532800,10006.53918080
2024-06-29,1719619200,8986.19098160
2024-06-30,1719705600,8184.38133660
2024-07-01,1719792000,8355.41455490
2024-07-02,1719878400,7810.62963260
2024-07-03,1719964800,8431.60909270
2024-07-04,1720051200,9354.50480450
2024-07-05,1720137600,11225.37369080
2024-07-06,1720224000,10182.19035560
2024-07-07,1720310400,9438.77091600
2024-07-08,1720396800,8600.28524170
2024-07-09,1720483200,8833.60793060
2024-07-10,1720569600,8772.53981840
2024-07-11,1720656000,8122.84908020
2024-07-12,1720742400,7784.49402300
2024-07-13,1720828800,7247.65411620
2024-07-14,1720915200,6948.58588550
2024-07-15,1721001600,8079.39624370
2024-07-16,1721088000,8887.64372830
2024-07-17,1721174400,9228.31719520
2024-07-18,1721260800,9389.56249200
2024-07-19,1721347200,10810.27621380
2024-07-20,1721433600,10245.50102940
2024-07-21,1721520000,9527.04484340
2024-07-22,1721606400,9677.16076160
2024-07-23,1721692800,12533.33690410
2024-07-24,1721779200,11918.29163690
2024-07-25,1721865600,11214.20578260
2024-07-26,1721952000,11301.29080730
2024-07-27,1722038400,10901.51096280
2024-07-28,1722124800,9909.39730150
2024-07-29,1722211200,10610.43062920
2024-07-30,1722297600,10601.79622350
2024-07-31,1722384000,9804.37166720
2024-08-01,1722470400,9946.49696730
2024-08-02,1722556800,9280.86875120
2024-08-03,1722643200,8577.41435510
2024-08-04,1722729600,8008.31983380
2024-08-05,1722816000,9295.09073820
2024-08-06,1722902400,9020.45953100
2024-08-07,1722988800,9436.20729070
2024-08-08,1723075200,9348.65422920
2024-08-09,1723161600,9853.79818270
2024-08-10,1723248000,10403.76633300
2024-08-11,1723334400,9346.03584690
2024-08-12,1723420800,8834.86994430
2024-08-13,1723507200,8384.00175330
2024-08-14,1723593600,7912.28777830
2024-08-15,1723680000,7357.72297090
2024-08-16,1723766400,6821.86204930
2024-08-17,1723852800,6150.93401430
2024-08-18,1723939200,5638.43299440
2024-08-19,1724025600,5295.31256820
2024-08-20,1724112000,5282.90262890
2024-08-21,1724198400,5233.60547390
2024-08-22,1724284800,5289.56797310
2024-08-23,1724371200,5813.93525160
2024-08-24,1724457600,6116.61455210
2024-08-25,1724544000,5604.44184270
2024-08-26,1724630400,5569.40241640
2024-08-27,1724716800,4126.36542140
2024-08-28,1724803200,4066.09446020
2024-08-29,1724889600,5820.18476580
2024-08-30,1724976000,5428.98241540
2024-08-31,1725062400,5130.09243870
2024-09-01,1725148800,4621.04650640
2024-09-02,1725235200,4261.57837140
2024-09-03,1725321600,4257.11995890
2024-09-04,1725408000,4214.64935380
2024-09-05,1725494400,3952.68442460
2024-09-06,1725580800,4123.06172110
2024-09-07,1725667200,3719.46393830
2024-09-08,1725753600,3356.21555900
2024-09-09,1725840000,4058.65946610
2024-09-10,1725926400,4080.35272540
2024-09-11,1726012800,3845.47570530
2024-09-12,1726099200,3975.75101640
2024-09-13,1726185600,4967.90066880
2024-09-14,1726272000,4767.42335270
2024-09-15,1726358400,4457.84116710
2024-09-16,1726444800,4529.47810260
2024-09-17,1726531200,4755.62932250
2024-09-18,1726617600,5082.45137910
2024-09-19,1726704000,6089.85756200
2024-09-20,1726790400,7305.72222770
2024-09-21,1726876800,6985.07593300
2024-09-22,1726963200,6417.27419590
2024-09-23,1727049600,7226.01034870
2024-09-24,1727136000,7125.82480870
2024-09-25,1727222400,7949.87400490
2024-09-26,1727308800,8264.14130850
2024-09-27,1727395200,8467.73519500
2024-09-28,1727481600,8406.32581370
2024-09-29,1727568000,7681.08387780
2024-09-30,1727654400,7378.35565800
2024-10-01,1727740800,6948.62738680
2024-10-02,1727827200,6332.72511740
2024-10-03,1727913600,5858.49922360
2024-10-04,1728000000,5919.01053580
2024-10-05,1728086400,5451.91084040
2024-10-06,1728172800,5083.99971250
2024-10-07,1728259200,5381.34903270
2024-10-08,1728345600,15512.43003660
2024-10-09,1728432000,14168.78117100
2024-10-10,1728518400,12413.40555190
2024-10-11,1728604800,13910.37327420
2024-10-12,1728691200,13163.49955930
2024-10-13,1728777600,11972.86330250
2024-10-14,1728864000,11682.04445920
2024-10-15,1728950400,12983.15693060
2024-10-16,1729036800,13068.64543050
2024-10-17,1729123200,12635.49236570
2024-10-18,1729209600,12391.25588240
2024-10-19,1729296000,11659.96920110
2024-10-20,1729382400,12897.16018780
2024-10-21,1729468800,14629.14250570
2024-10-22,1729555200,13790.29665630
2024-10-23,1729641600,12765.35644260
2024-10-24,1729728000,12008.24975315
2024-10-25,1729814400,11474.32213698
2024-10-26,1729900800,10413.37742812
2024-10-27,1729987200,9452.10617139
2024-10-28,1730073600,9499.18606293
2024-10-29,1730160000,11447.04591616
2024-10-30,1730246400,11658.15514375
2024-10-31,1730332800,11501.34228997
2024-11-01,1730419200,11489.49680672
2024-11-02,1730505600,10577.24367871
2024-11-03,1730592000,9629.93235636
2024-11-04,1730678400,9805.44485524
2024-11-05,1730764800,9529.22346525
2024-11-06,1730851200,14005.80564209
2024-11-07,1730937600,14899.11767189
2024-11-08,1731024000,15640.57358315
2024-11-09,1731110400,14446.62742439
2024-11-10,1731196800,15203.64851403
2024-11-11,1731283200,18816.79039673
2024-11-12,1731369600,23672.72897744
2024-11-13,1731456000,27299.45142250
2024-11-14,1731542400,31054.27980010
2024-11-15,1731628800,31631.58196659
2024-11-16,1731715200,29268.99864815
2024-11-17,1731801600,26639.17436295
2024-11-18,1731888000,26434.32944663
2024-11-19,1731974400,29400.15010879
2024-11-20,1732060800,30915.54171226
2024-11-21,1732147200,40230.80839863
2024-11-22,1732233600,41803.55336585
2024-11-23,1732320000,40481.61825156
2024-11-24,1732406400,37397.78848638
2024-11-25,1732492800,36807.63448801
2024-11-26,1732579200,35647.68114638
2024-11-27,1732665600,34181.86693739
2024-11-28,1732752000,32372.10125926
2024-11-29,1732838400,31095.44193452
2024-11-30,1732924800,28094.64326926
2024-12-01,1733011200,25537.02397896
2024-12-02,1733097600,25638.13309446
2024-12-03,1733184000,25656.83614549
2024-12-04,1733270400,26021.70894230
2024-12-05,1733356800,34370.81037618
2024-12-06,1733443200,37468.57227842
2024-12-07,1733529600,33883.77456351
2024-12-08,1733616000,30577.65696079
2024-12-09,1733702400,34622.88366454
2024-12-10,1733788800,34221.69794695
2024-12-11,1733875200,33523.36667496
2024-12-12,1733961600,31424.12167997
2024-12-13,1734048000,29780.12942596
2024-12-14,1734134400,27109.55130068
2024-12-15,1734220800,25306.86402854
2024-12-16,1734307200,26641.53821841
2024-12-17,1734393600,28795.51846238
2024-12-18,1734480000,28796.96901912
2024-12-19,1734566400,32297.56086617
2024-12-20,1734652800,31914.41213950
2024-12-21,1734739200,28719.90081647
2024-12-22,1734825600,25956.47396486
2024-12-23,1734912000,32097.28692390
2024-12-24,1734998400,31475.23787641
2024-12-25,1735084800,28222.81701976
2024-12-26,1735171200,26290.60440694
2024-12-27,1735257600,25129.96901055
2024-12-28,1735344000,22571.46753691
2024-12-29,1735430400,21335.19820213
2024-12-30,1735516800,22704.39708072
2024-12-31,1735603200,22842.05834061
2025-01-01,1735689600,21669.24343632
2025-01-02,1735776000,20454.48148420
2025-01-03,1735862400,18875.32181689
2025-01-04,1735948800,17146.67872464
2025-01-05,1736035200,15447.38956360
2025-01-06,1736121600,15209.52427800
2025-01-07,1736208000,16358.06738778
2025-01-08,1736294400,15427.56870074
2025-01-09,1736380800,14243.06033236
2025-01-10,1736467200,13589.84971034
2025-01-11,1736553600,12352.54115094
2025-01-12,1736640000,11222.05291366
2025-01-13,1736726400,10427.79544254
2025-01-14,1736812800,10269.37425021
2025-01-15,1736899200,10957.11687778
2025-01-16,1736985600,11558.89167690
2025-01-17,1737072000,11706.89207690
2025-01-18,1737158400,11858.89307690
2025-01-19,1737244800,13328.89367690
2025-01-20,1737331200,13543.06982586
2025-01-21,1737417600,14218.79665652
2025-01-22,1737504000,15364.00719232
2025-01-23,1737590400,19219.83736920
2025-01-24,1737676800,18174.80743179
2025-01-25,1737763200,16501.08774212
2025-01-26,1737849600,14954.48204281
2025-01-27,1737936000,14602.96253060
2025-01-28,1738022400,14085.27474972
2025-01-29,1738108800,12996.45829310
2025-01-30,1738195200,12847.45198022
2025-01-31,1738281600,12472.45488152
2025-02-01,1738368000,11397.50388252
2025-02-02,1738454400,10551.93353138
2025-02-03,1738540800,10744.51560970
2025-02-04,1738627200,12771.98953930
2025-02-05,1738713600,13946.21245721
2025-02-06,1738800000,14003.44390156
2025-02-07,1738886400,13113.78249766
2025-02-08,1738972800,11917.81362506
2025-02-09,1739059200,10871.34086151
2025-02-11,1739232000,11446.79528893
2025-02-12,1739318400,10610.18309829
2025-02-13,1739404800,9842.39055591
2025-02-14,1739491200,9353.76339066
2025-02-15,1739577600,8705.30234753
2025-02-16,1739664000,7849.78578766
2025-02-17,1739750400,7225.93997608
2025-02-18,1739836800,6941.70428937
2025-02-19,1739923200,6544.19974598
2025-02-20,1740009600,6376.90324064
2025-02-21,1740096000,6507.25036527
2025-02-22,1740182400,6449.16516966
2025-02-23,1740268800,5931.66184096
2025-02-24,1740355200,6012.56548153
2025-02-25,1740441600,7275.02238383
2025-02-26,1740528000,8183.93790872
2025-02-27,1740614400,8456.11758774
2025-02-28,1740700800,8469.87312138
2025-03-01,1740787200,7992.41897282
2025-03-02,1740873600,7994.22351410
2025-03-03,1740960000,9009.68539941
2025-03-04,1741046400,8511.33378694
2025-03-05,1741132800,8409.00672841
2025-03-06,1741219200,9428.99672587
2025-03-07,1741305600,9341.70539090
2025-03-08,1741392000,8378.13336781
2025-03-09,1741478400,7651.02241959
2025-03-10,1741564800,8407.28910514
2025-03-11,1741651200,8832.06293259
2025-03-12,1741737600,9120.92592850
2025-03-13,1741824000,8709.44503260
2025-03-14,1741910400,8580.10675343
2025-03-15,1741996800,7746.91220138
2025-03-16,1742083200,7139.87304996
2025-03-17,1742169600,6784.95412543
2025-03-18,1742256000,6477.42833301
2025-03-19,1742342400,6459.16930284
2025-03-20,1742428800,6769.83793054
2025-03-21,1742515200,6218.38069753
2025-03-22,1742601600,5938.98833478
2025-03-23,1742688000,5409.77047476
2025-03-24,1742774400,5594.90396834
2025-03-25,1742860800,5799.14049891
2025-03-26,1742947200,5816.52954515
2025-03-27,1743033600,5697.78810013
2025-03-28,1743120000,6962.97439757
2025-03-29,1743206400,6325.51075187
2025-03-30,1743292800,5803.40433843
2025-03-31,1743379200,5774.13872691
2025-04-01,1743465600,5581.20656084
2025-04-02,1743552000,6453.32314332
2025-04-03,1743638400,8001.95664444
2025-04-04,1743724800,7754.10158174
2025-04-05,1743811200,7099.28597385
2025-04-06,1743897600,6561.11611476
2025-04-07,1743984000,7555.13962570
2025-04-08,1744070400,7325.70016302
2025-04-09,1744156800,7432.14041707
2025-04-10,1744243200,8242.09332124
2025-04-11,1744329600,8443.71220794
2025-04-12,1744416000,7834.41609076
2025-04-13,1744502400,7518.01311273
2025-04-14,1744588800,7353.94648720
2025-04-15,1744675200,7038.34461386
2025-04-16,1744761600,7066.43306921
2025-04-17,1744848000,6720.65432059
2025-04-18,1744934400,6209.16849223
2025-04-19,1745020800,5580.92823235
2025-04-20,1745107200,5126.97277195
2025-04-21,1745193600,5416.09187856
2025-04-22,1745280000,6404.85048148
2025-04-23,1745366400,9536.22958766
2025-04-24,1745452800,10146.37358334
2025-04-25,1745539200,12843.47219729
2025-04-26,1745625600,11859.12805860
2025-04-27,1745712000,10820.91336126
2025-04-28,1745798400,11028.87112795
2025-04-29,1745884800,11626.02607142
2025-04-30,1745971200,11307.00471887
2025-05-01,1746057600,11449.68421984
2025-05-02,1746144000,11708.45713046
2025-05-03,1746230400,10924.44124327
2025-05-04,1746316800,9790.46209794
2025-05-05,1746403200,11031.56068503
2025-05-06,1746489600,11598.05327161
2025-05-07,1746576000,11725.25228104
2025-05-08,1746662400,12260.23125625
2025-05-09,1746748800,13416.74361322
2025-05-10,1746835200,12292.45349523
2025-05-11,1746921600,11465.18720076
2025-05-12,1747008000,11773.32407891
2025-05-13,1747094400,13256.03988484
2025-05-14,1747180800,12954.40206037
2025-05-15,1747267200,13669.56511390
2025-05-16,1747353600,12408.90794384
2025-05-17,1747440000,11483.26000544
2025-05-18,1747526400,12442.03117678
2025-05-19,1747612800,13136.61983682
2025-05-20,1747699200,14149.51122939
2025-05-21,1747785600,15228.77575229
2025-05-22,1747872000,15649.43811885
2025-05-23,1747958400,14254.93957716
2025-05-24,1748044800,13050.85746503
2025-05-25,1748131200,14162.92786602
2025-05-26,1748217600,15569.64836889
2025-05-27,1748304000,15358.50124686
2025-05-28,1748390400,15518.51703876
2025-05-29,1748476800,14961.21508146
2025-05-30,1748563200,13362.36902635
2025-05-31,1748649600,12084.31735065
2025-06-01,1748736000,13628.45772056
2025-06-02,1748822400,14674.06303998
2025-06-03,1748908800,15060.51780246
2025-06-04,1748995200,13817.41265557
2025-06-05,1749081600,12846.82932639
2025-06-06,1749168000,11906.96741838
2025-06-07,1749254400,10987.63606806
2025-06-08,1749340800,10495.58007104
2025-06-09,1749427200,10935.39975763
2025-06-10,1749513600,10802.25892988
2025-06-11,1749600000,10111.55317538
2025-06-12,1749686400,10813.48354378
2025-06-13,1749772800,9774.18678906
2025-06-14,1749859200,9017.73473732
2025-06-15,1749945600,10215.21064148
2025-06-16,1750032000,9684.04850487
2025-06-17,1750118400,9499.24917912
2025-06-18,1750204800,9023.42191622
2025-06-19,1750291200,8727.07704429
2025-06-20,1750377600,8097.17879865
2025-06-21,1750464000,7934.90427443
2025-06-22,1750550400,8086.83380103
2025-06-23,1750636800,8827.77558472
2025-06-24,1750723200,9451.84201567
2025-06-25,1750809600,10807.02210193
2025-06-26,1750896000,11996.94168241
2025-06-27,1750982400,10819.35307863
2025-06-28,1751068800,10008.82318183
2025-06-29,1751155200,11589.57353767
2025-06-30,1751241600,11103.57922368
