d,unixTs,outFlows
2020-01-01,1577836800,30266.62237
2020-01-02,1577923200,58657.46697
2020-01-03,1578009600,78069.06951
2020-01-04,1578096000,35001.22272
2020-01-05,1578182400,35796.68463
2020-01-06,1578268800,83622.04582
2020-01-07,1578355200,84608.85796
2020-01-08,1578441600,75378.67623
2020-01-09,1578528000,64410.44938
2020-01-10,1578614400,76237.87074
2020-01-11,1578700800,40542.20896
2020-01-12,1578787200,25363.68821
2020-01-13,1578873600,59531.19781
2020-01-14,1578960000,119929.10053
2020-01-15,1579046400,97491.73518
2020-01-16,1579132800,95446.73099
2020-01-17,1579219200,77495.23864
2020-01-18,1579305600,64874.47331
2020-01-19,1579392000,52845.64808
2020-01-20,1579478400,59814.35667
2020-01-21,1579564800,60128.64701
2020-01-22,1579651200,57317.74206
2020-01-23,1579737600,59798.68218
2020-01-24,1579824000,61158.47331
2020-01-25,1579910400,30320.49855
2020-01-26,1579996800,37303.97745
2020-01-27,1580083200,54599.59960
2020-01-28,1580169600,62797.87397
2020-01-29,1580256000,62739.71791
2020-01-30,1580342400,73722.18280
2020-01-31,1580428800,67259.14190
2020-02-01,1580515200,33361.09353
2020-02-02,1580601600,47386.68519
2020-02-03,1580688000,69475.44482
2020-02-04,1580774400,63079.74411
2020-02-05,1580860800,82248.95762
2020-02-06,1580947200,79051.32956
2020-02-07,1581033600,77512.74585
2020-02-08,1581120000,42288.13130
2020-02-09,1581206400,43655.55991
2020-02-10,1581292800,75663.67789
2020-02-11,1581379200,84917.43885
2020-02-12,1581465600,80508.95734
2020-02-13,1581552000,97211.17718
2020-02-14,1581638400,74561.45471
2020-02-15,1581724800,57882.89710
2020-02-16,1581811200,46310.15675
2020-02-17,1581897600,81210.38180
2020-02-18,1581984000,80266.82928
2020-02-19,1582070400,79438.21760
2020-02-20,1582156800,92457.80108
2020-02-21,1582243200,68944.97084
2020-02-22,1582329600,33991.72618
2020-02-23,1582416000,85988.99472
2020-02-24,1582502400,76417.84319
2020-02-25,1582588800,64475.61014
2020-02-26,1582675200,104289.14087
2020-02-27,1582761600,85696.77937
2020-02-28,1582848000,95343.84401
2020-02-29,1582934400,48331.04296
2020-03-01,1583020800,40635.92328
2020-03-02,1583107200,66346.10197
2020-03-03,1583193600,80821.21581
2020-03-04,1583280000,74350.70258
2020-03-05,1583366400,76446.98652
2020-03-06,1583452800,77767.62198
2020-03-07,1583539200,38203.31278
2020-03-08,1583625600,59558.78935
2020-03-09,1583712000,130204.13273
2020-03-10,1583798400,100821.63949
2020-03-11,1583884800,108084.92578
2020-03-12,1583971200,293244.59364
2020-03-13,1584057600,393274.84111
2020-03-14,1584144000,166295.50574
2020-03-15,1584230400,91732.73288
2020-03-16,1584316800,214029.73802
2020-03-17,1584403200,147763.76697
2020-03-18,1584489600,122147.21275
2020-03-19,1584576000,196716.94111
2020-03-20,1584662400,204850.76907
2020-03-21,1584748800,61728.72147
2020-03-22,1584835200,55896.54907
2020-03-23,1584921600,140499.81511
2020-03-24,1585008000,157171.47154
2020-03-25,1585094400,102795.06932
2020-03-26,1585180800,99719.59759
2020-03-27,1585267200,102093.74805
2020-03-28,1585353600,78264.35054
2020-03-29,1585440000,53663.34796
2020-03-30,1585526400,97342.72476
2020-03-31,1585612800,81935.44645
2020-04-01,1585699200,76814.78899
2020-04-02,1585785600,117886.39990
2020-04-03,1585872000,88170.49460
2020-04-04,1585958400,50889.43968
2020-04-05,1586044800,40675.09551
2020-04-06,1586131200,89834.40114
2020-04-07,1586217600,105689.07087
2020-04-08,1586304000,83540.37879
2020-04-09,1586390400,78067.22669
2020-04-10,1586476800,93945.48833
2020-04-11,1586563200,57114.28894
2020-04-12,1586649600,52315.25841
2020-04-13,1586736000,91642.49429
2020-04-14,1586822400,82800.62886
2020-04-15,1586908800,93015.44365
2020-04-16,1586995200,106236.25666
2020-04-17,1587081600,115584.86156
2020-04-18,1587168000,51415.85735
2020-04-19,1587254400,39506.47170
2020-04-20,1587340800,85280.66622
2020-04-21,1587427200,89098.66982
2020-04-22,1587513600,83853.26518
2020-04-23,1587600000,107381.16220
2020-04-24,1587686400,96116.83022
2020-04-25,1587772800,52636.38393
2020-04-26,1587859200,51329.73324
2020-04-27,1587945600,94118.84353
2020-04-28,1588032000,87444.13749
2020-04-29,1588118400,132584.35856
2020-04-30,1588204800,148163.95594
2020-05-01,1588291200,106051.88661
2020-05-02,1588377600,47125.23865
2020-05-03,1588464000,62717.08101
2020-05-04,1588550400,76714.09950
2020-05-05,1588636800,96729.01366
2020-05-06,1588723200,113703.36834
2020-05-07,1588809600,140147.90518
2020-05-08,1588896000,172087.64240
2020-05-09,1588982400,77856.76916
2020-05-10,1589068800,111926.83180
2020-05-11,1589155200,124843.03512
2020-05-12,1589241600,123822.17003
2020-05-13,1589328000,124695.55001
2020-05-14,1589414400,109181.01117
2020-05-15,1589500800,92776.96224
2020-05-16,1589587200,38652.74655
2020-05-17,1589673600,50580.47110
2020-05-18,1589760000,87473.06912
2020-05-19,1589846400,81265.30738
2020-05-20,1589932800,99651.57713
2020-05-21,1590019200,79200.02225
2020-05-22,1590105600,90715.98236
2020-05-23,1590192000,37222.86746
2020-05-24,1590278400,47740.86612
2020-05-25,1590364800,80355.78292
2020-05-26,1590451200,71710.97194
2020-05-27,1590537600,82422.68585
2020-05-28,1590624000,80059.35557
2020-05-29,1590710400,76028.92329
2020-05-30,1590796800,46003.04061
2020-05-31,1590883200,36649.81152
2020-06-01,1590969600,77276.17226
2020-06-02,1591056000,181984.11078
2020-06-03,1591142400,81484.03709
2020-06-04,1591228800,83291.32689
2020-06-05,1591315200,93306.27155
2020-06-06,1591401600,32742.19958
2020-06-07,1591488000,38546.94108
2020-06-08,1591574400,85266.13630
2020-06-09,1591660800,74634.93133
2020-06-10,1591747200,69300.58779
2020-06-11,1591833600,125661.51805
2020-06-12,1591920000,71306.05221
2020-06-13,1592006400,33144.02475
2020-06-14,1592092800,24683.23026
2020-06-15,1592179200,80507.74121
2020-06-16,1592265600,76107.56782
2020-06-17,1592352000,69883.59631
2020-06-18,1592438400,67717.85124
2020-06-19,1592524800,69861.16773
2020-06-20,1592611200,36105.95123
2020-06-21,1592697600,29529.54762
2020-06-22,1592784000,67601.51988
2020-06-23,1592870400,113418.53782
2020-06-24,1592956800,84647.77139
2020-06-25,1593043200,68453.32098
2020-06-26,1593129600,66674.68590
2020-06-27,1593216000,45544.54996
2020-06-28,1593302400,41843.50593
2020-06-29,1593388800,74457.09610
2020-06-30,1593475200,72939.39582
2020-07-01,1593561600,82940.02442
2020-07-02,1593648000,84943.73487
2020-07-03,1593734400,77013.66741
2020-07-04,1593820800,38616.61512
2020-07-05,1593907200,33786.27608
2020-07-06,1593993600,71463.43776
2020-07-07,1594080000,71160.32307
2020-07-08,1594166400,92031.92351
2020-07-09,1594252800,83305.71727
2020-07-10,1594339200,75142.57573
2020-07-11,1594425600,34061.58957
2020-07-12,1594512000,35062.14527
2020-07-13,1594598400,99383.44497
2020-07-14,1594684800,67232.10700
2020-07-15,1594771200,81370.04059
2020-07-16,1594857600,77083.20568
2020-07-17,1594944000,62273.44890
2020-07-18,1595030400,44302.28224
2020-07-19,1595116800,41217.01873
2020-07-20,1595203200,79962.24512
2020-07-21,1595289600,74068.65726
2020-07-22,1595376000,88829.98950
2020-07-23,1595462400,122738.20196
2020-07-24,1595548800,87473.55504
2020-07-25,1595635200,53806.65894
2020-07-26,1595721600,73416.50927
2020-07-27,1595808000,152668.84873
2020-07-28,1595894400,144113.81300
2020-07-29,1595980800,108682.49114
2020-07-30,1596067200,117859.84337
2020-07-31,1596153600,97987.83356
2020-08-01,1596240000,82729.48369
2020-08-02,1596326400,77789.60734
2020-08-03,1596412800,105505.57409
2020-08-04,1596499200,86645.68368
2020-08-05,1596585600,88935.86574
2020-08-06,1596672000,106872.66550
2020-08-07,1596758400,119177.50916
2020-08-08,1596844800,58212.18006
2020-08-09,1596931200,50473.85352
2020-08-10,1597017600,105535.65773
2020-08-11,1597104000,95835.70144
2020-08-12,1597190400,81734.68125
2020-08-13,1597276800,85785.52783
2020-08-14,1597363200,119390.20273
2020-08-15,1597449600,67868.48140
2020-08-16,1597536000,50254.87244
2020-08-17,1597622400,127284.19658
2020-08-18,1597708800,130057.09346
2020-08-19,1597795200,92522.05915
2020-08-20,1597881600,87652.98132
2020-08-21,1597968000,97008.31204
2020-08-22,1598054400,48739.74650
2020-08-23,1598140800,35171.91981
2020-08-24,1598227200,61226.11923
2020-08-25,1598313600,79178.30503
2020-08-26,1598400000,81811.76466
2020-08-27,1598486400,76890.76499
2020-08-28,1598572800,82698.79246
2020-08-29,1598659200,58261.42604
2020-08-30,1598745600,40157.77813
2020-08-31,1598832000,87623.81179
2020-09-01,1598918400,107006.39659
2020-09-02,1599004800,125715.53087
2020-09-03,1599091200,130845.26282
2020-09-04,1599177600,169950.51265
2020-09-05,1599264000,97701.66292
2020-09-06,1599350400,61413.49591
2020-09-07,1599436800,94260.29333
2020-09-08,1599523200,90582.54291
2020-09-09,1599609600,89333.90246
2020-09-10,1599696000,105052.34875
2020-09-11,1599782400,93128.16842
2020-09-12,1599868800,56633.10198
2020-09-13,1599955200,61858.64774
2020-09-14,1600041600,111098.12615
2020-09-15,1600128000,83584.94711
2020-09-16,1600214400,98797.74257
2020-09-17,1600300800,86218.82454
2020-09-18,1600387200,98123.69965
2020-09-19,1600473600,69222.66385
2020-09-20,1600560000,45708.17614
2020-09-21,1600646400,86884.33577
2020-09-22,1600732800,86626.62067
2020-09-23,1600819200,84565.32760
2020-09-24,1600905600,79975.94802
2020-09-25,1600992000,98274.17030
2020-09-26,1601078400,45479.04713
2020-09-27,1601164800,43676.92860
2020-09-28,1601251200,73726.42260
2020-09-29,1601337600,89546.16986
2020-09-30,1601424000,71118.35747
2020-10-01,1601510400,89440.23987
2020-10-02,1601596800,115766.96433
2020-10-03,1601683200,45246.04936
2020-10-04,1601769600,30366.73086
2020-10-05,1601856000,69575.35182
2020-10-06,1601942400,66482.18236
2020-10-07,1602028800,71951.80097
2020-10-08,1602115200,70323.23124
2020-10-09,1602201600,98500.29627
2020-10-10,1602288000,59603.50155
2020-10-11,1602374400,26066.42795
2020-10-12,1602460800,68079.19535
2020-10-13,1602547200,68002.39243
2020-10-14,1602633600,64263.88032
2020-10-15,1602720000,72814.93940
2020-10-16,1602806400,123038.80933
2020-10-17,1602892800,47669.72412
2020-10-18,1602979200,31484.74709
2020-10-19,1603065600,66598.75496
2020-10-20,1603152000,71948.07637
2020-10-21,1603238400,116474.17032
2020-10-22,1603324800,121802.18751
2020-10-23,1603411200,83369.99415
2020-10-24,1603497600,48611.63335
2020-10-25,1603584000,38071.64123
2020-10-26,1603670400,64117.27829
2020-10-27,1603756800,91903.92638
2020-10-28,1603843200,96598.94307
2020-10-29,1603929600,93704.90476
2020-10-30,1604016000,87727.06520
2020-10-31,1604102400,57576.26824
2020-11-01,1604188800,51057.47001
2020-11-02,1604275200,132388.70582
2020-11-03,1604361600,132707.24345
2020-11-04,1604448000,87011.91832
2020-11-05,1604534400,174726.92337
2020-11-06,1604620800,123413.15476
2020-11-07,1604707200,62870.95674
2020-11-08,1604793600,46188.37956
2020-11-09,1604880000,99374.27517
2020-11-10,1604966400,85897.15546
2020-11-11,1605052800,89042.62610
2020-11-12,1605139200,103597.83361
2020-11-13,1605225600,83418.47792
2020-11-14,1605312000,40349.53726
2020-11-15,1605398400,47823.72268
2020-11-16,1605484800,72751.06627
2020-11-17,1605571200,94995.91890
2020-11-18,1605657600,115371.33061
2020-11-19,1605744000,68639.39725
2020-11-20,1605830400,82226.45459
2020-11-21,1605916800,68553.47596
2020-11-22,1606003200,56632.44056
2020-11-23,1606089600,79213.99913
2020-11-24,1606176000,110051.92438
2020-11-25,1606262400,92818.53738
2020-11-26,1606348800,186801.69175
2020-11-27,1606435200,158301.34438
2020-11-28,1606521600,59811.88140
2020-11-29,1606608000,56268.40434
2020-11-30,1606694400,88153.78131
2020-12-01,1606780800,123687.29724
2020-12-02,1606867200,72585.22961
2020-12-03,1606953600,68068.10903
2020-12-04,1607040000,89503.05725
2020-12-05,1607126400,46294.50062
2020-12-06,1607212800,33354.80218
2020-12-07,1607299200,64157.04795
2020-12-08,1607385600,74540.74228
2020-12-09,1607472000,84821.00610
2020-12-10,1607558400,75922.04281
2020-12-11,1607644800,70846.68853
2020-12-12,1607731200,48177.67973
2020-12-13,1607817600,44770.97844
2020-12-14,1607904000,53033.81427
2020-12-15,1607990400,71798.13676
2020-12-16,1608076800,91721.88576
2020-12-17,1608163200,124044.62978
2020-12-18,1608249600,111875.01736
2020-12-19,1608336000,78738.58190
2020-12-20,1608422400,49716.18582
2020-12-21,1608508800,79770.94721
2020-12-22,1608595200,94841.14078
2020-12-23,1608681600,132129.86050
2020-12-24,1608768000,92305.07929
2020-12-25,1608854400,68162.52184
2020-12-26,1608940800,54366.92216
2020-12-27,1609027200,111516.54494
2020-12-28,1609113600,163412.25262
2020-12-29,1609200000,99642.75769
2020-12-30,1609286400,110287.33854
2020-12-31,1609372800,121384.19604
2021-01-01,1609459200,80210.48798
2021-01-02,1609545600,111237.19851
2021-01-03,1609632000,90834.00193
2021-01-04,1609718400,119067.96463
2021-01-05,1609804800,97165.07885
2021-01-06,1609891200,127064.57642
2021-01-07,1609977600,144813.04171
2021-01-08,1610064000,125016.38937
2021-01-09,1610150400,69924.47422
2021-01-10,1610236800,73369.26059
2021-01-11,1610323200,136582.08872
2021-01-12,1610409600,126351.57239
2021-01-13,1610496000,80953.83940
2021-01-14,1610582400,117086.49898
2021-01-15,1610668800,117543.07510
2021-01-16,1610755200,47797.20999
2021-01-17,1610841600,54098.35310
2021-01-18,1610928000,65591.23754
2021-01-19,1611014400,81990.41722
2021-01-20,1611100800,95141.75567
2021-01-21,1611187200,99345.86509
2021-01-22,1611273600,113884.82208
2021-01-23,1611360000,52318.79862
2021-01-24,1611446400,47401.45501
2021-01-25,1611532800,80923.49184
2021-01-26,1611619200,93891.82970
2021-01-27,1611705600,138346.74857
2021-01-28,1611792000,123716.66957
2021-01-29,1611878400,176139.35405
2021-01-30,1611964800,78802.79928
2021-01-31,1612051200,52593.67485
2021-02-01,1612137600,78024.30269
2021-02-02,1612224000,73324.37738
2021-02-03,1612310400,90332.71468
2021-02-04,1612396800,113288.74071
2021-02-05,1612483200,88957.38354
2021-02-06,1612569600,78680.13843
2021-02-07,1612656000,63252.22146
2021-02-08,1612742400,118492.30195
2021-02-09,1612828800,209697.92734
2021-02-10,1612915200,92040.29153
2021-02-11,1613001600,82557.88629
2021-02-12,1613088000,68707.26984
2021-02-13,1613174400,57389.83560
2021-02-14,1613260800,58592.26409
2021-02-15,1613347200,64756.19291
2021-02-16,1613433600,71374.27105
2021-02-17,1613520000,90940.74747
2021-02-18,1613606400,83768.76956
2021-02-19,1613692800,99878.36948
2021-02-20,1613779200,96536.99384
2021-02-21,1613865600,88502.67677
2021-02-22,1613952000,118061.16507
2021-02-23,1614038400,131268.09743
2021-02-24,1614124800,94365.58473
2021-02-25,1614211200,133065.33195
2021-02-26,1614297600,95868.48858
2021-02-27,1614384000,54111.35409
2021-02-28,1614470400,59479.38567
2021-03-01,1614556800,89869.23471
2021-03-02,1614643200,56520.23318
2021-03-03,1614729600,79646.33309
2021-03-04,1614816000,70789.38993
2021-03-05,1614902400,65960.67474
2021-03-06,1614988800,41532.66375
2021-03-07,1615075200,45855.19240
2021-03-08,1615161600,76042.17721
2021-03-09,1615248000,86771.33083
2021-03-10,1615334400,71917.26777
2021-03-11,1615420800,70013.60738
2021-03-12,1615507200,65908.87840
2021-03-13,1615593600,60802.43845
2021-03-14,1615680000,54947.04151
2021-03-15,1615766400,108033.85134
2021-03-16,1615852800,69842.24655
2021-03-17,1615939200,60546.96458
2021-03-18,1616025600,66757.23169
2021-03-19,1616112000,50729.10610
2021-03-20,1616198400,43457.02092
2021-03-21,1616284800,41329.43637
2021-03-22,1616371200,64569.69657
2021-03-23,1616457600,70664.85601
2021-03-24,1616544000,75645.62289
2021-03-25,1616630400,76982.09297
2021-03-26,1616716800,90926.76076
2021-03-27,1616803200,43425.49054
2021-03-28,1616889600,31478.35429
2021-03-29,1616976000,81358.78725
2021-03-30,1617062400,62449.30119
2021-03-31,1617148800,72198.03159
2021-04-01,1617235200,60206.50603
2021-04-02,1617321600,59834.45321
2021-04-03,1617408000,48586.82290
2021-04-04,1617494400,33980.77854
2021-04-05,1617580800,61443.12548
2021-04-06,1617667200,67697.11219
2021-04-07,1617753600,74024.08047
2021-04-08,1617840000,68954.55396
2021-04-09,1617926400,68623.19029
2021-04-10,1618012800,62340.15837
2021-04-11,1618099200,38276.43712
2021-04-12,1618185600,77781.77396
2021-04-13,1618272000,84526.27227
2021-04-14,1618358400,94061.20780
2021-04-15,1618444800,79160.50772
2021-04-16,1618531200,85548.70662
2021-04-17,1618617600,52663.61651
2021-04-18,1618704000,115395.66190
2021-04-19,1618790400,73042.94099
2021-04-20,1618876800,100406.94963
2021-04-21,1618963200,88507.22563
2021-04-22,1619049600,79107.62736
2021-04-23,1619136000,129786.22120
2021-04-24,1619222400,51403.90144
2021-04-25,1619308800,97455.35876
2021-04-26,1619395200,81266.19042
2021-04-27,1619481600,81394.10748
2021-04-28,1619568000,60698.92890
2021-04-29,1619654400,69507.30828
2021-04-30,1619740800,71695.24436
2021-05-01,1619827200,40558.81939
2021-05-02,1619913600,31090.78713
2021-05-03,1620000000,63500.11058
2021-05-04,1620086400,78593.30615
2021-05-05,1620172800,84818.25386
2021-05-06,1620259200,84882.12965
2021-05-07,1620345600,77904.82791
2021-05-08,1620432000,68409.66137
2021-05-09,1620518400,71350.75348
2021-05-10,1620604800,94572.49393
2021-05-11,1620691200,79435.59131
2021-05-12,1620777600,104134.33804
2021-05-13,1620864000,134381.34035
2021-05-14,1620950400,111185.30921
2021-05-15,1621036800,69834.97630
2021-05-16,1621123200,90434.39504
2021-05-17,1621209600,137359.70042
2021-05-18,1621296000,93735.88793
2021-05-19,1621382400,229637.21752
2021-05-20,1621468800,217862.96363
2021-05-21,1621555200,161805.64177
2021-05-22,1621641600,110276.65271
2021-05-23,1621728000,140907.56874
2021-05-24,1621814400,128558.85382
2021-05-25,1621900800,107300.99092
2021-05-26,1621987200,84172.37054
2021-05-27,1622073600,66578.17273
2021-05-28,1622160000,93805.54487
2021-05-29,1622246400,67109.95023
2021-05-30,1622332800,44675.80007
2021-05-31,1622419200,47574.28037
2021-06-01,1622505600,61166.40483
2021-06-02,1622592000,64908.12182
2021-06-03,1622678400,71818.62924
2021-06-04,1622764800,70394.36766
2021-06-05,1622851200,39259.38189
2021-06-06,1622937600,34127.58820
2021-06-07,1623024000,97194.21428
2021-06-08,1623110400,102826.62890
2021-06-09,1623196800,74776.64168
2021-06-10,1623283200,86007.42759
2021-06-11,1623369600,65969.08677
2021-06-12,1623456000,45028.99622
2021-06-13,1623542400,41246.86245
2021-06-14,1623628800,82182.13036
2021-06-15,1623715200,126313.05336
2021-06-16,1623801600,97382.07820
2021-06-17,1623888000,83338.93492
2021-06-18,1623974400,72182.75776
2021-06-19,1624060800,56938.02300
2021-06-20,1624147200,50500.21802
2021-06-21,1624233600,94010.91257
2021-06-22,1624320000,103524.81408
2021-06-23,1624406400,100598.21900
2021-06-24,1624492800,73198.16083
2021-06-25,1624579200,96296.29146
2021-06-26,1624665600,51498.49305
2021-06-27,1624752000,36581.95382
2021-06-28,1624838400,48786.28436
2021-06-29,1624924800,57928.94463
2021-06-30,1625011200,50588.75477
2021-07-01,1625097600,48544.77728
2021-07-02,1625184000,47085.50307
2021-07-03,1625270400,25334.90908
2021-07-04,1625356800,31676.20967
2021-07-05,1625443200,42113.33660
2021-07-06,1625529600,45041.53402
2021-07-07,1625616000,42808.43977
2021-07-08,1625702400,57771.10242
2021-07-09,1625788800,41259.84386
2021-07-10,1625875200,23960.28975
2021-07-11,1625961600,21795.84137
2021-07-12,1626048000,49217.61309
2021-07-13,1626134400,47659.77932
2021-07-14,1626220800,50580.77181
2021-07-15,1626307200,63245.45650
2021-07-16,1626393600,52334.61811
2021-07-17,1626480000,132205.47617
2021-07-18,1626566400,23051.49562
2021-07-19,1626652800,57594.24350
2021-07-20,1626739200,73116.86001
2021-07-21,1626825600,68494.23325
2021-07-22,1626912000,47319.26426
2021-07-23,1626998400,43342.45438
2021-07-24,1627084800,33099.24598
2021-07-25,1627171200,35244.42458
2021-07-26,1627257600,88006.01232
2021-07-27,1627344000,91312.66892
2021-07-28,1627430400,86950.99879
2021-07-29,1627516800,273627.63423
2021-07-30,1627603200,70121.26054
2021-07-31,1627689600,35600.33070
2021-08-01,1627776000,35448.49572
2021-08-02,1627862400,58577.89481
2021-08-03,1627948800,53587.09308
2021-08-04,1628035200,55281.35668
2021-08-05,1628121600,70703.79870
2021-08-06,1628208000,79790.30186
2021-08-07,1628294400,44308.96463
2021-08-08,1628380800,54241.78644
2021-08-09,1628467200,77042.37999
2021-08-10,1628553600,55595.56943
2021-08-11,1628640000,45441.87540
2021-08-12,1628726400,45501.07822
2021-08-13,1628812800,45633.58892
2021-08-14,1628899200,32777.08998
2021-08-15,1628985600,33122.33041
2021-08-16,1629072000,47234.16659
2021-08-17,1629158400,36653.95400
2021-08-18,1629244800,56289.87102
2021-08-19,1629331200,37663.00057
2021-08-20,1629417600,64840.15656
2021-08-21,1629504000,74954.91293
2021-08-22,1629590400,30741.63633
2021-08-23,1629676800,82255.01636
2021-08-24,1629763200,50326.68845
2021-08-25,1629849600,48142.67095
2021-08-26,1629936000,170768.01746
2021-08-27,1630022400,42380.31366
2021-08-28,1630108800,27745.98952
2021-08-29,1630195200,24842.87674
2021-08-30,1630281600,39043.07921
2021-08-31,1630368000,109108.96334
2021-09-01,1630454400,161143.95192
2021-09-02,1630540800,110239.72060
2021-09-03,1630627200,102696.81342
2021-09-04,1630713600,49063.54583
2021-09-05,1630800000,30525.16012
2021-09-06,1630886400,49791.04153
2021-09-07,1630972800,89098.93961
2021-09-08,1631059200,71075.82370
2021-09-09,1631145600,60730.07023
2021-09-10,1631232000,51786.01605
2021-09-11,1631318400,27302.35599
2021-09-12,1631404800,23668.08009
2021-09-13,1631491200,52952.21169
2021-09-14,1631577600,55180.89721
2021-09-15,1631664000,45247.85883
2021-09-16,1631750400,53099.50008
2021-09-17,1631836800,49664.62261
2021-09-18,1631923200,29210.82503
2021-09-19,1632009600,31706.04595
2021-09-20,1632096000,69483.29767
2021-09-21,1632182400,50087.49885
2021-09-22,1632268800,48979.88480
2021-09-23,1632355200,46121.41373
2021-09-24,1632441600,66285.01415
2021-09-25,1632528000,26577.29585
2021-09-26,1632614400,54948.95625
2021-09-27,1632700800,52664.38599
2021-09-28,1632787200,51205.40180
2021-09-29,1632873600,57931.49787
2021-09-30,1632960000,61363.15651
2021-10-01,1633046400,49451.07998
2021-10-02,1633132800,51843.01924
2021-10-03,1633219200,39118.93186
2021-10-04,1633305600,42772.30801
2021-10-05,1633392000,75366.25790
2021-10-06,1633478400,70149.07340
2021-10-07,1633564800,58878.56927
2021-10-08,1633651200,57279.77564
2021-10-09,1633737600,30051.59680
2021-10-10,1633824000,33994.77691
2021-10-11,1633910400,62555.35366
2021-10-12,1633996800,49907.85401
2021-10-13,1634083200,57847.24681
2021-10-14,1634169600,50485.32824
2021-10-15,1634256000,75191.74318
2021-10-16,1634342400,62931.47774
2021-10-17,1634428800,26839.59110
2021-10-18,1634515200,66399.39650
2021-10-19,1634601600,53694.71189
2021-10-20,1634688000,58321.98977
2021-10-21,1634774400,74656.05506
2021-10-22,1634860800,53126.61549
2021-10-23,1634947200,37893.63935
2021-10-24,1635033600,40010.56498
2021-10-25,1635120000,60462.53697
2021-10-26,1635206400,47775.74827
2021-10-27,1635292800,61637.77443
2021-10-28,1635379200,75595.32834
2021-10-29,1635465600,73403.79130
2021-10-30,1635552000,36447.82962
2021-10-31,1635638400,37995.58224
2021-11-01,1635724800,43894.97333
2021-11-02,1635811200,54493.58119
2021-11-03,1635897600,45442.09750
2021-11-04,1635984000,51623.62840
2021-11-05,1636070400,53036.13659
2021-11-06,1636156800,35912.11231
2021-11-07,1636243200,22731.85663
2021-11-08,1636329600,63113.69362
2021-11-09,1636416000,68505.97962
2021-11-10,1636502400,58024.76371
2021-11-11,1636588800,50480.06366
2021-11-12,1636675200,49708.52934
2021-11-13,1636761600,22470.51241
2021-11-14,1636848000,23626.40802
2021-11-15,1636934400,40779.09131
2021-11-16,1637020800,61016.14594
2021-11-17,1637107200,52296.34154
2021-11-18,1637193600,62393.83890
2021-11-19,1637280000,59060.91797
2021-11-20,1637366400,31434.93845
2021-11-21,1637452800,32340.78796
2021-11-22,1637539200,41942.23667
2021-11-23,1637625600,30085.95817
2021-11-24,1637712000,25828.48202
2021-11-25,1637798400,23742.58265
2021-11-26,1637884800,39844.70220
2021-11-27,1637971200,22868.66823
2021-11-28,1638057600,15705.46069
2021-11-29,1638144000,31933.10375
2021-11-30,1638230400,34363.50191
2021-12-01,1638316800,87989.58000
2021-12-02,1638403200,111872.47231
2021-12-03,1638489600,43936.73791
2021-12-04,1638576000,80909.58458
2021-12-05,1638662400,54070.88470
2021-12-06,1638748800,59112.59987
2021-12-07,1638835200,40818.03030
2021-12-08,1638921600,71405.69081
2021-12-09,1639008000,111790.85271
2021-12-10,1639094400,31488.22796
2021-12-11,1639180800,25953.52390
2021-12-12,1639267200,16542.20389
2021-12-13,1639353600,35164.17230
2021-12-14,1639440000,43651.71326
2021-12-15,1639526400,34955.70561
2021-12-16,1639612800,25843.72713
2021-12-17,1639699200,105154.98136
2021-12-18,1639785600,61869.14036
2021-12-19,1639872000,14192.49820
2021-12-20,1639958400,24878.46844
2021-12-21,1640044800,37889.07838
2021-12-22,1640131200,30378.89053
2021-12-23,1640217600,37294.51356
2021-12-24,1640304000,70792.27517
2021-12-25,1640390400,81627.81220
2021-12-26,1640476800,19305.60226
2021-12-27,1640563200,42462.41118
2021-12-28,1640649600,57839.92419
2021-12-29,1640736000,57653.20465
2021-12-30,1640822400,57532.56717
2021-12-31,1640908800,47262.21045
2022-01-01,1640995200,30286.75173
2022-01-02,1641081600,20156.29788
2022-01-03,1641168000,33984.25530
2022-01-04,1641254400,57103.98351
2022-01-05,1641340800,43931.62430
2022-01-06,1641427200,58811.01095
2022-01-07,1641513600,51360.29567
2022-01-08,1641600000,28733.91259
2022-01-09,1641686400,24403.11898
2022-01-10,1641772800,39758.95110
2022-01-11,1641859200,46265.53762
2022-01-12,1641945600,41704.90413
2022-01-13,1642032000,43080.26792
2022-01-14,1642118400,49545.25444
2022-01-15,1642204800,23872.79474
2022-01-16,1642291200,20744.13302
2022-01-17,1642377600,35544.08823
2022-01-18,1642464000,41651.52777
2022-01-19,1642550400,55385.81973
2022-01-20,1642636800,50744.44784
2022-01-21,1642723200,76034.96041
2022-01-22,1642809600,75773.66233
2022-01-23,1642896000,42539.08271
2022-01-24,1642982400,84238.53651
2022-01-25,1643068800,50512.75131
2022-01-26,1643155200,73258.09448
2022-01-27,1643241600,59769.39943
2022-01-28,1643328000,48001.99231
2022-01-29,1643414400,142556.02866
2022-01-30,1643500800,185031.69529
2022-01-31,1643587200,54298.33920
2022-02-01,1643673600,48444.45416
2022-02-02,1643760000,37126.92415
2022-02-03,1643846400,50669.09464
2022-02-04,1643932800,47693.90427
2022-02-05,1644019200,35835.81962
2022-02-06,1644105600,26890.10703
2022-02-07,1644192000,61213.25936
2022-02-08,1644278400,64062.88709
2022-02-09,1644364800,44083.41973
2022-02-10,1644451200,49958.62459
2022-02-11,1644537600,43450.76110
2022-02-12,1644624000,30732.28300
2022-02-13,1644710400,18368.35265
2022-02-14,1644796800,39290.31692
2022-02-15,1644883200,40663.90858
2022-02-16,1644969600,32373.13711
2022-02-17,1645056000,46713.19577
2022-02-18,1645142400,43791.52774
2022-02-19,1645228800,22093.02568
2022-02-20,1645315200,24365.77760
2022-02-21,1645401600,36957.11486
2022-02-22,1645488000,38988.19561
2022-02-23,1645574400,38243.55780
2022-02-24,1645660800,71664.31273
2022-02-25,1645747200,51891.24490
2022-02-26,1645833600,24695.73270
2022-02-27,1645920000,26299.34460
2022-02-28,1646006400,47239.60434
2022-03-01,1646092800,68606.56023
2022-03-02,1646179200,59394.50626
2022-03-03,1646265600,44315.09937
2022-03-04,1646352000,46402.07784
2022-03-05,1646438400,23404.37331
2022-03-06,1646524800,19744.34718
2022-03-07,1646611200,36961.16244
2022-03-08,1646697600,33591.73584
2022-03-09,1646784000,42096.99590
2022-03-10,1646870400,42615.40770
2022-03-11,1646956800,60166.84392
2022-03-12,1647043200,20130.83227
2022-03-13,1647129600,16638.24857
2022-03-14,1647216000,42623.54974
2022-03-15,1647302400,48955.87845
2022-03-16,1647388800,50243.55909
2022-03-17,1647475200,47658.77106
2022-03-18,1647561600,56968.40223
2022-03-19,1647648000,31268.04724
2022-03-20,1647734400,24540.09445
2022-03-21,1647820800,62151.79208
2022-03-22,1647907200,70139.11357
2022-03-23,1647993600,37345.65609
2022-03-24,1648080000,61808.72370
2022-03-25,1648166400,64543.97480
2022-03-26,1648252800,32030.31573
2022-03-27,1648339200,29277.80541
2022-03-28,1648425600,71143.95282
2022-03-29,1648512000,65582.07631
2022-03-30,1648598400,46506.69283
2022-03-31,1648684800,53545.51219
2022-04-01,1648771200,49181.21715
2022-04-02,1648857600,27804.85888
2022-04-03,1648944000,22579.41844
2022-04-04,1649030400,39081.28288
2022-04-05,1649116800,35216.71322
2022-04-06,1649203200,59814.73347
2022-04-07,1649289600,50123.31045
2022-04-08,1649376000,30785.39190
2022-04-09,1649462400,26947.33763
2022-04-10,1649548800,18614.46241
2022-04-11,1649635200,49871.55616
2022-04-12,1649721600,39626.20356
2022-04-13,1649808000,37604.63659
2022-04-14,1649894400,33257.74556
2022-04-15,1649980800,36721.90387
2022-04-16,1650067200,23148.84206
2022-04-17,1650153600,18249.22426
2022-04-18,1650240000,35491.56208
2022-04-19,1650326400,37842.50574
2022-04-20,1650412800,49136.85615
2022-04-21,1650499200,44110.56217
2022-04-22,1650585600,31967.43129
2022-04-23,1650672000,19724.90664
2022-04-24,1650758400,25127.68442
2022-04-25,1650844800,47962.45644
2022-04-26,1650931200,45060.79748
2022-04-27,1651017600,45189.23522
2022-04-28,1651104000,52235.45371
2022-04-29,1651190400,37836.50253
2022-04-30,1651276800,21916.81285
2022-05-01,1651363200,15218.45681
2022-05-02,1651449600,52768.94819
2022-05-03,1651536000,55958.73438
2022-05-04,1651622400,68065.22365
2022-05-05,1651708800,79841.90868
2022-05-06,1651795200,92698.53673
2022-05-07,1651881600,39052.98391
2022-05-08,1651968000,67157.45585
2022-05-09,1652054400,199519.95261
2022-05-10,1652140800,150621.57691
2022-05-11,1652227200,179267.84624
2022-05-12,1652313600,183596.55146
2022-05-13,1652400000,102050.54607
2022-05-14,1652486400,55569.26841
2022-05-15,1652572800,28897.38037
2022-05-16,1652659200,80471.96243
2022-05-17,1652745600,96789.85586
2022-05-18,1652832000,60758.60558
2022-05-19,1652918400,94889.61095
2022-05-20,1653004800,58659.33383
2022-05-21,1653091200,21774.91635
2022-05-22,1653177600,22099.08807
2022-05-23,1653264000,54643.45880
2022-05-24,1653350400,51052.03099
2022-05-25,1653436800,50875.61560
2022-05-26,1653523200,81954.33157
2022-05-27,1653609600,56371.50163
2022-05-28,1653696000,35764.43509
2022-05-29,1653782400,28766.14267
2022-05-30,1653868800,39937.75181
2022-05-31,1653955200,64008.49290
2022-06-01,1654041600,77059.80721
2022-06-02,1654128000,47608.60985
2022-06-03,1654214400,42151.33499
2022-06-04,1654300800,27508.92981
2022-06-05,1654387200,14584.39119
2022-06-06,1654473600,37685.27200
2022-06-07,1654560000,43871.10306
2022-06-08,1654646400,42293.55213
2022-06-09,1654732800,33600.79341
2022-06-10,1654819200,47205.73225
2022-06-11,1654905600,41569.90059
2022-06-12,1654992000,40081.52711
2022-06-13,1655078400,161792.75279
2022-06-14,1655164800,212681.73274
2022-06-15,1655251200,184927.28552
2022-06-16,1655337600,118425.67671
2022-06-17,1655424000,112602.50462
2022-06-18,1655510400,139037.79099
2022-06-19,1655596800,91810.03426
2022-06-20,1655683200,61414.79251
2022-06-21,1655769600,74744.58321
2022-06-22,1655856000,90384.05849
2022-06-23,1655942400,54373.33373
2022-06-24,1656028800,50970.23250
2022-06-25,1656115200,28014.73570
2022-06-26,1656201600,25564.79113
2022-06-27,1656288000,53602.79182
2022-06-28,1656374400,54284.80128
2022-06-29,1656460800,89970.73156
2022-06-30,1656547200,80229.57752
2022-07-01,1656633600,88881.15253
2022-07-02,1656720000,42137.77481
2022-07-03,1656806400,31976.45840
2022-07-04,1656892800,38551.04752
2022-07-05,1656979200,53062.40882
2022-07-06,1657065600,62608.11414
2022-07-07,1657152000,74127.79511
2022-07-08,1657238400,67330.13481
2022-07-09,1657324800,39421.40525
2022-07-10,1657411200,36473.92913
2022-07-11,1657497600,49136.05155
2022-07-12,1657584000,56717.73785
2022-07-13,1657670400,36100.68698
2022-07-14,1657756800,78244.18480
2022-07-15,1657843200,100332.87118
2022-07-16,1657929600,33864.23354
2022-07-17,1658016000,56777.19030
2022-07-18,1658102400,56843.27671
2022-07-19,1658188800,62321.99157
2022-07-20,1658275200,81005.28486
2022-07-21,1658361600,57521.28682
2022-07-22,1658448000,50357.46163
2022-07-23,1658534400,32939.78419
2022-07-24,1658620800,40521.08893
2022-07-25,1658707200,45835.38476
2022-07-26,1658793600,52111.09961
2022-07-27,1658880000,58292.92684
2022-07-28,1658966400,70682.63324
2022-07-29,1659052800,70750.16874
2022-07-30,1659139200,33205.18981
2022-07-31,1659225600,25247.21746
2022-08-01,1659312000,39052.54183
2022-08-02,1659398400,59190.18873
2022-08-03,1659484800,48836.57714
2022-08-04,1659571200,40836.12673
2022-08-05,1659657600,51510.76124
2022-08-06,1659744000,26655.47315
2022-08-07,1659830400,17941.62452
2022-08-08,1659916800,49050.53530
2022-08-09,1660003200,50575.21041
2022-08-10,1660089600,65466.21012
2022-08-11,1660176000,51322.78934
2022-08-12,1660262400,47149.22864
2022-08-13,1660348800,34728.79821
2022-08-14,1660435200,25942.65070
2022-08-15,1660521600,47805.38271
2022-08-16,1660608000,39923.00752
2022-08-17,1660694400,65648.51224
2022-08-18,1660780800,59773.10557
2022-08-19,1660867200,86427.52803
2022-08-20,1660953600,31689.88979
2022-08-21,1661040000,25357.11018
2022-08-22,1661126400,46020.21953
2022-08-23,1661212800,36149.71414
2022-08-24,1661299200,45436.90787
2022-08-25,1661385600,59693.44786
2022-08-26,1661472000,53248.75396
2022-08-27,1661558400,40914.15967
2022-08-28,1661644800,27005.01565
2022-08-29,1661731200,54285.40954
2022-08-30,1661817600,62385.70744
2022-08-31,1661904000,73260.42591
2022-09-01,1661990400,50269.37114
2022-09-02,1662076800,76416.57210
2022-09-03,1662163200,29508.15394
2022-09-04,1662249600,35770.97101
2022-09-05,1662336000,61394.84681
2022-09-06,1662422400,69071.47574
2022-09-07,1662508800,67077.95661
2022-09-08,1662595200,68887.48629
2022-09-09,1662681600,68391.42010
2022-09-10,1662768000,39022.81738
2022-09-11,1662854400,30248.00686
2022-09-12,1662940800,57826.37386
2022-09-13,1663027200,91065.58671
2022-09-14,1663113600,567406.17888
2022-09-15,1663200000,185734.66909
2022-09-16,1663286400,63701.84460
2022-09-17,1663372800,64250.33050
2022-09-18,1663459200,42320.56657
2022-09-19,1663545600,60168.93567
2022-09-20,1663632000,86141.98943
2022-09-21,1663718400,68820.35464
2022-09-22,1663804800,78704.94497
2022-09-23,1663891200,108146.96069
2022-09-24,1663977600,24995.65823
2022-09-25,1664064000,17650.34576
2022-09-26,1664150400,46828.79981
2022-09-27,1664236800,80437.10236
2022-09-28,1664323200,74770.02004
2022-09-29,1664409600,112116.38863
2022-09-30,1664496000,74013.97776
2022-10-01,1664582400,22984.63345
2022-10-02,1664668800,32262.15655
2022-10-03,1664755200,40571.51977
2022-10-04,1664841600,74006.98398
2022-10-05,1664928000,103845.80764
2022-10-06,1665014400,49785.88393
2022-10-07,1665100800,53988.42606
2022-10-08,1665187200,29810.99604
2022-10-09,1665273600,22704.78272
2022-10-10,1665360000,35850.31425
2022-10-11,1665446400,44911.11044
2022-10-12,1665532800,49166.65059
2022-10-13,1665619200,67077.46034
2022-10-14,1665705600,55111.62926
2022-10-15,1665792000,22650.60184
2022-10-16,1665878400,18914.71657
2022-10-17,1665964800,37909.61504
2022-10-18,1666051200,78162.96434
2022-10-19,1666137600,42907.56307
2022-10-20,1666224000,38484.58028
2022-10-21,1666310400,45796.47672
2022-10-22,1666396800,31758.45072
2022-10-23,1666483200,22838.54318
2022-10-24,1666569600,44453.95291
2022-10-25,1666656000,56242.68612
2022-10-26,1666742400,71182.97478
2022-10-27,1666828800,56057.11899
2022-10-28,1666915200,48543.24821
2022-10-29,1667001600,38779.14318
2022-10-30,1667088000,29272.76283
2022-10-31,1667174400,60740.02600
2022-11-01,1667260800,56503.37609
2022-11-02,1667347200,45109.41809
2022-11-03,1667433600,52225.77412
2022-11-04,1667520000,57428.67643
2022-11-05,1667606400,33294.46651
2022-11-06,1667692800,38362.04178
2022-11-07,1667779200,84719.35149
2022-11-08,1667865600,171915.18595
2022-11-09,1667952000,217924.70702
2022-11-10,1668038400,184601.09164
2022-11-11,1668124800,135759.38586
2022-11-12,1668211200,79055.46092
2022-11-13,1668297600,73693.71276
2022-11-14,1668384000,132190.72432
2022-11-15,1668470400,138178.10369
2022-11-16,1668556800,132235.09116
2022-11-17,1668643200,87968.37093
2022-11-18,1668729600,101434.63167
2022-11-19,1668816000,51110.44690
2022-11-20,1668902400,38606.95277
2022-11-21,1668988800,83765.87132
2022-11-22,1669075200,72393.43234
2022-11-23,1669161600,88003.74384
2022-11-24,1669248000,52180.97980
2022-11-25,1669334400,57664.35408
2022-11-26,1669420800,46232.63861
2022-11-27,1669507200,38669.95716
2022-11-28,1669593600,50341.42102
2022-11-29,1669680000,58123.73908
2022-11-30,1669766400,77257.27654
2022-12-01,1669852800,91534.32007
2022-12-02,1669939200,49169.23109
2022-12-03,1670025600,35151.83745
2022-12-04,1670112000,25614.25759
2022-12-05,1670198400,52028.52390
2022-12-06,1670284800,55952.98089
2022-12-07,1670371200,54775.13465
2022-12-08,1670457600,53114.16078
2022-12-09,1670544000,49543.44613
2022-12-10,1670630400,37767.28464
2022-12-11,1670716800,29202.16249
2022-12-12,1670803200,50827.48733
2022-12-13,1670889600,85772.16006
2022-12-14,1670976000,78553.09338
2022-12-15,1671062400,62916.49307
2022-12-16,1671148800,61170.54233
2022-12-17,1671235200,49178.56506
2022-12-18,1671321600,30354.36449
2022-12-19,1671408000,58172.12027
2022-12-20,1671494400,61436.57031
2022-12-21,1671580800,75958.76070
2022-12-22,1671667200,55614.06520
2022-12-23,1671753600,95525.10766
2022-12-24,1671840000,28711.89581
2022-12-25,1671926400,18232.81026
2022-12-26,1672012800,29982.02284
2022-12-27,1672099200,49207.26890
2022-12-28,1672185600,50941.90258
2022-12-29,1672272000,51179.19088
2022-12-30,1672358400,68178.11298
2022-12-31,1672444800,41386.87421
2023-01-01,1672531200,31525.08785
2023-01-02,1672617600,59848.41546
2023-01-03,1672704000,47449.21964
2023-01-04,1672790400,52552.86620
2023-01-05,1672876800,50927.10494
2023-01-06,1672963200,49373.82529
2023-01-07,1673049600,34731.28804
2023-01-08,1673136000,23598.45156
2023-01-09,1673222400,74527.98156
2023-01-10,1673308800,59869.39968
2023-01-11,1673395200,59909.64877
2023-01-12,1673481600,85361.05536
2023-01-13,1673568000,77963.46757
2023-01-14,1673654400,102908.67320
2023-01-15,1673740800,23818.63686
2023-01-16,1673827200,73956.66836
2023-01-17,1673913600,54955.36012
2023-01-18,1674000000,61806.18802
2023-01-19,1674086400,75927.01364
2023-01-20,1674172800,67385.57568
2023-01-21,1674259200,66985.78557
2023-01-22,1674345600,37420.13372
2023-01-23,1674432000,52085.32399
2023-01-24,1674518400,56363.91565
2023-01-25,1674604800,66665.04542
2023-01-26,1674691200,52899.07997
2023-01-27,1674777600,66616.29943
2023-01-28,1674864000,35260.96415
2023-01-29,1674950400,34639.62684
2023-01-30,1675036800,68563.38413
2023-01-31,1675123200,55577.15522
2023-02-01,1675209600,52537.95940
2023-02-02,1675296000,66601.16530
2023-02-03,1675382400,53475.10418
2023-02-04,1675468800,35026.28967
2023-02-05,1675555200,26446.69798
2023-02-06,1675641600,40752.48410
2023-02-07,1675728000,43958.40424
2023-02-08,1675814400,36863.81105
2023-02-09,1675900800,52570.39058
2023-02-10,1675987200,63434.66343
2023-02-11,1676073600,36024.80738
2023-02-12,1676160000,28017.02111
2023-02-13,1676246400,57823.09189
2023-02-14,1676332800,46349.18121
2023-02-15,1676419200,76256.33569
2023-02-16,1676505600,76861.69356
2023-02-17,1676592000,61134.47716
2023-02-18,1676678400,39579.06163
2023-02-19,1676764800,32876.73198
2023-02-20,1676851200,38283.24559
2023-02-21,1676937600,49228.48591
2023-02-22,1677024000,50309.15234
2023-02-23,1677110400,54431.40013
2023-02-24,1677196800,59525.50743
2023-02-25,1677283200,31028.17777
2023-02-26,1677369600,25139.12242
2023-02-27,1677456000,58862.84547
2023-02-28,1677542400,57462.25700
2023-03-01,1677628800,65940.88417
2023-03-02,1677715200,38836.33925
2023-03-03,1677801600,70369.93966
2023-03-04,1677888000,31859.22337
2023-03-05,1677974400,34259.53534
2023-03-06,1678060800,45191.78695
2023-03-07,1678147200,76873.26979
2023-03-08,1678233600,81250.74548
2023-03-09,1678320000,84764.92120
2023-03-10,1678406400,97274.36379
2023-03-11,1678492800,103865.26849
2023-03-12,1678579200,66302.10442
2023-03-13,1678665600,136285.04937
2023-03-14,1678752000,116618.41288
2023-03-15,1678838400,77963.70207
2023-03-16,1678924800,72517.29577
2023-03-17,1679011200,103478.89320
2023-03-18,1679097600,69304.64410
2023-03-19,1679184000,42176.06717
2023-03-20,1679270400,82382.55101
2023-03-21,1679356800,64517.97599
2023-03-22,1679443200,108407.45167
2023-03-23,1679529600,68459.37398
2023-03-24,1679616000,47853.11904
2023-03-25,1679702400,41126.46773
2023-03-26,1679788800,26782.99514
2023-03-27,1679875200,45412.76466
2023-03-28,1679961600,60677.26701
2023-03-29,1680048000,62040.60595
2023-03-30,1680134400,69203.10917
2023-03-31,1680220800,55799.68178
2023-04-01,1680307200,31851.91929
2023-04-02,1680393600,21808.23053
2023-04-03,1680480000,43702.02349
2023-04-04,1680566400,50749.71210
2023-04-05,1680652800,48423.19994
2023-04-06,1680739200,37864.35468
2023-04-07,1680825600,30260.80895
2023-04-08,1680912000,20755.99057
2023-04-09,1680998400,24405.96385
2023-04-10,1681084800,52986.60915
2023-04-11,1681171200,73195.36305
2023-04-12,1681257600,53823.28641
2023-04-13,1681344000,43893.30689
2023-04-14,1681430400,51143.40241
2023-04-15,1681516800,38441.83322
2023-04-16,1681603200,20805.46573
2023-04-17,1681689600,57273.04079
2023-04-18,1681776000,45527.63869
2023-04-19,1681862400,53161.45554
2023-04-20,1681948800,57683.06768
2023-04-21,1682035200,70552.63044
2023-04-22,1682121600,34370.59577
2023-04-23,1682208000,40375.57708
2023-04-24,1682294400,48894.88675
2023-04-25,1682380800,47012.96034
2023-04-26,1682467200,59623.47804
2023-04-27,1682553600,56035.55790
2023-04-28,1682640000,42475.86245
2023-04-29,1682726400,31049.04206
2023-04-30,1682812800,22419.21792
2023-05-01,1682899200,48945.15391
2023-05-02,1682985600,37705.40950
2023-05-03,1683072000,40490.85128
2023-05-04,1683158400,47439.69593
2023-05-05,1683244800,44051.33413
2023-05-06,1683331200,23404.94471
2023-05-07,1683417600,12684.33315
2023-05-08,1683504000,26914.14869
2023-05-09,1683590400,42875.80662
2023-05-10,1683676800,47319.81487
2023-05-11,1683763200,48001.13127
2023-05-12,1683849600,62574.20364
2023-05-13,1683936000,22135.51816
2023-05-14,1684022400,47012.77820
2023-05-15,1684108800,72251.99170
2023-05-16,1684195200,59804.30518
2023-05-17,1684281600,48451.62429
2023-05-18,1684368000,53909.74472
2023-05-19,1684454400,34640.18770
2023-05-20,1684540800,21423.93593
2023-05-21,1684627200,20287.70323
2023-05-22,1684713600,34656.64168
2023-05-23,1684800000,46053.77375
2023-05-24,1684886400,51399.71496
2023-05-25,1684972800,48168.75562
2023-05-26,1685059200,57656.66146
2023-05-27,1685145600,24230.58100
2023-05-28,1685232000,32187.16371
2023-05-29,1685318400,54708.44755
2023-05-30,1685404800,51842.71541
2023-05-31,1685491200,56008.42572
2023-06-01,1685577600,46647.98439
2023-06-02,1685664000,66866.40852
2023-06-03,1685750400,45371.30437
2023-06-04,1685836800,47383.15143
2023-06-05,1685923200,77949.51081
2023-06-06,1686009600,70491.18970
2023-06-07,1686096000,68588.04916
2023-06-08,1686182400,61550.03927
2023-06-09,1686268800,56267.78212
2023-06-10,1686355200,66668.44115
2023-06-11,1686441600,69066.18974
2023-06-12,1686528000,64329.50195
2023-06-13,1686614400,53188.34170
2023-06-14,1686700800,60313.59046
2023-06-15,1686787200,82235.20350
2023-06-16,1686873600,86657.17365
2023-06-17,1686960000,61335.52988
2023-06-18,1687046400,58678.21340
2023-06-19,1687132800,59601.22749
2023-06-20,1687219200,99922.22988
2023-06-21,1687305600,116160.21625
2023-06-22,1687392000,91595.18509
2023-06-23,1687478400,103766.58644
2023-06-24,1687564800,70954.59419
2023-06-25,1687651200,64994.24566
2023-06-26,1687737600,70338.07207
2023-06-27,1687824000,79021.76855
2023-06-28,1687910400,62940.62378
2023-06-29,1687996800,90409.62528
2023-06-30,1688083200,108855.13666
2023-07-01,1688169600,59567.02866
2023-07-02,1688256000,51406.41627
2023-07-03,1688342400,59279.18736
2023-07-04,1688428800,75811.27863
2023-07-05,1688515200,68866.40607
2023-07-06,1688601600,77392.43459
2023-07-07,1688688000,74635.05337
2023-07-08,1688774400,50440.84013
2023-07-09,1688860800,51421.21694
2023-07-10,1688947200,75379.74336
2023-07-11,1689033600,72097.57619
2023-07-12,1689120000,102602.62494
2023-07-13,1689206400,95013.16031
2023-07-14,1689292800,83424.99790
2023-07-15,1689379200,48027.48291
2023-07-16,1689465600,47522.35201
2023-07-17,1689552000,62361.43004
2023-07-18,1689638400,77011.69358
2023-07-19,1689724800,80473.05008
2023-07-20,1689811200,59719.02930
2023-07-21,1689897600,46959.99640
2023-07-22,1689984000,32792.85484
2023-07-23,1690070400,36680.86561
2023-07-24,1690156800,65734.76259
2023-07-25,1690243200,56826.96957
2023-07-26,1690329600,64875.61762
2023-07-27,1690416000,64171.38511
2023-07-28,1690502400,57016.31901
2023-07-29,1690588800,37328.25121
2023-07-30,1690675200,37163.43681
2023-07-31,1690761600,53372.96024
2023-08-01,1690848000,65655.75324
2023-08-02,1690934400,67562.13081
2023-08-03,1691020800,53512.89449
2023-08-04,1691107200,46262.87143
2023-08-05,1691193600,43973.44853
2023-08-06,1691280000,41390.33527
2023-08-07,1691366400,60747.55070
2023-08-08,1691452800,67244.94195
2023-08-09,1691539200,65743.04524
2023-08-10,1691625600,60566.16132
2023-08-11,1691712000,55253.39137
2023-08-12,1691798400,40298.48348
2023-08-13,1691884800,34722.75055
2023-08-14,1691971200,61816.39827
2023-08-15,1692057600,59873.98087
2023-08-16,1692144000,56197.88139
2023-08-17,1692230400,88844.22866
2023-08-18,1692316800,76193.57234
2023-08-19,1692403200,32301.02167
2023-08-20,1692489600,30190.24437
2023-08-21,1692576000,51487.13001
2023-08-22,1692662400,60481.47897
2023-08-23,1692748800,68882.52348
2023-08-24,1692835200,50099.85804
2023-08-25,1692921600,39180.50868
2023-08-26,1693008000,24454.26605
2023-08-27,1693094400,27574.34014
2023-08-28,1693180800,38652.10393
2023-08-29,1693267200,73801.16965
2023-08-30,1693353600,52048.94042
2023-08-31,1693440000,57288.26615
2023-09-01,1693526400,61140.06782
2023-09-02,1693612800,32179.01422
2023-09-03,1693699200,27995.94428
2023-09-04,1693785600,31505.15644
2023-09-05,1693872000,40541.09873
2023-09-06,1693958400,34951.59934
2023-09-07,1694044800,41527.86338
2023-09-08,1694131200,54640.48533
2023-09-09,1694217600,30358.03760
2023-09-10,1694304000,28238.99218
2023-09-11,1694390400,57419.60294
2023-09-12,1694476800,62929.13018
2023-09-13,1694563200,51610.80878
2023-09-14,1694649600,50236.80314
2023-09-15,1694736000,46540.26796
2023-09-16,1694822400,34797.94011
2023-09-17,1694908800,24918.48355
2023-09-18,1694995200,47825.26439
2023-09-19,1695081600,49589.38844
2023-09-20,1695168000,46894.55765
2023-09-21,1695254400,43432.95534
2023-09-22,1695340800,42671.84100
2023-09-23,1695427200,21702.08255
2023-09-24,1695513600,36131.25116
2023-09-25,1695600000,56268.57001
2023-09-26,1695686400,44068.47190
2023-09-27,1695772800,54445.95117
2023-09-28,1695859200,68706.33708
2023-09-29,1695945600,49784.77242
2023-09-30,1696032000,36241.70600
2023-10-01,1696118400,30785.01095
2023-10-02,1696204800,86093.21990
2023-10-03,1696291200,47525.09689
2023-10-04,1696377600,50660.91605
2023-10-05,1696464000,56895.74724
2023-10-06,1696550400,51468.21201
2023-10-07,1696636800,67358.52708
2023-10-08,1696723200,34952.46439
2023-10-09,1696809600,44987.47245
2023-10-10,1696896000,57235.02229
2023-10-11,1696982400,70995.81552
2023-10-12,1697068800,57175.71931
2023-10-13,1697155200,43012.27181
2023-10-14,1697241600,31300.82143
2023-10-15,1697328000,37746.18114
2023-10-16,1697414400,92785.89276
2023-10-17,1697500800,76632.25694
2023-10-18,1697587200,54195.37078
2023-10-19,1697673600,74067.88687
2023-10-20,1697760000,87620.16002
2023-10-21,1697846400,44863.25495
2023-10-22,1697932800,39649.98249
2023-10-23,1698019200,83287.30755
2023-10-24,1698105600,102238.69584
2023-10-25,1698192000,78848.60741
2023-10-26,1698278400,66946.84512
2023-10-27,1698364800,87010.71232
2023-10-28,1698451200,48052.67132
2023-10-29,1698537600,36141.62913
2023-10-30,1698624000,70304.30600
2023-10-31,1698710400,57683.05360
2023-11-01,1698796800,70926.23896
2023-11-02,1698883200,78725.90473
2023-11-03,1698969600,65380.47749
2023-11-04,1699056000,39061.67876
2023-11-05,1699142400,46044.13556
2023-11-06,1699228800,55727.45003
2023-11-07,1699315200,65537.76719
2023-11-08,1699401600,58040.18287
2023-11-09,1699488000,74340.14028
2023-11-10,1699574400,94031.28028
2023-11-11,1699660800,47071.47824
2023-11-12,1699747200,39358.98209
2023-11-13,1699833600,47279.22521
2023-11-14,1699920000,66826.45955
2023-11-15,1700006400,68074.82056
2023-11-16,1700092800,57877.77338
2023-11-17,1700179200,64446.14852
2023-11-18,1700265600,27080.67183
2023-11-19,1700352000,36307.00380
2023-11-20,1700438400,68826.51809
2023-11-21,1700524800,80287.66338
2023-11-22,1700611200,70882.17463
2023-11-23,1700697600,51682.38904
2023-11-24,1700784000,90351.76553
2023-11-25,1700870400,48035.84962
2023-11-26,1700956800,45185.44438
2023-11-27,1701043200,60535.09926
2023-11-28,1701129600,75689.31571
2023-11-29,1701216000,71172.96968
2023-11-30,1701302400,65612.84145
2023-12-01,1701388800,78523.48188
2023-12-02,1701475200,52019.37019
2023-12-03,1701561600,48862.54844
2023-12-04,1701648000,88937.22889
2023-12-05,1701734400,72674.14016
2023-12-06,1701820800,79532.32686
2023-12-07,1701907200,67563.51736
2023-12-08,1701993600,72957.90207
2023-12-09,1702080000,54254.15621
2023-12-10,1702166400,38424.19647
2023-12-11,1702252800,80540.36344
2023-12-12,1702339200,83103.11281
2023-12-13,1702425600,64674.61710
2023-12-14,1702512000,55850.53372
2023-12-15,1702598400,63267.46809
2023-12-16,1702684800,38688.15901
2023-12-17,1702771200,39873.94345
2023-12-18,1702857600,63544.54485
2023-12-19,1702944000,59252.25586
2023-12-20,1703030400,82912.88389
2023-12-21,1703116800,53919.32507
2023-12-22,1703203200,74027.80500
2023-12-23,1703289600,43255.93806
2023-12-24,1703376000,37805.18436
2023-12-25,1703462400,53711.65472
2023-12-26,1703548800,61922.75850
2023-12-27,1703635200,75245.60870
2023-12-28,1703721600,63484.13607
2023-12-29,1703808000,58026.79409
2023-12-30,1703894400,60891.03114
2023-12-31,1703980800,62205.24564
2024-01-01,1704067200,42431.97148
2024-01-02,1704153600,93237.07394
2024-01-03,1704240000,83577.30796
2024-01-04,1704326400,80777.56989
2024-01-05,1704412800,84352.24980
2024-01-06,1704499200,82415.99235
2024-01-07,1704585600,67753.54316
2024-01-08,1704672000,73827.46807
2024-01-09,1704758400,89525.37490
2024-01-10,1704844800,113995.18420
2024-01-11,1704931200,130149.61672
2024-01-12,1705017600,170276.77740
2024-01-13,1705104000,58242.35269
2024-01-14,1705190400,44616.05612
2024-01-15,1705276800,60367.97621
2024-01-16,1705363200,116052.27078
2024-01-17,1705449600,123561.94583
2024-01-18,1705536000,124842.02447
2024-01-19,1705622400,115401.66031
2024-01-20,1705708800,54843.18513
2024-01-21,1705795200,44697.84957
2024-01-22,1705881600,123452.71509
2024-01-23,1705968000,130434.25960
2024-01-24,1706054400,144195.96286
2024-01-25,1706140800,138282.13947
2024-01-26,1706227200,144101.22616
2024-01-27,1706313600,53988.00918
2024-01-28,1706400000,44069.84140
2024-01-29,1706486400,123034.40137
2024-01-30,1706572800,124650.08042
2024-01-31,1706659200,109477.16619
2024-02-01,1706745600,118532.82408
2024-02-02,1706832000,91997.23282
2024-02-03,1706918400,46760.05031
2024-02-04,1707004800,45413.17139
2024-02-05,1707091200,90001.85305
2024-02-06,1707177600,88543.62270
2024-02-07,1707264000,94305.88509
2024-02-08,1707350400,116536.26079
2024-02-09,1707436800,115512.19392
2024-02-10,1707523200,62736.32805
2024-02-11,1707609600,60761.11082
2024-02-12,1707696000,126706.60682
2024-02-13,1707782400,114608.28903
2024-02-14,1707868800,133011.39515
2024-02-15,1707955200,114014.77079
2024-02-16,1708041600,109071.93381
2024-02-17,1708128000,57872.79680
2024-02-18,1708214400,46092.98514
2024-02-19,1708300800,56273.35063
2024-02-20,1708387200,99040.95963
2024-02-21,1708473600,85688.81673
2024-02-22,1708560000,87964.01721
2024-02-23,1708646400,95066.33456
2024-02-24,1708732800,56959.45710
2024-02-25,1708819200,54796.18441
2024-02-26,1708905600,94470.21975
2024-02-27,1708992000,145529.15052
2024-02-28,1709078400,146036.23870
2024-02-29,1709164800,153183.61088
2024-03-01,1709251200,161762.73712
2024-03-02,1709337600,61678.41845
2024-03-03,1709424000,58296.98762
2024-03-04,1709510400,127192.35201
2024-03-05,1709596800,173537.60772
2024-03-06,1709683200,162857.69638
2024-03-07,1709769600,126342.61339
2024-03-08,1709856000,138929.27929
2024-03-09,1709942400,68293.57507
2024-03-10,1710028800,65052.22276
2024-03-11,1710115200,140394.22838
2024-03-12,1710201600,129213.48061
2024-03-13,1710288000,130527.26335
2024-03-14,1710374400,132057.81593
2024-03-15,1710460800,107077.98513
2024-03-16,1710547200,56550.83235
2024-03-17,1710633600,72733.27401
2024-03-18,1710720000,82412.99583
2024-03-19,1710806400,131476.36622
2024-03-20,1710892800,102563.03910
2024-03-21,1710979200,95564.95213
2024-03-22,1711065600,103584.60108
2024-03-23,1711152000,54121.38950
2024-03-24,1711238400,45980.21854
2024-03-25,1711324800,93746.96385
2024-03-26,1711411200,116326.81867
2024-03-27,1711497600,106142.10975
2024-03-28,1711584000,98286.37925
2024-03-29,1711670400,72872.16319
2024-03-30,1711756800,40729.92720
2024-03-31,1711843200,38541.19008
2024-04-01,1711929600,97327.26759
2024-04-02,1712016000,95192.73590
2024-04-03,1712102400,78844.76363
2024-04-04,1712188800,90671.40310
2024-04-05,1712275200,84900.44588
2024-04-06,1712361600,50432.15712
2024-04-07,1712448000,48510.45871
2024-04-08,1712534400,81025.25939
2024-04-09,1712620800,75208.65077
2024-04-10,1712707200,83295.29640
2024-04-11,1712793600,59832.15352
2024-04-12,1712880000,73106.46296
2024-04-13,1712966400,50230.94440
2024-04-14,1713052800,48206.89121
2024-04-15,1713139200,69688.53522
2024-04-16,1713225600,95305.03600
2024-04-17,1713312000,66116.11485
2024-04-18,1713398400,92502.49995
2024-04-19,1713484800,69163.48325
2024-04-20,1713571200,16894.15819
2024-04-21,1713657600,24755.66200
2024-04-22,1713744000,47442.20034
2024-04-23,1713830400,40083.97035
2024-04-24,1713916800,58751.01172
2024-04-25,1714003200,41282.38211
2024-04-26,1714089600,43549.62186
2024-04-27,1714176000,35537.72400
2024-04-28,1714262400,38629.15477
2024-04-29,1714348800,45973.36580
2024-04-30,1714435200,69172.69820
2024-05-01,1714521600,66525.37120
2024-05-02,1714608000,63193.02259
2024-05-03,1714694400,36016.37448
2024-05-04,1714780800,31493.70664
2024-05-05,1714867200,18105.85751
2024-05-06,1714953600,42347.12883
2024-05-07,1715040000,34083.78334
2024-05-08,1715126400,27744.88587
2024-05-09,1715212800,39589.25403
2024-05-10,1715299200,37634.70796
2024-05-11,1715385600,19907.07237
2024-05-12,1715472000,22854.38903
2024-05-13,1715558400,48763.09429
2024-05-14,1715644800,33201.56728
2024-05-15,1715731200,59615.51914
2024-05-16,1715817600,57026.79531
2024-05-17,1715904000,53723.32727
2024-05-18,1715990400,22728.79808
2024-05-19,1716076800,19431.29271
2024-05-20,1716163200,47024.65152
2024-05-21,1716249600,71942.42489
2024-05-22,1716336000,54289.86532
2024-05-23,1716422400,49849.12273
2024-05-24,1716508800,55223.94006
2024-05-25,1716595200,16812.77754
2024-05-26,1716681600,17349.16511
2024-05-27,1716768000,22173.24530
2024-05-28,1716854400,34288.48526
2024-05-29,1716940800,38958.55915
2024-05-30,1717027200,73260.16696
2024-05-31,1717113600,68985.35426
2024-06-01,1717200000,19479.04102
2024-06-02,1717286400,14880.25769
2024-06-03,1717372800,62781.89136
2024-06-04,1717459200,48395.84776
2024-06-05,1717545600,49865.78277
2024-06-06,1717632000,50258.83979
2024-06-07,1717718400,41782.51553
2024-06-08,1717804800,27473.25545
2024-06-09,1717891200,14358.76875
2024-06-10,1717977600,32544.21562
2024-06-11,1718064000,56929.89324
2024-06-12,1718150400,54111.70714
2024-06-13,1718236800,39259.81654
2024-06-14,1718323200,41261.22318
2024-06-15,1718409600,19241.61790
2024-06-16,1718496000,17731.24657
2024-06-17,1718582400,43581.74461
2024-06-18,1718668800,45200.58229
2024-06-19,1718755200,31777.95870
2024-06-20,1718841600,34440.07996
2024-06-21,1718928000,35491.26953
2024-06-22,1719014400,16228.49934
2024-06-23,1719100800,12187.51756
2024-06-24,1719187200,52059.95857
2024-06-25,1719273600,46741.37337
2024-06-26,1719360000,47639.61645
2024-06-27,1719446400,50350.23355
2024-06-28,1719532800,49000.53654
2024-06-29,1719619200,16322.56475
2024-06-30,1719705600,16231.87701
2024-07-01,1719792000,46386.68414
2024-07-02,1719878400,29041.99881
2024-07-03,1719964800,33400.38472
2024-07-04,1720051200,42142.67929
2024-07-05,1720137600,60380.57117
2024-07-06,1720224000,23885.76035
2024-07-07,1720310400,20621.83678
2024-07-08,1720396800,52322.04155
2024-07-09,1720483200,40941.01731
2024-07-10,1720569600,51000.65831
2024-07-11,1720656000,42432.51566
2024-07-12,1720742400,36910.10764
2024-07-13,1720828800,17672.54295
2024-07-14,1720915200,17252.23874
2024-07-15,1721001600,65511.27809
2024-07-16,1721088000,49809.54677
2024-07-17,1721174400,47894.30950
2024-07-18,1721260800,45063.33606
2024-07-19,1721347200,52161.84335
2024-07-20,1721433600,20435.71465
2024-07-21,1721520000,14060.51348
2024-07-22,1721606400,56590.99725
2024-07-23,1721692800,63919.28035
2024-07-24,1721779200,37498.82015
2024-07-25,1721865600,52650.54321
2024-07-26,1721952000,45907.53316
2024-07-27,1722038400,27724.71126
2024-07-28,1722124800,15641.49539
2024-07-29,1722211200,53144.25568
2024-07-30,1722297600,41505.35404
2024-07-31,1722384000,60812.62225
2024-08-01,1722470400,44787.70115
2024-08-02,1722556800,66324.89945
2024-08-03,1722643200,23241.84578
2024-08-04,1722729600,26589.78069
2024-08-05,1722816000,109152.38886
2024-08-06,1722902400,55314.23865
2024-08-07,1722988800,55410.11890
2024-08-08,1723075200,55771.74199
2024-08-09,1723161600,45292.76441
2024-08-10,1723248000,18503.56379
2024-08-11,1723334400,22831.06478
2024-08-12,1723420800,48499.67466
2024-08-13,1723507200,32649.14269
2024-08-14,1723593600,46037.98551
2024-08-15,1723680000,43858.66983
2024-08-16,1723766400,39267.41703
2024-08-17,1723852800,14611.21246
2024-08-18,1723939200,14133.36350
2024-08-19,1724025600,51534.93915
2024-08-20,1724112000,36355.53999
2024-08-21,1724198400,39214.44054
2024-08-22,1724284800,44888.05830
2024-08-23,1724371200,68106.45448
2024-08-24,1724457600,23225.41888
2024-08-25,1724544000,15946.57570
2024-08-26,1724630400,46209.39327
2024-08-27,1724716800,45453.89163
2024-08-28,1724803200,47009.19884
2024-08-29,1724889600,41854.40814
2024-08-30,1724976000,43107.81775
2024-08-31,1725062400,19224.16543
2024-09-01,1725148800,18238.99160
2024-09-02,1725235200,509.37336
2024-09-03,1725321600,741.77108
2024-09-04,1725408000,242.76035
2024-09-05,1725494400,33298.16436
2024-09-06,1725580800,50538.96924
2024-09-07,1725667200,20149.67410
2024-09-08,1725753600,39284.16118
2024-09-09,1725840000,2203.58933
2024-09-10,1725926400,1722.08189
2024-09-11,1726012800,86860.83172
2024-09-12,1726099200,71937.95351
2024-09-13,1726185600,71619.21156
2024-09-14,1726272000,595.34464
2024-09-15,1726358400,1694.01019
2024-09-16,1726444800,3641.77948
2024-09-17,1726531200,25305.01728
2024-09-18,1726617600,653.55146
2024-09-19,1726704000,1333.93713
2024-09-20,1726790400,1748.99407
2024-09-21,1726876800,33022.54561
2024-09-22,1726963200,1366.35065
2024-09-23,1727049600,1313.80436
2024-09-24,1727136000,1824.72733
2024-09-25,1727222400,66151.04627
2024-09-26,1727308800,92455.62671
2024-09-27,1727395200,87603.43114
2024-09-28,1727481600,295.42697
2024-09-29,1727568000,234.38252
2024-09-30,1727654400,5289.51053
2024-10-01,1727740800,84886.50470
2024-10-02,1727827200,75026.30924
2024-10-03,1727913600,64823.18247
2024-10-04,1728000000,59023.08588
2024-10-05,1728086400,72.10505
2024-10-06,1728172800,397.99213
2024-10-07,1728259200,656.26341
2024-10-08,1728345600,148277.64098
2024-10-09,1728432000,58178.26301
2024-10-10,1728518400,61361.70447
2024-10-11,1728604800,91947.97720
2024-10-12,1728691200,859.25761
2024-10-13,1728777600,502.15239
2024-10-14,1728864000,2113.46109
2024-10-15,1728950400,124092.14876
2024-10-16,1729036800,114116.12099
2024-10-17,1729123200,90183.95663
2024-10-18,1729209600,106317.19164
2024-10-19,1729296000,1211.11542
2024-10-20,1729382400,1231.06299
2024-10-21,1729468800,5399.58602
2024-10-22,1729555200,368.32529
2024-10-23,1729641600,96761.49023
2024-10-24,1729728000,90147.84695
2024-10-25,1729814400,91568.83197
2024-10-26,1729900800,1139.26282
2024-10-27,1729987200,1539.04457
2024-10-28,1730073600,1227.80338
2024-10-29,1730160000,156571.92192
2024-10-30,1730246400,128543.45489
2024-10-31,1730332800,137305.63301
2024-11-01,1730419200,113902.20163
2024-11-02,1730505600,2049.48201
2024-11-03,1730592000,814.14081
2024-11-04,1730678400,2778.26164
2024-11-05,1730764800,114034.08106
2024-11-06,1730851200,229766.88223
2024-11-07,1730937600,156559.51206
2024-11-08,1731024000,178964.02904
2024-11-09,1731110400,2244.72386
2024-11-10,1731196800,5082.74161
2024-11-11,1731283200,8947.82811
2024-11-12,1731369600,179.85575
2024-11-13,1731456000,202039.48324
2024-11-14,1731542400,183612.26173
2024-11-15,1731628800,162069.82953
2024-11-16,1731715200,2898.72391
2024-11-17,1731801600,1931.38801
2024-11-18,1731888000,1855.02043
2024-11-19,1731974400,581.63958
2024-11-20,1732060800,109761.47531
2024-11-21,1732147200,119476.65721
2024-11-22,1732233600,124584.55396
2024-11-23,1732320000,1139.01296
2024-11-24,1732406400,696.96594
2024-11-25,1732492800,4506.05940
2024-11-26,1732579200,127813.71959
2024-11-27,1732665600,80024.19568
2024-11-28,1732752000,46454.59889
2024-11-29,1732838400,70866.06821
2024-11-30,1732924800,645.21832
2024-12-01,1733011200,1937.79856
2024-12-02,1733097600,2058.08687
2024-12-03,1733184000,2319.28908
2024-12-04,1733270400,84001.86778
2024-12-05,1733356800,111537.74515
2024-12-06,1733443200,122538.68956
2024-12-07,1733529600,761.69681
2024-12-08,1733616000,1039.24678
2024-12-09,1733702400,1883.64246
2024-12-10,1733788800,74493.84914
2024-12-11,1733875200,109610.80057
2024-12-12,1733961600,75688.47384
2024-12-13,1734048000,85714.63468
2024-12-14,1734134400,937.67640
2024-12-15,1734220800,1265.31872
2024-12-16,1734307200,5370.35384
2024-12-17,1734393600,66659.27324
2024-12-18,1734480000,67708.15690
2024-12-19,1734566400,75341.42148
2024-12-20,1734652800,88553.08666
2024-12-21,1734739200,222.32600
2024-12-22,1734825600,852.11620
2024-12-23,1734912000,2342.89208
2024-12-24,1734998400,181.82786
2024-12-25,1735084800,34117.14018
2024-12-26,1735171200,51016.93847
2024-12-27,1735257600,49292.88343
2024-12-28,1735344000,907.31734
2024-12-29,1735430400,644.49299
2024-12-30,1735516800,1127.17854
2024-12-31,1735603200,52630.36010
2025-01-01,1735689600,36569.82147
2025-01-02,1735776000,42803.34944
2025-01-03,1735862400,48628.02735
2025-01-04,1735948800,518.91295
2025-01-05,1736035200,634.80680
2025-01-06,1736121600,2316.66413
2025-01-07,1736208000,69976.39655
2025-01-08,1736294400,63783.87891
2025-01-09,1736380800,47273.88399
2025-01-10,1736467200,43941.58731
2025-01-11,1736553600,1506.94995
2025-01-12,1736640000,621.28431
2025-01-13,1736726400,1180.02047
2025-01-14,1736812800,51132.10919
2025-01-15,1736899200,56827.95393
2025-01-16,1736985600,68220.45033
2025-01-17,1737072000,73940.96587
2025-01-18,1737158400,1727.98681
2025-01-19,1737244800,3133.23282
2025-01-20,1737331200,548.83700
2025-01-21,1737417600,75623.44399
2025-01-22,1737504000,60531.78721
2025-01-23,1737590400,60072.11786
2025-01-24,1737676800,55458.38738
2025-01-25,1737763200,943.75408
2025-01-26,1737849600,452.13730
2025-01-27,1737936000,2579.18605
2025-01-28,1738022400,52926.28526
2025-01-29,1738108800,34196.90066
2025-01-30,1738195200,43661.58648
2025-01-31,1738281600,58926.57814
2025-02-01,1738368000,1355.84865
2025-02-02,1738454400,5260.61121
2025-02-03,1738540800,2738.74507
2025-02-04,1738627200,46758.21599
2025-02-05,1738713600,99585.85239
2025-02-06,1738800000,51573.96618
2025-02-07,1738886400,51480.22320
2025-02-08,1738972800,688.04499
2025-02-09,1739059200,832.16165
2025-02-10,1739145600,1847.53316
2025-02-11,1739232000,55391.59177
2025-02-12,1739318400,41844.26014
2025-02-13,1739404800,37565.35936
2025-02-14,1739491200,46878.43792
2025-02-15,1739577600,613.80377
2025-02-16,1739664000,1033.32123
2025-02-17,1739750400,2282.19154
2025-02-18,1739836800,42717.73544
2025-02-19,1739923200,52547.09517
2025-02-20,1740009600,43300.86464
2025-02-21,1740096000,61078.23778
2025-02-22,1740182400,546.44265
2025-02-23,1740268800,154.90761
2025-02-24,1740355200,926.05371
2025-02-25,1740441600,92065.18841
2025-02-26,1740528000,84389.03978
2025-02-27,1740614400,64691.71994
2025-02-28,1740700800,91410.04138
2025-03-01,1740787200,954.20858
2025-03-02,1740873600,374.75359
2025-03-03,1740960000,917.50548
2025-03-04,1741046400,56526.27819
2025-03-05,1741132800,38411.09088
2025-03-06,1741219200,53103.14137
2025-03-07,1741305600,50311.86624
2025-03-08,1741392000,463.84104
2025-03-09,1741478400,816.66514
2025-03-10,1741564800,1158.05924
2025-03-11,1741651200,1245.08054
2025-03-12,1741737600,47078.82417
2025-03-13,1741824000,58182.21708
2025-03-14,1741910400,43859.16520
2025-03-15,1741996800,266.68070
2025-03-16,1742083200,169.45898
2025-03-17,1742169600,139.66699
2025-03-18,1742256000,33293.65572
2025-03-19,1742342400,42981.49783
2025-03-20,1742428800,53847.11834
2025-03-21,1742515200,35103.82145
2025-03-22,1742601600,135.66543
2025-03-23,1742688000,496.17846
2025-03-24,1742774400,1320.58934
2025-03-25,1742860800,43093.60070
2025-03-26,1742947200,40295.58724
2025-03-27,1743033600,45530.72162
2025-03-28,1743120000,60512.94779
2025-03-29,1743206400,336.54482
2025-03-30,1743292800,470.57671
2025-03-31,1743379200,365.83893
2025-04-01,1743465600,46318.15446
2025-04-02,1743552000,56208.61262
2025-04-03,1743638400,67385.73422
2025-04-04,1743724800,57534.21259
2025-04-05,1743811200,1370.42032
2025-04-06,1743897600,1337.63871
2025-04-07,1743984000,355.72491
2025-04-08,1744070400,610.75461
2025-04-09,1744156800,62670.92067
2025-04-10,1744243200,48301.55217
2025-04-11,1744329600,52357.98720
2025-04-12,1744416000,1045.58618
2025-04-13,1744502400,1319.12211
2025-04-14,1744588800,2611.07488
2025-04-15,1744675200,693.63361
2025-04-16,1744761600,60956.59216
2025-04-17,1744848000,49712.82233
2025-04-18,1744934400,25033.21738
2025-04-19,1745020800,547.47771
2025-04-20,1745107200,1246.02967
2025-04-21,1745193600,1561.25907
2025-04-22,1745280000,71369.89065
2025-04-23,1745366400,91774.73094
2025-04-24,1745452800,86051.01990
2025-04-25,1745539200,75685.52754
2025-04-26,1745625600,485.67231
2025-04-27,1745712000,9517.63892
2025-04-28,1745798400,2006.05914
2025-04-29,1745884800,59253.20907
2025-04-30,1745971200,40774.22829
2025-05-01,1746057600,63850.08922
2025-05-02,1746144000,59944.24452
2025-05-03,1746230400,481.09970
2025-05-04,1746316800,673.93945
2025-05-05,1746403200,2987.50551
2025-05-06,1746489600,57190.24383
2025-05-07,1746576000,55118.80005
2025-05-08,1746662400,65929.61165
2025-05-09,1746748800,66872.83496
2025-05-10,1746835200,811.90047
2025-05-11,1746921600,752.88036
2025-05-12,1747008000,1059.42222
2025-05-13,1747094400,42398.85066
2025-05-14,1747180800,45369.31698
2025-05-15,1747267200,54151.33689
2025-05-16,1747353600,48554.40499
2025-05-17,1747440000,229.53643
2025-05-18,1747526400,765.59446
2025-05-19,1747612800,929.39770
2025-05-20,1747699200,56560.18924
2025-05-21,1747785600,61510.43358
2025-05-22,1747872000,73811.59294
2025-05-23,1747958400,76836.12907
2025-05-24,1748044800,637.37857
2025-05-25,1748131200,536.87900
2025-05-26,1748217600,1047.51761
2025-05-27,1748304000,65940.29784
2025-05-28,1748390400,60339.50099
2025-05-29,1748476800,56234.15284
2025-05-30,1748563200,56038.07468
2025-05-31,1748649600,634.77252
2025-06-01,1748736000,157.70071
2025-06-02,1748822400,108.17513
2025-06-03,1748908800,65096.36756
2025-06-04,1748995200,53826.61601
2025-06-05,1749081600,48363.57466
2025-06-06,1749168000,63003.10092
2025-06-07,1749254400,295.76513
2025-06-08,1749340800,573.24821
2025-06-09,1749427200,669.06616
2025-06-10,1749513600,47514.14373
2025-06-11,1749600000,37171.54780
2025-06-12,1749686400,29274.88514
2025-06-13,1749772800,44571.21748
2025-06-14,1749859200,369.08102
2025-06-15,1749945600,1366.26126
2025-06-16,1750032000,1468.08548
2025-06-17,1750118400,38299.73889
2025-06-18,1750204800,48305.27606
2025-06-19,1750291200,26005.39700
2025-06-20,1750377600,33482.22417
2025-06-21,1750464000,870.13739
2025-06-22,1750550400,1507.63045
2025-06-23,1750636800,1350.99988
2025-06-24,1750723200,34701.31731
2025-06-25,1750809600,45410.63346
2025-06-26,1750896000,41465.64764
2025-06-27,1750982400,46790.96280
2025-06-28,1751068800,432.17474
2025-06-29,1751155200,1213.57090
2025-06-30,1751241600,1425.43598
