d,unixTs,realizedLossLth
2020-01-01,1577836800,-1502.06384820
2020-01-02,1577923200,-1404.25881330
2020-01-03,1578009600,-1349.43586130
2020-01-04,1578096000,-1309.67197070
2020-01-05,1578182400,-1254.19770200
2020-01-06,1578268800,-1307.49939620
2020-01-07,1578355200,-1538.71362880
2020-01-08,1578441600,-1504.27954420
2020-01-09,1578528000,-1424.13490440
2020-01-10,1578614400,-1448.86767500
2020-01-11,1578700800,-1336.78635110
2020-01-12,1578787200,-1307.96067010
2020-01-13,1578873600,-1204.73435650
2020-01-14,1578960000,-3348.66536180
2020-01-15,1579046400,-3264.06001660
2020-01-16,1579132800,-3054.99673040
2020-01-17,1579219200,-2757.84636670
2020-01-18,1579305600,-2517.01557810
2020-01-19,1579392000,-2247.08443810
2020-01-20,1579478400,-2069.33285870
2020-01-21,1579564800,-1933.30636600
2020-01-22,1579651200,-1958.70631670
2020-01-23,1579737600,-1872.96600370
2020-01-24,1579824000,-1702.67689730
2020-01-25,1579910400,-1522.98522120
2020-01-26,1579996800,-1380.84747150
2020-01-27,1580083200,-1321.63065770
2020-01-28,1580169600,-1270.53817690
2020-01-29,1580256000,-1429.62861280
2020-01-30,1580342400,-1399.18641830
2020-01-31,1580428800,-1332.06563900
2020-02-01,1580515200,-1285.94243240
2020-02-02,1580601600,-1655.36441370
2020-02-03,1580688000,-2873.38594090
2020-02-04,1580774400,-2675.42665840
2020-02-05,1580860800,-2442.59811860
2020-02-06,1580947200,-2666.76777210
2020-02-07,1581033600,-2403.35375680
2020-02-08,1581120000,-2164.36963260
2020-02-09,1581206400,-1995.53380720
2020-02-10,1581292800,-1779.91365020
2020-02-11,1581379200,-1644.20905590
2020-02-12,1581465600,-1524.05867470
2020-02-13,1581552000,-1409.43734180
2020-02-14,1581638400,-1312.01108850
2020-02-15,1581724800,-1291.37874660
2020-02-16,1581811200,-1151.18401910
2020-02-17,1581897600,-1039.19120230
2020-02-18,1581984000,-986.31859300
2020-02-19,1582070400,-921.71823230
2020-02-20,1582156800,-1258.44904830
2020-02-21,1582243200,-1290.91523530
2020-02-22,1582329600,-1149.32746740
2020-02-23,1582416000,-1039.75646840
2020-02-24,1582502400,-953.89494480
2020-02-25,1582588800,-945.39203010
2020-02-26,1582675200,-911.24971590
2020-02-27,1582761600,-883.23715450
2020-02-28,1582848000,-888.10366240
2020-02-29,1582934400,-980.48343220
2020-03-01,1583020800,-914.84915170
2020-03-02,1583107200,-1028.60407710
2020-03-03,1583193600,-1160.40982830
2020-03-04,1583280000,-1171.89535530
2020-03-05,1583366400,-1482.82306500
2020-03-06,1583452800,-1367.00220310
2020-03-07,1583539200,-1247.90408240
2020-03-08,1583625600,-1152.80916290
2020-03-09,1583712000,-1651.51883860
2020-03-10,1583798400,-1781.46340160
2020-03-11,1583884800,-2381.17898560
2020-03-12,1583971200,-5122.69398220
2020-03-13,1584057600,-8054.60433160
2020-03-14,1584144000,-8753.77951030
2020-03-15,1584230400,-8403.18613640
2020-03-16,1584316800,-9039.84897240
2020-03-17,1584403200,-10158.07340150
2020-03-18,1584489600,-9388.11936480
2020-03-19,1584576000,-9375.30785250
2020-03-20,1584662400,-8740.17804520
2020-03-21,1584748800,-7868.24610570
2020-03-22,1584835200,-7114.02610490
2020-03-23,1584921600,-7054.73007040
2020-03-24,1585008000,-6722.81123830
2020-03-25,1585094400,-7204.35837030
2020-03-26,1585180800,-6519.49630300
2020-03-27,1585267200,-5878.35860140
2020-03-28,1585353600,-5384.12049870
2020-03-29,1585440000,-5575.34024180
2020-03-30,1585526400,-5528.41677440
2020-03-31,1585612800,-5081.83876100
2020-04-01,1585699200,-4626.40790530
2020-04-02,1585785600,-4527.04337280
2020-04-03,1585872000,-4160.24971810
2020-04-04,1585958400,-3717.33182860
2020-04-05,1586044800,-3411.66498100
2020-04-06,1586131200,-3361.51987180
2020-04-07,1586217600,-3718.00352780
2020-04-08,1586304000,-3402.13280400
2020-04-09,1586390400,-3364.30805410
2020-04-10,1586476800,-3314.86359640
2020-04-11,1586563200,-3038.02695410
2020-04-12,1586649600,-2710.13179920
2020-04-13,1586736000,-2525.53663810
2020-04-14,1586822400,-2353.53216750
2020-04-15,1586908800,-2222.51373990
2020-04-16,1586995200,-2236.78188820
2020-04-17,1587081600,-2222.15355520
2020-04-18,1587168000,-2054.88852190
2020-04-19,1587254400,-2017.11269980
2020-04-20,1587340800,-2134.51531860
2020-04-21,1587427200,-2172.50358080
2020-04-22,1587513600,-2302.05917280
2020-04-23,1587600000,-2468.15677210
2020-04-24,1587686400,-2366.64833470
2020-04-25,1587772800,-2144.48459190
2020-04-26,1587859200,-1923.18194240
2020-04-27,1587945600,-1791.47291290
2020-04-28,1588032000,-1656.44943340
2020-04-29,1588118400,-2007.31866350
2020-04-30,1588204800,-2007.54149820
2020-05-01,1588291200,-1864.49970750
2020-05-02,1588377600,-1682.63062810
2020-05-03,1588464000,-1565.24467190
2020-05-04,1588550400,-1481.20291430
2020-05-05,1588636800,-1377.45929480
2020-05-06,1588723200,-1604.87703880
2020-05-07,1588809600,-1596.33461830
2020-05-08,1588896000,-1660.14240430
2020-05-09,1588982400,-1547.22743390
2020-05-10,1589068800,-1403.01870760
2020-05-11,1589155200,-1354.99041510
2020-05-12,1589241600,-1236.70422390
2020-05-13,1589328000,-1142.68433300
2020-05-14,1589414400,-1137.30774830
2020-05-15,1589500800,-1310.32596140
2020-05-16,1589587200,-1168.11947450
2020-05-17,1589673600,-1045.18949360
2020-05-18,1589760000,-953.51208040
2020-05-19,1589846400,-858.43970790
2020-05-20,1589932800,-810.49638640
2020-05-21,1590019200,-871.82141020
2020-05-22,1590105600,-802.33494720
2020-05-23,1590192000,-763.54639130
2020-05-24,1590278400,-719.69043890
2020-05-25,1590364800,-663.86170690
2020-05-26,1590451200,-635.65085070
2020-05-27,1590537600,-608.76707010
2020-05-28,1590624000,-725.91877550
2020-05-29,1590710400,-1074.51546520
2020-05-30,1590796800,-1034.49472400
2020-05-31,1590883200,-1182.14326810
2020-06-01,1590969600,-1544.43714460
2020-06-02,1591056000,-1452.41945390
2020-06-03,1591142400,-1294.80189080
2020-06-04,1591228800,-1228.90115120
2020-06-05,1591315200,-1125.64019650
2020-06-06,1591401600,-1013.92113930
2020-06-07,1591488000,-909.51951000
2020-06-08,1591574400,-823.27583130
2020-06-09,1591660800,-763.26209880
2020-06-10,1591747200,-740.26016220
2020-06-11,1591833600,-683.78520600
2020-06-12,1591920000,-661.80426940
2020-06-13,1592006400,-598.27689920
2020-06-14,1592092800,-536.60560110
2020-06-15,1592179200,-521.25193200
2020-06-16,1592265600,-501.63671860
2020-06-17,1592352000,-466.17018480
2020-06-18,1592438400,-453.11594090
2020-06-19,1592524800,-429.02052390
2020-06-20,1592611200,-400.27041480
2020-06-21,1592697600,-386.84433000
2020-06-22,1592784000,-396.72765940
2020-06-23,1592870400,-377.88766590
2020-06-24,1592956800,-485.47758700
2020-06-25,1593043200,-462.08369080
2020-06-26,1593129600,-422.89898650
2020-06-27,1593216000,-427.85932990
2020-06-28,1593302400,-450.89973060
2020-06-29,1593388800,-508.26383040
2020-06-30,1593475200,-501.18423540
2020-07-01,1593561600,-484.88305130
2020-07-02,1593648000,-466.49618410
2020-07-03,1593734400,-428.26431480
2020-07-04,1593820800,-415.51683720
2020-07-05,1593907200,-386.38293650
2020-07-06,1593993600,-382.33671630
2020-07-07,1594080000,-375.47080690
2020-07-08,1594166400,-365.01825910
2020-07-09,1594252800,-345.03063800
2020-07-10,1594339200,-336.74476820
2020-07-11,1594425600,-319.88263700
2020-07-12,1594512000,-295.87440540
2020-07-13,1594598400,-459.80102860
2020-07-14,1594684800,-442.66536250
2020-07-15,1594771200,-468.59829700
2020-07-16,1594857600,-446.89642780
2020-07-17,1594944000,-506.63649010
2020-07-18,1595030400,-478.69626030
2020-07-19,1595116800,-446.98033600
2020-07-20,1595203200,-417.07757500
2020-07-21,1595289600,-600.27422870
2020-07-22,1595376000,-607.59843090
2020-07-23,1595462400,-597.80977540
2020-07-24,1595548800,-560.54781830
2020-07-25,1595635200,-523.05924340
2020-07-26,1595721600,-504.51774860
2020-07-27,1595808000,-556.25679140
2020-07-28,1595894400,-644.01786500
2020-07-29,1595980800,-576.05937070
2020-07-30,1596067200,-516.38506340
2020-07-31,1596153600,-462.92536520
2020-08-01,1596240000,-428.14431230
2020-08-02,1596326400,-390.08005200
2020-08-03,1596412800,-362.17021010
2020-08-04,1596499200,-354.79105470
2020-08-05,1596585600,-338.41005660
2020-08-06,1596672000,-330.15386600
2020-08-07,1596758400,-293.03371420
2020-08-08,1596844800,-262.59654210
2020-08-09,1596931200,-274.79318540
2020-08-10,1597017600,-265.49759850
2020-08-11,1597104000,-244.44407050
2020-08-12,1597190400,-362.37461190
2020-08-13,1597276800,-341.78840460
2020-08-14,1597363200,-309.48816190
2020-08-15,1597449600,-274.52522930
2020-08-16,1597536000,-248.58484820
2020-08-17,1597622400,-224.22789880
2020-08-18,1597708800,-204.73781990
2020-08-19,1597795200,-184.98855030
2020-08-20,1597881600,-166.94298090
2020-08-21,1597968000,-171.78501190
2020-08-22,1598054400,-171.01272090
2020-08-23,1598140800,-162.59780300
2020-08-24,1598227200,-148.78319560
2020-08-25,1598313600,-153.65688310
2020-08-26,1598400000,-154.08539320
2020-08-27,1598486400,-141.71801050
2020-08-28,1598572800,-128.97369020
2020-08-29,1598659200,-118.04526400
2020-08-30,1598745600,-112.53579590
2020-08-31,1598832000,-109.64069200
2020-09-01,1598918400,-117.74246660
2020-09-02,1599004800,-110.40290970
2020-09-03,1599091200,-112.43639540
2020-09-04,1599177600,-112.05524560
2020-09-05,1599264000,-179.12201230
2020-09-06,1599350400,-232.10336570
2020-09-07,1599436800,-217.28207790
2020-09-08,1599523200,-206.76995260
2020-09-09,1599609600,-267.83035300
2020-09-10,1599696000,-386.37927880
2020-09-11,1599782400,-348.32293690
2020-09-12,1599868800,-375.64787990
2020-09-13,1599955200,-338.18636570
2020-09-14,1600041600,-305.78712590
2020-09-15,1600128000,-280.48209090
2020-09-16,1600214400,-254.81448510
2020-09-17,1600300800,-277.00848240
2020-09-18,1600387200,-304.66654390
2020-09-19,1600473600,-305.49086320
2020-09-20,1600560000,-315.71944290
2020-09-21,1600646400,-280.10581650
2020-09-22,1600732800,-253.93782950
2020-09-23,1600819200,-232.44209320
2020-09-24,1600905600,-216.30653940
2020-09-25,1600992000,-199.07831180
2020-09-26,1601078400,-217.02858820
2020-09-27,1601164800,-245.07508420
2020-09-28,1601251200,-225.73824580
2020-09-29,1601337600,-219.86502930
2020-09-30,1601424000,-211.82500940
2020-10-01,1601510400,-235.65198190
2020-10-02,1601596800,-219.21382800
2020-10-03,1601683200,-200.18790420
2020-10-04,1601769600,-193.73130400
2020-10-05,1601856000,-194.23418040
2020-10-06,1601942400,-190.00339070
2020-10-07,1602028800,-225.14183110
2020-10-08,1602115200,-231.32759350
2020-10-09,1602201600,-232.80239140
2020-10-10,1602288000,-209.88352890
2020-10-11,1602374400,-189.81937280
2020-10-12,1602460800,-225.70193660
2020-10-13,1602547200,-205.12298000
2020-10-14,1602633600,-186.10177690
2020-10-15,1602720000,-167.85192150
2020-10-16,1602806400,-151.49378040
2020-10-17,1602892800,-134.05208890
2020-10-18,1602979200,-119.43300310
2020-10-19,1603065600,-108.93833560
2020-10-20,1603152000,-103.72712860
2020-10-21,1603238400,-111.72177640
2020-10-22,1603324800,-111.35607890
2020-10-23,1603411200,-102.74621990
2020-10-24,1603497600,-95.76224850
2020-10-25,1603584000,-88.94606190
2020-10-26,1603670400,-81.57361470
2020-10-27,1603756800,-83.19442440
2020-10-28,1603843200,-76.38683580
2020-10-29,1603929600,-72.04287610
2020-10-30,1604016000,-66.00857130
2020-10-31,1604102400,-66.04639180
2020-11-01,1604188800,-59.09931570
2020-11-02,1604275200,-55.29011410
2020-11-03,1604361600,-53.80483680
2020-11-04,1604448000,-56.18039960
2020-11-05,1604534400,-56.73497960
2020-11-06,1604620800,-57.86066620
2020-11-07,1604707200,-51.46037660
2020-11-08,1604793600,-47.27540170
2020-11-09,1604880000,-43.17436550
2020-11-10,1604966400,-39.37543350
2020-11-11,1605052800,-37.98020000
2020-11-12,1605139200,-36.79239440
2020-11-13,1605225600,-34.03857430
2020-11-14,1605312000,-30.30321230
2020-11-15,1605398400,-27.49949400
2020-11-16,1605484800,-26.09049130
2020-11-17,1605571200,-29.68988320
2020-11-18,1605657600,-27.02079510
2020-11-19,1605744000,-23.91074270
2020-11-20,1605830400,-21.67753790
2020-11-21,1605916800,-19.01329790
2020-11-22,1606003200,-16.73861230
2020-11-23,1606089600,-15.09228350
2020-11-24,1606176000,-13.73493700
2020-11-25,1606262400,-12.05481800
2020-11-26,1606348800,-10.56334550
2020-11-27,1606435200,-9.73443850
2020-11-28,1606521600,-8.72323850
2020-11-29,1606608000,-8.37432070
2020-11-30,1606694400,-7.47364390
2020-12-01,1606780800,-6.64274590
2020-12-02,1606867200,-5.82042730
2020-12-03,1606953600,-5.10303210
2020-12-04,1607040000,-4.48161570
2020-12-05,1607126400,-3.92305810
2020-12-06,1607212800,-3.44043510
2020-12-07,1607299200,-3.01791780
2020-12-08,1607385600,-2.64353400
2020-12-09,1607472000,-2.31898690
2020-12-10,1607558400,-2.21870180
2020-12-11,1607644800,-2.00115090
2020-12-12,1607731200,-2.54716070
2020-12-13,1607817600,-2.39687220
2020-12-14,1607904000,-2.14717280
2020-12-15,1607990400,-1.88929890
2020-12-16,1608076800,-1.65577900
2020-12-17,1608163200,-1.44880660
2020-12-18,1608249600,-1.26770580
2020-12-19,1608336000,-1.10924260
2020-12-20,1608422400,-0.97058730
2020-12-21,1608508800,-0.84926390
2020-12-22,1608595200,-0.74310590
2020-12-23,1608681600,-0.65021760
2020-12-24,1608768000,-0.56894040
2020-12-25,1608854400,-0.49782290
2020-12-26,1608940800,-0.43559500
2020-12-27,1609027200,-0.38114560
2020-12-28,1609113600,-0.33350240
2020-12-29,1609200000,-0.29181460
2020-12-30,1609286400,-0.25533780
2020-12-31,1609372800,-0.22342060
2021-01-01,1609459200,-0.19549300
2021-01-02,1609545600,-0.17105640
2021-01-03,1609632000,-0.14967430
2021-01-04,1609718400,-0.13096500
2021-01-05,1609804800,-0.11459440
2021-01-06,1609891200,-0.10027010
2021-01-07,1609977600,-0.08773630
2021-01-08,1610064000,-0.07676930
2021-01-09,1610150400,-0.06717310
2021-01-10,1610236800,-0.05877650
2021-01-11,1610323200,-0.05142940
2021-01-12,1610409600,-0.04500080
2021-01-13,1610496000,-0.03937570
2021-01-14,1610582400,-0.03445370
2021-01-15,1610668800,-0.03014700
2021-01-16,1610755200,-0.02637860
2021-01-17,1610841600,-0.02308130
2021-01-18,1610928000,-0.02019610
2021-01-19,1611014400,-0.01767160
2021-01-20,1611100800,-0.01546270
2021-01-21,1611187200,-0.01352980
2021-01-22,1611273600,-0.01183860
2021-01-23,1611360000,-0.01035880
2021-01-24,1611446400,-0.00906390
2021-01-25,1611532800,-0.00793090
2021-01-26,1611619200,-0.00693960
2021-01-27,1611705600,-0.00607210
2021-01-28,1611792000,-0.00531310
2021-01-29,1611878400,-0.00464900
2021-01-30,1611964800,-0.00406780
2021-01-31,1612051200,-0.00355940
2021-02-01,1612137600,-0.00311440
2021-02-02,1612224000,-0.00272510
2021-02-03,1612310400,-0.00238450
2021-02-04,1612396800,-0.00208640
2021-02-05,1612483200,-0.00182560
2021-02-06,1612569600,-0.00159740
2021-02-07,1612656000,-0.00139770
2021-02-08,1612742400,-0.00122300
2021-02-09,1612828800,-0.00107020
2021-02-10,1612915200,-0.00093640
2021-02-11,1613001600,-0.00081930
2021-02-12,1613088000,-0.00071690
2021-02-13,1613174400,-0.00062730
2021-02-14,1613260800,-0.00054890
2021-02-15,1613347200,-0.00048030
2021-02-16,1613433600,-0.00042020
2021-02-17,1613520000,-0.00036770
2021-02-18,1613606400,-0.00032170
2021-02-19,1613692800,-0.00028150
2021-02-20,1613779200,-0.00024630
2021-02-21,1613865600,-0.00021550
2021-02-22,1613952000,-0.00018860
2021-02-23,1614038400,-0.00016500
2021-02-24,1614124800,-0.00014440
2021-02-25,1614211200,-0.00012630
2021-02-26,1614297600,-0.00011060
2021-02-27,1614384000,-0.00009670
2021-02-28,1614470400,-0.00008460
2021-03-01,1614556800,-0.00007410
2021-03-02,1614643200,-0.00006480
2021-03-03,1614729600,-0.00005670
2021-03-04,1614816000,-0.00004960
2021-03-05,1614902400,-0.00004340
2021-03-06,1614988800,-0.00003800
2021-03-07,1615075200,-0.00003320
2021-03-08,1615161600,-0.00002910
2021-03-09,1615248000,-0.00002540
2021-03-10,1615334400,-0.00002230
2021-03-11,1615420800,-0.00001950
2021-03-12,1615507200,-0.00001700
2021-03-13,1615593600,-0.00001490
2021-03-14,1615680000,-0.00001310
2021-03-15,1615766400,-0.00001140
2021-03-16,1615852800,-0.00001000
2021-03-17,1615939200,-0.00000870
2021-03-18,1616025600,-0.00000770
2021-03-19,1616112000,-0.00000670
2021-03-20,1616198400,-0.00000590
2021-03-21,1616284800,-0.00000510
2021-03-22,1616371200,-0.00000450
2021-03-23,1616457600,-0.00000390
2021-03-24,1616544000,-0.00000340
2021-03-25,1616630400,-0.00000300
2021-03-26,1616716800,-0.00000260
2021-03-27,1616803200,-0.00000230
2021-03-28,1616889600,-0.00000200
2021-03-29,1616976000,-0.00000180
2021-03-30,1617062400,-0.00000150
2021-03-31,1617148800,-0.00000130
2021-04-01,1617235200,-0.00000120
2021-04-02,1617321600,-0.00000100
2021-04-03,1617408000,-0.00000090
2021-04-04,1617494400,-0.00000080
2021-04-05,1617580800,-0.00000070
2021-04-06,1617667200,-0.00000060
2021-04-07,1617753600,-0.00000050
2021-04-08,1617840000,-0.00000050
2021-04-09,1617926400,-0.00000040
2021-04-10,1618012800,-0.00000040
2021-04-11,1618099200,-0.00000030
2021-04-12,1618185600,-0.00000030
2021-04-13,1618272000,-0.00000020
2021-04-14,1618358400,-0.00000020
2021-04-15,1618444800,-0.00000020
2021-04-16,1618531200,-0.00000020
2021-04-17,1618617600,-0.00000010
2021-04-18,1618704000,-0.00000010
2021-04-19,1618790400,-0.00000010
2021-04-20,1618876800,-0.00000010
2021-04-21,1618963200,-0.00000010
2021-04-22,1619049600,-0.00000010
2021-04-23,1619136000,-0.00000010
2021-04-24,1619222400,-0.00000010
2021-04-25,1619308800,0.00000000
2021-04-26,1619395200,0.00000000
2021-04-27,1619481600,0.00000000
2021-04-28,1619568000,0.00000000
2021-04-29,1619654400,0.00000000
2021-04-30,1619740800,0.00000000
2021-05-01,1619827200,0.00000000
2021-05-02,1619913600,0.00000000
2021-05-03,1620000000,0.00000000
2021-05-04,1620086400,0.00000000
2021-05-05,1620172800,0.00000000
2021-05-06,1620259200,0.00000000
2021-05-07,1620345600,0.00000000
2021-05-08,1620432000,0.00000000
2021-05-09,1620518400,0.00000000
2021-05-10,1620604800,0.00000000
2021-05-11,1620691200,0.00000000
2021-05-12,1620777600,0.00000000
2021-05-13,1620864000,0.00000000
2021-05-14,1620950400,0.00000000
2021-05-15,1621036800,0.00000000
2021-05-16,1621123200,0.00000000
2021-05-17,1621209600,0.00000000
2021-05-18,1621296000,0.00000000
2021-05-19,1621382400,0.00000000
2021-05-20,1621468800,0.00000000
2021-05-21,1621555200,0.00000000
2021-05-22,1621641600,0.00000000
2021-05-23,1621728000,0.00000000
2021-05-24,1621814400,0.00000000
2021-05-25,1621900800,0.00000000
2021-05-26,1621987200,0.00000000
2021-05-27,1622073600,0.00000000
2021-05-28,1622160000,0.00000000
2021-05-29,1622246400,0.00000000
2021-05-30,1622332800,0.00000000
2021-05-31,1622419200,0.00000000
2021-06-01,1622505600,0.00000000
2021-06-02,1622592000,0.00000000
2021-06-03,1622678400,0.00000000
2021-06-04,1622764800,0.00000000
2021-06-05,1622851200,0.00000000
2021-06-06,1622937600,0.00000000
2021-06-07,1623024000,0.00000000
2021-06-08,1623110400,0.00000000
2021-06-09,1623196800,-0.08047430
2021-06-10,1623283200,-0.07041500
2021-06-11,1623369600,-0.06162250
2021-06-12,1623456000,-0.09421200
2021-06-13,1623542400,-0.22517690
2021-06-14,1623628800,-7.00293170
2021-06-15,1623715200,-6.94439410
2021-06-16,1623801600,-6.11822290
2021-06-17,1623888000,-5.44571630
2021-06-18,1623974400,-5.28760610
2021-06-19,1624060800,-4.88974770
2021-06-20,1624147200,-5.04322550
2021-06-21,1624233600,-8.32443480
2021-06-22,1624320000,-22.75978420
2021-06-23,1624406400,-64.91531880
2021-06-24,1624492800,-106.97613370
2021-06-25,1624579200,-96.49907970
2021-06-26,1624665600,-88.54162550
2021-06-27,1624752000,-80.11524430
2021-06-28,1624838400,-83.46796270
2021-06-29,1624924800,-101.91887990
2021-06-30,1625011200,-93.92182360
2021-07-01,1625097600,-83.84277830
2021-07-02,1625184000,-95.00725030
2021-07-03,1625270400,-85.48982540
2021-07-04,1625356800,-76.03980290
2021-07-05,1625443200,-67.63458430
2021-07-06,1625529600,-63.52766350
2021-07-07,1625616000,-80.45319240
2021-07-08,1625702400,-72.64211140
2021-07-09,1625788800,-71.50518900
2021-07-10,1625875200,-64.85465440
2021-07-11,1625961600,-58.66596260
2021-07-12,1626048000,-56.57724530
2021-07-13,1626134400,-61.01522370
2021-07-14,1626220800,-87.23864710
2021-07-15,1626307200,-88.20661600
2021-07-16,1626393600,-88.02896040
2021-07-17,1626480000,-82.20634450
2021-07-18,1626566400,-80.41000560
2021-07-19,1626652800,-87.46277320
2021-07-20,1626739200,-104.06163300
2021-07-21,1626825600,-166.29976420
2021-07-22,1626912000,-160.04677660
2021-07-23,1626998400,-158.92336180
2021-07-24,1627084800,-144.42633790
2021-07-25,1627171200,-139.98605390
2021-07-26,1627257600,-165.56266220
2021-07-27,1627344000,-173.47474490
2021-07-28,1627430400,-161.87146160
2021-07-29,1627516800,-182.82136600
2021-07-30,1627603200,-260.11267930
2021-07-31,1627689600,-322.49833690
2021-08-01,1627776000,-295.42699980
2021-08-02,1627862400,-275.14559290
2021-08-03,1627948800,-290.39803750
2021-08-04,1628035200,-265.36473640
2021-08-05,1628121600,-269.16749000
2021-08-06,1628208000,-245.64284450
2021-08-07,1628294400,-221.59461360
2021-08-08,1628380800,-207.65648560
2021-08-09,1628467200,-196.51709600
2021-08-10,1628553600,-177.34934490
2021-08-11,1628640000,-172.13522770
2021-08-12,1628726400,-154.58733980
2021-08-13,1628812800,-140.41657240
2021-08-14,1628899200,-129.54143730
2021-08-15,1628985600,-117.22592800
2021-08-16,1629072000,-110.17636620
2021-08-17,1629158400,-121.96529220
2021-08-18,1629244800,-117.71536620
2021-08-19,1629331200,-108.31989960
2021-08-20,1629417600,-112.43506750
2021-08-21,1629504000,-107.42407420
2021-08-22,1629590400,-99.68554900
2021-08-23,1629676800,-123.00232610
2021-08-24,1629763200,-116.24284010
2021-08-25,1629849600,-107.71202220
2021-08-26,1629936000,-175.62081250
2021-08-27,1630022400,-162.74409890
2021-08-28,1630108800,-148.84306810
2021-08-29,1630195200,-133.10591990
2021-08-30,1630281600,-138.98790140
2021-08-31,1630368000,-136.60009870
2021-09-01,1630454400,-150.44666990
2021-09-02,1630540800,-183.63544340
2021-09-03,1630627200,-176.04306500
2021-09-04,1630713600,-164.25134900
2021-09-05,1630800000,-151.05015720
2021-09-06,1630886400,-159.22299010
2021-09-07,1630972800,-237.23768580
2021-09-08,1631059200,-230.47970510
2021-09-09,1631145600,-221.91194930
2021-09-10,1631232000,-218.94917830
2021-09-11,1631318400,-254.58242820
2021-09-12,1631404800,-235.90740510
2021-09-13,1631491200,-228.90580050
2021-09-14,1631577600,-273.80286770
2021-09-15,1631664000,-268.48811150
2021-09-16,1631750400,-278.08407300
2021-09-17,1631836800,-257.69295400
2021-09-18,1631923200,-269.97726150
2021-09-19,1632009600,-257.10528730
2021-09-20,1632096000,-253.15381190
2021-09-21,1632182400,-288.67407640
2021-09-22,1632268800,-291.44705120
2021-09-23,1632355200,-283.14963850
2021-09-24,1632441600,-305.22249150
2021-09-25,1632528000,-282.68183790
2021-09-26,1632614400,-535.04352240
2021-09-27,1632700800,-516.22234220
2021-09-28,1632787200,-809.76908790
2021-09-29,1632873600,-764.00530120
2021-09-30,1632960000,-746.83905610
2021-10-01,1633046400,-686.46132410
2021-10-02,1633132800,-621.02830460
2021-10-03,1633219200,-559.00885300
2021-10-04,1633305600,-691.05595390
2021-10-05,1633392000,-661.79762820
2021-10-06,1633478400,-620.66409030
2021-10-07,1633564800,-567.12936670
2021-10-08,1633651200,-512.86549790
2021-10-09,1633737600,-459.69083070
2021-10-10,1633824000,-409.42931000
2021-10-11,1633910400,-367.90048980
2021-10-12,1633996800,-334.73430730
2021-10-13,1634083200,-309.41431720
2021-10-14,1634169600,-278.14747190
2021-10-15,1634256000,-264.07391970
2021-10-16,1634342400,-247.31957800
2021-10-17,1634428800,-216.61417500
2021-10-18,1634515200,-191.33711520
2021-10-19,1634601600,-168.28482280
2021-10-20,1634688000,-148.07091190
2021-10-21,1634774400,-129.56204790
2021-10-22,1634860800,-113.36710180
2021-10-23,1634947200,-99.28000990
2021-10-24,1635033600,-88.53382900
2021-10-25,1635120000,-78.33549230
2021-10-26,1635206400,-68.95326530
2021-10-27,1635292800,-60.67198850
2021-10-28,1635379200,-53.69870350
2021-10-29,1635465600,-47.77915260
2021-10-30,1635552000,-41.92796060
2021-10-31,1635638400,-36.86205690
2021-11-01,1635724800,-32.34914740
2021-11-02,1635811200,-28.50641970
2021-11-03,1635897600,-25.02609070
2021-11-04,1635984000,-21.90514790
2021-11-05,1636070400,-19.26138680
2021-11-06,1636156800,-17.03895360
2021-11-07,1636243200,-15.09687380
2021-11-08,1636329600,-13.37897050
2021-11-09,1636416000,-11.70659920
2021-11-10,1636502400,-10.24327430
2021-11-11,1636588800,-8.96286500
2021-11-12,1636675200,-7.84250690
2021-11-13,1636761600,-6.86228580
2021-11-14,1636848000,-6.00473250
2021-11-15,1636934400,-5.25417540
2021-11-16,1637020800,-4.59740340
2021-11-17,1637107200,-4.21956820
2021-11-18,1637193600,-6.24521010
2021-11-19,1637280000,-6.48372200
2021-11-20,1637366400,-6.95751280
2021-11-21,1637452800,-6.95853270
2021-11-22,1637539200,-6.62987020
2021-11-23,1637625600,-9.73517700
2021-11-24,1637712000,-9.83976150
2021-11-25,1637798400,-12.29772140
2021-11-26,1637884800,-11.45152200
2021-11-27,1637971200,-18.57056980
2021-11-28,1638057600,-62.49936550
2021-11-29,1638144000,-70.69002530
2021-11-30,1638230400,-63.20924550
2021-12-01,1638316800,-57.95711450
2021-12-02,1638403200,-52.80445140
2021-12-03,1638489600,-52.00355100
2021-12-04,1638576000,-53.42202550
2021-12-05,1638662400,-106.82787420
2021-12-06,1638748800,-118.29271330
2021-12-07,1638835200,-179.82755190
2021-12-08,1638921600,-180.34762200
2021-12-09,1639008000,-173.44263630
2021-12-10,1639094400,-248.60703640
2021-12-11,1639180800,-250.52658400
2021-12-12,1639267200,-230.16603570
2021-12-13,1639353600,-285.81010060
2021-12-14,1639440000,-283.11851370
2021-12-15,1639526400,-269.33851420
2021-12-16,1639612800,-278.41158300
2021-12-17,1639699200,-256.33079260
2021-12-18,1639785600,-238.20380490
2021-12-19,1639872000,-219.31389430
2021-12-20,1639958400,-306.90937850
2021-12-21,1640044800,-301.37685560
2021-12-22,1640131200,-301.98704580
2021-12-23,1640217600,-313.24710090
2021-12-24,1640304000,-301.13584610
2021-12-25,1640390400,-319.15823810
2021-12-26,1640476800,-336.46227720
2021-12-27,1640563200,-315.33371780
2021-12-28,1640649600,-297.91378580
2021-12-29,1640736000,-285.79776900
2021-12-30,1640822400,-316.38554970
2021-12-31,1640908800,-364.31925050
2022-01-01,1640995200,-338.88074800
2022-01-02,1641081600,-310.56851940
2022-01-03,1641168000,-306.30487730
2022-01-04,1641254400,-441.68001640
2022-01-05,1641340800,-406.25432240
2022-01-06,1641427200,-461.62664530
2022-01-07,1641513600,-470.22657550
2022-01-08,1641600000,-431.48461850
2022-01-09,1641686400,-399.48600870
2022-01-10,1641772800,-390.76022870
2022-01-11,1641859200,-400.40827070
2022-01-12,1641945600,-427.66317630
2022-01-13,1642032000,-417.32737490
2022-01-14,1642118400,-385.13992420
2022-01-15,1642204800,-353.73551220
2022-01-16,1642291200,-333.36189280
2022-01-17,1642377600,-316.48504290
2022-01-18,1642464000,-382.67785740
2022-01-19,1642550400,-418.26909040
2022-01-20,1642636800,-435.41606000
2022-01-21,1642723200,-472.88898720
2022-01-22,1642809600,-563.11358780
2022-01-23,1642896000,-559.08770440
2022-01-24,1642982400,-609.78785910
2022-01-25,1643068800,-670.98019250
2022-01-26,1643155200,-635.22784750
2022-01-27,1643241600,-662.03280530
2022-01-28,1643328000,-697.38443610
2022-01-29,1643414400,-650.69761920
2022-01-30,1643500800,-607.70186780
2022-01-31,1643587200,-576.31269340
2022-02-01,1643673600,-649.57988170
2022-02-02,1643760000,-631.62116450
2022-02-03,1643846400,-906.01504970
2022-02-04,1643932800,-840.24800370
2022-02-05,1644019200,-853.54503430
2022-02-06,1644105600,-891.12777480
2022-02-07,1644192000,-876.31302720
2022-02-08,1644278400,-832.84291300
2022-02-09,1644364800,-857.76582370
2022-02-10,1644451200,-766.43316810
2022-02-11,1644537600,-758.36016370
2022-02-12,1644624000,-714.36396040
2022-02-13,1644710400,-643.75573930
2022-02-14,1644796800,-593.95428790
2022-02-15,1644883200,-557.94001160
2022-02-16,1644969600,-513.46886640
2022-02-17,1645056000,-531.82566680
2022-02-18,1645142400,-535.51075570
2022-02-19,1645228800,-511.13936460
2022-02-20,1645315200,-506.67826480
2022-02-21,1645401600,-518.90847130
2022-02-22,1645488000,-565.37787550
2022-02-23,1645574400,-614.87372540
2022-02-24,1645660800,-602.61726150
2022-02-25,1645747200,-771.14647370
2022-02-26,1645833600,-746.03157190
2022-02-27,1645920000,-757.63088070
2022-02-28,1646006400,-1361.98783030
2022-03-01,1646092800,-1480.62542330
2022-03-02,1646179200,-1365.78235570
2022-03-03,1646265600,-1267.35304250
2022-03-04,1646352000,-1176.52114700
2022-03-05,1646438400,-1056.26683770
2022-03-06,1646524800,-973.14971630
2022-03-07,1646611200,-997.45433110
2022-03-08,1646697600,-955.61843200
2022-03-09,1646784000,-957.93322680
2022-03-10,1646870400,-883.49447980
2022-03-11,1646956800,-839.06978270
2022-03-12,1647043200,-863.18499410
2022-03-13,1647129600,-788.78819400
2022-03-14,1647216000,-730.58517590
2022-03-15,1647302400,-726.02039840
2022-03-16,1647388800,-797.96822190
2022-03-17,1647475200,-796.42034180
2022-03-18,1647561600,-735.59712260
2022-03-19,1647648000,-698.23188660
2022-03-20,1647734400,-647.52125160
2022-03-21,1647820800,-653.03065700
2022-03-22,1647907200,-641.73706530
2022-03-23,1647993600,-614.22658910
2022-03-24,1648080000,-647.87871820
2022-03-25,1648166400,-717.76178160
2022-03-26,1648252800,-718.70820600
2022-03-27,1648339200,-656.06931420
2022-03-28,1648425600,-638.55681840
2022-03-29,1648512000,-626.15360950
2022-03-30,1648598400,-613.34082440
2022-03-31,1648684800,-680.79212240
2022-04-01,1648771200,-660.76394330
2022-04-02,1648857600,-732.06896830
2022-04-03,1648944000,-687.09324680
2022-04-04,1649030400,-882.49643200
2022-04-05,1649116800,-888.37043340
2022-04-06,1649203200,-862.46594440
2022-04-07,1649289600,-782.75564020
2022-04-08,1649376000,-760.62838340
2022-04-09,1649462400,-697.38903520
2022-04-10,1649548800,-655.66367500
2022-04-11,1649635200,-672.11620850
2022-04-12,1649721600,-780.14212140
2022-04-13,1649808000,-944.69453580
2022-04-14,1649894400,-1070.30997150
2022-04-15,1649980800,-994.78879260
2022-04-16,1650067200,-904.95085640
2022-04-17,1650153600,-828.41035850
2022-04-18,1650240000,-834.94854580
2022-04-19,1650326400,-847.29890830
2022-04-20,1650412800,-840.08449560
2022-04-21,1650499200,-915.25583030
2022-04-22,1650585600,-1636.97942070
2022-04-23,1650672000,-1495.71972010
2022-04-24,1650758400,-1384.93232280
2022-04-25,1650844800,-1374.51574920
2022-04-26,1650931200,-1600.73253330
2022-04-27,1651017600,-1512.76490070
2022-04-28,1651104000,-1638.00665820
2022-04-29,1651190400,-1882.29939120
2022-04-30,1651276800,-1831.32831900
2022-05-01,1651363200,-1671.13307990
2022-05-02,1651449600,-2441.14569540
2022-05-03,1651536000,-3064.42578590
2022-05-04,1651622400,-2847.93458510
2022-05-05,1651708800,-2734.21914930
2022-05-06,1651795200,-2590.86543310
2022-05-07,1651881600,-2405.48033400
2022-05-08,1651968000,-2316.89956660
2022-05-09,1652054400,-2775.59971690
2022-05-10,1652140800,-2947.18731180
2022-05-11,1652227200,-4038.37879620
2022-05-12,1652313600,-5049.48408860
2022-05-13,1652400000,-5425.64243670
2022-05-14,1652486400,-5128.75708470
2022-05-15,1652572800,-4829.64220240
2022-05-16,1652659200,-4520.88750890
2022-05-17,1652745600,-4877.50103540
2022-05-18,1652832000,-4589.92516940
2022-05-19,1652918400,-6247.18785960
2022-05-20,1653004800,-5960.00682700
2022-05-21,1653091200,-5633.38891640
2022-05-22,1653177600,-5087.42217090
2022-05-23,1653264000,-5477.16210960
2022-05-24,1653350400,-5179.52018090
2022-05-25,1653436800,-4894.48788930
2022-05-26,1653523200,-4591.16751500
2022-05-27,1653609600,-4383.33427160
2022-05-28,1653696000,-3941.44819740
2022-05-29,1653782400,-3696.77779010
2022-05-30,1653868800,-3571.87609240
2022-05-31,1653955200,-3372.83344900
2022-06-01,1654041600,-3892.00634770
2022-06-02,1654128000,-7470.68130380
2022-06-03,1654214400,-7770.10179430
2022-06-04,1654300800,-7466.80830330
2022-06-05,1654387200,-6637.76005760
2022-06-06,1654473600,-6114.77509610
2022-06-07,1654560000,-7954.93336330
2022-06-08,1654646400,-7361.26545260
2022-06-09,1654732800,-8577.63521520
2022-06-10,1654819200,-8194.73737530
2022-06-11,1654905600,-8844.69657960
2022-06-12,1654992000,-8128.44881420
2022-06-13,1655078400,-10063.16765620
2022-06-14,1655164800,-12519.36375490
2022-06-15,1655251200,-18238.96705850
2022-06-16,1655337600,-17752.37512060
2022-06-17,1655424000,-23135.47749190
2022-06-18,1655510400,-23212.73021080
2022-06-19,1655596800,-21109.32679890
2022-06-20,1655683200,-19233.93944670
2022-06-21,1655769600,-19740.81945620
2022-06-22,1655856000,-18491.01390970
2022-06-23,1655942400,-16961.69588290
2022-06-24,1656028800,-15780.11749740
2022-06-25,1656115200,-14032.99192900
2022-06-26,1656201600,-12447.80143130
2022-06-27,1656288000,-11946.30682350
2022-06-28,1656374400,-11528.16329140
2022-06-29,1656460800,-10773.03028760
2022-06-30,1656547200,-13158.17466970
2022-07-01,1656633600,-13134.97896730
2022-07-02,1656720000,-12362.53940190
2022-07-03,1656806400,-11850.58896230
2022-07-04,1656892800,-10678.36088380
2022-07-05,1656979200,-9703.96720450
2022-07-06,1657065600,-10158.05656140
2022-07-07,1657152000,-9536.14096500
2022-07-08,1657238400,-8847.42592190
2022-07-09,1657324800,-7986.91767690
2022-07-10,1657411200,-7293.19164550
2022-07-11,1657497600,-12396.09947090
2022-07-12,1657584000,-11343.38615370
2022-07-13,1657670400,-10148.64496240
2022-07-14,1657756800,-11037.09204990
2022-07-15,1657843200,-15863.73622030
2022-07-16,1657929600,-14018.86057530
2022-07-17,1658016000,-12400.94977040
2022-07-18,1658102400,-11592.96062040
2022-07-19,1658188800,-15388.80465910
2022-07-20,1658275200,-13928.76400990
2022-07-21,1658361600,-16173.68427260
2022-07-22,1658448000,-18875.34416980
2022-07-23,1658534400,-17872.67879640
2022-07-24,1658620800,-16176.62880720
2022-07-25,1658707200,-15278.66983410
2022-07-26,1658793600,-13761.15040240
2022-07-27,1658880000,-12246.56783010
2022-07-28,1658966400,-11047.10184020
2022-07-29,1659052800,-10377.74140670
2022-07-30,1659139200,-9234.64223590
2022-07-31,1659225600,-8571.40388390
2022-08-01,1659312000,-7764.95281630
2022-08-02,1659398400,-7438.65141580
2022-08-03,1659484800,-6943.79062540
2022-08-04,1659571200,-7453.62707220
2022-08-05,1659657600,-6933.78510590
2022-08-06,1659744000,-6191.32750320
2022-08-07,1659830400,-5707.25981040
2022-08-08,1659916800,-5495.32428500
2022-08-09,1660003200,-7374.58895840
2022-08-10,1660089600,-6819.73213600
2022-08-11,1660176000,-6636.86839890
2022-08-12,1660262400,-6271.67780260
2022-08-13,1660348800,-5728.85288730
2022-08-14,1660435200,-5291.60718440
2022-08-15,1660521600,-5269.71933490
2022-08-16,1660608000,-4933.59615420
2022-08-17,1660694400,-5306.87438830
2022-08-18,1660780800,-4869.71392350
2022-08-19,1660867200,-5857.61418500
2022-08-20,1660953600,-5524.90517990
2022-08-21,1661040000,-5013.43830890
2022-08-22,1661126400,-5271.65382370
2022-08-23,1661212800,-5014.56204160
2022-08-24,1661299200,-4907.85305460
2022-08-25,1661385600,-4711.03049450
2022-08-26,1661472000,-4394.75817520
2022-08-27,1661558400,-4113.90181280
2022-08-28,1661644800,-3923.38043650
2022-08-29,1661731200,-3814.71514710
2022-08-30,1661817600,-5410.68276090
2022-08-31,1661904000,-5212.43567000
2022-09-01,1661990400,-5244.83444380
2022-09-02,1662076800,-5468.18755540
2022-09-03,1662163200,-4937.90272790
2022-09-04,1662249600,-4506.69245600
2022-09-05,1662336000,-4296.72377500
2022-09-06,1662422400,-5302.37388470
2022-09-07,1662508800,-5274.21373310
2022-09-08,1662595200,-5755.04014940
2022-09-09,1662681600,-5553.90437190
2022-09-10,1662768000,-5124.53087140
2022-09-11,1662854400,-4780.43351100
2022-09-12,1662940800,-4749.17539150
2022-09-13,1663027200,-6833.43799830
2022-09-14,1663113600,-7579.01884980
2022-09-15,1663200000,-8399.80000450
2022-09-16,1663286400,-7880.44930190
2022-09-17,1663372800,-7223.52580980
2022-09-18,1663459200,-6661.79467670
2022-09-19,1663545600,-7089.92626070
2022-09-20,1663632000,-6992.19877820
2022-09-21,1663718400,-7046.66914630
2022-09-22,1663804800,-6634.84648960
2022-09-23,1663891200,-6347.54726310
2022-09-24,1663977600,-5728.27548710
2022-09-25,1664064000,-5346.75417340
2022-09-26,1664150400,-5153.56296840
2022-09-27,1664236800,-5418.46710020
2022-09-28,1664323200,-6372.40967500
2022-09-29,1664409600,-6156.77768080
2022-09-30,1664496000,-6598.70662140
2022-10-01,1664582400,-6069.72243080
2022-10-02,1664668800,-5553.82484880
2022-10-03,1664755200,-5395.14751850
2022-10-04,1664841600,-5733.13559290
2022-10-05,1664928000,-5872.71571990
2022-10-06,1665014400,-5847.98509530
2022-10-07,1665100800,-5551.03616280
2022-10-08,1665187200,-6324.47684790
2022-10-09,1665273600,-5732.94655670
2022-10-10,1665360000,-5802.31037450
2022-10-11,1665446400,-5716.13929320
2022-10-12,1665532800,-5598.15532280
2022-10-13,1665619200,-5304.69319510
2022-10-14,1665705600,-5241.92692580
2022-10-15,1665792000,-4826.87137140
2022-10-16,1665878400,-4638.71674990
2022-10-17,1665964800,-7237.74682940
2022-10-18,1666051200,-7867.67052520
2022-10-19,1666137600,-7679.57723920
2022-10-20,1666224000,-7279.51638770
2022-10-21,1666310400,-7038.92989540
2022-10-22,1666396800,-8267.88882900
2022-10-23,1666483200,-7495.41828010
2022-10-24,1666569600,-6967.91158990
2022-10-25,1666656000,-6443.52461900
2022-10-26,1666742400,-6934.01477070
2022-10-27,1666828800,-6579.71775510
2022-10-28,1666915200,-6358.13479860
2022-10-29,1667001600,-5876.38018240
2022-10-30,1667088000,-5734.77458650
2022-10-31,1667174400,-5802.15063370
2022-11-01,1667260800,-5973.00627000
2022-11-02,1667347200,-5757.65988090
2022-11-03,1667433600,-5510.00749770
2022-11-04,1667520000,-5468.74256030
2022-11-05,1667606400,-5546.74031070
2022-11-06,1667692800,-5356.05735600
2022-11-07,1667779200,-10830.09862650
2022-11-08,1667865600,-11120.07896380
2022-11-09,1667952000,-16529.59597120
2022-11-10,1668038400,-18185.19355930
2022-11-11,1668124800,-18279.51708170
2022-11-12,1668211200,-22514.64017350
2022-11-13,1668297600,-20571.25141740
2022-11-14,1668384000,-20793.86002160
2022-11-15,1668470400,-22511.84524330
2022-11-16,1668556800,-24664.43732780
2022-11-17,1668643200,-30498.21195660
2022-11-18,1668729600,-58438.67872590
2022-11-19,1668816000,-52465.89448480
2022-11-20,1668902400,-47565.11140540
2022-11-21,1668988800,-45099.22971410
2022-11-22,1669075200,-42456.28326840
2022-11-23,1669161600,-39388.55784920
2022-11-24,1669248000,-35661.60383320
2022-11-25,1669334400,-32463.67285270
2022-11-26,1669420800,-30094.02666470
2022-11-27,1669507200,-26868.28474000
2022-11-28,1669593600,-26240.75137270
2022-11-29,1669680000,-23747.69379320
2022-11-30,1669766400,-22511.83059210
2022-12-01,1669852800,-21007.45030020
2022-12-02,1669939200,-20290.40767190
2022-12-03,1670025600,-18452.90715650
2022-12-04,1670112000,-17754.86354170
2022-12-05,1670198400,-23679.33812290
2022-12-06,1670284800,-23334.88274400
2022-12-07,1670371200,-20796.63656560
2022-12-08,1670457600,-19691.66298250
2022-12-09,1670544000,-19603.72029190
2022-12-10,1670630400,-17352.45040500
2022-12-11,1670716800,-16168.28284600
2022-12-12,1670803200,-14928.78566470
2022-12-13,1670889600,-15178.33923520
2022-12-14,1670976000,-16342.40282070
2022-12-15,1671062400,-14968.91006500
2022-12-16,1671148800,-14032.84143640
2022-12-17,1671235200,-13012.07317190
2022-12-18,1671321600,-11802.77302500
2022-12-19,1671408000,-11279.87973910
2022-12-20,1671494400,-10641.26792840
2022-12-21,1671580800,-11080.76815840
2022-12-22,1671667200,-10712.62597140
2022-12-23,1671753600,-10175.89365830
2022-12-24,1671840000,-9530.82326700
2022-12-25,1671926400,-9918.02281620
2022-12-26,1672012800,-9007.81828570
2022-12-27,1672099200,-9179.93185960
2022-12-28,1672185600,-11585.68141890
2022-12-29,1672272000,-13181.10084030
2022-12-30,1672358400,-12488.66831820
2022-12-31,1672444800,-16972.97860770
2023-01-01,1672531200,-15291.30030680
2023-01-02,1672617600,-13791.33424080
2023-01-03,1672704000,-13275.78514050
2023-01-04,1672790400,-13290.96255320
2023-01-05,1672876800,-13513.57745640
2023-01-06,1672963200,-13667.07530700
2023-01-07,1673049600,-12809.53536230
2023-01-08,1673136000,-11591.26564510
2023-01-09,1673222400,-10785.94860840
2023-01-10,1673308800,-11407.98704200
2023-01-11,1673395200,-12613.57741090
2023-01-12,1673481600,-11878.73012330
2023-01-13,1673568000,-11457.78591110
2023-01-14,1673654400,-10743.66315140
2023-01-15,1673740800,-10089.61035680
2023-01-16,1673827200,-9678.12004800
2023-01-17,1673913600,-9330.18143470
2023-01-18,1674000000,-9392.79241670
2023-01-19,1674086400,-9854.96827270
2023-01-20,1674172800,-9439.04466320
2023-01-21,1674259200,-8871.14267330
2023-01-22,1674345600,-7932.29508240
2023-01-23,1674432000,-7666.53889130
2023-01-24,1674518400,-7137.62262490
2023-01-25,1674604800,-6664.57787610
2023-01-26,1674691200,-8988.00896290
2023-01-27,1674777600,-10291.14734920
2023-01-28,1674864000,-9150.29875300
2023-01-29,1674950400,-8255.28927510
2023-01-30,1675036800,-7511.65011870
2023-01-31,1675123200,-6970.68499770
2023-02-01,1675209600,-6450.14845660
2023-02-02,1675296000,-6025.31064560
2023-02-03,1675382400,-5938.29613640
2023-02-04,1675468800,-5347.37638710
2023-02-05,1675555200,-4981.15122550
2023-02-06,1675641600,-4571.46876540
2023-02-07,1675728000,-4404.30556460
2023-02-08,1675814400,-4050.86827540
2023-02-09,1675900800,-3974.66141680
2023-02-10,1675987200,-3716.57167020
2023-02-11,1676073600,-3463.69039210
2023-02-12,1676160000,-3397.85620810
2023-02-13,1676246400,-3339.07149610
2023-02-14,1676332800,-3116.96719290
2023-02-15,1676419200,-3202.03268030
2023-02-16,1676505600,-3160.18858720
2023-02-17,1676592000,-3129.73902720
2023-02-18,1676678400,-2915.38932580
2023-02-19,1676764800,-2745.30658760
2023-02-20,1676851200,-2568.19743440
2023-02-21,1676937600,-2573.24029300
2023-02-22,1677024000,-3221.10688500
2023-02-23,1677110400,-2966.93892220
2023-02-24,1677196800,-3443.99438870
2023-02-25,1677283200,-3373.22836520
2023-02-26,1677369600,-3105.87057300
2023-02-27,1677456000,-3105.51478830
2023-02-28,1677542400,-4987.88301890
2023-03-01,1677628800,-6267.97742720
2023-03-02,1677715200,-5963.69732080
2023-03-03,1677801600,-5458.11367310
2023-03-04,1677888000,-4894.62753920
2023-03-05,1677974400,-5803.50347480
2023-03-06,1678060800,-5604.24693980
2023-03-07,1678147200,-12167.93577740
2023-03-08,1678233600,-10865.00423720
2023-03-09,1678320000,-9963.44069530
2023-03-10,1678406400,-8987.63175300
2023-03-11,1678492800,-8161.63712360
2023-03-12,1678579200,-7405.69084440
2023-03-13,1678665600,-7005.92054740
2023-03-14,1678752000,-6693.73490440
2023-03-15,1678838400,-6445.50732200
2023-03-16,1678924800,-6009.15221180
2023-03-17,1679011200,-5634.33051750
2023-03-18,1679097600,-5046.37684900
2023-03-19,1679184000,-4625.80204960
2023-03-20,1679270400,-4365.97559990
2023-03-21,1679356800,-4025.25851290
2023-03-22,1679443200,-3889.59498850
2023-03-23,1679529600,-3621.43193100
2023-03-24,1679616000,-3338.00344250
2023-03-25,1679702400,-3061.65142730
2023-03-26,1679788800,-2786.11842150
2023-03-27,1679875200,-2625.37424430
2023-03-28,1679961600,-2469.73719220
2023-03-29,1680048000,-2335.04462600
2023-03-30,1680134400,-29037.48877490
2023-03-31,1680220800,-25771.94004550
2023-04-01,1680307200,-22649.52562320
2023-04-02,1680393600,-19878.33768210
2023-04-03,1680480000,-17518.59551050
2023-04-04,1680566400,-15985.20446550
2023-04-05,1680652800,-14584.50354780
2023-04-06,1680739200,-13662.32453570
2023-04-07,1680825600,-12687.38865190
2023-04-08,1680912000,-11155.28884060
2023-04-09,1680998400,-9812.07050550
2023-04-10,1681084800,-8973.45190950
2023-04-11,1681171200,-8839.25613020
2023-04-12,1681257600,-9025.73435040
2023-04-13,1681344000,-8098.54868360
2023-04-14,1681430400,-7377.15363770
2023-04-15,1681516800,-6576.64053570
2023-04-16,1681603200,-5862.22793480
2023-04-17,1681689600,-5367.86193500
2023-04-18,1681776000,-4785.41593700
2023-04-19,1681862400,-4293.35620800
2023-04-20,1681948800,-3863.23641370
2023-04-21,1682035200,-3501.80306180
2023-04-22,1682121600,-3125.32689780
2023-04-23,1682208000,-2784.84564250
2023-04-24,1682294400,-2528.79206450
2023-04-25,1682380800,-2387.49817240
2023-04-26,1682467200,-2202.49001650
2023-04-27,1682553600,-2077.28376740
2023-04-28,1682640000,-1906.16426520
2023-04-29,1682726400,-1808.65269310
2023-04-30,1682812800,-1659.91355810
2023-05-01,1682899200,-1587.79519910
2023-05-02,1682985600,-1496.95964440
2023-05-03,1683072000,-1498.91690590
2023-05-04,1683158400,-1430.93481970
2023-05-05,1683244800,-1367.44284830
2023-05-06,1683331200,-1244.04029080
2023-05-07,1683417600,-1132.34777370
2023-05-08,1683504000,-1094.13952280
2023-05-09,1683590400,-1021.33472110
2023-05-10,1683676800,-1077.65941640
2023-05-11,1683763200,-1262.46744060
2023-05-12,1683849600,-1208.74745510
2023-05-13,1683936000,-1145.65399690
2023-05-14,1684022400,-1136.10314720
2023-05-15,1684108800,-1153.74486040
2023-05-16,1684195200,-1193.05338570
2023-05-17,1684281600,-1218.32941270
2023-05-18,1684368000,-1276.92573980
2023-05-19,1684454400,-1222.65049810
2023-05-20,1684540800,-1142.76898600
2023-05-21,1684627200,-1171.90008900
2023-05-22,1684713600,-1350.03821080
2023-05-23,1684800000,-1409.64643840
2023-05-24,1684886400,-1412.37109130
2023-05-25,1684972800,-2116.13282060
2023-05-26,1685059200,-1968.93549720
2023-05-27,1685145600,-1833.89502000
2023-05-28,1685232000,-1686.23031880
2023-05-29,1685318400,-1749.52047100
2023-05-30,1685404800,-1713.03560510
2023-05-31,1685491200,-1743.66496320
2023-06-01,1685577600,-1646.57629390
2023-06-02,1685664000,-1610.73092340
2023-06-03,1685750400,-1539.66038580
2023-06-04,1685836800,-1469.91353250
2023-06-05,1685923200,-1568.66309680
2023-06-06,1686009600,-1519.20269740
2023-06-07,1686096000,-1445.63535000
2023-06-08,1686182400,-1387.15592810
2023-06-09,1686268800,-1283.83516710
2023-06-10,1686355200,-1584.27994380
2023-06-11,1686441600,-1485.64415060
2023-06-12,1686528000,-1471.57997180
2023-06-13,1686614400,-1535.50680800
2023-06-14,1686700800,-1630.57251910
2023-06-15,1686787200,-1802.64929200
2023-06-16,1686873600,-1725.68954020
2023-06-17,1686960000,-1577.00850100
2023-06-18,1687046400,-1605.17000270
2023-06-19,1687132800,-1481.07260470
2023-06-20,1687219200,-2783.75638260
2023-06-21,1687305600,-3426.32340790
2023-06-22,1687392000,-3148.82505010
2023-06-23,1687478400,-3479.04482810
2023-06-24,1687564800,-3104.71676690
2023-06-25,1687651200,-2770.98303890
2023-06-26,1687737600,-2509.34448700
2023-06-27,1687824000,-2277.79962890
2023-06-28,1687910400,-2125.13981640
2023-06-29,1687996800,-3203.18742100
2023-06-30,1688083200,-2864.88474830
2023-07-01,1688169600,-2566.60243910
2023-07-02,1688256000,-2296.91736240
2023-07-03,1688342400,-2127.92610400
2023-07-04,1688428800,-1944.13150490
2023-07-05,1688515200,-1845.84506210
2023-07-06,1688601600,-4498.17282940
2023-07-07,1688688000,-4049.70206640
2023-07-08,1688774400,-3575.48552940
2023-07-09,1688860800,-3176.54397160
2023-07-10,1688947200,-3042.26339780
2023-07-11,1689033600,-2774.32264790
2023-07-12,1689120000,-2600.57995300
2023-07-13,1689206400,-3229.77400120
2023-07-14,1689292800,-2999.44688130
2023-07-15,1689379200,-2657.25548730
2023-07-16,1689465600,-2376.48307840
2023-07-17,1689552000,-2769.09149670
2023-07-18,1689638400,-2548.06745350
2023-07-19,1689724800,-2325.31886630
2023-07-20,1689811200,-2170.77656820
2023-07-21,1689897600,-2764.51577420
2023-07-22,1689984000,-2454.17639570
2023-07-23,1690070400,-2193.86822260
2023-07-24,1690156800,-2050.07814450
2023-07-25,1690243200,-1973.26655240
2023-07-26,1690329600,-1855.66593090
2023-07-27,1690416000,-3649.20563380
2023-07-28,1690502400,-9489.47282860
2023-07-29,1690588800,-8335.39635560
2023-07-30,1690675200,-7374.28899460
2023-07-31,1690761600,-6789.93120000
2023-08-01,1690848000,-6048.74594440
2023-08-02,1690934400,-6050.48992880
2023-08-03,1691020800,-5364.38358550
2023-08-04,1691107200,-4851.46491590
2023-08-05,1691193600,-4287.68224370
2023-08-06,1691280000,-3792.52440560
2023-08-07,1691366400,-3481.08876830
2023-08-08,1691452800,-3439.34796000
2023-08-09,1691539200,-3106.84014370
2023-08-10,1691625600,-2918.90154740
2023-08-11,1691712000,-2601.96817860
2023-08-12,1691798400,-2330.27145410
2023-08-13,1691884800,-2067.66769030
2023-08-14,1691971200,-2066.06391000
2023-08-15,1692057600,-1930.98281100
2023-08-16,1692144000,-1826.82864790
2023-08-17,1692230400,-1701.26468480
2023-08-18,1692316800,-1887.61403110
2023-08-19,1692403200,-1719.88629980
2023-08-20,1692489600,-1568.07514020
2023-08-21,1692576000,-1427.67123770
2023-08-22,1692662400,-1367.68780920
2023-08-23,1692748800,-1358.66601440
2023-08-24,1692835200,-1327.58704260
2023-08-25,1692921600,-1234.99855810
2023-08-26,1693008000,-1193.97417150
2023-08-27,1693094400,-1100.13926270
2023-08-28,1693180800,-1072.67579370
2023-08-29,1693267200,-2241.19827570
2023-08-30,1693353600,-2065.49347800
2023-08-31,1693440000,-1968.53573250
2023-09-01,1693526400,-1864.60690380
2023-09-02,1693612800,-1740.09045150
2023-09-03,1693699200,-1709.32916090
2023-09-04,1693785600,-1652.30052750
2023-09-05,1693872000,-1629.33048760
2023-09-06,1693958400,-1555.35111800
2023-09-07,1694044800,-1466.59511780
2023-09-08,1694131200,-1373.19700610
2023-09-09,1694217600,-1395.65908030
2023-09-10,1694304000,-1278.70703640
2023-09-11,1694390400,-1391.75946420
2023-09-12,1694476800,-1533.75712960
2023-09-13,1694563200,-1445.08739500
2023-09-14,1694649600,-1360.05641710
2023-09-15,1694736000,-1249.59633530
2023-09-16,1694822400,-1179.98114880
2023-09-17,1694908800,-1078.52037420
2023-09-18,1694995200,-1019.25172600
2023-09-19,1695081600,-1025.23072980
2023-09-20,1695168000,-1126.14248600
2023-09-21,1695254400,-1084.18464320
2023-09-22,1695340800,-993.27176380
2023-09-23,1695427200,-933.07086810
2023-09-24,1695513600,-873.56021780
2023-09-25,1695600000,-880.53928650
2023-09-26,1695686400,-920.87429680
2023-09-27,1695772800,-963.71304080
2023-09-28,1695859200,-937.31013880
2023-09-29,1695945600,-1016.95488190
2023-09-30,1696032000,-941.06066140
2023-10-01,1696118400,-969.09317320
2023-10-02,1696204800,-1503.08211510
2023-10-03,1696291200,-1415.29810060
2023-10-04,1696377600,-1375.35331750
2023-10-05,1696464000,-1410.60503440
2023-10-06,1696550400,-1416.95237050
2023-10-07,1696636800,-1366.62435020
2023-10-08,1696723200,-1236.62791890
2023-10-09,1696809600,-1183.35676320
2023-10-10,1696896000,-1144.90943470
2023-10-11,1696982400,-1358.65130460
2023-10-12,1697068800,-1448.43119300
2023-10-13,1697155200,-1397.65381820
2023-10-14,1697241600,-1605.93260450
2023-10-15,1697328000,-1451.90336830
2023-10-16,1697414400,-1432.96354610
2023-10-17,1697500800,-1508.19776800
2023-10-18,1697587200,-1415.90083550
2023-10-19,1697673600,-1671.22222300
2023-10-20,1697760000,-1767.04171770
2023-10-21,1697846400,-1601.60344180
2023-10-22,1697932800,-1485.33102180
2023-10-23,1698019200,-1494.70282310
2023-10-24,1698105600,-1520.91030820
2023-10-25,1698192000,-1466.63713900
2023-10-26,1698278400,-1388.50936580
2023-10-27,1698364800,-1312.54311500
2023-10-28,1698451200,-1209.06227670
2023-10-29,1698537600,-1086.12883690
2023-10-30,1698624000,-1040.09923810
2023-10-31,1698710400,-1026.39626840
2023-11-01,1698796800,-953.69095550
2023-11-02,1698883200,-888.47539990
2023-11-03,1698969600,-812.11982990
2023-11-04,1699056000,-745.99855680
2023-11-05,1699142400,-700.53769680
2023-11-06,1699228800,-639.40987790
2023-11-07,1699315200,-598.99374730
2023-11-08,1699401600,-556.95244520
2023-11-09,1699488000,-766.10032490
2023-11-10,1699574400,-709.17180660
2023-11-11,1699660800,-662.71075360
2023-11-12,1699747200,-633.78918730
2023-11-13,1699833600,-590.48797010
2023-11-14,1699920000,-567.19403250
2023-11-15,1700006400,-678.48158740
2023-11-16,1700092800,-698.31464270
2023-11-17,1700179200,-675.75900820
2023-11-18,1700265600,-611.29137110
2023-11-19,1700352000,-601.48208020
2023-11-20,1700438400,-561.25096840
2023-11-21,1700524800,-572.89049300
2023-11-22,1700611200,-562.06339170
2023-11-23,1700697600,-520.44605160
2023-11-24,1700784000,-526.07423520
2023-11-25,1700870400,-488.37481710
2023-11-26,1700956800,-458.58002990
2023-11-27,1701043200,-446.84468160
2023-11-28,1701129600,-431.70776840
2023-11-29,1701216000,-440.03213800
2023-11-30,1701302400,-1268.00865590
2023-12-01,1701388800,-1137.18819080
2023-12-02,1701475200,-1009.63309630
2023-12-03,1701561600,-915.48672400
2023-12-04,1701648000,-902.98406160
2023-12-05,1701734400,-862.66602670
2023-12-06,1701820800,-837.88467730
2023-12-07,1701907200,-761.32797780
2023-12-08,1701993600,-697.24122850
2023-12-09,1702080000,-626.11043550
2023-12-10,1702166400,-564.75445770
2023-12-11,1702252800,-517.40514540
2023-12-12,1702339200,-539.02852280
2023-12-13,1702425600,-507.30340620
2023-12-14,1702512000,-464.64574800
2023-12-15,1702598400,-433.65116210
2023-12-16,1702684800,-444.54409150
2023-12-17,1702771200,-400.95115430
2023-12-18,1702857600,-387.23592530
2023-12-19,1702944000,-359.13163250
2023-12-20,1703030400,-327.65002320
2023-12-21,1703116800,-332.96989570
2023-12-22,1703203200,-309.13945160
2023-12-23,1703289600,-287.98176230
2023-12-24,1703376000,-259.11882120
2023-12-25,1703462400,-235.21096730
2023-12-26,1703548800,-215.49969410
2023-12-27,1703635200,-261.26318560
2023-12-28,1703721600,-258.65166820
2023-12-29,1703808000,-676.11822000
2023-12-30,1703894400,-607.16643040
2023-12-31,1703980800,-551.27436020
2024-01-01,1704067200,-501.62474030
2024-01-02,1704153600,-468.80742010
2024-01-03,1704240000,-434.57817950
2024-01-04,1704326400,-406.23618470
2024-01-05,1704412800,-369.21356700
2024-01-06,1704499200,-336.21642340
2024-01-07,1704585600,-310.33230470
2024-01-08,1704672000,-312.71283770
2024-01-09,1704758400,-312.83977460
2024-01-10,1704844800,-310.19169350
2024-01-11,1704931200,-293.62548600
2024-01-12,1705017600,-278.50256080
2024-01-13,1705104000,-254.92760510
2024-01-14,1705190400,-229.24455630
2024-01-15,1705276800,-225.28212170
2024-01-16,1705363200,-207.97177580
2024-01-17,1705449600,-259.58910210
2024-01-18,1705536000,-280.85427750
2024-01-19,1705622400,-280.14253800
2024-01-20,1705708800,-257.08912060
2024-01-21,1705795200,-234.05089920
2024-01-22,1705881600,-311.00533630
2024-01-23,1705968000,-366.79985080
2024-01-24,1706054400,-519.05921230
2024-01-25,1706140800,-556.46461650
2024-01-26,1706227200,-659.08555190
2024-01-27,1706313600,-589.63586790
2024-01-28,1706400000,-528.83194830
2024-01-29,1706486400,-572.73663900
2024-01-30,1706572800,-617.74065130
2024-01-31,1706659200,-569.46075460
2024-02-01,1706745600,-534.79263730
2024-02-02,1706832000,-533.53420480
2024-02-03,1706918400,-474.55658460
2024-02-04,1707004800,-442.94708740
2024-02-05,1707091200,-428.75538940
2024-02-06,1707177600,-413.53965730
2024-02-07,1707264000,-375.43241950
2024-02-08,1707350400,-342.27645820
2024-02-09,1707436800,-367.32152380
2024-02-10,1707523200,-328.95423930
2024-02-11,1707609600,-295.69336190
2024-02-12,1707696000,-316.66632670
2024-02-13,1707782400,-351.13290300
2024-02-14,1707868800,-320.69139060
2024-02-15,1707955200,-296.33775380
2024-02-16,1708041600,-275.03680490
2024-02-17,1708128000,-247.50938260
2024-02-18,1708214400,-223.16342480
2024-02-19,1708300800,-199.94144140
2024-02-20,1708387200,-190.87612320
2024-02-21,1708473600,-250.89661980
2024-02-22,1708560000,-226.86152790
2024-02-23,1708646400,-224.35002740
2024-02-24,1708732800,-205.94098940
2024-02-25,1708819200,-184.77434050
2024-02-26,1708905600,-189.39748210
2024-02-27,1708992000,-174.70797290
2024-02-28,1709078400,-156.98843980
2024-02-29,1709164800,-141.31324410
2024-03-01,1709251200,-124.72754450
2024-03-02,1709337600,-109.72621170
2024-03-03,1709424000,-96.42448180
2024-03-04,1709510400,-84.50633790
2024-03-05,1709596800,-74.04791130
2024-03-06,1709683200,-64.82976740
2024-03-07,1709769600,-56.73283260
2024-03-08,1709856000,-49.70847020
2024-03-09,1709942400,-43.49515990
2024-03-10,1710028800,-38.05826490
2024-03-11,1710115200,-33.30098420
2024-03-12,1710201600,-29.13836120
2024-03-13,1710288000,-25.49606600
2024-03-14,1710374400,-22.30905780
2024-03-15,1710460800,-19.52354120
2024-03-16,1710547200,-17.08427090
2024-03-17,1710633600,-14.95668740
2024-03-18,1710720000,-13.08906950
2024-03-19,1710806400,-11.54951510
2024-03-20,1710892800,-10.45099750
2024-03-21,1710979200,-9.15174090
2024-03-22,1711065600,-8.15342060
2024-03-23,1711152000,-7.15671240
2024-03-24,1711238400,-6.30292000
2024-03-25,1711324800,-5.51885260
2024-03-26,1711411200,-4.82899600
2024-03-27,1711497600,-4.22537150
2024-03-28,1711584000,-3.69720010
2024-03-29,1711670400,-3.23505010
2024-03-30,1711756800,-2.83066880
2024-03-31,1711843200,-2.47683520
2024-04-01,1711929600,-2.16723080
2024-04-02,1712016000,-1.90361200
2024-04-03,1712102400,-1.67631220
2024-04-04,1712188800,-1.46913890
2024-04-05,1712275200,-1.28669650
2024-04-06,1712361600,-1.12601560
2024-04-07,1712448000,-0.98526370
2024-04-08,1712534400,-0.86210570
2024-04-09,1712620800,-0.75434250
2024-04-10,1712707200,-0.66004970
2024-04-11,1712793600,-0.57754350
2024-04-12,1712880000,-0.50591200
2024-04-13,1712966400,-0.46544650
2024-04-14,1713052800,-0.65499820
2024-04-15,1713139200,-0.58153640
2024-04-16,1713225600,-0.63044370
2024-04-17,1713312000,-0.65429530
2024-04-18,1713398400,-0.65040280
2024-04-19,1713484800,-0.77875540
2024-04-20,1713571200,-1.02362360
2024-04-21,1713657600,-0.89998020
2024-04-22,1713744000,-0.78911400
2024-04-23,1713830400,-0.69053520
2024-04-24,1713916800,-0.64590310
2024-04-25,1714003200,-0.59857000
2024-04-26,1714089600,-0.55599100
2024-04-27,1714176000,-0.50116980
2024-04-28,1714262400,-0.44833880
2024-04-29,1714348800,-0.48891480
2024-04-30,1714435200,-0.68945740
2024-05-01,1714521600,-2.26263220
2024-05-02,1714608000,-5.46089280
2024-05-03,1714694400,-5.75169140
2024-05-04,1714780800,-5.05606190
2024-05-05,1714867200,-4.45794490
2024-05-06,1714953600,-4.22432580
2024-05-07,1715040000,-3.73335630
2024-05-08,1715126400,-3.29511670
2024-05-09,1715212800,-2.89973090
2024-05-10,1715299200,-2.60479450
2024-05-11,1715385600,-2.50318670
2024-05-12,1715472000,-2.23940690
2024-05-13,1715558400,-2.06250010
2024-05-14,1715644800,-1.83953090
2024-05-15,1715731200,-1.72944480
2024-05-16,1715817600,-1.52081670
2024-05-17,1715904000,-1.33162440
2024-05-18,1715990400,-1.16572770
2024-05-19,1716076800,-1.03349440
2024-05-20,1716163200,-0.90433380
2024-05-21,1716249600,-0.79129210
2024-05-22,1716336000,-0.69238060
2024-05-23,1716422400,-0.60585740
2024-05-24,1716508800,-0.53020510
2024-05-25,1716595200,-0.46392950
2024-05-26,1716681600,-0.40593830
2024-05-27,1716768000,-0.35575800
2024-05-28,1716854400,-0.31131110
2024-05-29,1716940800,-0.27581690
2024-05-30,1717027200,-0.24146790
2024-05-31,1717113600,-0.21153610
2024-06-01,1717200000,-0.18509980
2024-06-02,1717286400,-0.16266610
2024-06-03,1717372800,-0.14233280
2024-06-04,1717459200,-0.12454120
2024-06-05,1717545600,-0.10897360
2024-06-06,1717632000,-0.09535190
2024-06-07,1717718400,-0.08343290
2024-06-08,1717804800,-0.07300380
2024-06-09,1717891200,-0.06387830
2024-06-10,1717977600,-0.05589350
2024-06-11,1718064000,-0.04998560
2024-06-12,1718150400,-0.04446710
2024-06-13,1718236800,-0.04146100
2024-06-14,1718323200,-0.04017710
2024-06-15,1718409600,-0.03586380
2024-06-16,1718496000,-0.03271330
2024-06-17,1718582400,-0.02959820
2024-06-18,1718668800,-0.04732680
2024-06-19,1718755200,-0.05531780
2024-06-20,1718841600,-0.05184150
2024-06-21,1718928000,-0.06942540
2024-06-22,1719014400,-0.06816180
2024-06-23,1719100800,-0.07591380
2024-06-24,1719187200,-1.61121860
2024-06-25,1719273600,-1.48219470
2024-06-26,1719360000,-1.37863690
2024-06-27,1719446400,-1.78309740
2024-06-28,1719532800,-1.62562540
2024-06-29,1719619200,-2.39536090
2024-06-30,1719705600,-2.19888000
2024-07-01,1719792000,-1.94582000
2024-07-02,1719878400,-1.77784280
2024-07-03,1719964800,-1.82979510
2024-07-04,1720051200,-2.64584210
2024-07-05,1720137600,-4.29393500
2024-07-06,1720224000,-3.88393630
2024-07-07,1720310400,-3.75170900
2024-07-08,1720396800,-3.62899100
2024-07-09,1720483200,-3.59104470
2024-07-10,1720569600,-3.56658440
2024-07-11,1720656000,-3.54944080
2024-07-12,1720742400,-3.35400400
2024-07-13,1720828800,-3.30895010
2024-07-14,1720915200,-3.02395210
2024-07-15,1721001600,-2.65594740
2024-07-16,1721088000,-2.42124180
2024-07-17,1721174400,-2.17645900
2024-07-18,1721260800,-5.28531340
2024-07-19,1721347200,-4.62597120
2024-07-20,1721433600,-4.04923460
2024-07-21,1721520000,-3.54386200
2024-07-22,1721606400,-3.10351760
2024-07-23,1721692800,-2.74450270
2024-07-24,1721779200,-2.41392660
2024-07-25,1721865600,-2.13637470
2024-07-26,1721952000,-1.86987820
2024-07-27,1722038400,-1.63622600
2024-07-28,1722124800,-1.43272180
2024-07-29,1722211200,-1.25397220
2024-07-30,1722297600,-1.09864780
2024-07-31,1722384000,-0.96470390
2024-08-01,1722470400,-1.13705790
2024-08-02,1722556800,-1.04103890
2024-08-03,1722643200,-1.05513800
2024-08-04,1722729600,-1.46844120
2024-08-05,1722816000,-44.40475650
2024-08-06,1722902400,-40.60198300
2024-08-07,1722988800,-37.54559750
2024-08-08,1723075200,-37.69299460
2024-08-09,1723161600,-33.83590080
2024-08-10,1723248000,-30.07994170
2024-08-11,1723334400,-28.06434170
2024-08-12,1723420800,-25.94953120
2024-08-13,1723507200,-25.44906530
2024-08-14,1723593600,-31.67347000
2024-08-15,1723680000,-46.30394180
2024-08-16,1723766400,-43.15079010
2024-08-17,1723852800,-43.13051790
2024-08-18,1723939200,-41.04044400
2024-08-19,1724025600,-61.28558820
2024-08-20,1724112000,-72.01071590
2024-08-21,1724198400,-100.32499510
2024-08-22,1724284800,-108.61655170
2024-08-23,1724371200,-112.53793440
2024-08-24,1724457600,-99.41375420
2024-08-25,1724544000,-88.86375640
2024-08-26,1724630400,-110.70218530
2024-08-27,1724716800,-889.75113950
2024-08-28,1724803200,-785.32401200
2024-08-29,1724889600,-707.98323490
2024-08-30,1724976000,-631.96479510
2024-08-31,1725062400,-560.09511040
2024-09-01,1725148800,-494.84279440
2024-09-02,1725235200,-443.57240780
2024-09-03,1725321600,-408.74084270
2024-09-04,1725408000,-372.58102020
2024-09-05,1725494400,-345.88814990
2024-09-06,1725580800,-376.70728330
2024-09-07,1725667200,-348.41309530
2024-09-08,1725753600,-314.47812050
2024-09-09,1725840000,-300.20064460
2024-09-10,1725926400,-320.79297850
2024-09-11,1726012800,-320.78532450
2024-09-12,1726099200,-334.15098480
2024-09-13,1726185600,-307.44656060
2024-09-14,1726272000,-287.49320660
2024-09-15,1726358400,-257.36109840
2024-09-16,1726444800,-305.04042320
2024-09-17,1726531200,-310.28533360
2024-09-18,1726617600,-290.02639870
2024-09-19,1726704000,-271.50759940
2024-09-20,1726790400,-275.49501810
2024-09-21,1726876800,-247.54531920
2024-09-22,1726963200,-223.95398730
2024-09-23,1727049600,-202.52404970
2024-09-24,1727136000,-182.11627680
2024-09-25,1727222400,-192.00346000
2024-09-26,1727308800,-188.43684140
2024-09-27,1727395200,-183.41024940
2024-09-28,1727481600,-163.22125220
2024-09-29,1727568000,-145.45691180
2024-09-30,1727654400,-167.12145930
2024-10-01,1727740800,-153.95384810
2024-10-02,1727827200,-221.30733950
2024-10-03,1727913600,-236.24440090
2024-10-04,1728000000,-219.58652370
2024-10-05,1728086400,-195.25055150
2024-10-06,1728172800,-173.93842100
2024-10-07,1728259200,-164.71003480
2024-10-08,1728345600,-414.94508010
2024-10-09,1728432000,-479.69705280
2024-10-10,1728518400,-599.04765930
2024-10-11,1728604800,-787.59263650
2024-10-12,1728691200,-692.42994960
2024-10-13,1728777600,-613.24945080
2024-10-14,1728864000,-555.73218970
2024-10-15,1728950400,-491.51282350
2024-10-16,1729036800,-433.01302850
2024-10-17,1729123200,-380.78032700
2024-10-18,1729209600,-336.08471480
2024-10-19,1729296000,-294.92080580
2024-10-20,1729382400,-261.54597270
2024-10-21,1729468800,-230.79488260
2024-10-22,1729555200,-203.13918820
2024-10-23,1729641600,-179.87623880
2024-10-24,1729728000,-161.30469462
2024-10-25,1729814400,-144.56471661
2024-10-26,1729900800,-132.40761170
2024-10-27,1729987200,-117.85670582
2024-10-28,1730073600,-111.39774892
2024-10-29,1730160000,-99.41130450
2024-10-30,1730246400,-87.04314281
2024-10-31,1730332800,-76.35613333
2024-11-01,1730419200,-76.54772309
2024-11-02,1730505600,-68.28120879
2024-11-03,1730592000,-60.70867390
2024-11-04,1730678400,-55.88519454
2024-11-05,1730764800,-56.22240597
2024-11-06,1730851200,-49.19844781
2024-11-07,1730937600,-43.04864183
2024-11-08,1731024000,-37.66756160
2024-11-09,1731110400,-32.95911640
2024-11-10,1731196800,-28.83922685
2024-11-11,1731283200,-25.23432350
2024-11-12,1731369600,-22.08003306
2024-11-13,1731456000,-19.32002893
2024-11-14,1731542400,-16.90502531
2024-11-15,1731628800,-14.79189715
2024-11-16,1731715200,-12.94291000
2024-11-17,1731801600,-11.32504625
2024-11-18,1731888000,-9.90941547
2024-11-19,1731974400,-8.67073854
2024-11-20,1732060800,-7.58689622
2024-11-21,1732147200,-6.63853419
2024-11-22,1732233600,-5.80871742
2024-11-23,1732320000,-5.08262774
2024-11-24,1732406400,-4.44729927
2024-11-25,1732492800,-3.89138686
2024-11-26,1732579200,-3.40496351
2024-11-27,1732665600,-2.97934307
2024-11-28,1732752000,-2.60692518
2024-11-29,1732838400,-2.28105954
2024-11-30,1732924800,-1.99592709
2024-12-01,1733011200,-1.74643621
2024-12-02,1733097600,-1.52813168
2024-12-03,1733184000,-1.33711522
2024-12-04,1733270400,-1.16997582
2024-12-05,1733356800,-1.02372884
2024-12-06,1733443200,-0.89576274
2024-12-07,1733529600,-0.78379239
2024-12-08,1733616000,-0.68581834
2024-12-09,1733702400,-0.60009105
2024-12-10,1733788800,-0.52507967
2024-12-11,1733875200,-0.45944471
2024-12-12,1733961600,-0.40201412
2024-12-13,1734048000,-0.35176236
2024-12-14,1734134400,-0.30779206
2024-12-15,1734220800,-0.26931805
2024-12-16,1734307200,-0.23565330
2024-12-17,1734393600,-0.20619664
2024-12-18,1734480000,-0.18042206
2024-12-19,1734566400,-0.15786930
2024-12-20,1734652800,-0.13813564
2024-12-21,1734739200,-0.12086868
2024-12-22,1734825600,-0.10576010
2024-12-23,1734912000,-0.09254008
2024-12-24,1734998400,-0.08097257
2024-12-25,1735084800,-0.07085100
2024-12-26,1735171200,-0.06199463
2024-12-27,1735257600,-0.05424530
2024-12-28,1735344000,-0.04746464
2024-12-29,1735430400,-0.04153156
2024-12-30,1735516800,-0.03634011
2024-12-31,1735603200,-0.03179760
2025-01-01,1735689600,-0.02782290
2025-01-02,1735776000,-0.02434504
2025-01-03,1735862400,-0.02130191
2025-01-04,1735948800,-0.01863917
2025-01-05,1736035200,-0.01630927
2025-01-06,1736121600,-0.01427061
2025-01-07,1736208000,-0.01248679
2025-01-08,1736294400,-0.01092594
2025-01-09,1736380800,-0.00956020
2025-01-10,1736467200,-0.00836517
2025-01-11,1736553600,-0.00731953
2025-01-12,1736640000,-0.00640458
2025-01-13,1736726400,-0.00560401
2025-01-14,1736812800,-0.00490351
2025-01-15,1736899200,-0.00429057
2025-01-16,1736985600,-0.00375425
2025-01-17,1737072000,-0.00355425
2025-01-18,1737158400,-0.00305425
2025-01-19,1737244800,-0.00275425
2025-01-20,1737331200,-0.00220067
2025-01-21,1737417600,-0.00192559
2025-01-22,1737504000,-0.00168489
2025-01-23,1737590400,-0.00147428
2025-01-24,1737676800,-0.00128999
2025-01-25,1737763200,-0.00112874
2025-01-26,1737849600,-0.00098765
2025-01-27,1737936000,-0.00086419
2025-01-28,1738022400,-0.00075617
2025-01-29,1738108800,-0.00066165
2025-01-30,1738195200,-0.00057894
2025-01-31,1738281600,-0.00050658
2025-02-01,1738368000,-0.00044325
2025-02-02,1738454400,-0.00038785
2025-02-03,1738540800,-0.00033937
2025-02-04,1738627200,-0.00029695
2025-02-05,1738713600,-0.00025983
2025-02-06,1738800000,-0.00022735
2025-02-07,1738886400,-0.00019893
2025-02-08,1738972800,-0.00017406
2025-02-09,1739059200,-0.00015231
2025-02-11,1739232000,-0.00011661
2025-02-12,1739318400,-0.00010203
2025-02-13,1739404800,-0.00008928
2025-02-14,1739491200,-0.00007812
2025-02-15,1739577600,-0.00006835
2025-02-16,1739664000,-0.00005981
2025-02-17,1739750400,-0.00005233
2025-02-18,1739836800,-0.00004579
2025-02-19,1739923200,-0.00004007
2025-02-20,1740009600,-0.00003506
2025-02-21,1740096000,-0.00003068
2025-02-22,1740182400,-0.00002684
2025-02-23,1740268800,-0.00002349
2025-02-24,1740355200,-0.00002055
2025-02-25,1740441600,-0.00001798
2025-02-26,1740528000,-0.00001573
2025-02-27,1740614400,-0.00001377
2025-02-28,1740700800,-0.00001205
2025-03-01,1740787200,-0.00001054
2025-03-02,1740873600,-0.00000922
2025-03-03,1740960000,-0.00000807
2025-03-04,1741046400,-0.00000706
2025-03-05,1741132800,-0.00000618
2025-03-06,1741219200,-0.00000541
2025-03-07,1741305600,-0.00000473
2025-03-08,1741392000,-0.00000414
2025-03-09,1741478400,-0.00000362
2025-03-10,1741564800,-0.00000317
2025-03-11,1741651200,-0.00000277
2025-03-12,1741737600,-0.00000243
2025-03-13,1741824000,-0.00000212
2025-03-14,1741910400,-0.00000186
2025-03-15,1741996800,-0.00000163
2025-03-16,1742083200,-0.00000142
2025-03-17,1742169600,-0.00000124
2025-03-18,1742256000,-0.00000109
2025-03-19,1742342400,-0.00000095
2025-03-20,1742428800,-0.00000083
2025-03-21,1742515200,-0.00000073
2025-03-22,1742601600,-0.00000064
2025-03-23,1742688000,-0.00000056
2025-03-24,1742774400,-0.00000049
2025-03-25,1742860800,-0.00000043
2025-03-26,1742947200,-0.00000037
2025-03-27,1743033600,-0.00000033
2025-03-28,1743120000,-0.00000029
2025-03-29,1743206400,-0.00000025
2025-03-30,1743292800,-0.00000022
2025-03-31,1743379200,-0.00000019
2025-04-01,1743465600,-0.00000017
2025-04-02,1743552000,-0.00000015
2025-04-03,1743638400,-0.00000013
2025-04-04,1743724800,-0.00000011
2025-04-05,1743811200,-0.00000010
2025-04-06,1743897600,-0.00000009
2025-04-07,1743984000,-0.00000008
2025-04-08,1744070400,-0.00000007
2025-04-09,1744156800,-0.00000006
2025-04-10,1744243200,-0.00000005
2025-04-11,1744329600,-0.00000004
2025-04-12,1744416000,-0.00000004
2025-04-13,1744502400,-0.00000003
2025-04-14,1744588800,-0.00000003
2025-04-15,1744675200,-0.00034380
2025-04-16,1744761600,-0.02839386
2025-04-17,1744848000,-0.14918969
2025-04-18,1744934400,-0.39100615
2025-04-19,1745020800,-0.90161730
2025-04-20,1745107200,-0.87345389
2025-04-21,1745193600,-1.44054790
2025-04-22,1745280000,-1.30095750
2025-04-23,1745366400,-1.14007908
2025-04-24,1745452800,-9.55851512
2025-04-25,1745539200,-8.84408488
2025-04-26,1745625600,-8.96413360
2025-04-27,1745712000,-8.05070429
2025-04-28,1745798400,-14.11492581
2025-04-29,1745884800,-19.38040034
2025-04-30,1745971200,-17.66225616
2025-05-01,1746057600,-16.10287848
2025-05-02,1746144000,-14.69334656
2025-05-03,1746230400,-12.92448115
2025-05-04,1746316800,-11.61193883
2025-05-05,1746403200,-11.86721557
2025-05-06,1746489600,-10.84528287
2025-05-07,1746576000,-9.73605590
2025-05-08,1746662400,-8.52008849
2025-05-09,1746748800,-7.45814046
2025-05-10,1746835200,-6.52720241
2025-05-11,1746921600,-5.71130281
2025-05-12,1747008000,-5.00031924
2025-05-13,1747094400,-4.37541641
2025-05-14,1747180800,-3.82853052
2025-05-15,1747267200,-2.94702109
2025-05-16,1747353600,-2.57865558
2025-05-17,1747440000,-2.25633114
2025-05-18,1747526400,-1.97451688
2025-05-19,1747612800,-1.72829236
2025-05-20,1747699200,-1.51926746
2025-05-21,1747785600,-1.32935903
2025-05-22,1747872000,-1.16318915
2025-05-23,1747958400,-1.01779053
2025-05-24,1748044800,-0.89107578
2025-05-25,1748131200,-0.77969131
2025-05-26,1748217600,-0.68222989
2025-05-27,1748304000,-0.61421187
2025-05-28,1748390400,-0.67655975
2025-05-29,1748476800,-3.34117990
2025-05-30,1748563200,-2.94326421
2025-05-31,1748649600,-2.59197506
2025-06-01,1748736000,-3.65903757
2025-06-02,1748822400,-3.34180418
2025-06-03,1748908800,-2.93824476
2025-06-04,1748995200,-2.81817016
2025-06-05,1749081600,-2.58083249
2025-06-06,1749168000,-2.26345272
2025-06-07,1749254400,-1.98584648
2025-06-08,1749340800,-1.74306895
2025-06-09,1749427200,-1.52518533
2025-06-10,1749513600,-1.33453717
2025-06-11,1749600000,-1.16842818
2025-06-12,1749686400,-1.05633704
2025-06-13,1749772800,-0.95116924
2025-06-14,1749859200,-0.84646125
2025-06-15,1749945600,-0.74198673
2025-06-16,1750032000,-0.83746360
2025-06-17,1750118400,-0.77703675
2025-06-18,1750204800,-0.75549613
2025-06-19,1750291200,-0.76220502
2025-06-20,1750377600,-0.86975453
2025-06-21,1750464000,-2.73768753
2025-06-22,1750550400,-2.80534848
2025-06-23,1750636800,-2.51483440
2025-06-24,1750723200,-2.21990849
2025-06-25,1750809600,-1.96011712
2025-06-26,1750896000,-1.71600087
2025-06-27,1750982400,-1.50341462
2025-06-28,1751068800,-1.31580757
2025-06-29,1751155200,-1.15398680
2025-06-30,1751241600,-1.03893824
