d,unixTs,realizedProfitSth
2020-01-01,1577836800,1461.49338790
2020-01-02,1577923200,1341.29608140
2020-01-03,1578009600,1291.90409540
2020-01-04,1578096000,1176.66207710
2020-01-05,1578182400,1094.63970350
2020-01-06,1578268800,1309.91048850
2020-01-07,1578355200,1397.36551100
2020-01-08,1578441600,1973.51873220
2020-01-09,1578528000,3968.76659770
2020-01-10,1578614400,4088.75846380
2020-01-11,1578700800,3736.46869630
2020-01-12,1578787200,3628.17394320
2020-01-13,1578873600,3606.79878730
2020-01-14,1578960000,5597.02014900
2020-01-15,1579046400,6532.18308620
2020-01-16,1579132800,6901.42029080
2020-01-17,1579219200,6560.50377900
2020-01-18,1579305600,6175.12848740
2020-01-19,1579392000,6020.75339750
2020-01-20,1579478400,6179.39179970
2020-01-21,1579564800,5696.44009200
2020-01-22,1579651200,5447.16296690
2020-01-23,1579737600,5163.60109570
2020-01-24,1579824000,4774.37512750
2020-01-25,1579910400,4344.29312190
2020-01-26,1579996800,3912.97774270
2020-01-27,1580083200,3635.85420960
2020-01-28,1580169600,3726.94839540
2020-01-29,1580256000,3947.39252360
2020-01-30,1580342400,5318.90707060
2020-01-31,1580428800,7028.31282350
2020-02-01,1580515200,6578.92619140
2020-02-02,1580601600,6117.60683060
2020-02-03,1580688000,6077.41467130
2020-02-04,1580774400,6228.38827100
2020-02-05,1580860800,5869.83140680
2020-02-06,1580947200,7456.99251680
2020-02-07,1581033600,7393.44001630
2020-02-08,1581120000,7685.11728780
2020-02-09,1581206400,7243.35025080
2020-02-10,1581292800,8168.43369970
2020-02-11,1581379200,8467.65552090
2020-02-12,1581465600,8293.02393060
2020-02-13,1581552000,8400.12823500
2020-02-14,1581638400,8260.60879590
2020-02-15,1581724800,7806.87781160
2020-02-16,1581811200,7629.23939340
2020-02-17,1581897600,7323.21034910
2020-02-18,1581984000,7679.90439720
2020-02-19,1582070400,7214.00341240
2020-02-20,1582156800,7519.26231840
2020-02-21,1582243200,7003.23648030
2020-02-22,1582329600,6369.08055330
2020-02-23,1582416000,5937.29348190
2020-02-24,1582502400,5853.24166680
2020-02-25,1582588800,7606.24242210
2020-02-26,1582675200,7056.87819970
2020-02-27,1582761600,6617.16618420
2020-02-28,1582848000,6007.07022820
2020-02-29,1582934400,5645.49580380
2020-03-01,1583020800,5192.71682060
2020-03-02,1583107200,4642.79914950
2020-03-03,1583193600,4222.89891190
2020-03-04,1583280000,3989.56662790
2020-03-05,1583366400,3709.15608680
2020-03-06,1583452800,3568.25722460
2020-03-07,1583539200,3261.48669890
2020-03-08,1583625600,3234.43961280
2020-03-09,1583712000,3566.83464670
2020-03-10,1583798400,3246.30743800
2020-03-11,1583884800,3876.23203010
2020-03-12,1583971200,4077.09126850
2020-03-13,1584057600,9654.85179720
2020-03-14,1584144000,8858.01847130
2020-03-15,1584230400,8168.38202010
2020-03-16,1584316800,7521.39455370
2020-03-17,1584403200,6860.93319690
2020-03-18,1584489600,6875.32719640
2020-03-19,1584576000,6331.29816530
2020-03-20,1584662400,6739.80250860
2020-03-21,1584748800,6849.86947220
2020-03-22,1584835200,7272.14762680
2020-03-23,1584921600,7238.53731430
2020-03-24,1585008000,7682.30792640
2020-03-25,1585094400,8208.13807650
2020-03-26,1585180800,7896.68191980
2020-03-27,1585267200,7760.92024010
2020-03-28,1585353600,7177.66015250
2020-03-29,1585440000,6425.48215050
2020-03-30,1585526400,5948.19983780
2020-03-31,1585612800,5656.21965360
2020-04-01,1585699200,5350.94447290
2020-04-02,1585785600,5010.81521260
2020-04-03,1585872000,5022.95297830
2020-04-04,1585958400,4689.05429580
2020-04-05,1586044800,4478.32134610
2020-04-06,1586131200,4890.97600970
2020-04-07,1586217600,4994.60523550
2020-04-08,1586304000,5431.65055330
2020-04-09,1586390400,5795.19366720
2020-04-10,1586476800,5677.83869530
2020-04-11,1586563200,5238.57555290
2020-04-12,1586649600,4681.83995940
2020-04-13,1586736000,4841.20348880
2020-04-14,1586822400,4424.24771110
2020-04-15,1586908800,4169.64256000
2020-04-16,1586995200,4016.52687080
2020-04-17,1587081600,3785.53098750
2020-04-18,1587168000,3476.04351130
2020-04-19,1587254400,3250.25465910
2020-04-20,1587340800,3294.44713970
2020-04-21,1587427200,3283.57956340
2020-04-22,1587513600,3090.48512160
2020-04-23,1587600000,3072.50634980
2020-04-24,1587686400,3439.22044780
2020-04-25,1587772800,3399.67581730
2020-04-26,1587859200,3236.40557320
2020-04-27,1587945600,5305.77325970
2020-04-28,1588032000,5191.32989410
2020-04-29,1588118400,6768.00043590
2020-04-30,1588204800,9361.06353540
2020-05-01,1588291200,10700.00671170
2020-05-02,1588377600,10236.32766670
2020-05-03,1588464000,10544.78381340
2020-05-04,1588550400,10700.64337680
2020-05-05,1588636800,10014.59485050
2020-05-06,1588723200,10403.50461180
2020-05-07,1588809600,11255.34889670
2020-05-08,1588896000,12194.99051230
2020-05-09,1588982400,12214.80406520
2020-05-10,1589068800,11910.41516190
2020-05-11,1589155200,11221.97531640
2020-05-12,1589241600,10329.66882010
2020-05-13,1589328000,9812.60892470
2020-05-14,1589414400,9336.93447040
2020-05-15,1589500800,9867.12419750
2020-05-16,1589587200,9114.84811180
2020-05-17,1589673600,8347.65235610
2020-05-18,1589760000,9350.24234800
2020-05-19,1589846400,9696.11751380
2020-05-20,1589932800,9857.27582400
2020-05-21,1590019200,9752.78057430
2020-05-22,1590105600,9049.86628610
2020-05-23,1590192000,8282.71835290
2020-05-24,1590278400,7870.75195950
2020-05-25,1590364800,7329.89530380
2020-05-26,1590451200,6577.70506140
2020-05-27,1590537600,6022.06590600
2020-05-28,1590624000,5648.90397030
2020-05-29,1590710400,5645.12609790
2020-05-30,1590796800,5232.92865030
2020-05-31,1590883200,5093.92855620
2020-06-01,1590969600,5184.17828400
2020-06-02,1591056000,5895.38360250
2020-06-03,1591142400,6379.16250580
2020-06-04,1591228800,6177.50429570
2020-06-05,1591315200,5946.30019240
2020-06-06,1591401600,5429.92883120
2020-06-07,1591488000,4878.30566610
2020-06-08,1591574400,4725.16134540
2020-06-09,1591660800,4651.33837890
2020-06-10,1591747200,4395.46944190
2020-06-11,1591833600,4455.86946210
2020-06-12,1591920000,4611.59227190
2020-06-13,1592006400,4140.46914800
2020-06-14,1592092800,3741.15356530
2020-06-15,1592179200,3633.60750850
2020-06-16,1592265600,3503.72083870
2020-06-17,1592352000,3466.09816860
2020-06-18,1592438400,6570.10938080
2020-06-19,1592524800,6047.08334200
2020-06-20,1592611200,5417.86798380
2020-06-21,1592697600,4872.06125550
2020-06-22,1592784000,4552.58083790
2020-06-23,1592870400,4377.91851730
2020-06-24,1592956800,4404.14991280
2020-06-25,1593043200,4290.33396680
2020-06-26,1593129600,8265.97302260
2020-06-27,1593216000,7335.46044270
2020-06-28,1593302400,6560.53815270
2020-06-29,1593388800,5835.63895980
2020-06-30,1593475200,6031.78611840
2020-07-01,1593561600,5542.18334210
2020-07-02,1593648000,5064.35043890
2020-07-03,1593734400,4773.07337630
2020-07-04,1593820800,4266.71290420
2020-07-05,1593907200,3784.92659890
2020-07-06,1593993600,3441.20219480
2020-07-07,1594080000,3203.67764380
2020-07-08,1594166400,3064.21910020
2020-07-09,1594252800,3203.86408550
2020-07-10,1594339200,3126.26001200
2020-07-11,1594425600,2800.68481550
2020-07-12,1594512000,2524.22883460
2020-07-13,1594598400,2403.14050700
2020-07-14,1594684800,2279.70672610
2020-07-15,1594771200,2187.94600060
2020-07-16,1594857600,2128.35891350
2020-07-17,1594944000,1984.90640080
2020-07-18,1595030400,1787.59376370
2020-07-19,1595116800,1639.35632110
2020-07-20,1595203200,1518.04986420
2020-07-21,1595289600,1493.80828130
2020-07-22,1595376000,1571.92651950
2020-07-23,1595462400,1666.24356160
2020-07-24,1595548800,1965.16694760
2020-07-25,1595635200,2079.57536900
2020-07-26,1595721600,2135.47603300
2020-07-27,1595808000,2938.31645100
2020-07-28,1595894400,4284.31161210
2020-07-29,1595980800,5377.99285950
2020-07-30,1596067200,6201.37409540
2020-07-31,1596153600,6394.42299820
2020-08-01,1596240000,6405.02286480
2020-08-02,1596326400,6748.33763680
2020-08-03,1596412800,9496.52027990
2020-08-04,1596499200,9373.75114120
2020-08-05,1596585600,9477.03898590
2020-08-06,1596672000,11731.37083430
2020-08-07,1596758400,13298.75702920
2020-08-08,1596844800,13742.56319710
2020-08-09,1596931200,13061.61157830
2020-08-10,1597017600,12409.40620310
2020-08-11,1597104000,12388.25069470
2020-08-12,1597190400,12069.09208810
2020-08-13,1597276800,11498.83654920
2020-08-14,1597363200,11042.45401470
2020-08-15,1597449600,10119.50751390
2020-08-16,1597536000,9401.95173570
2020-08-17,1597622400,9420.69535960
2020-08-18,1597708800,9567.39211100
2020-08-19,1597795200,9505.67880320
2020-08-20,1597881600,8991.47933490
2020-08-21,1597968000,8546.77433700
2020-08-22,1598054400,7909.30999390
2020-08-23,1598140800,7096.99966910
2020-08-24,1598227200,6945.95798610
2020-08-25,1598313600,6704.88746610
2020-08-26,1598400000,6514.97133260
2020-08-27,1598486400,6333.81906240
2020-08-28,1598572800,6073.12038480
2020-08-29,1598659200,5502.36779130
2020-08-30,1598745600,5251.04222920
2020-08-31,1598832000,5296.73467840
2020-09-01,1598918400,5656.65223740
2020-09-02,1599004800,5758.43717150
2020-09-03,1599091200,7804.55610850
2020-09-04,1599177600,8128.89591050
2020-09-05,1599264000,7212.12306610
2020-09-06,1599350400,6467.36547750
2020-09-07,1599436800,5763.89337730
2020-09-08,1599523200,5142.66597630
2020-09-09,1599609600,4669.29237610
2020-09-10,1599696000,4185.59252140
2020-09-11,1599782400,3818.13952180
2020-09-12,1599868800,3456.88714220
2020-09-13,1599955200,3107.94539020
2020-09-14,1600041600,3064.63844140
2020-09-15,1600128000,2916.70902470
2020-09-16,1600214400,3020.87666610
2020-09-17,1600300800,3099.47000230
2020-09-18,1600387200,3179.52010010
2020-09-19,1600473600,3232.88846560
2020-09-20,1600560000,3134.17116110
2020-09-21,1600646400,3247.51663850
2020-09-22,1600732800,3262.18991170
2020-09-23,1600819200,3009.97786130
2020-09-24,1600905600,2862.92796120
2020-09-25,1600992000,2666.29724640
2020-09-26,1601078400,2463.69215610
2020-09-27,1601164800,2272.21848210
2020-09-28,1601251200,2198.59403280
2020-09-29,1601337600,2628.29321070
2020-09-30,1601424000,2553.88767940
2020-10-01,1601510400,2468.94079470
2020-10-02,1601596800,2726.53829580
2020-10-03,1601683200,2430.96035450
2020-10-04,1601769600,2182.55348350
2020-10-05,1601856000,2091.47874230
2020-10-06,1601942400,2004.26960460
2020-10-07,1602028800,2055.70520140
2020-10-08,1602115200,1912.75595410
2020-10-09,1602201600,2111.46931780
2020-10-10,1602288000,2065.00678090
2020-10-11,1602374400,2056.37794880
2020-10-12,1602460800,2449.29864630
2020-10-13,1602547200,3092.05438680
2020-10-14,1602633600,3262.12434290
2020-10-15,1602720000,3432.35593290
2020-10-16,1602806400,3507.44719820
2020-10-17,1602892800,3254.22672580
2020-10-18,1602979200,2961.39562480
2020-10-19,1603065600,3117.22503430
2020-10-20,1603152000,3667.96255100
2020-10-21,1603238400,4402.08723440
2020-10-22,1603324800,6116.19211180
2020-10-23,1603411200,7067.58314090
2020-10-24,1603497600,7731.39326900
2020-10-25,1603584000,7539.05415290
2020-10-26,1603670400,7346.52573930
2020-10-27,1603756800,7463.29264440
2020-10-28,1603843200,8436.24915970
2020-10-29,1603929600,9155.88370050
2020-10-30,1604016000,8728.87954150
2020-10-31,1604102400,8517.89542500
2020-11-01,1604188800,8734.01312790
2020-11-02,1604275200,8670.23474720
2020-11-03,1604361600,9030.84318060
2020-11-04,1604448000,9487.89339480
2020-11-05,1604534400,9662.45352800
2020-11-06,1604620800,10796.61388060
2020-11-07,1604707200,10672.28450040
2020-11-08,1604793600,12657.30793190
2020-11-09,1604880000,12523.00345280
2020-11-10,1604966400,12540.16058100
2020-11-11,1605052800,12184.56181440
2020-11-12,1605139200,12079.21094570
2020-11-13,1605225600,11902.72656300
2020-11-14,1605312000,11413.95382720
2020-11-15,1605398400,10546.04571230
2020-11-16,1605484800,10255.67382580
2020-11-17,1605571200,10995.21670710
2020-11-18,1605657600,15221.70132290
2020-11-19,1605744000,14932.69938250
2020-11-20,1605830400,16451.85116120
2020-11-21,1605916800,16024.13228480
2020-11-22,1606003200,15033.92556850
2020-11-23,1606089600,15333.46549020
2020-11-24,1606176000,15888.51824230
2020-11-25,1606262400,15809.33306030
2020-11-26,1606348800,16830.78192610
2020-11-27,1606435200,16871.65691230
2020-11-28,1606521600,15289.94211330
2020-11-29,1606608000,13938.41734010
2020-11-30,1606694400,13762.19128170
2020-12-01,1606780800,14987.25961830
2020-12-02,1606867200,16063.05847780
2020-12-03,1606953600,14856.26670270
2020-12-04,1607040000,14907.15100190
2020-12-05,1607126400,13618.64218180
2020-12-06,1607212800,12278.55596210
2020-12-07,1607299200,11698.97464440
2020-12-08,1607385600,11637.91834410
2020-12-09,1607472000,11699.91063860
2020-12-10,1607558400,11214.36056090
2020-12-11,1607644800,10443.55996480
2020-12-12,1607731200,9426.38765360
2020-12-13,1607817600,9393.89050920
2020-12-14,1607904000,9306.87624930
2020-12-15,1607990400,9383.16524080
2020-12-16,1608076800,9544.33940830
2020-12-17,1608163200,12455.73398890
2020-12-18,1608249600,21020.00337540
2020-12-19,1608336000,20163.56868940
2020-12-20,1608422400,19332.39057520
2020-12-21,1608508800,19720.72992300
2020-12-22,1608595200,19924.74332230
2020-12-23,1608681600,19634.79452410
2020-12-24,1608768000,22231.29111370
2020-12-25,1608854400,20160.54507060
2020-12-26,1608940800,19387.31904100
2020-12-27,1609027200,20336.18189120
2020-12-28,1609113600,21592.56869050
2020-12-29,1609200000,27979.15580860
2020-12-30,1609286400,28379.15026620
2020-12-31,1609372800,27754.41035210
2021-01-01,1609459200,29063.49923480
2021-01-02,1609545600,27633.30762210
2021-01-03,1609632000,29524.93458230
2021-01-04,1609718400,34131.59281720
2021-01-05,1609804800,36008.04215880
2021-01-06,1609891200,37574.53473080
2021-01-07,1609977600,41394.06201260
2021-01-08,1610064000,45638.71406500
2021-01-09,1610150400,46556.43976280
2021-01-10,1610236800,44545.15114350
2021-01-11,1610323200,44901.13306420
2021-01-12,1610409600,43135.00846450
2021-01-13,1610496000,40850.41942460
2021-01-14,1610582400,38173.63992240
2021-01-15,1610668800,36014.77451590
2021-01-16,1610755200,33009.26165910
2021-01-17,1610841600,30065.03595420
2021-01-18,1610928000,28278.78746170
2021-01-19,1611014400,27023.96669960
2021-01-20,1611100800,25811.57557470
2021-01-21,1611187200,24885.97907560
2021-01-22,1611273600,23269.80939230
2021-01-23,1611360000,21440.67702030
2021-01-24,1611446400,19252.99794280
2021-01-25,1611532800,17688.35177050
2021-01-26,1611619200,16810.96943850
2021-01-27,1611705600,16243.34776750
2021-01-28,1611792000,15834.18805970
2021-01-29,1611878400,16031.85263040
2021-01-30,1611964800,15795.94076040
2021-01-31,1612051200,14679.00938620
2021-02-01,1612137600,14194.04162430
2021-02-02,1612224000,14223.25709770
2021-02-03,1612310400,13400.01785720
2021-02-04,1612396800,14379.01419770
2021-02-05,1612483200,16617.76539820
2021-02-06,1612569600,16138.29585810
2021-02-07,1612656000,16484.50834050
2021-02-08,1612742400,16592.54626080
2021-02-09,1612828800,21143.54889390
2021-02-10,1612915200,24634.58577030
2021-02-11,1613001600,25427.85366430
2021-02-12,1613088000,26072.25524470
2021-02-13,1613174400,25055.67167040
2021-02-14,1613260800,22869.16741350
2021-02-15,1613347200,26618.07580770
2021-02-16,1613433600,25561.42723050
2021-02-17,1613520000,25662.68464760
2021-02-18,1613606400,27006.26519540
2021-02-19,1613692800,29218.45000000
2021-02-20,1613779200,30048.01391970
2021-02-21,1613865600,29190.77350270
2021-02-22,1613952000,29371.48388470
2021-02-23,1614038400,33867.22111220
2021-02-24,1614124800,32279.41529140
2021-02-25,1614211200,30880.15565510
2021-02-26,1614297600,34292.96989320
2021-02-27,1614384000,30682.20141710
2021-02-28,1614470400,27809.56667280
2021-03-01,1614556800,25867.54990560
2021-03-02,1614643200,23747.82708970
2021-03-03,1614729600,21931.85654660
2021-03-04,1614816000,21129.75461780
2021-03-05,1614902400,20022.42553370
2021-03-06,1614988800,17939.84228860
2021-03-07,1615075200,16190.95131130
2021-03-08,1615161600,15264.85659900
2021-03-09,1615248000,14657.56748820
2021-03-10,1615334400,15124.13853080
2021-03-11,1615420800,17190.94019470
2021-03-12,1615507200,18598.98943010
2021-03-13,1615593600,18021.46582760
2021-03-14,1615680000,17256.77036030
2021-03-15,1615766400,18324.97781400
2021-03-16,1615852800,20635.17015380
2021-03-17,1615939200,19499.74100810
2021-03-18,1616025600,18068.77259970
2021-03-19,1616112000,17097.02046930
2021-03-20,1616198400,15735.07180340
2021-03-21,1616284800,15189.78538350
2021-03-22,1616371200,14750.09659270
2021-03-23,1616457600,16198.37170850
2021-03-24,1616544000,16683.19051560
2021-03-25,1616630400,17062.00373880
2021-03-26,1616716800,15832.41732890
2021-03-27,1616803200,15149.12613790
2021-03-28,1616889600,13742.54983330
2021-03-29,1616976000,13648.76977240
2021-03-30,1617062400,13816.69874640
2021-03-31,1617148800,13690.55995700
2021-04-01,1617235200,13023.16174270
2021-04-02,1617321600,12529.38528970
2021-04-03,1617408000,11481.36366560
2021-04-04,1617494400,10733.98401630
2021-04-05,1617580800,10061.36735470
2021-04-06,1617667200,11542.60844070
2021-04-07,1617753600,11477.26304370
2021-04-08,1617840000,11172.01644930
2021-04-09,1617926400,10339.37219270
2021-04-10,1618012800,9724.18010510
2021-04-11,1618099200,9008.07543800
2021-04-12,1618185600,8994.55303670
2021-04-13,1618272000,10023.83043700
2021-04-14,1618358400,11295.04098250
2021-04-15,1618444800,11692.79691200
2021-04-16,1618531200,11889.40661560
2021-04-17,1618617600,11297.37078050
2021-04-18,1618704000,11296.50542060
2021-04-19,1618790400,10496.82975030
2021-04-20,1618876800,10480.03967610
2021-04-21,1618963200,9584.92746220
2021-04-22,1619049600,11754.94632680
2021-04-23,1619136000,11385.33939940
2021-04-24,1619222400,10243.04287560
2021-04-25,1619308800,9144.48212060
2021-04-26,1619395200,8370.42861540
2021-04-27,1619481600,7951.65757030
2021-04-28,1619568000,7541.56952440
2021-04-29,1619654400,8140.50807460
2021-04-30,1619740800,7695.68042250
2021-05-01,1619827200,7097.74632240
2021-05-02,1619913600,6631.84050000
2021-05-03,1620000000,6605.12302310
2021-05-04,1620086400,6934.32479130
2021-05-05,1620172800,6771.68767840
2021-05-06,1620259200,7030.48142110
2021-05-07,1620345600,9368.02887740
2021-05-08,1620432000,9082.94496910
2021-05-09,1620518400,8770.57290690
2021-05-10,1620604800,8621.63995140
2021-05-11,1620691200,8475.34518940
2021-05-12,1620777600,9964.83786850
2021-05-13,1620864000,10698.48233650
2021-05-14,1620950400,10016.75257730
2021-05-15,1621036800,9173.05448390
2021-05-16,1621123200,9284.95953850
2021-05-17,1621209600,8947.20569810
2021-05-18,1621296000,8227.29379250
2021-05-19,1621382400,8210.86941350
2021-05-20,1621468800,8820.17994610
2021-05-21,1621555200,8037.27345620
2021-05-22,1621641600,7721.88667880
2021-05-23,1621728000,6906.47848620
2021-05-24,1621814400,6451.30157850
2021-05-25,1621900800,5940.90182490
2021-05-26,1621987200,5699.63886870
2021-05-27,1622073600,5872.20794390
2021-05-28,1622160000,5442.06875550
2021-05-29,1622246400,5045.87351410
2021-05-30,1622332800,4668.59922470
2021-05-31,1622419200,4171.54281060
2021-06-01,1622505600,3798.95061150
2021-06-02,1622592000,3557.10143410
2021-06-03,1622678400,3296.32426730
2021-06-04,1622764800,3179.16631420
2021-06-05,1622851200,2928.93359860
2021-06-06,1622937600,2848.72176920
2021-06-07,1623024000,2568.05521160
2021-06-08,1623110400,2948.04583660
2021-06-09,1623196800,2640.68298740
2021-06-10,1623283200,2595.64960930
2021-06-11,1623369600,2605.74307320
2021-06-12,1623456000,2476.07020620
2021-06-13,1623542400,2227.50115050
2021-06-14,1623628800,2210.35774120
2021-06-15,1623715200,2508.77356780
2021-06-16,1623801600,2972.55276090
2021-06-17,1623888000,3046.41854590
2021-06-18,1623974400,3235.14784180
2021-06-19,1624060800,3181.68768140
2021-06-20,1624147200,2843.37523790
2021-06-21,1624233600,2665.49293960
2021-06-22,1624320000,2883.43982180
2021-06-23,1624406400,2693.22541920
2021-06-24,1624492800,2618.00276250
2021-06-25,1624579200,2495.13517940
2021-06-26,1624665600,2615.03895990
2021-06-27,1624752000,2319.27890880
2021-06-28,1624838400,2395.77845500
2021-06-29,1624924800,2358.96440660
2021-06-30,1625011200,2533.33118300
2021-07-01,1625097600,2692.46861000
2021-07-02,1625184000,2489.49155560
2021-07-03,1625270400,2213.12018080
2021-07-04,1625356800,2076.40296490
2021-07-05,1625443200,2113.26177190
2021-07-06,1625529600,1967.98106920
2021-07-07,1625616000,1849.09214360
2021-07-08,1625702400,2167.86433000
2021-07-09,1625788800,1967.32806890
2021-07-10,1625875200,1759.03424750
2021-07-11,1625961600,1616.46944810
2021-07-12,1626048000,1651.54016550
2021-07-13,1626134400,1665.69565770
2021-07-14,1626220800,1542.37343670
2021-07-15,1626307200,1373.50269620
2021-07-16,1626393600,1370.10225930
2021-07-17,1626480000,1229.02455790
2021-07-18,1626566400,1083.46286950
2021-07-19,1626652800,1008.98442790
2021-07-20,1626739200,984.73433140
2021-07-21,1626825600,896.71298670
2021-07-22,1626912000,875.33786420
2021-07-23,1626998400,978.76167900
2021-07-24,1627084800,922.69877310
2021-07-25,1627171200,1103.24285950
2021-07-26,1627257600,1661.11415510
2021-07-27,1627344000,4986.63738760
2021-07-28,1627430400,5350.93800940
2021-07-29,1627516800,5842.92614630
2021-07-30,1627603200,5963.64494490
2021-07-31,1627689600,5603.36862830
2021-08-01,1627776000,5558.42476670
2021-08-02,1627862400,6311.94683010
2021-08-03,1627948800,6092.97943980
2021-08-04,1628035200,5731.16863790
2021-08-05,1628121600,5218.62866220
2021-08-06,1628208000,5071.50881610
2021-08-07,1628294400,4806.45616270
2021-08-08,1628380800,4867.35193510
2021-08-09,1628467200,5922.46292370
2021-08-10,1628553600,6678.45917560
2021-08-11,1628640000,6665.69679880
2021-08-12,1628726400,7056.00875560
2021-08-13,1628812800,7007.79967860
2021-08-14,1628899200,6566.41566880
2021-08-15,1628985600,6173.31772170
2021-08-16,1629072000,6486.45343380
2021-08-17,1629158400,6546.40217200
2021-08-18,1629244800,6826.46874110
2021-08-19,1629331200,6752.72661400
2021-08-20,1629417600,6614.97264730
2021-08-21,1629504000,6498.51252230
2021-08-22,1629590400,6034.82427350
2021-08-23,1629676800,6257.45276880
2021-08-24,1629763200,6541.54225270
2021-08-25,1629849600,6966.12455580
2021-08-26,1629936000,7021.86717930
2021-08-27,1630022400,6473.06024040
2021-08-28,1630108800,5884.83999530
2021-08-29,1630195200,5351.21264930
2021-08-30,1630281600,5621.63663280
2021-08-31,1630368000,5616.14445630
2021-09-01,1630454400,5457.15837830
2021-09-02,1630540800,5691.81428770
2021-09-03,1630627200,5763.41476460
2021-09-04,1630713600,5692.47783770
2021-09-05,1630800000,5236.27008770
2021-09-06,1630886400,5108.56882910
2021-09-07,1630972800,5974.11894280
2021-09-08,1631059200,6875.54248840
2021-09-09,1631145600,7189.69994650
2021-09-10,1631232000,6697.27290380
2021-09-11,1631318400,6147.48805300
2021-09-12,1631404800,5545.32271890
2021-09-13,1631491200,4984.37860310
2021-09-14,1631577600,4782.25324580
2021-09-15,1631664000,4430.98659490
2021-09-16,1631750400,4285.00916010
2021-09-17,1631836800,4235.94939440
2021-09-18,1631923200,3951.05908180
2021-09-19,1632009600,3782.19258090
2021-09-20,1632096000,4026.55563130
2021-09-21,1632182400,4408.04344800
2021-09-22,1632268800,4393.17281290
2021-09-23,1632355200,3957.08484740
2021-09-24,1632441600,3771.11954940
2021-09-25,1632528000,3550.73767910
2021-09-26,1632614400,3545.48406270
2021-09-27,1632700800,3263.07186790
2021-09-28,1632787200,3425.94989800
2021-09-29,1632873600,3308.85600910
2021-09-30,1632960000,3499.57263220
2021-10-01,1633046400,3381.78009770
2021-10-02,1633132800,3828.18104850
2021-10-03,1633219200,3702.83884690
2021-10-04,1633305600,4198.33272590
2021-10-05,1633392000,4400.67738250
2021-10-06,1633478400,6796.72942630
2021-10-07,1633564800,9022.48774970
2021-10-08,1633651200,9158.62225710
2021-10-09,1633737600,8662.42628300
2021-10-10,1633824000,7906.91309940
2021-10-11,1633910400,7768.70581600
2021-10-12,1633996800,8093.89017790
2021-10-13,1634083200,8582.16536920
2021-10-14,1634169600,9086.77528080
2021-10-15,1634256000,9617.96493120
2021-10-16,1634342400,9321.54590110
2021-10-17,1634428800,8902.92787220
2021-10-18,1634515200,9178.27621980
2021-10-19,1634601600,9571.22131050
2021-10-20,1634688000,10756.14837090
2021-10-21,1634774400,13115.24460320
2021-10-22,1634860800,12859.51252320
2021-10-23,1634947200,11801.58453090
2021-10-24,1635033600,11555.25989480
2021-10-25,1635120000,11560.57247550
2021-10-26,1635206400,11722.67725620
2021-10-27,1635292800,11374.86590930
2021-10-28,1635379200,11235.56355420
2021-10-29,1635465600,10886.88717590
2021-10-30,1635552000,9965.12144420
2021-10-31,1635638400,8958.11950960
2021-11-01,1635724800,8970.74450560
2021-11-02,1635811200,8542.52685170
2021-11-03,1635897600,8999.86397630
2021-11-04,1635984000,8581.95851840
2021-11-05,1636070400,8312.96380730
2021-11-06,1636156800,7692.90265900
2021-11-07,1636243200,6952.32789910
2021-11-08,1636329600,6952.25552240
2021-11-09,1636416000,7963.80037010
2021-11-10,1636502400,8135.48286500
2021-11-11,1636588800,9083.29115870
2021-11-12,1636675200,19966.25488490
2021-11-13,1636761600,17674.43000760
2021-11-14,1636848000,15663.95128940
2021-11-15,1636934400,14866.84921390
2021-11-16,1637020800,14112.11943060
2021-11-17,1637107200,12859.48182860
2021-11-18,1637193600,11543.30026400
2021-11-19,1637280000,10743.31067390
2021-11-20,1637366400,9497.76038890
2021-11-21,1637452800,8458.90270830
2021-11-22,1637539200,8404.62010220
2021-11-23,1637625600,7745.48806890
2021-11-24,1637712000,7322.00172490
2021-11-25,1637798400,7180.47172520
2021-11-26,1637884800,6942.58197380
2021-11-27,1637971200,6399.13252170
2021-11-28,1638057600,5706.16053140
2021-11-29,1638144000,5232.77689810
2021-11-30,1638230400,5037.85777040
2021-12-01,1638316800,4924.59958160
2021-12-02,1638403200,4742.93891370
2021-12-03,1638489600,4495.30102630
2021-12-04,1638576000,5155.37130520
2021-12-05,1638662400,4724.34446270
2021-12-06,1638748800,4303.49345490
2021-12-07,1638835200,3955.34205760
2021-12-08,1638921600,3869.57713910
2021-12-09,1639008000,4185.90823290
2021-12-10,1639094400,4109.94212030
2021-12-11,1639180800,3728.24113400
2021-12-12,1639267200,3302.11520680
2021-12-13,1639353600,3701.04112110
2021-12-14,1639440000,3731.48978530
2021-12-15,1639526400,3389.58880660
2021-12-16,1639612800,3192.48939300
2021-12-17,1639699200,3227.99756810
2021-12-18,1639785600,3015.83151070
2021-12-19,1639872000,2692.36557240
2021-12-20,1639958400,2680.59027050
2021-12-21,1640044800,2490.58275340
2021-12-22,1640131200,2522.52537640
2021-12-23,1640217600,2585.95888000
2021-12-24,1640304000,2521.25485520
2021-12-25,1640390400,2662.74427140
2021-12-26,1640476800,2468.91857760
2021-12-27,1640563200,2427.83545100
2021-12-28,1640649600,2597.95777160
2021-12-29,1640736000,2734.48435590
2021-12-30,1640822400,2647.01602940
2021-12-31,1640908800,2361.51065610
2022-01-01,1640995200,2194.68676880
2022-01-02,1641081600,1971.13105360
2022-01-03,1641168000,1797.95632590
2022-01-04,1641254400,1707.32679300
2022-01-05,1641340800,1615.82193660
2022-01-06,1641427200,1886.66359180
2022-01-07,1641513600,1722.55567740
2022-01-08,1641600000,1586.21708450
2022-01-09,1641686400,1413.35363850
2022-01-10,1641772800,1554.76187250
2022-01-11,1641859200,1413.18624250
2022-01-12,1641945600,1349.18115090
2022-01-13,1642032000,1297.55443120
2022-01-14,1642118400,1446.20395520
2022-01-15,1642204800,1300.02567120
2022-01-16,1642291200,1177.28089410
2022-01-17,1642377600,1180.66359990
2022-01-18,1642464000,1215.56251950
2022-01-19,1642550400,1125.70235330
2022-01-20,1642636800,1090.89739230
2022-01-21,1642723200,1629.72806350
2022-01-22,1642809600,2851.60221340
2022-01-23,1642896000,2579.27124230
2022-01-24,1642982400,2407.97949310
2022-01-25,1643068800,2185.05225220
2022-01-26,1643155200,2171.62436990
2022-01-27,1643241600,2460.53443180
2022-01-28,1643328000,2209.47712380
2022-01-29,1643414400,2055.62615080
2022-01-30,1643500800,2003.45421090
2022-01-31,1643587200,2352.97040050
2022-02-01,1643673600,2208.41090210
2022-02-02,1643760000,2139.25617460
2022-02-03,1643846400,2517.73349290
2022-02-04,1643932800,2252.32229430
2022-02-05,1644019200,2173.96915670
2022-02-06,1644105600,2121.12142270
2022-02-07,1644192000,2673.77911180
2022-02-08,1644278400,3222.96901590
2022-02-09,1644364800,3334.14526490
2022-02-10,1644451200,3825.53749330
2022-02-11,1644537600,5205.53192420
2022-02-12,1644624000,5515.12547850
2022-02-13,1644710400,4932.48942280
2022-02-14,1644796800,4539.54505870
2022-02-15,1644883200,4223.78971420
2022-02-16,1644969600,4011.79484460
2022-02-17,1645056000,4413.63488810
2022-02-18,1645142400,5122.77303040
2022-02-19,1645228800,4662.82310090
2022-02-20,1645315200,4130.01322180
2022-02-21,1645401600,3812.66098400
2022-02-22,1645488000,3989.20220460
2022-02-23,1645574400,3524.71966940
2022-02-24,1645660800,3458.18296720
2022-02-25,1645747200,3083.53765610
2022-02-26,1645833600,2828.86758270
2022-02-27,1645920000,2654.18076970
2022-02-28,1646006400,2758.43956340
2022-03-01,1646092800,2739.57017200
2022-03-02,1646179200,3121.48685630
2022-03-03,1646265600,4153.04429580
2022-03-04,1646352000,5237.71318810
2022-03-05,1646438400,5556.08157910
2022-03-06,1646524800,4902.03339880
2022-03-07,1646611200,4503.49136610
2022-03-08,1646697600,4026.12528090
2022-03-09,1646784000,3645.70025830
2022-03-10,1646870400,3673.14266000
2022-03-11,1646956800,3521.96153610
2022-03-12,1647043200,3292.78084970
2022-03-13,1647129600,2949.53954020
2022-03-14,1647216000,2802.61292340
2022-03-15,1647302400,2521.98590830
2022-03-16,1647388800,2347.22341980
2022-03-17,1647475200,2484.27106680
2022-03-18,1647561600,2508.00351880
2022-03-19,1647648000,2303.85291480
2022-03-20,1647734400,2287.07242310
2022-03-21,1647820800,2489.75128310
2022-03-22,1647907200,2470.20317910
2022-03-23,1647993600,2691.13016870
2022-03-24,1648080000,2643.69926470
2022-03-25,1648166400,2749.18416290
2022-03-26,1648252800,2631.99746470
2022-03-27,1648339200,2730.24332550
2022-03-28,1648425600,3971.16529320
2022-03-29,1648512000,4454.66708130
2022-03-30,1648598400,5092.34344310
2022-03-31,1648684800,5244.81776250
2022-04-01,1648771200,5801.36800650
2022-04-02,1648857600,5186.35376400
2022-04-03,1648944000,4787.39153940
2022-04-04,1649030400,4866.24823100
2022-04-05,1649116800,4606.23581860
2022-04-06,1649203200,4887.91550220
2022-04-07,1649289600,5101.76663330
2022-04-08,1649376000,4716.33045620
2022-04-09,1649462400,4555.75521730
2022-04-10,1649548800,4010.19140350
2022-04-11,1649635200,3690.52994380
2022-04-12,1649721600,4116.81798480
2022-04-13,1649808000,3797.45596520
2022-04-14,1649894400,3474.88394680
2022-04-15,1649980800,3528.78862660
2022-04-16,1650067200,3115.34938670
2022-04-17,1650153600,2757.08549790
2022-04-18,1650240000,2582.90402260
2022-04-19,1650326400,2294.49871230
2022-04-20,1650412800,2334.74498360
2022-04-21,1650499200,2314.02177450
2022-04-22,1650585600,2783.28041590
2022-04-23,1650672000,2688.84620120
2022-04-24,1650758400,2385.65971680
2022-04-25,1650844800,2329.09053340
2022-04-26,1650931200,2087.59272650
2022-04-27,1651017600,2568.59727180
2022-04-28,1651104000,2277.33376430
2022-04-29,1651190400,2230.95736960
2022-04-30,1651276800,2170.06564190
2022-05-01,1651363200,2080.51807700
2022-05-02,1651449600,1829.77898890
2022-05-03,1651536000,1740.35167910
2022-05-04,1651622400,1769.64340750
2022-05-05,1651708800,1699.25212560
2022-05-06,1651795200,2691.39135240
2022-05-07,1651881600,2434.02818460
2022-05-08,1651968000,2459.34185180
2022-05-09,1652054400,2354.58823150
2022-05-10,1652140800,3889.67937590
2022-05-11,1652227200,3677.41302840
2022-05-12,1652313600,4193.18295340
2022-05-13,1652400000,3750.86048170
2022-05-14,1652486400,3850.30321820
2022-05-15,1652572800,3432.16485670
2022-05-16,1652659200,3216.88309350
2022-05-17,1652745600,2965.18541270
2022-05-18,1652832000,2851.88079460
2022-05-19,1652918400,3007.36966260
2022-05-20,1653004800,2711.53487830
2022-05-21,1653091200,2771.90065080
2022-05-22,1653177600,2443.31138030
2022-05-23,1653264000,2379.43943930
2022-05-24,1653350400,2732.33032690
2022-05-25,1653436800,2439.18093610
2022-05-26,1653523200,2252.12172020
2022-05-27,1653609600,2121.64760190
2022-05-28,1653696000,1921.85284010
2022-05-29,1653782400,1749.28097970
2022-05-30,1653868800,1596.72441090
2022-05-31,1653955200,3100.26465080
2022-06-01,1654041600,3191.35723060
2022-06-02,1654128000,3929.12018180
2022-06-03,1654214400,3570.68193570
2022-06-04,1654300800,3263.68369300
2022-06-05,1654387200,2899.89268790
2022-06-06,1654473600,2680.81694040
2022-06-07,1654560000,3357.94355060
2022-06-08,1654646400,3018.27347140
2022-06-09,1654732800,2804.28839600
2022-06-10,1654819200,2608.32509000
2022-06-11,1654905600,2471.56327260
2022-06-12,1654992000,2306.19904550
2022-06-13,1655078400,2306.82590040
2022-06-14,1655164800,4859.51325760
2022-06-15,1655251200,4684.64163380
2022-06-16,1655337600,4244.14947290
2022-06-17,1655424000,4959.58449030
2022-06-18,1655510400,4607.21413260
2022-06-19,1655596800,4433.26846260
2022-06-20,1655683200,4013.46171210
2022-06-21,1655769600,3826.96713700
2022-06-22,1655856000,3889.78201620
2022-06-23,1655942400,3630.78167800
2022-06-24,1656028800,3324.11124880
2022-06-25,1656115200,3052.83870600
2022-06-26,1656201600,2742.06424310
2022-06-27,1656288000,3326.42036830
2022-06-28,1656374400,3282.89488080
2022-06-29,1656460800,3274.32648710
2022-06-30,1656547200,3118.11384830
2022-07-01,1656633600,2973.00290880
2022-07-02,1656720000,2868.37643720
2022-07-03,1656806400,2519.98872600
2022-07-04,1656892800,2225.48902970
2022-07-05,1656979200,2073.97127870
2022-07-06,1657065600,1994.71952840
2022-07-07,1657152000,1887.28223230
2022-07-08,1657238400,2031.01051170
2022-07-09,1657324800,2113.68132960
2022-07-10,1657411200,2153.66029070
2022-07-11,1657497600,2355.26557870
2022-07-12,1657584000,2630.70026110
2022-07-13,1657670400,2548.66452540
2022-07-14,1657756800,2298.36823000
2022-07-15,1657843200,2176.10476120
2022-07-16,1657929600,2109.28042670
2022-07-17,1658016000,1951.11950800
2022-07-18,1658102400,2273.32397110
2022-07-19,1658188800,2629.92890320
2022-07-20,1658275200,3512.84506610
2022-07-21,1658361600,4420.67644180
2022-07-22,1658448000,5474.22563320
2022-07-23,1658534400,5152.10179810
2022-07-24,1658620800,4639.32806620
2022-07-25,1658707200,4518.49832400
2022-07-26,1658793600,4519.29170440
2022-07-27,1658880000,4104.76880930
2022-07-28,1658966400,4042.19978470
2022-07-29,1659052800,4340.02711830
2022-07-30,1659139200,4139.57060740
2022-07-31,1659225600,3987.27804180
2022-08-01,1659312000,4650.96245620
2022-08-02,1659398400,4603.70591870
2022-08-03,1659484800,4460.93599320
2022-08-04,1659571200,4220.59791590
2022-08-05,1659657600,4055.45253490
2022-08-06,1659744000,3631.58126890
2022-08-07,1659830400,3402.51619380
2022-08-08,1659916800,3151.39192710
2022-08-09,1660003200,3135.15010900
2022-08-10,1660089600,3370.55189120
2022-08-11,1660176000,3214.78278140
2022-08-12,1660262400,3973.57247720
2022-08-13,1660348800,3673.67892810
2022-08-14,1660435200,3416.72533770
2022-08-15,1660521600,3480.17054680
2022-08-16,1660608000,3574.80530000
2022-08-17,1660694400,3681.13492160
2022-08-18,1660780800,3636.27537370
2022-08-19,1660867200,3751.81172170
2022-08-20,1660953600,3707.85045290
2022-08-21,1661040000,3269.75261890
2022-08-22,1661126400,2940.53561650
2022-08-23,1661212800,2653.51235280
2022-08-24,1661299200,2380.99289740
2022-08-25,1661385600,2148.65327120
2022-08-26,1661472000,1983.29137830
2022-08-27,1661558400,2168.59756670
2022-08-28,1661644800,1961.12554900
2022-08-29,1661731200,1870.66691670
2022-08-30,1661817600,1676.01468630
2022-08-31,1661904000,1665.46205560
2022-09-01,1661990400,1583.83116880
2022-09-02,1662076800,1439.30992900
2022-09-03,1662163200,1344.25287110
2022-09-04,1662249600,1196.99940500
2022-09-05,1662336000,1087.04177320
2022-09-06,1662422400,976.63776210
2022-09-07,1662508800,1415.67984950
2022-09-08,1662595200,1272.15597020
2022-09-09,1662681600,1179.08352420
2022-09-10,1662768000,1191.36549830
2022-09-11,1662854400,1214.15514480
2022-09-12,1662940800,1478.96459210
2022-09-13,1663027200,2343.02169000
2022-09-14,1663113600,3547.62041500
2022-09-15,1663200000,3230.75700780
2022-09-16,1663286400,2997.33349570
2022-09-17,1663372800,2638.02639940
2022-09-18,1663459200,2350.84328130
2022-09-19,1663545600,2298.35674800
2022-09-20,1663632000,2082.09793160
2022-09-21,1663718400,2055.82533710
2022-09-22,1663804800,2204.53649980
2022-09-23,1663891200,1974.11368100
2022-09-24,1663977600,1767.60020650
2022-09-25,1664064000,1642.70899110
2022-09-26,1664150400,1550.08504000
2022-09-27,1664236800,1449.42708920
2022-09-28,1664323200,1900.19940380
2022-09-29,1664409600,1763.37102370
2022-09-30,1664496000,1653.72985120
2022-10-01,1664582400,1558.35173220
2022-10-02,1664668800,1392.60491100
2022-10-03,1664755200,1281.97400370
2022-10-04,1664841600,1182.38297530
2022-10-05,1664928000,1262.79633790
2022-10-06,1665014400,1301.75994870
2022-10-07,1665100800,1571.47525410
2022-10-08,1665187200,1490.85963090
2022-10-09,1665273600,1347.28626180
2022-10-10,1665360000,1197.68381250
2022-10-11,1665446400,1156.51866270
2022-10-12,1665532800,1023.75629560
2022-10-13,1665619200,912.26254760
2022-10-14,1665705600,827.45487440
2022-10-15,1665792000,903.30342650
2022-10-16,1665878400,803.70664260
2022-10-17,1665964800,730.78521850
2022-10-18,1666051200,745.26537230
2022-10-19,1666137600,828.84221390
2022-10-20,1666224000,798.13943510
2022-10-21,1666310400,740.97571170
2022-10-22,1666396800,658.78159060
2022-10-23,1666483200,590.39025030
2022-10-24,1666569600,581.29788760
2022-10-25,1666656000,588.58064190
2022-10-26,1666742400,1091.45810620
2022-10-27,1666828800,1433.09047010
2022-10-28,1666915200,1626.50592470
2022-10-29,1667001600,1553.88593840
2022-10-30,1667088000,1483.11555180
2022-10-31,1667174400,1717.01577700
2022-11-01,1667260800,1778.59347810
2022-11-02,1667347200,1711.91602220
2022-11-03,1667433600,1825.84497360
2022-11-04,1667520000,1734.38198500
2022-11-05,1667606400,1650.25574750
2022-11-06,1667692800,1653.95850060
2022-11-07,1667779200,2019.90382570
2022-11-08,1667865600,2618.48926530
2022-11-09,1667952000,3588.78693220
2022-11-10,1668038400,4423.06058200
2022-11-11,1668124800,4143.25528520
2022-11-12,1668211200,3876.78688110
2022-11-13,1668297600,3416.33414840
2022-11-14,1668384000,3255.33120420
2022-11-15,1668470400,2915.42614510
2022-11-16,1668556800,2688.39983770
2022-11-17,1668643200,2458.16164350
2022-11-18,1668729600,2257.11000590
2022-11-19,1668816000,2043.85859710
2022-11-20,1668902400,1811.16228490
2022-11-21,1668988800,1704.53499950
2022-11-22,1669075200,1595.43449510
2022-11-23,1669161600,1459.09177780
2022-11-24,1669248000,1372.23496450
2022-11-25,1669334400,1335.88583330
2022-11-26,1669420800,1196.17753130
2022-11-27,1669507200,1095.61305640
2022-11-28,1669593600,1028.16613080
2022-11-29,1669680000,926.72696630
2022-11-30,1669766400,863.05267410
2022-12-01,1669852800,1075.57118140
2022-12-02,1669939200,1252.92963410
2022-12-03,1670025600,1153.64858190
2022-12-04,1670112000,1068.64553990
2022-12-05,1670198400,1068.63834240
2022-12-06,1670284800,1272.50537660
2022-12-07,1670371200,1198.66447400
2022-12-08,1670457600,1143.70837200
2022-12-09,1670544000,1098.55033630
2022-12-10,1670630400,1064.11575300
2022-12-11,1670716800,977.26803520
2022-12-12,1670803200,1099.13492930
2022-12-13,1670889600,1158.61395690
2022-12-14,1670976000,1415.37062720
2022-12-15,1671062400,1752.18301060
2022-12-16,1671148800,2031.08912740
2022-12-17,1671235200,1966.82317540
2022-12-18,1671321600,1732.19147310
2022-12-19,1671408000,1547.20894140
2022-12-20,1671494400,1458.76868590
2022-12-21,1671580800,1316.44901370
2022-12-22,1671667200,1273.42342430
2022-12-23,1671753600,1164.97395870
2022-12-24,1671840000,1055.08744200
2022-12-25,1671926400,935.43911800
2022-12-26,1672012800,849.71863000
2022-12-27,1672099200,792.41553300
2022-12-28,1672185600,880.57370370
2022-12-29,1672272000,826.91331100
2022-12-30,1672358400,746.01789510
2022-12-31,1672444800,666.65517700
2023-01-01,1672531200,601.05818160
2023-01-02,1672617600,538.99824030
2023-01-03,1672704000,574.66214990
2023-01-04,1672790400,553.17344070
2023-01-05,1672876800,587.62893040
2023-01-06,1672963200,566.91253110
2023-01-07,1673049600,540.84294280
2023-01-08,1673136000,541.09769490
2023-01-09,1673222400,584.90017150
2023-01-10,1673308800,747.74451810
2023-01-11,1673395200,790.53495210
2023-01-12,1673481600,1052.41287670
2023-01-13,1673568000,2076.00331540
2023-01-14,1673654400,2540.67348880
2023-01-15,1673740800,3274.10795090
2023-01-16,1673827200,3796.05463860
2023-01-17,1673913600,5306.31462840
2023-01-18,1674000000,5848.74413510
2023-01-19,1674086400,6253.79940650
2023-01-20,1674172800,6395.71880590
2023-01-21,1674259200,6333.44694690
2023-01-22,1674345600,6493.02108640
2023-01-23,1674432000,6817.05929120
2023-01-24,1674518400,6875.24900330
2023-01-25,1674604800,7122.92892370
2023-01-26,1674691200,7817.05023520
2023-01-27,1674777600,7840.60559360
2023-01-28,1674864000,7266.83805360
2023-01-29,1674950400,6845.07687860
2023-01-30,1675036800,7064.18402710
2023-01-31,1675123200,7393.38366450
2023-02-01,1675209600,8432.00872780
2023-02-02,1675296000,8187.32042070
2023-02-03,1675382400,8582.00287820
2023-02-04,1675468800,8444.62319020
2023-02-05,1675555200,7753.08012790
2023-02-06,1675641600,7393.24813860
2023-02-07,1675728000,7044.10137650
2023-02-08,1675814400,6606.89023080
2023-02-09,1675900800,6845.86060430
2023-02-10,1675987200,6524.23980400
2023-02-11,1676073600,6021.63712200
2023-02-12,1676160000,5445.50354620
2023-02-13,1676246400,5014.80103130
2023-02-14,1676332800,4583.72968440
2023-02-15,1676419200,4450.78899250
2023-02-16,1676505600,4606.40417480
2023-02-17,1676592000,5249.88558740
2023-02-18,1676678400,4945.10265820
2023-02-19,1676764800,4683.32831180
2023-02-20,1676851200,4660.39605600
2023-02-21,1676937600,4709.87053380
2023-02-22,1677024000,5030.81855740
2023-02-23,1677110400,5023.85755920
2023-02-24,1677196800,5538.44971310
2023-02-25,1677283200,5112.37851080
2023-02-26,1677369600,4660.18518100
2023-02-27,1677456000,4558.16357840
2023-02-28,1677542400,4441.15019630
2023-03-01,1677628800,4395.88203980
2023-03-02,1677715200,4119.15629820
2023-03-03,1677801600,3896.64786090
2023-03-04,1677888000,3505.50430420
2023-03-05,1677974400,3203.02618580
2023-03-06,1678060800,3030.54723640
2023-03-07,1678147200,2861.38380410
2023-03-08,1678233600,2724.77196690
2023-03-09,1678320000,2863.43757770
2023-03-10,1678406400,3212.71946290
2023-03-11,1678492800,2942.07209250
2023-03-12,1678579200,2686.17633310
2023-03-13,1678665600,2748.67874860
2023-03-14,1678752000,3682.16061020
2023-03-15,1678838400,4913.18476440
2023-03-16,1678924800,5346.60719860
2023-03-17,1679011200,6421.09499380
2023-03-18,1679097600,6225.22841100
2023-03-19,1679184000,6117.07474850
2023-03-20,1679270400,6933.71700870
2023-03-21,1679356800,7554.80697600
2023-03-22,1679443200,7913.97788530
2023-03-23,1679529600,9058.42546830
2023-03-24,1679616000,8895.22178280
2023-03-25,1679702400,8193.40736920
2023-03-26,1679788800,7679.98825730
2023-03-27,1679875200,9902.37396570
2023-03-28,1679961600,9549.10072170
2023-03-29,1680048000,9019.64801310
2023-03-30,1680134400,8887.02798590
2023-03-31,1680220800,9119.38198420
2023-04-01,1680307200,8561.17171240
2023-04-02,1680393600,7761.11382340
2023-04-03,1680480000,7391.41455480
2023-04-04,1680566400,7318.53098860
2023-04-05,1680652800,8099.25583440
2023-04-06,1680739200,8256.07626660
2023-04-07,1680825600,7408.61984150
2023-04-08,1680912000,6622.63215330
2023-04-09,1680998400,5894.00228060
2023-04-10,1681084800,5676.19070890
2023-04-11,1681171200,6807.71146340
2023-04-12,1681257600,7269.93008710
2023-04-13,1681344000,7433.49038520
2023-04-14,1681430400,7860.02465760
2023-04-15,1681516800,7225.89865620
2023-04-16,1681603200,6645.40338980
2023-04-17,1681689600,6682.03234850
2023-04-18,1681776000,6652.29001590
2023-04-19,1681862400,6508.99763590
2023-04-20,1681948800,6412.16632610
2023-04-21,1682035200,6674.18911750
2023-04-22,1682121600,6085.12095440
2023-04-23,1682208000,5661.39907730
2023-04-24,1682294400,5252.26990850
2023-04-25,1682380800,4912.71958830
2023-04-26,1682467200,4818.45434450
2023-04-27,1682553600,4587.03778990
2023-04-28,1682640000,4501.21842280
2023-04-29,1682726400,4198.07320570
2023-04-30,1682812800,3832.38374630
2023-05-01,1682899200,3691.50152440
2023-05-02,1682985600,3666.94428940
2023-05-03,1683072000,5642.94310210
2023-05-04,1683158400,5133.82298680
2023-05-05,1683244800,4823.96177240
2023-05-06,1683331200,4448.33874810
2023-05-07,1683417600,5718.24147030
2023-05-08,1683504000,5785.10135200
2023-05-09,1683590400,5287.52254930
2023-05-10,1683676800,4828.71795340
2023-05-11,1683763200,4508.26225520
2023-05-12,1683849600,4251.34632340
2023-05-13,1683936000,3769.98059040
2023-05-14,1684022400,3357.13758830
2023-05-15,1684108800,3073.05097130
2023-05-16,1684195200,3468.49659410
2023-05-17,1684281600,3271.42930640
2023-05-18,1684368000,2982.76882100
2023-05-19,1684454400,2803.80676870
2023-05-20,1684540800,2515.30174290
2023-05-21,1684627200,2242.76082590
2023-05-22,1684713600,4379.08197990
2023-05-23,1684800000,4015.52207420
2023-05-24,1684886400,3737.98307190
2023-05-25,1684972800,3421.18926070
2023-05-26,1685059200,3049.51847980
2023-05-27,1685145600,2705.01714330
2023-05-28,1685232000,2428.19164210
2023-05-29,1685318400,2521.21626050
2023-05-30,1685404800,2710.87118240
2023-05-31,1685491200,2790.17172380
2023-06-01,1685577600,2691.47858150
2023-06-02,1685664000,2566.36923750
2023-06-03,1685750400,2301.40633330
2023-06-04,1685836800,2092.00682080
2023-06-05,1685923200,2056.25877020
2023-06-06,1686009600,2308.42073600
2023-06-07,1686096000,2174.98401670
2023-06-08,1686182400,2082.22384230
2023-06-09,1686268800,1883.70226920
2023-06-10,1686355200,1754.92128400
2023-06-11,1686441600,1591.46670820
2023-06-12,1686528000,1487.07998010
2023-06-13,1686614400,1400.67897900
2023-06-14,1686700800,1295.40739920
2023-06-15,1686787200,1334.03338300
2023-06-16,1686873600,1225.82966130
2023-06-17,1686960000,1152.47147800
2023-06-18,1687046400,1090.54932790
2023-06-19,1687132800,1120.34294660
2023-06-20,1687219200,1221.93698670
2023-06-21,1687305600,1565.41958940
2023-06-22,1687392000,2455.74445440
2023-06-23,1687478400,3276.03105500
2023-06-24,1687564800,3454.29753010
2023-06-25,1687651200,3258.76301520
2023-06-26,1687737600,3891.06707510
2023-06-27,1687824000,4374.57333470
2023-06-28,1687910400,4569.81370520
2023-06-29,1687996800,4637.71005190
2023-06-30,1688083200,5010.39273940
2023-07-01,1688169600,4653.30719720
2023-07-02,1688256000,4306.82405640
2023-07-03,1688342400,4108.05620400
2023-07-04,1688428800,3943.80666770
2023-07-05,1688515200,3933.20496400
2023-07-06,1688601600,4400.01219670
2023-07-07,1688688000,4211.39148960
2023-07-08,1688774400,3796.47987220
2023-07-09,1688860800,3396.58062920
2023-07-10,1688947200,3486.10725400
2023-07-11,1689033600,3272.64092650
2023-07-12,1689120000,3389.85157700
2023-07-13,1689206400,3373.97388180
2023-07-14,1689292800,3186.62437730
2023-07-15,1689379200,3027.05513860
2023-07-16,1689465600,2703.91982540
2023-07-17,1689552000,2535.62760760
2023-07-18,1689638400,2870.59149040
2023-07-19,1689724800,3346.81093530
2023-07-20,1689811200,3123.33282370
2023-07-21,1689897600,2896.44375420
2023-07-22,1689984000,2573.32375430
2023-07-23,1690070400,2328.38562280
2023-07-24,1690156800,2111.44604410
2023-07-25,1690243200,2042.80122420
2023-07-26,1690329600,1856.94166120
2023-07-27,1690416000,1934.62819360
2023-07-28,1690502400,1857.09662060
2023-07-29,1690588800,1664.66448170
2023-07-30,1690675200,1494.89265150
2023-07-31,1690761600,1413.64871450
2023-08-01,1690848000,1289.93112080
2023-08-02,1690934400,1438.90108670
2023-08-03,1691020800,1335.08440200
2023-08-04,1691107200,1257.54078950
2023-08-05,1691193600,1124.80766560
2023-08-06,1691280000,1002.65668850
2023-08-07,1691366400,956.67614430
2023-08-08,1691452800,1010.68312660
2023-08-09,1691539200,1137.01036900
2023-08-10,1691625600,1083.59530720
2023-08-11,1691712000,1038.25494710
2023-08-12,1691798400,930.09150980
2023-08-13,1691884800,833.98847040
2023-08-14,1691971200,840.91463090
2023-08-15,1692057600,782.80801490
2023-08-16,1692144000,708.78467500
2023-08-17,1692230400,677.02074880
2023-08-18,1692316800,595.95368990
2023-08-19,1692403200,524.38034140
2023-08-20,1692489600,489.36072640
2023-08-21,1692576000,438.57173860
2023-08-22,1692662400,391.01953580
2023-08-23,1692748800,441.10416370
2023-08-24,1692835200,457.24820370
2023-08-25,1692921600,411.89169530
2023-08-26,1693008000,374.09655380
2023-08-27,1693094400,333.44290080
2023-08-28,1693180800,305.23527210
2023-08-29,1693267200,688.42423840
2023-08-30,1693353600,1104.86570160
2023-08-31,1693440000,1149.39897360
2023-09-01,1693526400,1010.87469730
2023-09-02,1693612800,895.25257770
2023-09-03,1693699200,801.43911880
2023-09-04,1693785600,716.67312190
2023-09-05,1693872000,628.97955640
2023-09-06,1693958400,556.99237740
2023-09-07,1694044800,529.30983790
2023-09-08,1694131200,597.67585350
2023-09-09,1694217600,538.98197640
2023-09-10,1694304000,473.50390140
2023-09-11,1694390400,425.80401430
2023-09-12,1694476800,535.98857340
2023-09-13,1694563200,562.90099170
2023-09-14,1694649600,663.98518860
2023-09-15,1694736000,780.84028620
2023-09-16,1694822400,753.05526140
2023-09-17,1694908800,685.60563720
2023-09-18,1694995200,921.76828610
2023-09-19,1695081600,1027.04130470
2023-09-20,1695168000,1157.03976640
2023-09-21,1695254400,1129.76609880
2023-09-22,1695340800,1044.06671860
2023-09-23,1695427200,969.13635020
2023-09-24,1695513600,871.78453380
2023-09-25,1695600000,802.61934640
2023-09-26,1695686400,756.03587490
2023-09-27,1695772800,724.53551420
2023-09-28,1695859200,794.38739130
2023-09-29,1695945600,1020.65679150
2023-09-30,1696032000,980.38424850
2023-10-01,1696118400,980.55818250
2023-10-02,1696204800,1826.94120190
2023-10-03,1696291200,1801.10959450
2023-10-04,1696377600,1857.15496630
2023-10-05,1696464000,1821.41866000
2023-10-06,1696550400,1845.16505030
2023-10-07,1696636800,1818.32610300
2023-10-08,1696723200,1657.15111820
2023-10-09,1696809600,1602.89753300
2023-10-10,1696896000,1546.18928650
2023-10-11,1696982400,1402.24194400
2023-10-12,1697068800,1257.12776670
2023-10-13,1697155200,1142.34459520
2023-10-14,1697241600,1030.78950490
2023-10-15,1697328000,937.36791570
2023-10-16,1697414400,1420.49172480
2023-10-17,1697500800,1797.65928990
2023-10-18,1697587200,2085.17721430
2023-10-19,1697673600,2064.41524150
2023-10-20,1697760000,2811.68679300
2023-10-21,1697846400,2739.05528270
2023-10-22,1697932800,2625.02978700
2023-10-23,1698019200,3935.74279310
2023-10-24,1698105600,7482.45303150
2023-10-25,1698192000,8199.21403150
2023-10-26,1698278400,8192.08538450
2023-10-27,1698364800,7927.58925190
2023-10-28,1698451200,7427.88800320
2023-10-29,1698537600,6816.98337520
2023-10-30,1698624000,6918.41763440
2023-10-31,1698710400,6832.24883110
2023-11-01,1698796800,6813.53740760
2023-11-02,1698883200,7141.72996750
2023-11-03,1698969600,7058.95535280
2023-11-04,1699056000,6511.76401160
2023-11-05,1699142400,6007.48580370
2023-11-06,1699228800,5924.99369270
2023-11-07,1699315200,5851.05363020
2023-11-08,1699401600,6031.04011990
2023-11-09,1699488000,6864.62155710
2023-11-10,1699574400,7327.91416860
2023-11-11,1699660800,6891.82127200
2023-11-12,1699747200,6322.90922160
2023-11-13,1699833600,6117.90397990
2023-11-14,1699920000,5943.39135390
2023-11-15,1700006400,5905.43948670
2023-11-16,1700092800,5962.80819400
2023-11-17,1700179200,5788.64085340
2023-11-18,1700265600,5229.52148560
2023-11-19,1700352000,4703.82053750
2023-11-20,1700438400,5069.23956630
2023-11-21,1700524800,5067.53538570
2023-11-22,1700611200,5055.70708230
2023-11-23,1700697600,4961.73439870
2023-11-24,1700784000,4986.23889530
2023-11-25,1700870400,4663.27518540
2023-11-26,1700956800,4282.35412020
2023-11-27,1701043200,3996.31310970
2023-11-28,1701129600,3958.28447830
2023-11-29,1701216000,4353.60311370
2023-11-30,1701302400,4760.72738070
2023-12-01,1701388800,5401.60682140
2023-12-02,1701475200,4975.99076480
2023-12-03,1701561600,4980.28678720
2023-12-04,1701648000,6943.23321890
2023-12-05,1701734400,7701.90972650
2023-12-06,1701820800,9246.23026940
2023-12-07,1701907200,9621.79844120
2023-12-08,1701993600,9358.71138300
2023-12-09,1702080000,8692.04905070
2023-12-10,1702166400,7894.11838180
2023-12-11,1702252800,7733.33873800
2023-12-12,1702339200,7490.95961470
2023-12-13,1702425600,7027.99078120
2023-12-14,1702512000,7121.68803400
2023-12-15,1702598400,6959.21799150
2023-12-16,1702684800,6405.69456850
2023-12-17,1702771200,5809.03542900
2023-12-18,1702857600,5609.56735560
2023-12-19,1702944000,6033.14585190
2023-12-20,1703030400,6054.18242800
2023-12-21,1703116800,6021.22299160
2023-12-22,1703203200,5878.16340770
2023-12-23,1703289600,5338.62236160
2023-12-24,1703376000,4943.12768720
2023-12-25,1703462400,4485.44554190
2023-12-26,1703548800,5732.41659790
2023-12-27,1703635200,5387.36917100
2023-12-28,1703721600,5383.51286900
2023-12-29,1703808000,6232.92449140
2023-12-30,1703894400,5627.46771810
2023-12-31,1703980800,5403.16967420
2024-01-01,1704067200,4932.67540220
2024-01-02,1704153600,5807.41503800
2024-01-03,1704240000,5793.02960680
2024-01-04,1704326400,6093.20795410
2024-01-05,1704412800,6073.85324750
2024-01-06,1704499200,5626.77592100
2024-01-07,1704585600,5163.21852090
2024-01-08,1704672000,5420.81030850
2024-01-09,1704758400,6341.98416370
2024-01-10,1704844800,6507.82509630
2024-01-11,1704931200,6939.42267480
2024-01-12,1705017600,6759.26441160
2024-01-13,1705104000,6016.58891130
2024-01-14,1705190400,5326.60663520
2024-01-15,1705276800,5041.13101800
2024-01-16,1705363200,4676.08976890
2024-01-17,1705449600,4240.20945020
2024-01-18,1705536000,6125.98625180
2024-01-19,1705622400,5631.78138100
2024-01-20,1705708800,5053.85810250
2024-01-21,1705795200,4482.71044180
2024-01-22,1705881600,4147.64602350
2024-01-23,1705968000,4264.99920030
2024-01-24,1706054400,4100.72397260
2024-01-25,1706140800,4079.19786370
2024-01-26,1706227200,4141.64817440
2024-01-27,1706313600,3875.83265490
2024-01-28,1706400000,3615.25841870
2024-01-29,1706486400,3890.40328480
2024-01-30,1706572800,4616.11692770
2024-01-31,1706659200,5387.48078580
2024-02-01,1706745600,4969.71686830
2024-02-02,1706832000,4696.14366570
2024-02-03,1706918400,4242.83965620
2024-02-04,1707004800,3807.42930880
2024-02-05,1707091200,3555.24832810
2024-02-06,1707177600,3416.16889940
2024-02-07,1707264000,3371.10570540
2024-02-08,1707350400,4114.88438890
2024-02-09,1707436800,5127.17264020
2024-02-10,1707523200,4937.09780580
2024-02-11,1707609600,4908.00910900
2024-02-12,1707696000,6175.78823020
2024-02-13,1707782400,6970.07348750
2024-02-14,1707868800,8954.54672840
2024-02-15,1707955200,9298.30406690
2024-02-16,1708041600,8921.48703270
2024-02-17,1708128000,8208.19165990
2024-02-18,1708214400,7789.60566110
2024-02-19,1708300800,7709.62372810
2024-02-20,1708387200,7462.72670060
2024-02-21,1708473600,7757.91684900
2024-02-22,1708560000,7940.47108250
2024-02-23,1708646400,7546.92413990
2024-02-24,1708732800,6936.12060790
2024-02-25,1708819200,6320.51595390
2024-02-26,1708905600,6758.95876580
2024-02-27,1708992000,9811.53636550
2024-02-28,1709078400,16601.61594390
2024-02-29,1709164800,17979.38332960
2024-03-01,1709251200,17845.44118400
2024-03-02,1709337600,16122.28222020
2024-03-03,1709424000,14748.91474670
2024-03-04,1709510400,16635.46664540
2024-03-05,1709596800,18576.26623440
2024-03-06,1709683200,19176.70900910
2024-03-07,1709769600,19639.47936490
2024-03-08,1709856000,20063.99120500
2024-03-09,1709942400,18633.85677540
2024-03-10,1710028800,16974.14409050
2024-03-11,1710115200,20133.86794210
2024-03-12,1710201600,20768.18561010
2024-03-13,1710288000,32692.08603650
2024-03-14,1710374400,30048.90754750
2024-03-15,1710460800,27500.92176280
2024-03-16,1710547200,24520.06174010
2024-03-17,1710633600,21733.81750180
2024-03-18,1710720000,20350.28004350
2024-03-19,1710806400,18756.65394390
2024-03-20,1710892800,17239.27674780
2024-03-21,1710979200,16504.37000930
2024-03-22,1711065600,14943.22768280
2024-03-23,1711152000,13372.01827390
2024-03-24,1711238400,11943.94574330
2024-03-25,1711324800,12542.44027280
2024-03-26,1711411200,12407.67332510
2024-03-27,1711497600,11678.96825030
2024-03-28,1711584000,11500.47362700
2024-03-29,1711670400,10608.58990460
2024-03-30,1711756800,9676.02521260
2024-03-31,1711843200,8720.84402440
2024-04-01,1711929600,8052.62288560
2024-04-02,1712016000,7762.11543460
2024-04-03,1712102400,7500.40689800
2024-04-04,1712188800,7111.21583070
2024-04-05,1712275200,6652.81174310
2024-04-06,1712361600,6424.75996020
2024-04-07,1712448000,5917.91195120
2024-04-08,1712534400,6625.60147920
2024-04-09,1712620800,6622.25361190
2024-04-10,1712707200,6261.34000290
2024-04-11,1712793600,5971.40174210
2024-04-12,1712880000,6057.63647250
2024-04-13,1712966400,5461.02056680
2024-04-14,1713052800,4962.54291000
2024-04-15,1713139200,5049.67053760
2024-04-16,1713225600,4597.79156880
2024-04-17,1713312000,4204.33279810
2024-04-18,1713398400,3941.11309750
2024-04-19,1713484800,3918.36812550
2024-04-20,1713571200,3590.47260340
2024-04-21,1713657600,3387.78263130
2024-04-22,1713744000,3441.03059320
2024-04-23,1713830400,3467.88160630
2024-04-24,1713916800,3824.25759780
2024-04-25,1714003200,3644.09761660
2024-04-26,1714089600,3494.63001010
2024-04-27,1714176000,3207.98178760
2024-04-28,1714262400,2961.73230880
2024-04-29,1714348800,2909.69671540
2024-04-30,1714435200,3214.56239750
2024-05-01,1714521600,3031.47539410
2024-05-02,1714608000,2939.34151790
2024-05-03,1714694400,3076.68836280
2024-05-04,1714780800,3052.88056210
2024-05-05,1714867200,2886.00625170
2024-05-06,1714953600,3017.27139750
2024-05-07,1715040000,3078.51450880
2024-05-08,1715126400,3669.80122160
2024-05-09,1715212800,3607.99174360
2024-05-10,1715299200,3357.04895170
2024-05-11,1715385600,3024.47291740
2024-05-12,1715472000,2707.65772040
2024-05-13,1715558400,2701.70410220
2024-05-14,1715644800,2680.56747950
2024-05-15,1715731200,2977.81342750
2024-05-16,1715817600,3739.15463640
2024-05-17,1715904000,3834.66186090
2024-05-18,1715990400,3503.81389650
2024-05-19,1716076800,3301.20071260
2024-05-20,1716163200,3552.56781310
2024-05-21,1716249600,4900.68324830
2024-05-22,1716336000,5045.06183460
2024-05-23,1716422400,4916.58767120
2024-05-24,1716508800,4700.59304860
2024-05-25,1716595200,4324.59722640
2024-05-26,1716681600,3896.23984540
2024-05-27,1716768000,3785.62670230
2024-05-28,1716854400,3788.81426440
2024-05-29,1716940800,3541.86162430
2024-05-30,1717027200,3515.21419670
2024-05-31,1717113600,3343.13292790
2024-06-01,1717200000,3004.97314150
2024-06-02,1717286400,2682.82008120
2024-06-03,1717372800,3125.51051140
2024-06-04,1717459200,3521.01605260
2024-06-05,1717545600,3981.55793690
2024-06-06,1717632000,4345.59964160
2024-06-07,1717718400,4243.88232740
2024-06-08,1717804800,3825.10172610
2024-06-09,1717891200,3400.09286810
2024-06-10,1717977600,3252.41440520
2024-06-11,1718064000,2982.03974220
2024-06-12,1718150400,2958.22955250
2024-06-13,1718236800,2819.72520520
2024-06-14,1718323200,2676.38752270
2024-06-15,1718409600,2417.09621750
2024-06-16,1718496000,2152.26099320
2024-06-17,1718582400,2106.12055370
2024-06-18,1718668800,1892.38148410
2024-06-19,1718755200,2109.44741800
2024-06-20,1718841600,1997.98972730
2024-06-21,1718928000,1864.24493880
2024-06-22,1719014400,1676.11405950
2024-06-23,1719100800,1499.93259210
2024-06-24,1719187200,1365.10794700
2024-06-25,1719273600,1463.65838290
2024-06-26,1719360000,1540.29730330
2024-06-27,1719446400,1464.64367390
2024-06-28,1719532800,1458.16042200
2024-06-29,1719619200,1312.72755280
2024-06-30,1719705600,1245.96270710
2024-07-01,1719792000,1622.15202570
2024-07-02,1719878400,1581.92335850
2024-07-03,1719964800,1465.66980570
2024-07-04,1720051200,1318.05388420
2024-07-05,1720137600,1351.60586320
2024-07-06,1720224000,1349.25864500
2024-07-07,1720310400,1267.51113470
2024-07-08,1720396800,1241.39551870
2024-07-09,1720483200,1307.82678030
2024-07-10,1720569600,1383.89933580
2024-07-11,1720656000,1384.88138200
2024-07-12,1720742400,1314.75353600
2024-07-13,1720828800,1297.07351950
2024-07-14,1720915200,1486.45216870
2024-07-15,1721001600,2511.51121060
2024-07-16,1721088000,3694.55253600
2024-07-17,1721174400,3830.56612930
2024-07-18,1721260800,3656.83983090
2024-07-19,1721347200,3945.70500570
2024-07-20,1721433600,3938.53471440
2024-07-21,1721520000,3771.66702520
2024-07-22,1721606400,4038.09448870
2024-07-23,1721692800,4112.89673980
2024-07-24,1721779200,4132.47859810
2024-07-25,1721865600,3928.27962970
2024-07-26,1721952000,4527.50724750
2024-07-27,1722038400,4443.09128560
2024-07-28,1722124800,3979.04414230
2024-07-29,1722211200,4764.04490320
2024-07-30,1722297600,4400.10191650
2024-07-31,1722384000,4079.75003840
2024-08-01,1722470400,3641.83456360
2024-08-02,1722556800,3319.89496330
2024-08-03,1722643200,2923.75664510
2024-08-04,1722729600,2576.27773360
2024-08-05,1722816000,2254.42584150
2024-08-06,1722902400,2644.31354100
2024-08-07,1722988800,2796.80627110
2024-08-08,1723075200,2997.46696190
2024-08-09,1723161600,3834.97697000
2024-08-10,1723248000,3563.88174840
2024-08-11,1723334400,3221.69880730
2024-08-12,1723420800,3121.87449070
2024-08-13,1723507200,2916.47063320
2024-08-14,1723593600,2897.90031770
2024-08-15,1723680000,2619.38238160
2024-08-16,1723766400,2409.86678690
2024-08-17,1723852800,2181.66780060
2024-08-18,1723939200,1983.10509840
2024-08-19,1724025600,1838.12811870
2024-08-20,1724112000,1946.41374720
2024-08-21,1724198400,1932.25518910
2024-08-22,1724284800,2025.18687800
2024-08-23,1724371200,2312.61068680
2024-08-24,1724457600,2861.68880610
2024-08-25,1724544000,2624.79403120
2024-08-26,1724630400,2621.61890270
2024-08-27,1724716800,2573.97323160
2024-08-28,1724803200,2289.65572590
2024-08-29,1724889600,2141.09427790
2024-08-30,1724976000,1939.10927580
2024-08-31,1725062400,1728.59396730
2024-09-01,1725148800,1515.87167230
2024-09-02,1725235200,1360.34070880
2024-09-03,1725321600,1420.34207390
2024-09-04,1725408000,1327.23973230
2024-09-05,1725494400,1211.27235800
2024-09-06,1725580800,1086.91485960
2024-09-07,1725667200,978.29197030
2024-09-08,1725753600,888.48725730
2024-09-09,1725840000,1022.27938360
2024-09-10,1725926400,1223.19451240
2024-09-11,1726012800,1159.10820840
2024-09-12,1726099200,1473.41263560
2024-09-13,1726185600,1685.99521950
2024-09-14,1726272000,1732.88464010
2024-09-15,1726358400,1595.47623610
2024-09-16,1726444800,1550.58253150
2024-09-17,1726531200,1797.45608990
2024-09-18,1726617600,2009.88112560
2024-09-19,1726704000,3037.64793770
2024-09-20,1726790400,3615.16909950
2024-09-21,1726876800,3452.17557270
2024-09-22,1726963200,3105.61954680
2024-09-23,1727049600,3145.58449860
2024-09-24,1727136000,3204.56479550
2024-09-25,1727222400,3478.59049520
2024-09-26,1727308800,3579.49562290
2024-09-27,1727395200,4040.20712350
2024-09-28,1727481600,4320.38654420
2024-09-29,1727568000,3879.03407620
2024-09-30,1727654400,3695.98788990
2024-10-01,1727740800,3443.66575410
2024-10-02,1727827200,3211.75075420
2024-10-03,1727913600,2891.16154780
2024-10-04,1728000000,2717.14833780
2024-10-05,1728086400,2497.89700710
2024-10-06,1728172800,2308.54031730
2024-10-07,1728259200,2699.31603850
2024-10-08,1728345600,2635.20982040
2024-10-09,1728432000,2406.74950510
2024-10-10,1728518400,2281.55950020
2024-10-11,1728604800,2314.49409130
2024-10-12,1728691200,2173.94616870
2024-10-13,1728777600,2006.80318820
2024-10-14,1728864000,2449.21781200
2024-10-15,1728950400,3318.68969920
2024-10-16,1729036800,4117.51087400
2024-10-17,1729123200,4172.48526850
2024-10-18,1729209600,4406.77546880
2024-10-19,1729296000,4141.02454140
2024-10-20,1729382400,3715.93018260
2024-10-21,1729468800,3755.63811360
2024-10-22,1729555200,3818.98025960
2024-10-23,1729641600,3572.75466580
2024-10-24,1729728000,3507.01542054
2024-10-25,1729814400,3484.14852199
2024-10-26,1729900800,3123.33206674
2024-10-27,1729987200,2804.35214836
2024-10-28,1730073600,3144.02111318
2024-10-29,1730160000,4885.49835329
2024-10-30,1730246400,5094.24363713
2024-10-31,1730332800,5161.66842198
2024-11-01,1730419200,5257.05400777
2024-11-02,1730505600,4704.26250261
2024-11-03,1730592000,4211.26214705
2024-11-04,1730678400,4452.43261227
2024-11-05,1730764800,4279.07658692
2024-11-06,1730851200,5990.30854652
2024-11-07,1730937600,7083.41459254
2024-11-08,1731024000,7654.54124911
2024-11-09,1731110400,7100.36153471
2024-11-10,1731196800,7821.46929403
2024-11-11,1731283200,10281.54938394
2024-11-12,1731369600,13351.92644105
2024-11-13,1731456000,15364.91218430
2024-11-14,1731542400,15640.36383771
2024-11-15,1731628800,15543.27348804
2024-11-16,1731715200,14348.52723280
2024-11-17,1731801600,12944.99922786
2024-11-18,1731888000,13006.85168588
2024-11-19,1731974400,12733.82049461
2024-11-20,1732060800,12975.65747194
2024-11-21,1732147200,19465.71166493
2024-11-22,1732233600,19208.09762351
2024-11-23,1732320000,18791.26832276
2024-11-24,1732406400,17460.50599655
2024-11-25,1732492800,16583.64036407
2024-11-26,1732579200,15552.15243148
2024-11-27,1732665600,14716.69729707
2024-11-28,1732752000,13515.80798788
2024-11-29,1732838400,13444.35123560
2024-11-30,1732924800,12045.80154948
2024-12-01,1733011200,10897.67852589
2024-12-02,1733097600,10914.39554834
2024-12-03,1733184000,10286.17638205
2024-12-04,1733270400,11211.45178524
2024-12-05,1733356800,13479.20531803
2024-12-06,1733443200,13270.10271097
2024-12-07,1733529600,11977.40916446
2024-12-08,1733616000,10724.93593751
2024-12-09,1733702400,14333.82796685
2024-12-10,1733788800,15509.01435248
2024-12-11,1733875200,14607.37825083
2024-12-12,1733961600,13995.75797965
2024-12-13,1734048000,13027.90084757
2024-12-14,1734134400,11717.50318368
2024-12-15,1734220800,10567.50370601
2024-12-16,1734307200,11925.39779970
2024-12-17,1734393600,12326.54771366
2024-12-18,1734480000,12119.51450953
2024-12-19,1734566400,12033.29401324
2024-12-20,1734652800,12031.24903602
2024-12-21,1734739200,10764.50660428
2024-12-22,1734825600,9521.31440096
2024-12-23,1734912000,12117.20720696
2024-12-24,1734998400,11128.36675373
2024-12-25,1735084800,10048.70299944
2024-12-26,1735171200,9211.09610707
2024-12-27,1735257600,8336.13322197
2024-12-28,1735344000,7352.25014711
2024-12-29,1735430400,6622.31349344
2024-12-30,1735516800,6354.84635603
2024-12-31,1735603200,6580.07290430
2025-01-01,1735689600,5949.48548131
2025-01-02,1735776000,5678.32030664
2025-01-03,1735862400,5388.11578174
2025-01-04,1735948800,4917.11635430
2025-01-05,1736035200,4410.29359704
2025-01-06,1736121600,4817.12088356
2025-01-07,1736208000,4907.53489526
2025-01-08,1736294400,4571.58957264
2025-01-09,1736380800,4169.11226238
2025-01-10,1736467200,4015.94102580
2025-01-11,1736553600,3652.23713269
2025-01-12,1736640000,3272.15822069
2025-01-13,1736726400,3012.00186448
2025-01-14,1736812800,3203.88174693
2025-01-15,1736899200,3418.48099680
2025-01-16,1736985600,3606.25534043
2025-01-17,1737072000,3806.25534043
2025-01-18,1737158400,4006.25534043
2025-01-19,1737244800,5506.25534043
2025-01-20,1737331200,5819.02604286
2025-01-21,1737417600,5806.98039596
2025-01-22,1737504000,6250.42225876
2025-01-23,1737590400,5998.66449764
2025-01-24,1737676800,6017.93545289
2025-01-25,1737763200,5461.97928266
2025-01-26,1737849600,4910.02262372
2025-01-27,1737936000,4472.05418220
2025-01-28,1738022400,4544.84174809
2025-01-29,1738108800,4222.33455991
2025-01-30,1738195200,4514.93384878
2025-01-31,1738281600,4490.41270324
2025-02-01,1738368000,4045.55250202
2025-02-02,1738454400,3615.64877889
2025-02-03,1738540800,3470.05668960
2025-02-04,1738627200,3759.80492771
2025-02-05,1738713600,3538.03850958
2025-02-06,1738800000,3292.53591030
2025-02-07,1738886400,3084.07119005
2025-02-08,1738972800,2733.33723930
2025-02-09,1739059200,2426.44503240
2025-02-11,1739232000,2203.26320051
2025-02-12,1739318400,2015.35140982
2025-02-13,1739404800,1874.00776788
2025-02-14,1739491200,1818.06819857
2025-02-15,1739577600,1687.98626375
2025-02-16,1739664000,1512.19655274
2025-02-17,1739750400,1375.87485040
2025-02-18,1739836800,1295.87460208
2025-02-19,1739923200,1245.54399631
2025-02-20,1740009600,1382.04817530
2025-02-21,1740096000,1531.80557240
2025-02-22,1740182400,1584.06206974
2025-02-23,1740268800,1412.23355663
2025-02-24,1740355200,1518.09184718
2025-02-25,1740441600,1394.40218007
2025-02-26,1740528000,1360.26580453
2025-02-27,1740614400,1268.54927630
2025-02-28,1740700800,1136.38397743
2025-03-01,1740787200,1285.84913837
2025-03-02,1740873600,1728.29597887
2025-03-03,1740960000,2445.25297517
2025-03-04,1741046400,2224.54064281
2025-03-05,1741132800,2426.48901623
2025-03-06,1741219200,2762.70753864
2025-03-07,1741305600,2596.80241330
2025-03-08,1741392000,2302.62396592
2025-03-09,1741478400,2025.65229027
2025-03-10,1741564800,1831.08591873
2025-03-11,1741651200,1824.94013417
2025-03-12,1741737600,1829.34184263
2025-03-13,1741824000,1761.02352946
2025-03-14,1741910400,1785.28047912
2025-03-15,1741996800,1679.01436969
2025-03-16,1742083200,1505.19905126
2025-03-17,1742169600,1405.71103339
2025-03-18,1742256000,1295.17976731
2025-03-19,1742342400,1360.80301726
2025-03-20,1742428800,1431.05830333
2025-03-21,1742515200,1303.35111974
2025-03-22,1742601600,1157.50343648
2025-03-23,1742688000,1057.84136662
2025-03-24,1742774400,1409.22286558
2025-03-25,1742860800,1834.31024562
2025-03-26,1742947200,1762.79868542
2025-03-27,1743033600,1700.81617828
2025-03-28,1743120000,1530.59850433
2025-03-29,1743206400,1348.01592088
2025-03-30,1743292800,1196.17370928
2025-03-31,1743379200,1091.86135245
2025-04-01,1743465600,1147.75644796
2025-04-02,1743552000,1212.34987140
2025-04-03,1743638400,1092.30120991
2025-04-04,1743724800,1048.80731053
2025-04-05,1743811200,981.71777186
2025-04-06,1743897600,867.84130755
2025-04-07,1743984000,778.40558459
2025-04-08,1744070400,982.40300343
2025-04-09,1744156800,1026.75012644
2025-04-10,1744243200,1325.41977109
2025-04-11,1744329600,1486.49517506
2025-04-12,1744416000,1487.08070429
2025-04-13,1744502400,1543.00121062
2025-04-14,1744588800,1681.89235164
2025-04-15,1744675200,1739.11151530
2025-04-16,1744761600,1643.11985537
2025-04-17,1744848000,1635.74002486
2025-04-18,1744934400,1564.15240033
2025-04-19,1745020800,1411.29281581
2025-04-20,1745107200,1265.61693156
2025-04-21,1745193600,1572.97818999
2025-04-22,1745280000,2464.60251010
2025-04-23,1745366400,5169.97822176
2025-04-24,1745452800,5100.78995027
2025-04-25,1745539200,5435.68048041
2025-04-26,1745625600,4939.06082331
2025-04-27,1745712000,4514.11090197
2025-04-28,1745798400,4391.71806168
2025-04-29,1745884800,4259.09772767
2025-04-30,1745971200,4168.75511511
2025-05-01,1746057600,4452.50872056
2025-05-02,1746144000,4576.69821831
2025-05-03,1746230400,4439.24265968
2025-05-04,1746316800,3949.41480755
2025-05-05,1746403200,3709.63192816
2025-05-06,1746489600,3484.50514383
2025-05-07,1746576000,3697.87372252
2025-05-08,1746662400,4127.87423561
2025-05-09,1746748800,5285.99494508
2025-05-10,1746835200,4953.49843887
2025-05-11,1746921600,4682.13283014
2025-05-12,1747008000,4938.87860879
2025-05-13,1747094400,5125.72764985
2025-05-14,1747180800,5116.94527734
2025-05-15,1747267200,5027.65915390
2025-05-16,1747353600,4578.69648737
2025-05-17,1747440000,4209.42077541
2025-05-18,1747526400,4172.45420265
2025-05-19,1747612800,4489.74845231
2025-05-20,1747699200,4870.77976453
2025-05-21,1747785600,5803.43354215
2025-05-22,1747872000,6283.57105970
2025-05-23,1747958400,5740.86136942
2025-05-24,1748044800,5138.23488370
2025-05-25,1748131200,5247.53156962
2025-05-26,1748217600,5575.32101415
2025-05-27,1748304000,5781.47809996
2025-05-28,1748390400,5308.07102608
2025-05-29,1748476800,5461.96933466
2025-05-30,1748563200,4852.74831066
2025-05-31,1748649600,4372.05868324
2025-06-01,1748736000,6229.35634689
2025-06-02,1748822400,7814.69248636
2025-06-03,1748908800,7204.95609015
2025-06-04,1748995200,6611.53850042
2025-06-05,1749081600,6031.49786446
2025-06-06,1749168000,5473.93404683
2025-06-07,1749254400,4904.87760885
2025-06-08,1749340800,4745.52071402
2025-06-09,1749427200,5067.54716014
2025-06-10,1749513600,4788.00732089
2025-06-11,1749600000,4401.03403102
2025-06-12,1749686400,4213.01056564
2025-06-13,1749772800,3804.78612389
2025-06-14,1749859200,3405.63692074
2025-06-15,1749945600,3858.76152396
2025-06-16,1750032000,3504.56756631
2025-06-17,1750118400,3395.75933271
2025-06-18,1750204800,3058.85023269
2025-06-19,1750291200,2856.55520711
2025-06-20,1750377600,2541.12242191
2025-06-21,1750464000,2280.29835158
2025-06-22,1750550400,2243.29607210
2025-06-23,1750636800,2664.86378303
2025-06-24,1750723200,3128.84246729
2025-06-25,1750809600,3083.68291325
2025-06-26,1750896000,2939.81050574
2025-06-27,1750982400,2672.66464552
2025-06-28,1751068800,2620.45606623
2025-06-29,1751155200,2819.88892045
2025-06-30,1751241600,2598.30464713
