d,unixTs,sthMvrv
2020-01-01,1577836800,0.85
2020-01-02,1577923200,0.82
2020-01-03,1578009600,0.87
2020-01-04,1578096000,0.87
2020-01-05,1578182400,0.87
2020-01-06,1578268800,0.92
2020-01-07,1578355200,0.96
2020-01-08,1578441600,0.96
2020-01-09,1578528000,0.93
2020-01-10,1578614400,0.96
2020-01-11,1578700800,0.95
2020-01-12,1578787200,0.97
2020-01-13,1578873600,0.97
2020-01-14,1578960000,1.06
2020-01-15,1579046400,1.05
2020-01-16,1579132800,1.04
2020-01-17,1579219200,1.06
2020-01-18,1579305600,1.06
2020-01-19,1579392000,1.03
2020-01-20,1579478400,1.03
2020-01-21,1579564800,1.04
2020-01-22,1579651200,1.03
2020-01-23,1579737600,1
2020-01-24,1579824000,1
2020-01-25,1579910400,0.99
2020-01-26,1579996800,1.02
2020-01-27,1580083200,1.06
2020-01-28,1580169600,1.1
2020-01-29,1580256000,1.1
2020-01-30,1580342400,1.12
2020-01-31,1580428800,1.1
2020-02-01,1580515200,1.1
2020-02-02,1580601600,1.09
2020-02-03,1580688000,1.08
2020-02-04,1580774400,1.07
2020-02-05,1580860800,1.12
2020-02-06,1580947200,1.12
2020-02-07,1581033600,1.13
2020-02-08,1581120000,1.13
2020-02-09,1581206400,1.16
2020-02-10,1581292800,1.12
2020-02-11,1581379200,1.17
2020-02-12,1581465600,1.17
2020-02-13,1581552000,1.16
2020-02-14,1581638400,1.17
2020-02-15,1581724800,1.12
2020-02-16,1581811200,1.13
2020-02-17,1581897600,1.1
2020-02-18,1581984000,1.15
2020-02-19,1582070400,1.09
2020-02-20,1582156800,1.08
2020-02-21,1582243200,1.09
2020-02-22,1582329600,1.09
2020-02-23,1582416000,1.12
2020-02-24,1582502400,1.09
2020-02-25,1582588800,1.05
2020-02-26,1582675200,0.99
2020-02-27,1582761600,0.99
2020-02-28,1582848000,0.99
2020-02-29,1582934400,0.97
2020-03-01,1583020800,0.97
2020-03-02,1583107200,1.01
2020-03-03,1583193600,0.99
2020-03-04,1583280000,0.99
2020-03-05,1583366400,1.03
2020-03-06,1583452800,1.04
2020-03-07,1583539200,1.01
2020-03-08,1583625600,0.92
2020-03-09,1583712000,0.9
2020-03-10,1583798400,0.9
2020-03-11,1583884800,0.91
2020-03-12,1583971200,0.6
2020-03-13,1584057600,0.7
2020-03-14,1584144000,0.64
2020-03-15,1584230400,0.67
2020-03-16,1584316800,0.64
2020-03-17,1584403200,0.69
2020-03-18,1584489600,0.69
2020-03-19,1584576000,0.79
2020-03-20,1584662400,0.79
2020-03-21,1584748800,0.79
2020-03-22,1584835200,0.75
2020-03-23,1584921600,0.83
2020-03-24,1585008000,0.87
2020-03-25,1585094400,0.86
2020-03-26,1585180800,0.86
2020-03-27,1585267200,0.83
2020-03-28,1585353600,0.8
2020-03-29,1585440000,0.76
2020-03-30,1585526400,0.83
2020-03-31,1585612800,0.83
2020-04-01,1585699200,0.86
2020-04-02,1585785600,0.88
2020-04-03,1585872000,0.88
2020-04-04,1585958400,0.89
2020-04-05,1586044800,0.88
2020-04-06,1586131200,0.95
2020-04-07,1586217600,0.93
2020-04-08,1586304000,0.96
2020-04-09,1586390400,0.95
2020-04-10,1586476800,0.89
2020-04-11,1586563200,0.9
2020-04-12,1586649600,0.91
2020-04-13,1586736000,0.9
2020-04-14,1586822400,0.9
2020-04-15,1586908800,0.87
2020-04-16,1586995200,0.94
2020-04-17,1587081600,0.93
2020-04-18,1587168000,0.95
2020-04-19,1587254400,0.94
2020-04-20,1587340800,0.9
2020-04-21,1587427200,0.9
2020-04-22,1587513600,0.94
2020-04-23,1587600000,0.98
2020-04-24,1587686400,0.98
2020-04-25,1587772800,0.99
2020-04-26,1587859200,1.01
2020-04-27,1587945600,1.02
2020-04-28,1588032000,1.02
2020-04-29,1588118400,1.13
2020-04-30,1588204800,1.11
2020-05-01,1588291200,1.13
2020-05-02,1588377600,1.14
2020-05-03,1588464000,1.13
2020-05-04,1588550400,1.12
2020-05-05,1588636800,1.13
2020-05-06,1588723200,1.16
2020-05-07,1588809600,1.24
2020-05-08,1588896000,1.22
2020-05-09,1588982400,1.18
2020-05-10,1589068800,1.08
2020-05-11,1589155200,1.06
2020-05-12,1589241600,1.09
2020-05-13,1589328000,1.15
2020-05-14,1589414400,1.2
2020-05-15,1589500800,1.14
2020-05-16,1589587200,1.15
2020-05-17,1589673600,1.18
2020-05-18,1589760000,1.18
2020-05-19,1589846400,1.18
2020-05-20,1589932800,1.15
2020-05-21,1590019200,1.1
2020-05-22,1590105600,1.11
2020-05-23,1590192000,1.11
2020-05-24,1590278400,1.07
2020-05-25,1590364800,1.08
2020-05-26,1590451200,1.07
2020-05-27,1590537600,1.11
2020-05-28,1590624000,1.15
2020-05-29,1590710400,1.13
2020-05-30,1590796800,1.16
2020-05-31,1590883200,1.13
2020-06-01,1590969600,1.21
2020-06-02,1591056000,1.13
2020-06-03,1591142400,1.15
2020-06-04,1591228800,1.16
2020-06-05,1591315200,1.14
2020-06-06,1591401600,1.14
2020-06-07,1591488000,1.15
2020-06-08,1591574400,1.15
2020-06-09,1591660800,1.15
2020-06-10,1591747200,1.16
2020-06-11,1591833600,1.09
2020-06-12,1591920000,1.11
2020-06-13,1592006400,1.11
2020-06-14,1592092800,1.1
2020-06-15,1592179200,1.11
2020-06-16,1592265600,1.12
2020-06-17,1592352000,1.11
2020-06-18,1592438400,1.1
2020-06-19,1592524800,1.09
2020-06-20,1592611200,1.09
2020-06-21,1592697600,1.09
2020-06-22,1592784000,1.13
2020-06-23,1592870400,1.12
2020-06-24,1592956800,1.08
2020-06-25,1593043200,1.08
2020-06-26,1593129600,1.06
2020-06-27,1593216000,1.05
2020-06-28,1593302400,1.06
2020-06-29,1593388800,1.07
2020-06-30,1593475200,1.06
2020-07-01,1593561600,1.07
2020-07-02,1593648000,1.05
2020-07-03,1593734400,1.05
2020-07-04,1593820800,1.06
2020-07-05,1593907200,1.05
2020-07-06,1593993600,1.08
2020-07-07,1594080000,1.07
2020-07-08,1594166400,1.09
2020-07-09,1594252800,1.07
2020-07-10,1594339200,1.07
2020-07-11,1594425600,1.06
2020-07-12,1594512000,1.07
2020-07-13,1594598400,1.06
2020-07-14,1594684800,1.06
2020-07-15,1594771200,1.06
2020-07-16,1594857600,1.05
2020-07-17,1594944000,1.06
2020-07-18,1595030400,1.06
2020-07-19,1595116800,1.06
2020-07-20,1595203200,1.06
2020-07-21,1595289600,1.08
2020-07-22,1595376000,1.1
2020-07-23,1595462400,1.1
2020-07-24,1595548800,1.1
2020-07-25,1595635200,1.11
2020-07-26,1595721600,1.13
2020-07-27,1595808000,1.25
2020-07-28,1595894400,1.23
2020-07-29,1595980800,1.24
2020-07-30,1596067200,1.23
2020-07-31,1596153600,1.25
2020-08-01,1596240000,1.3
2020-08-02,1596326400,1.22
2020-08-03,1596412800,1.22
2020-08-04,1596499200,1.21
2020-08-05,1596585600,1.27
2020-08-06,1596672000,1.26
2020-08-07,1596758400,1.23
2020-08-08,1596844800,1.24
2020-08-09,1596931200,1.24
2020-08-10,1597017600,1.25
2020-08-11,1597104000,1.2
2020-08-12,1597190400,1.21
2020-08-13,1597276800,1.23
2020-08-14,1597363200,1.23
2020-08-15,1597449600,1.24
2020-08-16,1597536000,1.24
2020-08-17,1597622400,1.27
2020-08-18,1597708800,1.23
2020-08-19,1597795200,1.2
2020-08-20,1597881600,1.21
2020-08-21,1597968000,1.17
2020-08-22,1598054400,1.18
2020-08-23,1598140800,1.18
2020-08-24,1598227200,1.18
2020-08-25,1598313600,1.13
2020-08-26,1598400000,1.14
2020-08-27,1598486400,1.12
2020-08-28,1598572800,1.14
2020-08-29,1598659200,1.13
2020-08-30,1598745600,1.15
2020-08-31,1598832000,1.14
2020-09-01,1598918400,1.17
2020-09-02,1599004800,1.11
2020-09-03,1599091200,1
2020-09-04,1599177600,1.02
2020-09-05,1599264000,0.99
2020-09-06,1599350400,1
2020-09-07,1599436800,1.02
2020-09-08,1599523200,0.99
2020-09-09,1599609600,1
2020-09-10,1599696000,1.01
2020-09-11,1599782400,1.02
2020-09-12,1599868800,1.02
2020-09-13,1599955200,1.01
2020-09-14,1600041600,1.04
2020-09-15,1600128000,1.05
2020-09-16,1600214400,1.06
2020-09-17,1600300800,1.06
2020-09-18,1600387200,1.05
2020-09-19,1600473600,1.07
2020-09-20,1600560000,1.05
2020-09-21,1600646400,1.01
2020-09-22,1600732800,1.02
2020-09-23,1600819200,0.99
2020-09-24,1600905600,1.04
2020-09-25,1600992000,1.03
2020-09-26,1601078400,1.03
2020-09-27,1601164800,1.04
2020-09-28,1601251200,1.03
2020-09-29,1601337600,1.04
2020-09-30,1601424000,1.03
2020-10-01,1601510400,1.02
2020-10-02,1601596800,1.01
2020-10-03,1601683200,1.01
2020-10-04,1601769600,1.02
2020-10-05,1601856000,1.03
2020-10-06,1601942400,1.01
2020-10-07,1602028800,1.02
2020-10-08,1602115200,1.04
2020-10-09,1602201600,1.05
2020-10-10,1602288000,1.07
2020-10-11,1602374400,1.08
2020-10-12,1602460800,1.09
2020-10-13,1602547200,1.08
2020-10-14,1602633600,1.07
2020-10-15,1602720000,1.08
2020-10-16,1602806400,1.06
2020-10-17,1602892800,1.07
2020-10-18,1602979200,1.08
2020-10-19,1603065600,1.1
2020-10-20,1603152000,1.11
2020-10-21,1603238400,1.18
2020-10-22,1603324800,1.18
2020-10-23,1603411200,1.17
2020-10-24,1603497600,1.18
2020-10-25,1603584000,1.17
2020-10-26,1603670400,1.17
2020-10-27,1603756800,1.21
2020-10-28,1603843200,1.17
2020-10-29,1603929600,1.19
2020-10-30,1604016000,1.19
2020-10-31,1604102400,1.21
2020-11-01,1604188800,1.2
2020-11-02,1604275200,1.18
2020-11-03,1604361600,1.2
2020-11-04,1604448000,1.2
2020-11-05,1604534400,1.31
2020-11-06,1604620800,1.3
2020-11-07,1604707200,1.24
2020-11-08,1604793600,1.28
2020-11-09,1604880000,1.26
2020-11-10,1604966400,1.25
2020-11-11,1605052800,1.28
2020-11-12,1605139200,1.31
2020-11-13,1605225600,1.31
2020-11-14,1605312000,1.29
2020-11-15,1605398400,1.28
2020-11-16,1605484800,1.33
2020-11-17,1605571200,1.39
2020-11-18,1605657600,1.38
2020-11-19,1605744000,1.37
2020-11-20,1605830400,1.41
2020-11-21,1605916800,1.41
2020-11-22,1606003200,1.39
2020-11-23,1606089600,1.37
2020-11-24,1606176000,1.41
2020-11-25,1606262400,1.37
2020-11-26,1606348800,1.24
2020-11-27,1606435200,1.24
2020-11-28,1606521600,1.28
2020-11-29,1606608000,1.31
2020-11-30,1606694400,1.4
2020-12-01,1606780800,1.33
2020-12-02,1606867200,1.35
2020-12-03,1606953600,1.36
2020-12-04,1607040000,1.3
2020-12-05,1607126400,1.32
2020-12-06,1607212800,1.34
2020-12-07,1607299200,1.32
2020-12-08,1607385600,1.26
2020-12-09,1607472000,1.27
2020-12-10,1607558400,1.24
2020-12-11,1607644800,1.22
2020-12-12,1607731200,1.27
2020-12-13,1607817600,1.28
2020-12-14,1607904000,1.28
2020-12-15,1607990400,1.29
2020-12-16,1608076800,1.4
2020-12-17,1608163200,1.45
2020-12-18,1608249600,1.43
2020-12-19,1608336000,1.47
2020-12-20,1608422400,1.44
2020-12-21,1608508800,1.4
2020-12-22,1608595200,1.43
2020-12-23,1608681600,1.38
2020-12-24,1608768000,1.39
2020-12-25,1608854400,1.44
2020-12-26,1608940800,1.53
2020-12-27,1609027200,1.51
2020-12-28,1609113600,1.51
2020-12-29,1609200000,1.48
2020-12-30,1609286400,1.54
2020-12-31,1609372800,1.54
2021-01-01,1609459200,1.53
2021-01-02,1609545600,1.64
2021-01-03,1609632000,1.67
2021-01-04,1609718400,1.57
2021-01-05,1609804800,1.64
2021-01-06,1609891200,1.72
2021-01-07,1609977600,1.77
2021-01-08,1610064000,1.78
2021-01-09,1610150400,1.73
2021-01-10,1610236800,1.62
2021-01-11,1610323200,1.48
2021-01-12,1610409600,1.41
2021-01-13,1610496000,1.54
2021-01-14,1610582400,1.59
2021-01-15,1610668800,1.49
2021-01-16,1610755200,1.46
2021-01-17,1610841600,1.45
2021-01-18,1610928000,1.46
2021-01-19,1611014400,1.44
2021-01-20,1611100800,1.41
2021-01-21,1611187200,1.24
2021-01-22,1611273600,1.31
2021-01-23,1611360000,1.27
2021-01-24,1611446400,1.28
2021-01-25,1611532800,1.28
2021-01-26,1611619200,1.29
2021-01-27,1611705600,1.2
2021-01-28,1611792000,1.31
2021-01-29,1611878400,1.33
2021-01-30,1611964800,1.33
2021-01-31,1612051200,1.28
2021-02-01,1612137600,1.29
2021-02-02,1612224000,1.36
2021-02-03,1612310400,1.43
2021-02-04,1612396800,1.4
2021-02-05,1612483200,1.42
2021-02-06,1612569600,1.46
2021-02-07,1612656000,1.43
2021-02-08,1612742400,1.66
2021-02-09,1612828800,1.63
2021-02-10,1612915200,1.56
2021-02-11,1613001600,1.64
2021-02-12,1613088000,1.61
2021-02-13,1613174400,1.59
2021-02-14,1613260800,1.64
2021-02-15,1613347200,1.58
2021-02-16,1613433600,1.61
2021-02-17,1613520000,1.68
2021-02-18,1613606400,1.64
2021-02-19,1613692800,1.75
2021-02-20,1613779200,1.72
2021-02-21,1613865600,1.76
2021-02-22,1613952000,1.64
2021-02-23,1614038400,1.46
2021-02-24,1614124800,1.48
2021-02-25,1614211200,1.42
2021-02-26,1614297600,1.36
2021-02-27,1614384000,1.35
2021-02-28,1614470400,1.33
2021-03-01,1614556800,1.45
2021-03-02,1614643200,1.4
2021-03-03,1614729600,1.46
2021-03-04,1614816000,1.4
2021-03-05,1614902400,1.4
2021-03-06,1614988800,1.4
2021-03-07,1615075200,1.46
2021-03-08,1615161600,1.48
2021-03-09,1615248000,1.54
2021-03-10,1615334400,1.57
2021-03-11,1615420800,1.59
2021-03-12,1615507200,1.57
2021-03-13,1615593600,1.66
2021-03-14,1615680000,1.61
2021-03-15,1615766400,1.51
2021-03-16,1615852800,1.5
2021-03-17,1615939200,1.55
2021-03-18,1616025600,1.52
2021-03-19,1616112000,1.52
2021-03-20,1616198400,1.52
2021-03-21,1616284800,1.49
2021-03-22,1616371200,1.4
2021-03-23,1616457600,1.4
2021-03-24,1616544000,1.35
2021-03-25,1616630400,1.32
2021-03-26,1616716800,1.4
2021-03-27,1616803200,1.42
2021-03-28,1616889600,1.41
2021-03-29,1616976000,1.45
2021-03-30,1617062400,1.47
2021-03-31,1617148800,1.46
2021-04-01,1617235200,1.46
2021-04-02,1617321600,1.46
2021-04-03,1617408000,1.41
2021-04-04,1617494400,1.43
2021-04-05,1617580800,1.44
2021-04-06,1617667200,1.41
2021-04-07,1617753600,1.36
2021-04-08,1617840000,1.4
2021-04-09,1617926400,1.4
2021-04-10,1618012800,1.43
2021-04-11,1618099200,1.43
2021-04-12,1618185600,1.41
2021-04-13,1618272000,1.48
2021-04-14,1618358400,1.45
2021-04-15,1618444800,1.45
2021-04-16,1618531200,1.41
2021-04-17,1618617600,1.38
2021-04-18,1618704000,1.28
2021-04-19,1618790400,1.26
2021-04-20,1618876800,1.28
2021-04-21,1618963200,1.22
2021-04-22,1619049600,1.17
2021-04-23,1619136000,1.15
2021-04-24,1619222400,1.13
2021-04-25,1619308800,1.1
2021-04-26,1619395200,1.21
2021-04-27,1619481600,1.23
2021-04-28,1619568000,1.22
2021-04-29,1619654400,1.19
2021-04-30,1619740800,1.27
2021-05-01,1619827200,1.27
2021-05-02,1619913600,1.24
2021-05-03,1620000000,1.25
2021-05-04,1620086400,1.17
2021-05-05,1620172800,1.24
2021-05-06,1620259200,1.22
2021-05-07,1620345600,1.23
2021-05-08,1620432000,1.26
2021-05-09,1620518400,1.24
2021-05-10,1620604800,1.19
2021-05-11,1620691200,1.2
2021-05-12,1620777600,1.08
2021-05-13,1620864000,1.05
2021-05-14,1620950400,1.06
2021-05-15,1621036800,1
2021-05-16,1621123200,0.98
2021-05-17,1621209600,0.93
2021-05-18,1621296000,0.92
2021-05-19,1621382400,0.82
2021-05-20,1621468800,0.89
2021-05-21,1621555200,0.81
2021-05-22,1621641600,0.82
2021-05-23,1621728000,0.76
2021-05-24,1621814400,0.84
2021-05-25,1621900800,0.84
2021-05-26,1621987200,0.86
2021-05-27,1622073600,0.84
2021-05-28,1622160000,0.78
2021-05-29,1622246400,0.76
2021-05-30,1622332800,0.78
2021-05-31,1622419200,0.82
2021-06-01,1622505600,0.8
2021-06-02,1622592000,0.82
2021-06-03,1622678400,0.85
2021-06-04,1622764800,0.8
2021-06-05,1622851200,0.77
2021-06-06,1622937600,0.77
2021-06-07,1623024000,0.73
2021-06-08,1623110400,0.73
2021-06-09,1623196800,0.81
2021-06-10,1623283200,0.8
2021-06-11,1623369600,0.81
2021-06-12,1623456000,0.77
2021-06-13,1623542400,0.84
2021-06-14,1623628800,0.87
2021-06-15,1623715200,0.87
2021-06-16,1623801600,0.82
2021-06-17,1623888000,0.82
2021-06-18,1623974400,0.77
2021-06-19,1624060800,0.77
2021-06-20,1624147200,0.77
2021-06-21,1624233600,0.69
2021-06-22,1624320000,0.7
2021-06-23,1624406400,0.73
2021-06-24,1624492800,0.76
2021-06-25,1624579200,0.7
2021-06-26,1624665600,0.71
2021-06-27,1624752000,0.76
2021-06-28,1624838400,0.76
2021-06-29,1624924800,0.79
2021-06-30,1625011200,0.78
2021-07-01,1625097600,0.74
2021-07-02,1625184000,0.75
2021-07-03,1625270400,0.77
2021-07-04,1625356800,0.79
2021-07-05,1625443200,0.76
2021-07-06,1625529600,0.76
2021-07-07,1625616000,0.76
2021-07-08,1625702400,0.73
2021-07-09,1625788800,0.76
2021-07-10,1625875200,0.75
2021-07-11,1625961600,0.76
2021-07-12,1626048000,0.74
2021-07-13,1626134400,0.73
2021-07-14,1626220800,0.73
2021-07-15,1626307200,0.71
2021-07-16,1626393600,0.71
2021-07-17,1626480000,0.71
2021-07-18,1626566400,0.71
2021-07-19,1626652800,0.7
2021-07-20,1626739200,0.67
2021-07-21,1626825600,0.73
2021-07-22,1626912000,0.73
2021-07-23,1626998400,0.76
2021-07-24,1627084800,0.78
2021-07-25,1627171200,0.8
2021-07-26,1627257600,0.85
2021-07-27,1627344000,0.89
2021-07-28,1627430400,0.91
2021-07-29,1627516800,0.91
2021-07-30,1627603200,0.95
2021-07-31,1627689600,0.95
2021-08-01,1627776000,0.91
2021-08-02,1627862400,0.9
2021-08-03,1627948800,0.88
2021-08-04,1628035200,0.91
2021-08-05,1628121600,0.94
2021-08-06,1628208000,0.98
2021-08-07,1628294400,1.01
2021-08-08,1628380800,1
2021-08-09,1628467200,1.05
2021-08-10,1628553600,1.03
2021-08-11,1628640000,1.03
2021-08-12,1628726400,1.01
2021-08-13,1628812800,1.08
2021-08-14,1628899200,1.06
2021-08-15,1628985600,1.06
2021-08-16,1629072000,1.04
2021-08-17,1629158400,1.01
2021-08-18,1629244800,1.02
2021-08-19,1629331200,1.06
2021-08-20,1629417600,1.11
2021-08-21,1629504000,1.11
2021-08-22,1629590400,1.12
2021-08-23,1629676800,1.12
2021-08-24,1629763200,1.09
2021-08-25,1629849600,1.11
2021-08-26,1629936000,1.07
2021-08-27,1630022400,1.11
2021-08-28,1630108800,1.11
2021-08-29,1630195200,1.11
2021-08-30,1630281600,1.07
2021-08-31,1630368000,1.07
2021-09-01,1630454400,1.1
2021-09-02,1630540800,1.12
2021-09-03,1630627200,1.13
2021-09-04,1630713600,1.13
2021-09-05,1630800000,1.17
2021-09-06,1630886400,1.19
2021-09-07,1630972800,1.06
2021-09-08,1631059200,1.05
2021-09-09,1631145600,1.05
2021-09-10,1631232000,1.02
2021-09-11,1631318400,1.02
2021-09-12,1631404800,1.05
2021-09-13,1631491200,1.03
2021-09-14,1631577600,1.07
2021-09-15,1631664000,1.1
2021-09-16,1631750400,1.09
2021-09-17,1631836800,1.07
2021-09-18,1631923200,1.1
2021-09-19,1632009600,1.08
2021-09-20,1632096000,0.98
2021-09-21,1632182400,0.94
2021-09-22,1632268800,1.01
2021-09-23,1632355200,1.04
2021-09-24,1632441600,1
2021-09-25,1632528000,1
2021-09-26,1632614400,1.01
2021-09-27,1632700800,1
2021-09-28,1632787200,0.97
2021-09-29,1632873600,0.98
2021-09-30,1632960000,1.03
2021-10-01,1633046400,1.12
2021-10-02,1633132800,1.11
2021-10-03,1633219200,1.12
2021-10-04,1633305600,1.14
2021-10-05,1633392000,1.19
2021-10-06,1633478400,1.27
2021-10-07,1633564800,1.23
2021-10-08,1633651200,1.22
2021-10-09,1633737600,1.25
2021-10-10,1633824000,1.24
2021-10-11,1633910400,1.29
2021-10-12,1633996800,1.26
2021-10-13,1634083200,1.28
2021-10-14,1634169600,1.28
2021-10-15,1634256000,1.36
2021-10-16,1634342400,1.35
2021-10-17,1634428800,1.36
2021-10-18,1634515200,1.36
2021-10-19,1634601600,1.4
2021-10-20,1634688000,1.42
2021-10-21,1634774400,1.33
2021-10-22,1634860800,1.29
2021-10-23,1634947200,1.3
2021-10-24,1635033600,1.28
2021-10-25,1635120000,1.31
2021-10-26,1635206400,1.26
2021-10-27,1635292800,1.22
2021-10-28,1635379200,1.25
2021-10-29,1635465600,1.28
2021-10-30,1635552000,1.27
2021-10-31,1635638400,1.26
2021-11-01,1635724800,1.24
2021-11-02,1635811200,1.27
2021-11-03,1635897600,1.26
2021-11-04,1635984000,1.23
2021-11-05,1636070400,1.22
2021-11-06,1636156800,1.22
2021-11-07,1636243200,1.25
2021-11-08,1636329600,1.32
2021-11-09,1636416000,1.31
2021-11-10,1636502400,1.26
2021-11-11,1636588800,1.25
2021-11-12,1636675200,1.21
2021-11-13,1636761600,1.21
2021-11-14,1636848000,1.22
2021-11-15,1636934400,1.19
2021-11-16,1637020800,1.13
2021-11-17,1637107200,1.13
2021-11-18,1637193600,1.07
2021-11-19,1637280000,1.09
2021-11-20,1637366400,1.12
2021-11-21,1637452800,1.11
2021-11-22,1637539200,1.06
2021-11-23,1637625600,1.09
2021-11-24,1637712000,1.08
2021-11-25,1637798400,1.1
2021-11-26,1637884800,1.01
2021-11-27,1637971200,1.03
2021-11-28,1638057600,1.08
2021-11-29,1638144000,1.08
2021-11-30,1638230400,1.07
2021-12-01,1638316800,1.07
2021-12-02,1638403200,1.06
2021-12-03,1638489600,1
2021-12-04,1638576000,0.93
2021-12-05,1638662400,0.93
2021-12-06,1638748800,0.96
2021-12-07,1638835200,0.96
2021-12-08,1638921600,0.95
2021-12-09,1639008000,0.91
2021-12-10,1639094400,0.9
2021-12-11,1639180800,0.93
2021-12-12,1639267200,0.95
2021-12-13,1639353600,0.88
2021-12-14,1639440000,0.91
2021-12-15,1639526400,0.92
2021-12-16,1639612800,0.9
2021-12-17,1639699200,0.88
2021-12-18,1639785600,0.89
2021-12-19,1639872000,0.89
2021-12-20,1639958400,0.9
2021-12-21,1640044800,0.94
2021-12-22,1640131200,0.93
2021-12-23,1640217600,0.97
2021-12-24,1640304000,0.97
2021-12-25,1640390400,0.96
2021-12-26,1640476800,0.97
2021-12-27,1640563200,0.97
2021-12-28,1640649600,0.91
2021-12-29,1640736000,0.89
2021-12-30,1640822400,0.9
2021-12-31,1640908800,0.89
2022-01-01,1640995200,0.92
2022-01-02,1641081600,0.91
2022-01-03,1641168000,0.89
2022-01-04,1641254400,0.88
2022-01-05,1641340800,0.83
2022-01-06,1641427200,0.83
2022-01-07,1641513600,0.8
2022-01-08,1641600000,0.81
2022-01-09,1641686400,0.81
2022-01-10,1641772800,0.81
2022-01-11,1641859200,0.83
2022-01-12,1641945600,0.85
2022-01-13,1642032000,0.83
2022-01-14,1642118400,0.83
2022-01-15,1642204800,0.84
2022-01-16,1642291200,0.84
2022-01-17,1642377600,0.82
2022-01-18,1642464000,0.82
2022-01-19,1642550400,0.82
2022-01-20,1642636800,0.8
2022-01-21,1642723200,0.72
2022-01-22,1642809600,0.7
2022-01-23,1642896000,0.73
2022-01-24,1642982400,0.74
2022-01-25,1643068800,0.74
2022-01-26,1643155200,0.74
2022-01-27,1643241600,0.75
2022-01-28,1643328000,0.77
2022-01-29,1643414400,0.78
2022-01-30,1643500800,0.78
2022-01-31,1643587200,0.79
2022-02-01,1643673600,0.8
2022-02-02,1643760000,0.76
2022-02-03,1643846400,0.77
2022-02-04,1643932800,0.85
2022-02-05,1644019200,0.85
2022-02-06,1644105600,0.87
2022-02-07,1644192000,0.9
2022-02-08,1644278400,0.91
2022-02-09,1644364800,0.91
2022-02-10,1644451200,0.89
2022-02-11,1644537600,0.87
2022-02-12,1644624000,0.87
2022-02-13,1644710400,0.87
2022-02-14,1644796800,0.88
2022-02-15,1644883200,0.91
2022-02-16,1644969600,0.9
2022-02-17,1645056000,0.84
2022-02-18,1645142400,0.83
2022-02-19,1645228800,0.83
2022-02-20,1645315200,0.8
2022-02-21,1645401600,0.77
2022-02-22,1645488000,0.79
2022-02-23,1645574400,0.78
2022-02-24,1645660800,0.8
2022-02-25,1645747200,0.82
2022-02-26,1645833600,0.82
2022-02-27,1645920000,0.79
2022-02-28,1646006400,0.91
2022-03-01,1646092800,0.93
2022-03-02,1646179200,0.92
2022-03-03,1646265600,0.89
2022-03-04,1646352000,0.83
2022-03-05,1646438400,0.83
2022-03-06,1646524800,0.81
2022-03-07,1646611200,0.81
2022-03-08,1646697600,0.82
2022-03-09,1646784000,0.89
2022-03-10,1646870400,0.84
2022-03-11,1646956800,0.83
2022-03-12,1647043200,0.83
2022-03-13,1647129600,0.81
2022-03-14,1647216000,0.85
2022-03-15,1647302400,0.85
2022-03-16,1647388800,0.88
2022-03-17,1647475200,0.88
2022-03-18,1647561600,0.9
2022-03-19,1647648000,0.91
2022-03-20,1647734400,0.89
2022-03-21,1647820800,0.89
2022-03-22,1647907200,0.92
2022-03-23,1647993600,0.93
2022-03-24,1648080000,0.95
2022-03-25,1648166400,0.96
2022-03-26,1648252800,0.97
2022-03-27,1648339200,1.01
2022-03-28,1648425600,1.02
2022-03-29,1648512000,1.03
2022-03-30,1648598400,1.02
2022-03-31,1648684800,0.99
2022-04-01,1648771200,1
2022-04-02,1648857600,1
2022-04-03,1648944000,1.01
2022-04-04,1649030400,1.01
2022-04-05,1649116800,0.99
2022-04-06,1649203200,0.94
2022-04-07,1649289600,0.95
2022-04-08,1649376000,0.92
2022-04-09,1649462400,0.93
2022-04-10,1649548800,0.92
2022-04-11,1649635200,0.87
2022-04-12,1649721600,0.89
2022-04-13,1649808000,0.91
2022-04-14,1649894400,0.89
2022-04-15,1649980800,0.9
2022-04-16,1650067200,0.9
2022-04-17,1650153600,0.89
2022-04-18,1650240000,0.91
2022-04-19,1650326400,0.93
2022-04-20,1650412800,0.93
2022-04-21,1650499200,0.93
2022-04-22,1650585600,0.91
2022-04-23,1650672000,0.91
2022-04-24,1650758400,0.91
2022-04-25,1650844800,0.93
2022-04-26,1650931200,0.88
2022-04-27,1651017600,0.91
2022-04-28,1651104000,0.92
2022-04-29,1651190400,0.9
2022-04-30,1651276800,0.88
2022-05-01,1651363200,0.9
2022-05-02,1651449600,0.91
2022-05-03,1651536000,0.89
2022-05-04,1651622400,0.94
2022-05-05,1651708800,0.87
2022-05-06,1651795200,0.86
2022-05-07,1651881600,0.85
2022-05-08,1651968000,0.82
2022-05-09,1652054400,0.75
2022-05-10,1652140800,0.77
2022-05-11,1652227200,0.73
2022-05-12,1652313600,0.74
2022-05-13,1652400000,0.75
2022-05-14,1652486400,0.77
2022-05-15,1652572800,0.8
2022-05-16,1652659200,0.77
2022-05-17,1652745600,0.79
2022-05-18,1652832000,0.75
2022-05-19,1652918400,0.79
2022-05-20,1653004800,0.77
2022-05-21,1653091200,0.77
2022-05-22,1653177600,0.8
2022-05-23,1653264000,0.77
2022-05-24,1653350400,0.78
2022-05-25,1653436800,0.78
2022-05-26,1653523200,0.78
2022-05-27,1653609600,0.76
2022-05-28,1653696000,0.78
2022-05-29,1653782400,0.79
2022-05-30,1653868800,0.85
2022-05-31,1653955200,0.85
2022-06-01,1654041600,0.8
2022-06-02,1654128000,0.82
2022-06-03,1654214400,0.8
2022-06-04,1654300800,0.81
2022-06-05,1654387200,0.81
2022-06-06,1654473600,0.86
2022-06-07,1654560000,0.85
2022-06-08,1654646400,0.83
2022-06-09,1654732800,0.83
2022-06-10,1654819200,0.8
2022-06-11,1654905600,0.78
2022-06-12,1654992000,0.75
2022-06-13,1655078400,0.64
2022-06-14,1655164800,0.65
2022-06-15,1655251200,0.67
2022-06-16,1655337600,0.61
2022-06-17,1655424000,0.62
2022-06-18,1655510400,0.59
2022-06-19,1655596800,0.64
2022-06-20,1655683200,0.64
2022-06-21,1655769600,0.64
2022-06-22,1655856000,0.63
2022-06-23,1655942400,0.66
2022-06-24,1656028800,0.67
2022-06-25,1656115200,0.68
2022-06-26,1656201600,0.66
2022-06-27,1656288000,0.66
2022-06-28,1656374400,0.65
2022-06-29,1656460800,0.64
2022-06-30,1656547200,0.63
2022-07-01,1656633600,0.63
2022-07-02,1656720000,0.63
2022-07-03,1656806400,0.63
2022-07-04,1656892800,0.66
2022-07-05,1656979200,0.66
2022-07-06,1657065600,0.68
2022-07-07,1657152000,0.71
2022-07-08,1657238400,0.72
2022-07-09,1657324800,0.72
2022-07-10,1657411200,0.7
2022-07-11,1657497600,0.68
2022-07-12,1657584000,0.66
2022-07-13,1657670400,0.69
2022-07-14,1657756800,0.71
2022-07-15,1657843200,0.73
2022-07-16,1657929600,0.74
2022-07-17,1658016000,0.73
2022-07-18,1658102400,0.78
2022-07-19,1658188800,0.82
2022-07-20,1658275200,0.82
2022-07-21,1658361600,0.81
2022-07-22,1658448000,0.8
2022-07-23,1658534400,0.79
2022-07-24,1658620800,0.8
2022-07-25,1658707200,0.76
2022-07-26,1658793600,0.75
2022-07-27,1658880000,0.81
2022-07-28,1658966400,0.84
2022-07-29,1659052800,0.85
2022-07-30,1659139200,0.84
2022-07-31,1659225600,0.83
2022-08-01,1659312000,0.83
2022-08-02,1659398400,0.82
2022-08-03,1659484800,0.81
2022-08-04,1659571200,0.81
2022-08-05,1659657600,0.83
2022-08-06,1659744000,0.82
2022-08-07,1659830400,0.86
2022-08-08,1659916800,0.88
2022-08-09,1660003200,0.86
2022-08-10,1660089600,0.89
2022-08-11,1660176000,0.89
2022-08-12,1660262400,0.91
2022-08-13,1660348800,0.91
2022-08-14,1660435200,0.91
2022-08-15,1660521600,0.9
2022-08-16,1660608000,0.89
2022-08-17,1660694400,0.88
2022-08-18,1660780800,0.87
2022-08-19,1660867200,0.79
2022-08-20,1660953600,0.8
2022-08-21,1661040000,0.82
2022-08-22,1661126400,0.81
2022-08-23,1661212800,0.82
2022-08-24,1661299200,0.82
2022-08-25,1661385600,0.83
2022-08-26,1661472000,0.78
2022-08-27,1661558400,0.78
2022-08-28,1661644800,0.76
2022-08-29,1661731200,0.79
2022-08-30,1661817600,0.78
2022-08-31,1661904000,0.79
2022-09-01,1661990400,0.8
2022-09-02,1662076800,0.8
2022-09-03,1662163200,0.79
2022-09-04,1662249600,0.8
2022-09-05,1662336000,0.8
2022-09-06,1662422400,0.77
2022-09-07,1662508800,0.79
2022-09-08,1662595200,0.79
2022-09-09,1662681600,0.87
2022-09-10,1662768000,0.89
2022-09-11,1662854400,0.89
2022-09-12,1662940800,0.92
2022-09-13,1663027200,0.84
2022-09-14,1663113600,0.85
2022-09-15,1663200000,0.83
2022-09-16,1663286400,0.83
2022-09-17,1663372800,0.85
2022-09-18,1663459200,0.82
2022-09-19,1663545600,0.83
2022-09-20,1663632000,0.8
2022-09-21,1663718400,0.79
2022-09-22,1663804800,0.83
2022-09-23,1663891200,0.83
2022-09-24,1663977600,0.81
2022-09-25,1664064000,0.81
2022-09-26,1664150400,0.83
2022-09-27,1664236800,0.83
2022-09-28,1664323200,0.85
2022-09-29,1664409600,0.86
2022-09-30,1664496000,0.86
2022-10-01,1664582400,0.86
2022-10-02,1664668800,0.85
2022-10-03,1664755200,0.88
2022-10-04,1664841600,0.91
2022-10-05,1664928000,0.9
2022-10-06,1665014400,0.89
2022-10-07,1665100800,0.88
2022-10-08,1665187200,0.88
2022-10-09,1665273600,0.88
2022-10-10,1665360000,0.87
2022-10-11,1665446400,0.86
2022-10-12,1665532800,0.87
2022-10-13,1665619200,0.8830793850791904
2022-10-14,1665705600,0.8763256442767541
2022-10-15,1665792000,0.8725697068486246
2022-10-16,1665878400,0.8816396263833546
2022-10-17,1665964800,0.897076660501413
2022-10-18,1666051200,0.89093010102885
2022-10-19,1666137600,0.8857774367428576
2022-10-20,1666224000,0.883703886064542
2022-10-21,1666310400,0.8923758574397392
2022-10-22,1666396800,0.8953129061933346
2022-10-23,1666483200,0.9128295314864422
2022-10-24,1666569600,0.9028798089956701
2022-10-25,1666656000,0.9382363296544247
2022-10-26,1666742400,0.9666610884118587
2022-10-27,1666828800,0.9439930550503304
2022-10-28,1666915200,0.9597065043612287
2022-10-29,1667001600,0.9682488293333703
2022-10-30,1667088000,0.9611808465676984
2022-10-31,1667174400,0.9557330168532827
2022-11-01,1667260800,0.9566611425524436
2022-11-02,1667347200,0.9430590317054333
2022-11-03,1667433600,0.9474269771032164
2022-11-04,1667520000,0.989566284148285
2022-11-05,1667606400,0.9954956616566624
2022-11-06,1667692800,0.9804873223483177
2022-11-07,1667779200,0.9670762341669051
2022-11-08,1667865600,0.87751697090255
2022-11-09,1667952000,0.7608094922983845
2022-11-10,1668038400,0.8490058187499168
2022-11-11,1668124800,0.8240048559848451
2022-11-12,1668211200,0.821199609592255
2022-11-13,1668297600,0.803144595713306
2022-11-14,1668384000,0.8238852534948107
2022-11-15,1668470400,0.8387151740321503
2022-11-16,1668556800,0.8358304370473466
2022-11-17,1668643200,0.8435623787188139
2022-11-18,1668729600,0.8505796324887187
2022-11-19,1668816000,0.8536514489481589
2022-11-20,1668902400,0.8332602609208608
2022-11-21,1668988800,0.8135086585928557
2022-11-22,1669075200,0.8371847506435496
2022-11-23,1669161600,0.8625777356945827
2022-11-24,1669248000,0.8651714450509954
2022-11-25,1669334400,0.8635988652144213
2022-11-26,1669420800,0.8606531214784876
2022-11-27,1669507200,0.8612259680959068
2022-11-28,1669593600,0.8519971140616743
2022-11-29,1669680000,0.8657989239976485
2022-11-30,1669766400,0.906630377398845
2022-12-01,1669852800,0.8970562134789672
2022-12-02,1669939200,0.904991845292389
2022-12-03,1670025600,0.8962773443042087
2022-12-04,1670112000,0.9088456563079441
2022-12-05,1670198400,0.9020960331404662
2022-12-06,1670284800,0.9084069856991883
2022-12-07,1670371200,0.8977144312663292
2022-12-08,1670457600,0.9186310374484545
2022-12-09,1670544000,0.9132714773297351
2022-12-10,1670630400,0.9136382331527495
2022-12-11,1670716800,0.9128189482258163
2022-12-12,1670803200,0.9187343447867744
2022-12-13,1670889600,0.9490506586815314
2022-12-14,1670976000,0.9513513137738618
2022-12-15,1671062400,0.9294337421492831
2022-12-16,1671148800,0.892764469657107
2022-12-17,1671235200,0.9022923384860408
2022-12-18,1671321600,0.9026101196793942
2022-12-19,1671408000,0.8845180704831359
2022-12-20,1671494400,0.9099630264286571
2022-12-21,1671580800,0.9060930998662382
2022-12-22,1671667200,0.9087485941965738
2022-12-23,1671753600,0.9078736074361214
2022-12-24,1671840000,0.9112252766269617
2022-12-25,1671926400,0.9111585774062163
2022-12-26,1672012800,0.916175733203861
2022-12-27,1672099200,0.9075500290155746
2022-12-28,1672185600,0.9008108035557375
2022-12-29,1672272000,0.9077488518572759
2022-12-30,1672358400,0.9068417340552811
2022-12-31,1672444800,0.9044651756152132
2023-01-01,1672531200,0.9174274277231688
2023-01-02,1672617600,0.9222681814661196
2023-01-03,1672704000,0.9223957400596472
2023-01-04,1672790400,0.9328164642001582
2023-01-05,1672876800,0.9327155434546078
2023-01-06,1672963200,0.9414547931654745
2023-01-07,1673049600,0.9409857442389444
2023-01-08,1673136000,0.947877835467834
2023-01-09,1673222400,0.9550084820396496
2023-01-10,1673308800,0.9693720608105247
2023-01-11,1673395200,0.9914607669855146
2023-01-12,1673481600,1.0462841738768212
2023-01-13,1673568000,1.093800306707611
2023-01-14,1673654400,1.153213063829396
2023-01-15,1673740800,1.143941547391158
2023-01-16,1673827200,1.1584825846237015
2023-01-17,1673913600,1.155087474595964
2023-01-18,1674000000,1.1275128439114686
2023-01-19,1674086400,1.145188071959682
2023-01-20,1674172800,1.2253212115328798
2023-01-21,1674259200,1.2297634571777651
2023-01-22,1674345600,1.2228859004381631
2023-01-23,1674432000,1.230820393704928
2023-01-24,1674518400,1.2122025226311661
2023-01-25,1674604800,1.234398659637474
2023-01-26,1674691200,1.2187703118307203
2023-01-27,1674777600,1.2173393636590915
2023-01-28,1674864000,1.2129442872372687
2023-01-29,1674950400,1.2507338925894875
2023-01-30,1675036800,1.1978415033765875
2023-01-31,1675123200,1.2120598438568846
2023-02-01,1675209600,1.2355271387606879
2023-02-02,1675296000,1.221442171874157
2023-02-03,1675382400,1.2142791206735946
2023-02-04,1675468800,1.2069877296478562
2023-02-05,1675555200,1.1859463462106243
2023-02-06,1675641600,1.1744856989037618
2023-02-07,1675728000,1.198912218004197
2023-02-08,1675814400,1.180306936288981
2023-02-09,1675900800,1.122999554671456
2023-02-10,1675987200,1.1136879114471716
2023-02-11,1676073600,1.1260043855187056
2023-02-12,1676160000,1.1208069214083165
2023-02-13,1676246400,1.1218245830774753
2023-02-14,1676332800,1.142878617327204
2023-02-15,1676419200,1.2428798847201128
2023-02-16,1676505600,1.2114695844051835
2023-02-17,1676592000,1.2515138335578326
2023-02-18,1676678400,1.2515168306588191
2023-02-19,1676764800,1.2366868700401925
2023-02-20,1676851200,1.2562006254503753
2023-02-21,1676937600,1.234252808479634
2023-02-22,1677024000,1.2201239324840252
2023-02-23,1677110400,1.2061561633852886
2023-02-24,1677196800,1.1682495158500015
2023-02-25,1677283200,1.1671352669850694
2023-02-26,1677369600,1.1854021008976
2023-02-27,1677456000,1.1813269104857462
2023-02-28,1677542400,1.1630828927742818
2023-03-01,1677628800,1.1827895514733646
2023-03-02,1677715200,1.174964332606835
2023-03-03,1677801600,1.1203295877704091
2023-03-04,1677888000,1.1197483131698607
2023-03-05,1677974400,1.1231368542873705
2023-03-06,1678060800,1.1226909900448483
2023-03-07,1678147200,1.1093911692196994
2023-03-08,1678233600,1.086964643624155
2023-03-09,1678320000,1.0227673938622743
2023-03-10,1678406400,1.0195670584656948
2023-03-11,1678492800,1.037680916761531
2023-03-12,1678579200,1.1101848899032136
2023-03-13,1678665600,1.2064583671752995
2023-03-14,1678752000,1.228715932803024
2023-03-15,1678838400,1.2065123008838927
2023-03-16,1678924800,1.233227413789745
2023-03-17,1679011200,1.3322633452902188
2023-03-18,1679097600,1.3071957158369765
2023-03-19,1679184000,1.3593335790623668
2023-03-20,1679270400,1.3386006806191206
2023-03-21,1679356800,1.3480026602829063
2023-03-22,1679443200,1.3042598757586243
2023-03-23,1679529600,1.3432477886894947
2023-03-24,1679616000,1.296390322289502
2023-03-25,1679702400,1.2951420721383404
2023-03-26,1679788800,1.317356972813995
2023-03-27,1679875200,1.268342537026636
2023-03-28,1679961600,1.2705317424057605
2023-03-29,1680048000,1.3153658170344587
2023-03-30,1680134400,1.2747310063547699
2023-03-31,1680220800,1.2902229705041202
2023-04-01,1680307200,1.2859331193655852
2023-04-02,1680393600,1.2696036325983822
2023-04-03,1680480000,1.2534851649334815
2023-04-04,1680566400,1.2602952823803648
2023-04-05,1680652800,1.255901266720415
2023-04-06,1680739200,1.2443760488539763
2023-04-07,1680825600,1.2379625522047637
2023-04-08,1680912000,1.2386702677732102
2023-04-09,1680998400,1.2555385993864425
2023-04-10,1681084800,1.3069893994081034
2023-04-11,1681171200,1.3189063965152676
2023-04-12,1681257600,1.2958505496025159
2023-04-13,1681344000,1.309970034800737
2023-04-14,1681430400,1.3078902968421382
2023-04-15,1681516800,1.3012844121698697
2023-04-16,1681603200,1.2982327155442142
2023-04-17,1681689600,1.2598206038235071
2023-04-18,1681776000,1.2917287007183489
2023-04-19,1681862400,1.2239451019017056
2023-04-20,1681948800,1.1984446934846518
2023-04-21,1682035200,1.1574562076387434
2023-04-22,1682121600,1.177864679930412
2023-04-23,1682208000,1.1666892207530846
2023-04-24,1682294400,1.1615645070155707
2023-04-25,1682380800,1.190124126796005
2023-04-26,1682467200,1.1885996942069907
2023-04-27,1682553600,1.2231595298200604
2023-04-28,1682640000,1.2146568298339226
2023-04-29,1682726400,1.2064364104005316
2023-04-30,1682812800,1.209147612544031
2023-05-01,1682899200,1.154842355376059
2023-05-02,1682985600,1.1750560626021773
2023-05-03,1683072000,1.179539202165682
2023-05-04,1683158400,1.1702600730659811
2023-05-05,1683244800,1.1954226592145625
2023-05-06,1683331200,1.1678523724009322
2023-05-07,1683417600,1.1365932588305925
2023-05-08,1683504000,1.093967792330856
2023-05-09,1683590400,1.0894827747448739
2023-05-10,1683676800,1.0884332160637986
2023-05-11,1683763200,1.0618780751542591
2023-05-12,1683849600,1.0529817775964174
2023-05-13,1683936000,1.0545167806898874
2023-05-14,1684022400,1.056278440615628
2023-05-15,1684108800,1.066772093459996
2023-05-16,1684195200,1.0567676476026042
2023-05-17,1684281600,1.0692162084576424
2023-05-18,1684368000,1.0470003620113593
2023-05-19,1684454400,1.0491883571642737
2023-05-20,1684540800,1.057006242130398
2023-05-21,1684627200,1.0437763291936157
2023-05-22,1684713600,1.0453423021448625
2023-05-23,1684800000,1.0572772498935066
2023-05-24,1684886400,1.0234421137526912
2023-05-25,1684972800,1.0279803790342756
2023-05-26,1685059200,1.0359819535528665
2023-05-27,1685145600,1.0401325326722557
2023-05-28,1685232000,1.0862814311743274
2023-05-29,1685318400,1.0720564976230655
2023-05-30,1685404800,1.068120369328378
2023-05-31,1685491200,1.0486113884931443
2023-06-01,1685577600,1.033076324070136
2023-06-02,1685664000,1.0480599845037142
2023-06-03,1685750400,1.0406307043536933
2023-06-04,1685836800,1.0431105996319099
2023-06-05,1685923200,0.9921372660716696
2023-06-06,1686009600,1.0427090193845219
2023-06-07,1686096000,1.006993868514777
2023-06-08,1686182400,1.0134269596300765
2023-06-09,1686268800,1.0088290538076876
2023-06-10,1686355200,0.9861617708795191
2023-06-11,1686441600,0.9878523707053897
2023-06-12,1686528000,0.9874877003024248
2023-06-13,1686614400,0.9866422233611325
2023-06-14,1686700800,0.9577441552168875
2023-06-15,1686787200,0.9753613653791687
2023-06-16,1686873600,1.0026627754893895
2023-06-17,1686960000,1.0091362052393251
2023-06-18,1687046400,1.0025058141755838
2023-06-19,1687132800,1.0194535905807935
2023-06-20,1687219200,1.0725737050443207
2023-06-21,1687305600,1.1325210385217668
2023-06-22,1687392000,1.1234046740412327
2023-06-23,1687478400,1.1434208893659343
2023-06-24,1687564800,1.1379298793772876
2023-06-25,1687651200,1.1333798981753704
2023-06-26,1687737600,1.1218780526555874
2023-06-27,1687824000,1.1328456726674299
2023-06-28,1687910400,1.1102044771195998
2023-06-29,1687996800,1.1189597101884994
2023-06-30,1688083200,1.117540118371073
2023-07-01,1688169600,1.1192680541420401
2023-07-02,1688256000,1.1187234103615802
2023-07-03,1688342400,1.1359051065363615
2023-07-04,1688428800,1.1222583376981137
2023-07-05,1688515200,1.1098901427160588
2023-07-06,1688601600,1.088683146955724
2023-07-07,1688688000,1.1002828031070042
2023-07-08,1688774400,1.0971031675102076
2023-07-09,1688860800,1.0929135772313496
2023-07-10,1688947200,1.099164918045305
2023-07-11,1689033600,1.1054510067001455
2023-07-12,1689120000,1.0954818936991568
2023-07-13,1689206400,1.128813131454712
2023-07-14,1689292800,1.0884118445087467
2023-07-15,1689379200,1.0865354456245586
2023-07-16,1689465600,1.0845380822716992
2023-07-17,1689552000,1.0802735506697727
2023-07-18,1689638400,1.067891649625083
2023-07-19,1689724800,1.0691108915044099
2023-07-20,1689811200,1.0644766957268892
2023-07-21,1689897600,1.067147616126017
2023-07-22,1689984000,1.0598219239502427
2023-07-23,1690070400,1.0711137317032602
2023-07-24,1690156800,1.039743197767618
2023-07-25,1690243200,1.0412187290541557
2023-07-26,1690329600,1.0456405260650845
2023-07-27,1690416000,1.0389516786447768
2023-07-28,1690502400,1.0381685960681188
2023-07-29,1690588800,1.0396783760905848
2023-07-30,1690675200,1.0365216095072056
2023-07-31,1690761600,1.0350310230643014
2023-08-01,1690848000,1.0445889303224893
2023-08-02,1690934400,1.0322042367076592
2023-08-03,1691020800,1.0338270831791199
2023-08-04,1691107200,1.0288114776968265
2023-08-05,1691193600,1.028688222517914
2023-08-06,1691280000,1.0283722531605177
2023-08-07,1691366400,1.0320749192826753
2023-08-08,1691452800,1.0517328388876044
2023-08-09,1691539200,1.0443577555328816
2023-08-10,1691625600,1.0387376800461152
2023-08-11,1691712000,1.0374101127225146
2023-08-12,1691798400,1.0365573546557794
2023-08-13,1691884800,1.031418746798636
2023-08-14,1691971200,1.0331035784933011
2023-08-15,1692057600,1.0244765140287235
2023-08-16,1692144000,1.0098383934879975
2023-08-17,1692230400,0.9393376661669773
2023-08-18,1692316800,0.9195806109194955
2023-08-19,1692403200,0.9205769903349149
2023-08-20,1692489600,0.9234537236820803
2023-08-21,1692576000,0.9248914872875246
2023-08-22,1692662400,0.9211971339212132
2023-08-23,1692748800,0.9381569309433718
2023-08-24,1692835200,0.9275325262224657
2023-08-25,1692921600,0.926045914258755
2023-08-26,1693008000,0.9252010663469006
2023-08-27,1693094400,0.9283105281359434
2023-08-28,1693180800,0.9298297966005958
2023-08-29,1693267200,0.9849146807280831
2023-08-30,1693353600,0.9718965372118712
2023-08-31,1693440000,0.9256191828102351
2023-09-01,1693526400,0.9215836479992713
2023-09-02,1693612800,0.9239457137619287
2023-09-03,1693699200,0.9270645737155144
2023-09-04,1693785600,0.921715905932511
2023-09-05,1693872000,0.9221760814819002
2023-09-06,1693958400,0.9224094997812609
2023-09-07,1694044800,0.938803662889354
2023-09-08,1694131200,0.928705649121851
2023-09-09,1694217600,0.9287225075293195
2023-09-10,1694304000,0.9268560155306818
2023-09-11,1694390400,0.9035013770457031
2023-09-12,1694476800,0.9293774888416358
2023-09-13,1694563200,0.9428134146561191
2023-09-14,1694649600,0.9548084185980202
2023-09-15,1694736000,0.9588864254726028
2023-09-16,1694822400,0.9548670704167045
2023-09-17,1694908800,0.9535610110705449
2023-09-18,1694995200,0.9633351565316617
2023-09-19,1695081600,0.9793247995680318
2023-09-20,1695168000,0.9766955546272182
2023-09-21,1695254400,0.9561366518322425
2023-09-22,1695340800,0.9568053615935566
2023-09-23,1695427200,0.9568526969715838
2023-09-24,1695513600,0.9470681122826603
2023-09-25,1695600000,0.9475668373491766
2023-09-26,1695686400,0.9446262512695098
2023-09-27,1695772800,0.9499716511316241
2023-09-28,1695859200,0.9746447674085645
2023-09-29,1695945600,0.9700906632210933
2023-09-30,1696032000,0.9723474261294782
2023-10-01,1696118400,1.006635349679702
2023-10-02,1696204800,0.9922736134905308
2023-10-03,1696291200,0.9878151312511554
2023-10-04,1696377600,0.9995191115181717
2023-10-05,1696464000,0.9864282913349877
2023-10-06,1696550400,1.0041407699591687
2023-10-07,1696636800,1.0050460340477978
2023-10-08,1696723200,1.0035939118895587
2023-10-09,1696809600,0.9883996713942176
2023-10-10,1696896000,0.9825638602516904
2023-10-11,1696982400,0.962456040207045
2023-10-12,1697068800,0.9598595566198322
2023-10-13,1697155200,0.9639107921352755
2023-10-14,1697241600,0.9655970564362811
2023-10-15,1697328000,0.9750276432546487
2023-10-16,1697414400,1.0220041793937333
2023-10-17,1697500800,1.0184343047045916
2023-10-18,1697587200,1.0137416679654128
2023-10-19,1697673600,1.0262124197178895
2023-10-20,1697760000,1.059568111522296
2023-10-21,1697846400,1.0662842471562142
2023-10-22,1697932800,1.0675878102697158
2023-10-23,1698019200,1.162746243232853
2023-10-24,1698105600,1.1829888059273992
2023-10-25,1698192000,1.198055915381627
2023-10-26,1698278400,1.1827570634021238
2023-10-27,1698364800,1.1700662789552112
2023-10-28,1698451200,1.1745514898096199
2023-10-29,1698537600,1.1891939099906739
2023-10-30,1698624000,1.1821790907286553
2023-10-31,1698710400,1.183333232491716
2023-11-01,1698796800,1.2041740915932313
2023-11-02,1698883200,1.1821097001940328
2023-11-03,1698969600,1.1732164501703775
2023-11-04,1699056000,1.184328540922113
2023-11-05,1699142400,1.183389215291514
2023-11-06,1699228800,1.1742600101243539
2023-11-07,1699315200,1.1849367044437915
2023-11-08,1699401600,1.1939892005999173
2023-11-09,1699488000,1.2122753567150872
2023-11-10,1699574400,1.2298603512293242
2023-11-11,1699660800,1.2155392701313605
2023-11-12,1699747200,1.2162334280209
2023-11-13,1699833600,1.1975259312856898
2023-11-14,1699920000,1.1657593308076954
2023-11-15,1700006400,1.232738083146503
2023-11-16,1700092800,1.176060714731651
2023-11-17,1700179200,1.1864760571697228
2023-11-18,1700265600,1.185735096984717
2023-11-19,1700352000,1.2113722617260398
2023-11-20,1700438400,1.209171528196329
2023-11-21,1700524800,1.1599702410263995
2023-11-22,1700611200,1.1976624880265831
2023-11-23,1700697600,1.1924548880137065
2023-11-24,1700784000,1.202436271961549
2023-11-25,1700870400,1.2028572972234588
2023-11-26,1700956800,1.1848386524893468
2023-11-27,1701043200,1.1750225852465739
2023-11-28,1701129600,1.1905788888694906
2023-11-29,1701216000,1.1878547283372243
2023-11-30,1701302400,1.178642600997007
2023-12-01,1701388800,1.204505550012979
2023-12-02,1701475200,1.2255786617774178
2023-12-03,1701561600,1.237863632881099
2023-12-04,1701648000,1.283624904636389
2023-12-05,1701734400,1.3346510792149968
2023-12-06,1701820800,1.311889770415578
2023-12-07,1701907200,1.290497692931986
2023-12-08,1701993600,1.311141142880116
2023-12-09,1702080000,1.29246806602659
2023-12-10,1702166400,1.2895296856345664
2023-12-11,1702252800,1.2134477291784989
2023-12-12,1702339200,1.215780975693967
2023-12-13,1702425600,1.251503858887179
2023-12-14,1702512000,1.250095568909383
2023-12-15,1702598400,1.2169969804315837
2023-12-16,1702684800,1.2230305102855832
2023-12-17,1702771200,1.2008368961005524
2023-12-18,1702857600,1.2323437350674558
2023-12-19,1702944000,1.218864495481312
2023-12-20,1703030400,1.2511884612785023
2023-12-21,1703116800,1.254253229571375
2023-12-22,1703203200,1.254417456581449
2023-12-23,1703289600,1.2451714426476457
2023-12-24,1703376000,1.2238848412054018
2023-12-25,1703462400,1.2329150722865172
2023-12-26,1703548800,1.1978029124005478
2023-12-27,1703635200,1.218316267018992
2023-12-28,1703721600,1.1938643861188447
2023-12-29,1703808000,1.168242412831374
2023-12-30,1703894400,1.1726067719214022
2023-12-31,1703980800,1.1715291143080584
2024-01-01,1704067200,1.2192516626767487
2024-01-02,1704153600,1.2365809575500193
2024-01-03,1704240000,1.1725805662481854
2024-01-04,1704326400,1.1827354616017904
2024-01-05,1704412800,1.1763391569354873
2024-01-06,1704499200,1.1688227704241845
2024-01-07,1704585600,1.164642017053289
2024-01-08,1704672000,1.2408674752944442
2024-01-09,1704758400,1.2124840889258806
2024-01-10,1704844800,1.2253382065243956
2024-01-11,1704931200,1.2091212095238548
2024-01-12,1705017600,1.1194614262688514
2024-01-13,1705104000,1.119799283114469
2024-01-14,1705190400,1.0949267446471747
2024-01-15,1705276800,1.11017744501988
2024-01-16,1705363200,1.1228414117316545
2024-01-17,1705449600,1.1092950297843176
2024-01-18,1705536000,1.0730414766562995
2024-01-19,1705622400,1.0804858355254179
2024-01-20,1705708800,1.0816177190873644
2024-01-21,1705795200,1.0778385552483996
2024-01-22,1705881600,1.0287761062781213
2024-01-23,1705968000,1.0321017997692112
2024-01-24,1706054400,1.0404228420635522
2024-01-25,1706140800,1.033232854698824
2024-01-26,1706227200,1.0798801130902616
2024-01-27,1706313600,1.0855234485685985
2024-01-28,1706400000,1.0811058990691735
2024-01-29,1706486400,1.1090313142012536
2024-01-30,1706572800,1.0979211873728372
2024-01-31,1706659200,1.0842865063062732
2024-02-01,1706745600,1.0933022852376835
2024-02-02,1706832000,1.09544105767444
2024-02-03,1706918400,1.0902456744941598
2024-02-04,1707004800,1.0784660848079695
2024-02-05,1707091200,1.0784503250187212
2024-02-06,1707177600,1.0884488650192643
2024-02-07,1707264000,1.1135423478970512
2024-02-08,1707350400,1.1366636294293668
2024-02-09,1707436800,1.176602013840183
2024-02-10,1707523200,1.188944630298366
2024-02-11,1707609600,1.1960055813185884
2024-02-12,1707696000,1.2306255507609891
2024-02-13,1707782400,1.2170454928524115
2024-02-14,1707868800,1.2575850423803818
2024-02-15,1707955200,1.253361469393916
2024-02-16,1708041600,1.253690116950734
2024-02-17,1708128000,1.2362092300638752
2024-02-18,1708214400,1.2447252148455987
2024-02-19,1708300800,1.2320073898595556
2024-02-20,1708387200,1.2397166403646993
2024-02-21,1708473600,1.22097773930024
2024-02-22,1708560000,1.2050064800464997
2024-02-23,1708646400,1.1897734594646026
2024-02-24,1708732800,1.2062368908502796
2024-02-25,1708819200,1.208207877259621
2024-02-26,1708905600,1.2617691609685446
2024-02-27,1708992000,1.3022967949389157
2024-02-28,1709078400,1.376563720357875
2024-02-29,1709164800,1.340552773543094
2024-03-01,1709251200,1.3486700767362365
2024-03-02,1709337600,1.334883910731165
2024-03-03,1709424000,1.3492516255860563
2024-03-04,1709510400,1.4339547022309027
2024-03-05,1709596800,1.336403600441191
2024-03-06,1709683200,1.3512827382183388
2024-03-07,1709769600,1.3524842374910309
2024-03-08,1709856000,1.3624493238075668
2024-03-09,1709942400,1.3598790757447548
2024-03-10,1710028800,1.3622037851662434
2024-03-11,1710115200,1.4012130801269065
2024-03-12,1710201600,1.372135371639562
2024-03-13,1710288000,1.3832160409061547
2024-03-14,1710374400,1.3464791120548225
2024-03-15,1710460800,1.3012765651615252
2024-03-16,1710547200,1.2257683274810736
2024-03-17,1710633600,1.2752827596975354
2024-03-18,1710720000,1.2572811515325668
2024-03-19,1710806400,1.1529414384111136
2024-03-20,1710892800,1.2548104347098907
2024-03-21,1710979200,1.2093003503015283
2024-03-22,1711065600,1.1723008765095744
2024-03-23,1711152000,1.1823876042245844
2024-03-24,1711238400,1.2336488117815545
2024-03-25,1711324800,1.2766570065913265
2024-03-26,1711411200,1.2703132174567282
2024-03-27,1711497600,1.2527466213921847
2024-03-28,1711584000,1.2737920099341962
2024-03-29,1711670400,1.255028009213765
2024-03-30,1711756800,1.247419506465873
2024-03-31,1711843200,1.270059295183652
2024-04-01,1711929600,1.239302351707827
2024-04-02,1712016000,1.1619840810480369
2024-04-03,1712102400,1.1703167894501019
2024-04-04,1712188800,1.2082574932407864
2024-04-05,1712275200,1.1981106877833243
2024-04-06,1712361600,1.2168762997969222
2024-04-07,1712448000,1.2196823359600255
2024-04-08,1712534400,1.2551247817603735
2024-04-09,1712620800,1.2067695579808069
2024-04-10,1712707200,1.2305877876067668
2024-04-11,1712793600,1.2197416539939698
2024-04-12,1712880000,1.1677130031426568
2024-04-13,1712966400,1.1240358247990772
2024-04-14,1713052800,1.1423827168345981
2024-04-15,1713139200,1.1029119658544304
2024-04-16,1713225600,1.109007746966362
2024-04-17,1713312000,1.0670861724540202
2024-04-18,1713398400,1.1044988157330138
2024-04-19,1713484800,1.1075050833931177
2024-04-20,1713571200,1.1264130214673689
2024-04-21,1713657600,1.1265486563363867
2024-04-22,1713744000,1.1589243129927835
2024-04-23,1713830400,1.1403016492922629
2024-04-24,1713916800,1.099166618881074
2024-04-25,1714003200,1.1038791458899186
2024-04-26,1714089600,1.0916523012824542
2024-04-27,1714176000,1.0851778111058994
2024-04-28,1714262400,1.0760250259206463
2024-04-29,1714348800,1.0904541494628253
2024-04-30,1714435200,1.0342846228461602
2024-05-01,1714521600,0.9933041395550426
2024-05-02,1714608000,1.0108266009093727
2024-05-03,1714694400,1.0740880973512408
2024-05-04,1714780800,1.0880274171292859
2024-05-05,1714867200,1.0902948010086717
2024-05-06,1714953600,1.0750617256444739
2024-05-07,1715040000,1.060698552028205
2024-05-08,1715126400,1.036827862826327
2024-05-09,1715212800,1.0679854234717892
2024-05-10,1715299200,1.032250185852732
2024-05-11,1715385600,1.0305970711647967
2024-05-12,1715472000,1.039368934954906
2024-05-13,1715558400,1.062355080858066
2024-05-14,1715644800,1.0376790994310168
2024-05-15,1715731200,1.1113819984937632
2024-05-16,1715817600,1.0924760884499876
2024-05-17,1715904000,1.1177681654960185
2024-05-18,1715990400,1.1167625732261446
2024-05-19,1716076800,1.1032623787332219
2024-05-20,1716163200,1.1793593571593701
2024-05-21,1716249600,1.1589845876554048
2024-05-22,1716336000,1.136886520151643
2024-05-23,1716422400,1.1143659316642982
2024-05-24,1716508800,1.1275434620408424
2024-05-25,1716595200,1.1384135217283522
2024-05-26,1716681600,1.124046556613228
2024-05-27,1716768000,1.1372572803014511
2024-05-28,1716854400,1.1152096973637797
2024-05-29,1716940800,1.1022412042707663
2024-05-30,1717027200,1.1120993198108462
2024-05-31,1717113600,1.095041980211511
2024-06-01,1717200000,1.0996957357202477
2024-06-02,1717286400,1.1001581912165044
2024-06-03,1717372800,1.114322273345045
2024-06-04,1717459200,1.1397161529897448
2024-06-05,1717545600,1.1458956541768517
2024-06-06,1717632000,1.1380002425524836
2024-06-07,1717718400,1.1137888045438726
2024-06-08,1717804800,1.1124956046400296
2024-06-09,1717891200,1.1166381210917091
2024-06-10,1717977600,1.1118576890283143
2024-06-11,1718064000,1.0776649969065917
2024-06-12,1718150400,1.0764605614682274
2024-06-13,1718236800,1.0535425149146405
2024-06-14,1718323200,1.040446167947381
2024-06-15,1718409600,1.0423839690995778
2024-06-16,1718496000,1.0482828009493597
2024-06-17,1718582400,1.0451365514805135
2024-06-18,1718668800,1.0247134371805189
2024-06-19,1718755200,1.0200229826784366
2024-06-20,1718841600,1.0200005843059126
2024-06-21,1718928000,1.007745239917874
2024-06-22,1719014400,1.0093821177847409
2024-06-23,1719100800,0.994403172949424
2024-06-24,1719187200,0.9464660386214375
2024-06-25,1719273600,0.970242704984024
2024-06-26,1719360000,0.9550901353587974
2024-06-27,1719446400,0.9682849747125031
2024-06-28,1719532800,0.9491198287625766
2024-06-29,1719619200,0.9585341950916227
2024-06-30,1719705600,0.9872354688818017
2024-07-01,1719792000,0.9841283543862765
2024-07-02,1719878400,0.9715308812900947
2024-07-03,1719964800,0.9422221894355347
2024-07-04,1720051200,0.9016792029673755
2024-07-05,1720137600,0.8944400989944362
2024-07-06,1720224000,0.9187553282142417
2024-07-07,1720310400,0.8854762813567352
2024-07-08,1720396800,0.8955864713303096
2024-07-09,1720483200,0.9161307504567179
2024-07-10,1720569600,0.9124519201956446
2024-07-11,1720656000,0.9063372541650292
2024-07-12,1720742400,0.9156003413534838
2024-07-13,1720828800,0.9379361478002254
2024-07-14,1720915200,0.9634292276077776
2024-07-15,1721001600,1.0166890594074658
2024-07-16,1721088000,1.0202490831058524
2024-07-17,1721174400,1.0060372818864505
2024-07-18,1721260800,1.002320053533445
2024-07-19,1721347200,1.0430378895853045
2024-07-20,1721433600,1.0492292463136592
2024-07-21,1721520000,1.0620713748766122
2024-07-22,1721606400,1.0526118788665546
2024-07-23,1721692800,1.0264966460764422
2024-07-24,1721779200,1.017105350782983
2024-07-25,1721865600,1.0229771305907773
2024-07-26,1721952000,1.0545124313972227
2024-07-27,1722038400,1.056283469730174
2024-07-28,1722124800,1.0570841662813644
2024-07-29,1722211200,1.0356541755767925
2024-07-30,1722297600,1.0246903530069684
2024-07-31,1722384000,1.001047161862961
2024-08-01,1722470400,1.0077886181185596
2024-08-02,1722556800,0.9528947351272727
2024-08-03,1722643200,0.9400571791359437
2024-08-04,1722729600,0.9042482843501278
2024-08-05,1722816000,0.8496537302875731
2024-08-06,1722902400,0.8768505591792135
2024-08-07,1722988800,0.863491870953444
2024-08-08,1723075200,0.966545833046646
2024-08-09,1723161600,0.9484796312396905
2024-08-10,1723248000,0.9507609645032854
2024-08-11,1723334400,0.9198624984374486
2024-08-12,1723420800,0.9289128874038772
2024-08-13,1723507200,0.9483814552698998
2024-08-14,1723593600,0.9236385248654789
2024-08-15,1723680000,0.9067897461682409
2024-08-16,1723766400,0.9273221159688078
2024-08-17,1723852800,0.935037133424637
2024-08-18,1723939200,0.9284847180194015
2024-08-19,1724025600,0.938639946231298
2024-08-20,1724112000,0.9376704989583022
2024-08-21,1724198400,0.9695546033923755
2024-08-22,1724284800,0.9583024061150294
2024-08-23,1724371200,1.0150382164069076
2024-08-24,1724457600,1.0122991982139848
2024-08-25,1724544000,1.0197376902404345
2024-08-26,1724630400,0.9959379988950636
2024-08-27,1724716800,0.9471019475319198
2024-08-28,1724803200,0.9411251353817486
2024-08-29,1724889600,0.945719570413311
2024-08-30,1724976000,0.9437966493574589
2024-08-31,1725062400,0.9416578443000715
2024-09-01,1725148800,0.9171982934081425
2024-09-02,1725235200,0.9465821892917539
2024-09-03,1725321600,0.9243861846060104
2024-09-04,1725408000,0.9316215362589185
2024-09-05,1725494400,0.9028115062365974
2024-09-06,1725580800,0.8686319560705079
2024-09-07,1725667200,0.8730485641912737
2024-09-08,1725753600,0.8864995828167315
2024-09-09,1725840000,0.9234565096735208
2024-09-10,1725926400,0.9329211099674921
2024-09-11,1726012800,0.9299304727384325
2024-09-12,1726099200,0.9417756876154182
2024-09-13,1726185600,0.9800488170113396
2024-09-14,1726272000,0.9715599807986559
2024-09-15,1726358400,0.9577583249097956
2024-09-16,1726444800,0.9444157278642942
2024-09-17,1726531200,0.9766950610114203
2024-09-18,1726617600,0.9931643541818254
2024-09-19,1726704000,1.0130165281753472
2024-09-20,1726790400,1.0139397452869152
2024-09-21,1726876800,1.016693641101862
2024-09-22,1726963200,1.0199127432096027
2024-09-23,1727049600,1.0155798081714795
2024-09-24,1727136000,1.0299695887232099
2024-09-25,1727222400,1.0090206948558869
2024-09-26,1727308800,1.0392525043914547
2024-09-27,1727395200,1.0490634837460386
2024-09-28,1727481600,1.048898555165647
2024-09-29,1727568000,1.0463658360672743
2024-09-30,1727654400,1.0092740848004804
2024-10-01,1727740800,0.973357135133104
2024-10-02,1727827200,0.9715522224067129
2024-10-03,1727913600,0.9735992884858027
2024-10-04,1728000000,0.9938695942249105
2024-10-05,1728086400,0.9936630194353739
2024-10-06,1728172800,1.005699083408027
2024-10-07,1728259200,0.9996696163130275
2024-10-08,1728345600,0.9949717906333455
2024-10-09,1728432000,0.9721023756201319
2024-10-10,1728518400,0.966805588055881
2024-10-11,1728604800,1.001913182564752
2024-10-12,1728691200,1.0134463279226276
2024-10-13,1728777600,1.006367746567663
2024-10-14,1728864000,1.0569279602638
2024-10-15,1728950400,1.0670174533078922
2024-10-16,1729036800,1.0765375375082367
2024-10-17,1729123200,1.070133277205201
2024-10-18,1729209600,1.0848266745280586
2024-10-19,1729296000,1.0833264478030336
2024-10-20,1729382400,1.0921873716739834
2024-10-21,1729468800,1.0667551366680403
2024-10-22,1729555200,1.06524020594363
2024-10-23,1729641600,1.0526721341906784
2024-10-24,1729728000,1.0747426358725825
2024-10-25,1729814400,1.045367008464875
2024-10-26,1729900800,1.0570451629641582
2024-10-27,1729987200,1.072295605598503
2024-10-28,1730073600,1.0990494486451068
2024-10-29,1730160000,1.1370375671632653
2024-10-30,1730246400,1.1311654706728738
2024-10-31,1730332800,1.0982451725314573
2024-11-01,1730419200,1.08300319161078
2024-11-02,1730505600,1.0789990887110779
2024-11-03,1730592000,1.071102556637621
2024-11-04,1730678400,1.0560314574418987
2024-11-05,1730764800,1.0816848198262006
2024-11-06,1730851200,1.1668762205767216
2024-11-07,1730937600,1.166858836167228
2024-11-08,1731024000,1.168896093526159
2024-11-09,1731110400,1.1718087133356299
2024-11-10,1731196800,1.2200599410555457
2024-11-11,1731283200,1.3242055135518107
2024-11-12,1731369600,1.2978291580554653
2024-11-13,1731456000,1.3147738705347662
2024-11-14,1731542400,1.2576892521868694
2024-11-15,1731628800,1.3028462069516924
2024-11-16,1731715200,1.2915248486343274
2024-11-17,1731801600,1.2782157861259762
2024-11-18,1731888000,1.283451292818275
2024-11-19,1731974400,1.300758100089647
2024-11-20,1732060800,1.316515189986228
2024-11-21,1732147200,1.3560759701078722
2024-11-22,1732233600,1.3473306470985291
2024-11-23,1732320000,1.3208538142127608
2024-11-24,1732406400,1.3185682575304196
2024-11-25,1732492800,1.2521361768873525
2024-11-26,1732579200,1.2301849670014255
2024-11-27,1732665600,1.2798811272045438
2024-11-28,1732752000,1.2736813656569097
2024-11-29,1732838400,1.2883071302638391
2024-11-30,1732924800,1.274295131690155
2024-12-01,1733011200,1.2849234331206882
2024-12-02,1733097600,1.2562994276551658
2024-12-03,1733184000,1.2551227642187883
2024-12-04,1733270400,1.2801346133332772
2024-12-05,1733356800,1.2398826704259307
2024-12-06,1733443200,1.2556354725409629
2024-12-07,1733529600,1.2537910264276508
2024-12-08,1733616000,1.2616113928679005
2024-12-09,1733702400,1.2046476898383105
2024-12-10,1733788800,1.1905787259346587
2024-12-11,1733875200,1.2389252372023212
2024-12-12,1733961600,1.2163607196325956
2024-12-13,1734048000,1.2266606472065873
2024-12-14,1734134400,1.2250141877472924
2024-12-15,1734220800,1.2596764278526795
2024-12-16,1734307200,1.2654078355111211
2024-12-17,1734393600,1.2599730648695882
2024-12-18,1734480000,1.192069137379029
2024-12-19,1734566400,1.1535830402242726
2024-12-20,1734652800,1.149021350028203
2024-12-21,1734739200,1.142480270912102
2024-12-22,1734825600,1.1191820246798816
2024-12-23,1734912000,1.1129162794018623
2024-12-24,1734998400,1.15454965684782
2024-12-25,1735084800,1.1608015100548854
2024-12-26,1735171200,1.117373894257361
2024-12-27,1735257600,1.100823827937555
2024-12-28,1735344000,1.1106969236723567
2024-12-29,1735430400,1.0909809866478883
2024-12-30,1735516800,1.078247409098676
2024-12-31,1735603200,1.086772980981984
2025-01-01,1735689600,1.0980696694012497
2025-01-02,1735776000,1.1243042840614503
2025-01-03,1735862400,1.1372453950522856
2025-01-04,1735948800,1.1358048714034492
2025-01-05,1736035200,1.1370596017824515
2025-01-06,1736121600,1.1769594869017657
2025-01-07,1736208000,1.1156472176639987
2025-01-08,1736294400,1.0926116931609344
2025-01-09,1736380800,1.0621505151467496
2025-01-10,1736467200,1.0889324124887103
2025-01-11,1736553600,1.0864888196506102
2025-01-12,1736640000,1.0809973797685049
2025-01-13,1736726400,1.0798878560044247
2025-01-14,1736812800,1.1030711590923845
2025-01-15,1736899200,1.141161486023251
2025-01-16,1736985600,1.1360814428429542
2025-01-17,1737072000,1.1811784622475896
2025-01-18,1737158400,1.179939540726238
2025-01-19,1737244800,1.1404152001442365
2025-01-20,1737331200,1.156569903462264
2025-01-21,1737417600,1.1907701048390518
2025-01-22,1737504000,1.1632245135100445
2025-01-23,1737590400,1.1633114127092437
2025-01-24,1737676800,1.1677254584237895
2025-01-25,1737763200,1.1680999655458528
2025-01-26,1737849600,1.1448270186224137
2025-01-27,1737936000,1.1323319786624149
2025-01-28,1738022400,1.1228814665213762
2025-01-29,1738108800,1.1524297150056484
2025-01-30,1738195200,1.1626607341864266
2025-01-31,1738281600,1.1311732249219066
2025-02-01,1738368000,1.112561714105965
2025-02-02,1738454400,1.0772491378318036
2025-02-03,1738540800,1.117598559021261
2025-02-04,1738627200,1.0752639535236108
2025-02-05,1738713600,1.0606962832761406
2025-02-06,1738800000,1.0598661903045286
2025-02-07,1738886400,1.0582123491092001
2025-02-08,1738972800,1.0602208565599425
2025-02-09,1739059200,1.055538178313284
2025-02-10,1739145600,1.0656255141310784
2025-02-11,1739232000,1.0480281404348342
2025-02-12,1739318400,1.0679899605216288
2025-02-13,1739404800,1.0536792778530184
2025-02-14,1739491200,1.0624762860036647
2025-02-15,1739577600,1.0635124571646577
2025-02-16,1739664000,1.0474578498518254
2025-02-17,1739750400,1.0421622296458817
2025-02-18,1739836800,1.0373292922932293
2025-02-19,1739923200,1.0487390567424746
2025-02-20,1740009600,1.0648966674164395
2025-02-21,1740096000,1.0390807373606148
2025-02-22,1740182400,1.0436547224628916
2025-02-23,1740268800,1.0355074264559472
2025-02-24,1740355200,0.9894755208818237
2025-02-25,1740441600,0.957790089170967
2025-02-26,1740528000,0.9101965739691648
2025-02-27,1740614400,0.9183335673081162
2025-02-28,1740700800,0.916776360120797
2025-03-01,1740787200,0.934734809721456
2025-03-02,1740873600,1.0257069075955818
2025-03-03,1740960000,0.9407345836878288
2025-03-04,1741046400,0.9516367551048799
2025-03-05,1741132800,0.9874508603612504
2025-03-06,1741219200,0.9833616283072184
2025-03-07,1741305600,0.944506494569119
2025-03-08,1741392000,0.9407290390973472
2025-03-09,1741478400,0.8814084699129289
2025-03-10,1741564800,0.8659153336276186
2025-03-11,1741651200,0.9076616413034608
2025-03-12,1741737600,0.918280957052651
2025-03-13,1741824000,0.8916696021323403
2025-03-14,1741910400,0.9246233746455486
2025-03-15,1741996800,0.9270913762208802
2025-03-16,1742083200,0.9058038537900364
2025-03-17,1742169600,0.9145010728888405
2025-03-18,1742256000,0.8960092867612369
2025-03-19,1742342400,0.9377676858122677
2025-03-20,1742428800,0.9056434805098267
2025-03-21,1742515200,0.9046485661930844
2025-03-22,1742601600,0.9017196602761726
2025-03-23,1742688000,0.9215431154563285
2025-03-24,1742774400,0.9372251282579512
2025-03-25,1742860800,0.9379235613132829
2025-03-26,1742947200,0.9315526250719772
2025-03-27,1743033600,0.9353455392687987
2025-03-28,1743120000,0.9053314123005665
2025-03-29,1743206400,0.8863384392663753
2025-03-30,1743292800,0.8836532251415246
2025-03-31,1743379200,0.8868018351775523
2025-04-01,1743465600,0.9161279660425004
2025-04-02,1743552000,0.8885340486044514
2025-04-03,1743638400,0.8930640985505088
2025-04-04,1743724800,0.9024280176855767
2025-04-05,1743811200,0.8975526751468872
2025-04-06,1743897600,0.8410280713261357
2025-04-07,1743984000,0.8591537167226859
2025-04-08,1744070400,0.8275434878401775
2025-04-09,1744156800,0.8966562690395838
2025-04-10,1744243200,0.8641193005808273
2025-04-11,1744329600,0.9060357567484968
2025-04-12,1744416000,0.9263982447052755
2025-04-13,1744502400,0.9079284761684627
2025-04-14,1744588800,0.9183333169546353
2025-04-15,1744675200,0.9097248178485977
2025-04-16,1744761600,0.9150522420628394
2025-04-17,1744848000,0.9233890201041198
2025-04-18,1744934400,0.9181140981981343
2025-04-19,1745020800,0.9258153226169894
2025-04-20,1745107200,0.9259246034607402
2025-04-21,1745193600,0.9501979011630314
2025-04-22,1745280000,1.0148072222704454
2025-04-23,1745366400,1.0158146711396692
2025-04-24,1745452800,1.0168951556156127
2025-04-25,1745539200,1.0232409192884189
2025-04-26,1745625600,1.0222228330154297
2025-04-27,1745712000,1.0126372015910405
2025-04-28,1745798400,1.025270859900356
2025-04-29,1745884800,1.014743512460669
2025-04-30,1745971200,1.0160560571422443
2025-05-01,1746057600,1.0392438512672832
2025-05-02,1746144000,1.043085915477619
2025-05-03,1746230400,1.0335088180045644
2025-05-04,1746316800,1.0167147172781734
2025-05-05,1746403200,1.0209635261549155
2025-05-06,1746489600,1.0394578007368356
2025-05-07,1746576000,1.0429501465942441
2025-05-08,1746662400,1.10364007751935
2025-05-09,1746748800,1.0991739283657034
2025-05-10,1746835200,1.115515787735974
2025-05-11,1746921600,1.1083217794113611
2025-05-12,1747008000,1.0956565627022137
2025-05-13,1747094400,1.1059983616006046
2025-05-14,1747180800,1.0995276099528315
2025-05-15,1747267200,1.1019389404154758
2025-05-16,1747353600,1.0990828076016506
2025-05-17,1747440000,1.094784210960174
2025-05-18,1747526400,1.1251153988837168
2025-05-19,1747612800,1.119452988974141
2025-05-20,1747699200,1.131129961123216
2025-05-21,1747785600,1.1574416662461722
2025-05-22,1747872000,1.170963904665959
2025-05-23,1747958400,1.1264039689808565
2025-05-24,1748044800,1.1329369471126658
2025-05-25,1748131200,1.1441781426230544
2025-05-26,1748217600,1.148612063842473
2025-05-27,1748304000,1.1421856520305405
2025-05-28,1748390400,1.1276516031797057
2025-05-29,1748476800,1.1046441535979248
2025-05-30,1748563200,1.0859956487823839
2025-05-31,1748649600,1.0934004447620846
2025-06-01,1748736000,1.103915564825558
2025-06-02,1748822400,1.1036361681945313
2025-06-03,1748908800,1.0987464480776925
2025-06-04,1748995200,1.0909061363156862
2025-06-05,1749081600,1.059545015093341
2025-06-06,1749168000,1.0874735965561757
2025-06-07,1749254400,1.099783844873727
2025-06-08,1749340800,1.099430717620385
2025-06-09,1749427200,1.1429971143073132
2025-06-10,1749513600,1.138449031608759
2025-06-11,1749600000,1.122759881126135
2025-06-12,1749686400,1.0954343279475454
2025-06-13,1749772800,1.0945956442398
2025-06-14,1749859200,1.0886372454495747
2025-06-15,1749945600,1.0889234325175305
2025-06-16,1750032000,1.1040613482818034
2025-06-17,1750118400,1.0767804360258475
2025-06-18,1750204800,1.0777225407047937
2025-06-19,1750291200,1.0757217837314828
2025-06-20,1750377600,1.0607845951493147
2025-06-21,1750464000,1.0419830033339756
2025-06-22,1750550400,1.0361122753492413
2025-06-23,1750636800,1.0815361062352782
2025-06-24,1750723200,1.0852631371803128
2025-06-25,1750809600,1.0967192965300157
2025-06-26,1750896000,1.0923140265179634
2025-06-27,1750982400,1.092027428855888
2025-06-28,1751068800,1.0944571813960808
2025-06-29,1751155200,1.1037787525564182
2025-06-30,1751241600,1.0901504243974436
