d,unixTs,thermoCap
2020-01-01,1577836800,15924128166.38
2020-01-02,1577923200,16186600106.63
2020-01-03,1578009600,16201834301.50
2020-01-04,1578096000,16217213317.75
2020-01-05,1578182400,16232348946.38
2020-01-06,1578268800,16245065323.50
2020-01-07,1578355200,16262546858.50
2020-01-08,1578441600,16277177442.00
2020-01-09,1578528000,16292675164.50
2020-01-10,1578614400,16307380667.00
2020-01-11,1578700800,16323906907.38
2020-01-12,1578787200,16339215272.63
2020-01-13,1578873600,16353697274.00
2020-01-14,1578960000,16369233093.50
2020-01-15,1579046400,16385721753.63
2020-01-16,1579132800,16402965661.00
2020-01-17,1579219200,16420543274.50
2020-01-18,1579305600,16435215689.75
2020-01-19,1579392000,16451768108.50
2020-01-20,1579478400,16468191792.88
2020-01-21,1579564800,16484733999.50
2020-01-22,1579651200,16501628827.38
2020-01-23,1579737600,16518387916.63
2020-01-24,1579824000,16534301056.00
2020-01-25,1579910400,16551360449.75
2020-01-26,1579996800,16566434719.50
2020-01-27,1580083200,16580493297.88
2020-01-28,1580169600,16596538756.38
2020-01-29,1580256000,16615205235.63
2020-01-30,1580342400,16633460423.38
2020-01-31,1580428800,16650275645.88
2020-02-01,1580515200,16667963492.63
2020-02-02,1580601600,16684727673.25
2020-02-03,1580688000,16701982888.00
2020-02-04,1580774400,16717175616.13
2020-02-05,1580860800,16735836994.00
2020-02-06,1580947200,16752175769.50
2020-02-07,1581033600,16769160207.63
2020-02-08,1581120000,16786200916.88
2020-02-09,1581206400,16805487989.50
2020-02-10,1581292800,16820624776.00
2020-02-11,1581379200,16839071310.88
2020-02-12,1581465600,16857429907.50
2020-02-13,1581552000,16875536897.38
2020-02-14,1581638400,16892830837.88
2020-02-15,1581724800,16910826017.38
2020-02-16,1581811200,16928400479.38
2020-02-17,1581897600,16947469691.63
2020-02-18,1581984000,16965948077.50
2020-02-19,1582070400,16983729149.50
2020-02-20,1582156800,16998823026.63
2020-02-21,1582243200,17017479160.75
2020-02-22,1582329600,17035345688.25
2020-02-23,1582416000,17052874720.75
2020-02-24,1582502400,17070010842.75
2020-02-25,1582588800,17087086291.25
2020-02-26,1582675200,17102395036.75
2020-02-27,1582761600,17118560157.38
2020-02-28,1582848000,17135732160.13
2020-02-29,1582934400,17150831908.25
2020-03-01,1583020800,17169765801.38
2020-03-02,1583107200,17186061281.38
2020-03-03,1583193600,17202870375.38
2020-03-04,1583280000,17221156431.38
2020-03-05,1583366400,17239503913.75
2020-03-06,1583452800,17257127805.75
2020-03-07,1583539200,17274909194.38
2020-03-08,1583625600,17291910049.88
2020-03-09,1583712000,17306695360.50
2020-03-10,1583798400,17319789555.75
2020-03-11,1583884800,17331466081.25
2020-03-12,1583971200,17344178765.63
2020-03-13,1584057600,17352433610.75
2020-03-14,1584144000,17361119640.25
2020-03-15,1584230400,17369013216.25
2020-03-16,1584316800,17376465124.00
2020-03-17,1584403200,17384629069.13
2020-03-18,1584489600,17391260618.50
2020-03-19,1584576000,17398877809.13
2020-03-20,1584662400,17407647069.50
2020-03-21,1584748800,17417239031.13
2020-03-22,1584835200,17427001901.00
2020-03-23,1584921600,17435606062.00
2020-03-24,1585008000,17446595964.88
2020-03-25,1585094400,17454241198.00
2020-03-26,1585180800,17467581098.63
2020-03-27,1585267200,17480546972.75
2020-03-28,1585353600,17491054818.25
2020-03-29,1585440000,17502592977.63
2020-03-30,1585526400,17514115999.88
2020-03-31,1585612800,17526939588.13
2020-04-01,1585699200,17539015896.75
2020-04-02,1585785600,17551884091.25
2020-04-03,1585872000,17563134509.00
2020-04-04,1585958400,17576432450.75
2020-04-05,1586044800,17591296218.13
2020-04-06,1586131200,17602654386.63
2020-04-07,1586217600,17618014709.50
2020-04-08,1586304000,17631166567.38
2020-04-09,1586390400,17645224425.13
2020-04-10,1586476800,17659438588.75
2020-04-11,1586563200,17673094856.88
2020-04-12,1586649600,17686371461.38
2020-04-13,1586736000,17700805043.88
2020-04-14,1586822400,17715258171.50
2020-04-15,1586908800,17729640049.88
2020-04-16,1586995200,17742952142.88
2020-04-17,1587081600,17754176114.13
2020-04-18,1587168000,17768302497.50
2020-04-19,1587254400,17781917365.13
2020-04-20,1587340800,17796100913.75
2020-04-21,1587427200,17808891376.88
2020-04-22,1587513600,17820325320.13
2020-04-23,1587600000,17833262859.00
2020-04-24,1587686400,17846796535.50
2020-04-25,1587772800,17859627387.25
2020-04-26,1587859200,17872645189.25
2020-04-27,1587945600,17886238287.75
2020-04-28,1588032000,17901113082.88
2020-04-29,1588118400,17916023649.25
2020-04-30,1588204800,17930969714.25
2020-05-01,1588291200,17946455206.75
2020-05-02,1588377600,17962871843.38
2020-05-03,1588464000,17981765624.25
2020-05-04,1588550400,17999084783.00
2020-05-05,1588636800,18016723170.63
2020-05-06,1588723200,18034365930.13
2020-05-07,1588809600,18051833179.63
2020-05-08,1588896000,18068822982.13
2020-05-09,1588982400,18085344475.88
2020-05-10,1589068800,18103813655.38
2020-05-11,1589155200,18113422064.34
2020-05-12,1589241600,18123030473.29
2020-05-13,1589328000,18132638882.25
2020-05-14,1589414400,18142247291.21
2020-05-15,1589500800,18151855700.17
2020-05-16,1589587200,18161464109.12
2020-05-17,1589673600,18171072518.08
2020-05-18,1589760000,18180680927.04
2020-05-19,1589846400,18190289336.00
2020-05-20,1589932800,18199897744.95
2020-05-21,1590019200,18209506153.91
2020-05-22,1590105600,18219114562.87
2020-05-23,1590192000,18228722971.83
2020-05-24,1590278400,18238331380.78
2020-05-25,1590364800,18247939789.74
2020-05-26,1590451200,18257548198.70
2020-05-27,1590537600,18267156607.66
2020-05-28,1590624000,18276765016.61
2020-05-29,1590710400,18286373425.57
2020-05-30,1590796800,18295981834.53
2020-05-31,1590883200,18305590243.49
2020-06-01,1590969600,18315198652.44
2020-06-02,1591056000,18324807061.40
2020-06-03,1591142400,18334415470.36
2020-06-04,1591228800,18344023879.31
2020-06-05,1591315200,18353632288.27
2020-06-06,1591401600,18363240697.23
2020-06-07,1591488000,18372849106.19
2020-06-08,1591574400,18382457515.14
2020-06-09,1591660800,18392065924.10
2020-06-10,1591747200,18401674333.06
2020-06-11,1591833600,18411282742.02
2020-06-12,1591920000,18420891150.97
2020-06-13,1592006400,18430499559.93
2020-06-14,1592092800,18440107968.89
2020-06-15,1592179200,18449716377.85
2020-06-16,1592265600,18459324786.80
2020-06-17,1592352000,18468933195.76
2020-06-18,1592438400,18478541604.72
2020-06-19,1592524800,18488150013.68
2020-06-20,1592611200,18497758422.63
2020-06-21,1592697600,18507366831.59
2020-06-22,1592784000,18516975240.55
2020-06-23,1592870400,18526583649.50
2020-06-24,1592956800,18536192058.46
2020-06-25,1593043200,18545800467.42
2020-06-26,1593129600,18555408876.38
2020-06-27,1593216000,18565017285.33
2020-06-28,1593302400,18574625694.29
2020-06-29,1593388800,18584234103.25
2020-06-30,1593475200,18593842512.21
2020-07-01,1593561600,18603450921.16
2020-07-02,1593648000,18613059330.12
2020-07-03,1593734400,18622667739.08
2020-07-04,1593820800,18632276148.04
2020-07-05,1593907200,18641884556.99
2020-07-06,1593993600,18651492965.95
2020-07-07,1594080000,18661101374.91
2020-07-08,1594166400,18670709783.87
2020-07-09,1594252800,18680318192.82
2020-07-10,1594339200,18689926601.78
2020-07-11,1594425600,18699535010.74
2020-07-12,1594512000,18709143419.70
2020-07-13,1594598400,18718751828.65
2020-07-14,1594684800,18728360237.61
2020-07-15,1594771200,18737968646.57
2020-07-16,1594857600,18747577055.52
2020-07-17,1594944000,18757185464.48
2020-07-18,1595030400,18766793873.44
2020-07-19,1595116800,18776402282.40
2020-07-20,1595203200,18786010691.35
2020-07-21,1595289600,18795619100.31
2020-07-22,1595376000,18805227509.27
2020-07-23,1595462400,18814835918.23
2020-07-24,1595548800,18824444327.18
2020-07-25,1595635200,18834052736.14
2020-07-26,1595721600,18843661145.10
2020-07-27,1595808000,18853269554.06
2020-07-28,1595894400,18862877963.01
2020-07-29,1595980800,18872486371.97
2020-07-30,1596067200,18882094780.93
2020-07-31,1596153600,18891703189.89
2020-08-01,1596240000,18901311598.84
2020-08-02,1596326400,18910920007.80
2020-08-03,1596412800,18920528416.76
2020-08-04,1596499200,18930136825.71
2020-08-05,1596585600,18939745234.67
2020-08-06,1596672000,18949353643.63
2020-08-07,1596758400,18958962052.59
2020-08-08,1596844800,18968570461.54
2020-08-09,1596931200,18978178870.50
2020-08-10,1597017600,18987787279.46
2020-08-11,1597104000,18997395688.42
2020-08-12,1597190400,19007004097.37
2020-08-13,1597276800,19016612506.33
2020-08-14,1597363200,19026220915.29
2020-08-15,1597449600,19035829324.25
2020-08-16,1597536000,19045437733.20
2020-08-17,1597622400,19055046142.16
2020-08-18,1597708800,19064654551.12
2020-08-19,1597795200,19074262960.08
2020-08-20,1597881600,19083871369.03
2020-08-21,1597968000,19093479777.99
2020-08-22,1598054400,19103088186.95
2020-08-23,1598140800,19112696595.91
2020-08-24,1598227200,19122305004.86
2020-08-25,1598313600,19131913413.82
2020-08-26,1598400000,19143268077.09
2020-08-27,1598486400,19153807992.26
2020-08-28,1598572800,19166654405.10
2020-08-29,1598659200,19177914279.37
2020-08-30,1598745600,19187880629.25
2020-08-31,1598832000,19199906138.61
2020-09-01,1598918400,19212846367.75
2020-09-02,1599004800,19224750183.90
2020-09-03,1599091200,19235120934.83
2020-09-04,1599177600,19245510147.54
2020-09-05,1599264000,19255792809.80
2020-09-06,1599350400,19266089848.58
2020-09-07,1599436800,19278179850.69
2020-09-08,1599523200,19288860806.07
2020-09-09,1599609600,19299254407.45
2020-09-10,1599696000,19310607064.07
2020-09-11,1599782400,19320470960.97
2020-09-12,1599868800,19332095780.98
2020-09-13,1599955200,19343138677.95
2020-09-14,1600041600,19355493873.67
2020-09-15,1600128000,19366832664.07
2020-09-16,1600214400,19378234653.66
2020-09-17,1600300800,19391126629.47
2020-09-18,1600387200,19403157804.69
2020-09-19,1600473600,19413942104.06
2020-09-20,1600560000,19423991746.76
2020-09-21,1600646400,19434350696.93
2020-09-22,1600732800,19443572882.83
2020-09-23,1600819200,19453826221.60
2020-09-24,1600905600,19463635107.36
2020-09-25,1600992000,19475736296.97
2020-09-26,1601078400,19486241045.02
2020-09-27,1601164800,19496832630.01
2020-09-28,1601251200,19506230505.21
2020-09-29,1601337600,19516585561.88
2020-09-30,1601424000,19528089059.46
2020-10-01,1601510400,19537512306.68
2020-10-02,1601596800,19547761531.31
2020-10-03,1601683200,19558485016.51
2020-10-04,1601769600,19569562338.45
2020-10-05,1601856000,19579990717.86
2020-10-06,1601942400,19589911893.07
2020-10-07,1602028800,19601118118.32
2020-10-08,1602115200,19613083024.77
2020-10-09,1602201600,19624057522.60
2020-10-10,1602288000,19635056545.34
2020-10-11,1602374400,19645584218.46
2020-10-12,1602460800,19657111798.82
2020-10-13,1602547200,19669842524.48
2020-10-14,1602633600,19681299293.07
2020-10-15,1602720000,19692973221.20
2020-10-16,1602806400,19704713673.26
2020-10-17,1602892800,19716251450.70
2020-10-18,1602979200,19725238861.06
2020-10-19,1603065600,19734877245.39
2020-10-20,1603152000,19746433671.54
2020-10-21,1603238400,19758002549.24
2020-10-22,1603324800,19771227628.80
2020-10-23,1603411200,19783671047.85
2020-10-24,1603497600,19797260526.66
2020-10-25,1603584000,19807654398.56
2020-10-26,1603670400,19818093076.59
2020-10-27,1603756800,19828963629.74
2020-10-28,1603843200,19840389884.71
2020-10-29,1603929600,19852843441.15
2020-10-30,1604016000,19865667691.21
2020-10-31,1604102400,19878994910.81
2020-11-01,1604188800,19892171295.36
2020-11-02,1604275200,19903069691.95
2020-11-03,1604361600,19918903984.75
2020-11-04,1604448000,19935556347.96
2020-11-05,1604534400,19952937836.22
2020-11-06,1604620800,19971563044.67
2020-11-07,1604707200,19987638179.29
2020-11-08,1604793600,20002179479.42
2020-11-09,1604880000,20022139915.42
2020-11-10,1604966400,20038579055.89
2020-11-11,1605052800,20054591544.71
2020-11-12,1605139200,20072187499.61
2020-11-13,1605225600,20087952774.41
2020-11-14,1605312000,20103091219.27
2020-11-15,1605398400,20118725190.46
2020-11-16,1605484800,20136451333.58
2020-11-17,1605571200,20154771481.96
2020-11-18,1605657600,20175424813.17
2020-11-19,1605744000,20192381683.09
2020-11-20,1605830400,20213019873.58
2020-11-21,1605916800,20233639025.62
2020-11-22,1606003200,20254250129.83
2020-11-23,1606089600,20272234214.36
2020-11-24,1606176000,20289895965.85
2020-11-25,1606262400,20310242082.22
2020-11-26,1606348800,20328295684.95
2020-11-27,1606435200,20346099772.85
2020-11-28,1606521600,20363740444.90
2020-11-29,1606608000,20381317671.30
2020-11-30,1606694400,20396027972.03
2020-12-01,1606780800,20417136426.96
2020-12-02,1606867200,20435168984.72
2020-12-03,1606953600,20456915934.67
2020-12-04,1607040000,20476200058.59
2020-12-05,1607126400,20494598962.79
2020-12-06,1607212800,20511817746.63
2020-12-07,1607299200,20531155111.22
2020-12-08,1607385600,20549578651.80
2020-12-09,1607472000,20566783355.57
2020-12-10,1607558400,20582972564.51
2020-12-11,1607644800,20599714546.11
2020-12-12,1607731200,20615901827.18
2020-12-13,1607817600,20635315568.32
2020-12-14,1607904000,20653824726.83
2020-12-15,1607990400,20672130907.09
2020-12-16,1608076800,20691670952.07
2020-12-17,1608163200,20713677695.40
2020-12-18,1608249600,20740592570.33
2020-12-19,1608336000,20766488374.92
2020-12-20,1608422400,20790459795.91
2020-12-21,1608508800,20813387336.54
2020-12-22,1608595200,20837085062.54
2020-12-23,1608681600,20863087580.63
2020-12-24,1608768000,20883820900.98
2020-12-25,1608854400,20907622560.45
2020-12-26,1608940800,20931019660.97
2020-12-27,1609027200,20958567459.80
2020-12-28,1609113600,20988184607.51
2020-12-29,1609200000,21016377293.84
2020-12-30,1609286400,21049565311.37
2020-12-31,1609372800,21082796387.09
2021-01-01,1609459200,21111472915.57
2021-01-02,1609545600,21142994112.58
2021-01-03,1609632000,21178948011.95
2021-01-04,1609718400,21216790867.11
2021-01-05,1609804800,21252164623.34
2021-01-06,1609891200,21295171684.16
2021-01-07,1609977600,21339779308.12
2021-01-08,1610064000,21382081957.97
2021-01-09,1610150400,21421641922.72
2021-01-10,1610236800,21464706111.62
2021-01-11,1610323200,21502348844.32
2021-01-12,1610409600,21540290350.22
2021-01-13,1610496000,21577963172.73
2021-01-14,1610582400,21618729730.24
2021-01-15,1610668800,21660398137.80
2021-01-16,1610755200,21697531434.85
2021-01-17,1610841600,21729512372.97
2021-01-18,1610928000,21765304921.00
2021-01-19,1611014400,21803273528.17
2021-01-20,1611100800,21837540811.41
2021-01-21,1611187200,21867769989.37
2021-01-22,1611273600,21899454753.21
2021-01-23,1611360000,21933475820.77
2021-01-24,1611446400,21963326946.15
2021-01-25,1611532800,21995912248.75
2021-01-26,1611619200,22030763666.22
2021-01-27,1611705600,22060837161.35
2021-01-28,1611792000,22092422540.90
2021-01-29,1611878400,22131780478.38
2021-01-30,1611964800,22165457289.01
2021-01-31,1612051200,22198901298.76
2021-02-01,1612137600,22228242947.85
2021-02-02,1612224000,22266704578.83
2021-02-03,1612310400,22305891953.09
2021-02-04,1612396800,22349730004.59
2021-02-05,1612483200,22394876601.40
2021-02-06,1612569600,22439157803.59
2021-02-07,1612656000,22480206207.93
2021-02-08,1612742400,22527696231.63
2021-02-09,1612828800,22578610114.96
2021-02-10,1612915200,22627289387.34
2021-02-11,1613001600,22673276815.30
2021-02-12,1613088000,22725150289.20
2021-02-13,1613174400,22778349370.45
2021-02-14,1613260800,22828305472.29
2021-02-15,1613347200,22879705482.00
2021-02-16,1613433600,22922532544.02
2021-02-17,1613520000,22973877584.48
2021-02-18,1613606400,23025998824.40
2021-02-19,1613692800,23085355139.41
2021-02-20,1613779200,23145026050.24
2021-02-21,1613865600,23201834553.06
2021-02-22,1613952000,23254704301.44
2021-02-23,1614038400,23302472518.58
2021-02-24,1614124800,23361449507.05
2021-02-25,1614211200,23417795470.05
2021-02-26,1614297600,23465229489.85
2021-02-27,1614384000,23516361877.72
2021-02-28,1614470400,23556771436.15
2021-03-01,1614556800,23601408201.28
2021-03-02,1614643200,23651258636.20
2021-03-03,1614729600,23705787215.58
2021-03-04,1614816000,23750851578.36
2021-03-05,1614902400,23800689674.95
2021-03-06,1614988800,23850412587.68
2021-03-07,1615075200,23899905407.93
2021-03-08,1615161600,23953720745.01
2021-03-09,1615248000,24006623680.09
2021-03-10,1615334400,24064241301.64
2021-03-11,1615420800,24116969580.32
2021-03-12,1615507200,24176954289.86
2021-03-13,1615593600,24236375689.76
2021-03-14,1615680000,24301071969.42
2021-03-15,1615766400,24360760053.75
2021-03-16,1615852800,24418383515.71
2021-03-17,1615939200,24472093049.04
2021-03-18,1616025600,24535674929.91
2021-03-19,1616112000,24596452404.62
2021-03-20,1616198400,24657945154.85
2021-03-21,1616284800,24717247189.61
2021-03-22,1616371200,24775712104.10
2021-03-23,1616457600,24835234702.41
2021-03-24,1616544000,24892101130.93
2021-03-25,1616630400,24946631187.38
2021-03-26,1616716800,24996294810.55
2021-03-27,1616803200,25054777773.70
2021-03-28,1616889600,25113480276.16
2021-03-29,1616976000,25171780242.00
2021-03-30,1617062400,25230703766.79
2021-03-31,1617148800,25294378837.89
2021-04-01,1617235200,25353041648.91
2021-04-02,1617321600,25410213965.89
2021-04-03,1617408000,25463349611.49
2021-04-04,1617494400,25519843598.96
2021-04-05,1617580800,25581970140.62
2021-04-06,1617667200,25640791908.92
2021-04-07,1617753600,25702414803.63
2021-04-08,1617840000,25755480070.91
2021-04-09,1617926400,25817551536.86
2021-04-10,1618012800,25881673758.20
2021-04-11,1618099200,25939633341.08
2021-04-12,1618185600,25999245884.24
2021-04-13,1618272000,26060688000.55
2021-04-14,1618358400,26122804313.48
2021-04-15,1618444800,26200188977.81
2021-04-16,1618531200,26248532789.44
2021-04-17,1618617600,26293563443.13
2021-04-18,1618704000,26349490978.84
2021-04-19,1618790400,26395707817.42
2021-04-20,1618876800,26456908584.29
2021-04-21,1618963200,26506081257.65
2021-04-22,1619049600,26570312903.94
2021-04-23,1619136000,26625892935.58
2021-04-24,1619222400,26679738912.04
2021-04-25,1619308800,26729209681.62
2021-04-26,1619395200,26775843994.61
2021-04-27,1619481600,26833104810.03
2021-04-28,1619568000,26889128129.01
2021-04-29,1619654400,26937998454.09
2021-04-30,1619740800,26995926962.39
2021-05-01,1619827200,27052026294.56
2021-05-02,1619913600,27122568944.91
2021-05-03,1620000000,27193053577.75
2021-05-04,1620086400,27261005366.70
2021-05-05,1620172800,27321495458.02
2021-05-06,1620259200,27388128746.90
2021-05-07,1620345600,27455122450.74
2021-05-08,1620432000,27522795789.16
2021-05-09,1620518400,27594233790.03
2021-05-10,1620604800,27665178670.71
2021-05-11,1620691200,27729799753.85
2021-05-12,1620777600,27794034938.42
2021-05-13,1620864000,27847796058.69
2021-05-14,1620950400,27893449361.79
2021-05-15,1621036800,27934090543.86
2021-05-16,1621123200,27975908118.89
2021-05-17,1621209600,28012786519.22
2021-05-18,1621296000,28043377176.83
2021-05-19,1621382400,28078621039.80
2021-05-20,1621468800,28111847416.94
2021-05-21,1621555200,28143710822.93
2021-05-22,1621641600,28174805982.96
2021-05-23,1621728000,28203732463.86
2021-05-24,1621814400,28236537221.54
2021-05-25,1621900800,28269073201.41
2021-05-26,1621987200,28302063818.63
2021-05-27,1622073600,28332946414.88
2021-05-28,1622160000,28362819777.10
2021-05-29,1622246400,28390001377.85
2021-05-30,1622332800,28423241903.62
2021-05-31,1622419200,28456796395.34
2021-06-01,1622505600,28491026462.08
2021-06-02,1622592000,28531633338.97
2021-06-03,1622678400,28568930501.23
2021-06-04,1622764800,28600813679.39
2021-06-05,1622851200,28631870311.62
2021-06-06,1622937600,28666402715.56
2021-06-07,1623024000,28697477530.83
2021-06-08,1623110400,28729174260.99
2021-06-09,1623196800,28757501426.44
2021-06-10,1623283200,28786500837.53
2021-06-11,1623369600,28812284950.84
2021-06-12,1623456000,28843020664.28
2021-06-13,1623542400,28874075768.49
2021-06-14,1623628800,28909026125.27
2021-06-15,1623715200,28943506220.43
2021-06-16,1623801600,28975280795.74
2021-06-17,1623888000,29007861479.23
2021-06-18,1623974400,29037700621.31
2021-06-19,1624060800,29061575488.35
2021-06-20,1624147200,29085360492.43
2021-06-21,1624233600,29108441296.78
2021-06-22,1624320000,29128191021.41
2021-06-23,1624406400,29151395269.13
2021-06-24,1624492800,29175182189.91
2021-06-25,1624579200,29199533071.70
2021-06-26,1624665600,29217971595.72
2021-06-27,1624752000,29230813484.02
2021-06-28,1624838400,29251612248.32
2021-06-29,1624924800,29273486226.65
2021-06-30,1625011200,29294821960.74
2021-07-01,1625097600,29317552409.98
2021-07-02,1625184000,29338318551.09
2021-07-03,1625270400,29367618983.60
2021-07-04,1625356800,29394486108.09
2021-07-05,1625443200,29424236942.36
2021-07-06,1625529600,29456149300.24
2021-07-07,1625616000,29484013785.62
2021-07-08,1625702400,29513539732.70
2021-07-09,1625788800,29541596313.34
2021-07-10,1625875200,29576143018.19
2021-07-11,1625961600,29603168431.51
2021-07-12,1626048000,29630628556.98
2021-07-13,1626134400,29659570491.78
2021-07-14,1626220800,29694928416.11
2021-07-15,1626307200,29721291861.89
2021-07-16,1626393600,29751595273.08
2021-07-17,1626480000,29780176673.46
2021-07-18,1626566400,29809162833.89
2021-07-19,1626652800,29842853859.33
2021-07-20,1626739200,29866093002.08
2021-07-21,1626825600,29894771506.23
2021-07-22,1626912000,29925946264.95
2021-07-23,1626998400,29953939035.56
2021-07-24,1627084800,29986969601.21
2021-07-25,1627171200,30020194601.21
2021-07-26,1627257600,30056785718.79
2021-07-27,1627344000,30097474025.57
2021-07-28,1627430400,30137237410.64
2021-07-29,1627516800,30177688842.42
2021-07-30,1627603200,30219353151.18
2021-07-31,1627689600,30260945484.16
2021-08-01,1627776000,30301291651.63
2021-08-02,1627862400,30337224431.92
2021-08-03,1627948800,30378395008.09
2021-08-04,1628035200,30411939296.30
2021-08-05,1628121600,30451955336.05
2021-08-06,1628208000,30493592151.12
2021-08-07,1628294400,30539525424.18
2021-08-08,1628380800,30583690827.53
2021-08-09,1628467200,30626976552.96
2021-08-10,1628553600,30674620388.22
2021-08-11,1628640000,30717562273.79
2021-08-12,1628726400,30760503760.21
2021-08-13,1628812800,30802627120.05
2021-08-14,1628899200,30851374644.05
2021-08-15,1628985600,30904634940.04
2021-08-16,1629072000,30952587170.96
2021-08-17,1629158400,31002681586.84
2021-08-18,1629244800,31041429308.81
2021-08-19,1629331200,31085556284.71
2021-08-20,1629417600,31133995779.03
2021-08-21,1629504000,31186630434.54
2021-08-22,1629590400,31237370371.51
2021-08-23,1629676800,31299474449.17
2021-08-24,1629763200,31347285588.41
2021-08-25,1629849600,31396210398.45
2021-08-26,1629936000,31439940033.84
2021-08-27,1630022400,31484026685.85
2021-08-28,1630108800,31527662597.57
2021-08-29,1630195200,31575599940.14
2021-08-30,1630281600,31616772352.64
2021-08-31,1630368000,31659980173.15
2021-09-01,1630454400,31701690430.98
2021-09-02,1630540800,31748985400.50
2021-09-03,1630627200,31795785800.38
2021-09-04,1630713600,31845217765.65
2021-09-05,1630800000,31897333123.65
2021-09-06,1630886400,31953932222.00
2021-09-07,1630972800,32002856777.52
2021-09-08,1631059200,32044634198.42
2021-09-09,1631145600,32084998427.47
2021-09-10,1631232000,32124749954.21
2021-09-11,1631318400,32167203611.47
2021-09-12,1631404800,32209539135.09
2021-09-13,1631491200,32254260448.20
2021-09-14,1631577600,32303456183.37
2021-09-15,1631664000,32346832029.99
2021-09-16,1631750400,32388038768.39
2021-09-17,1631836800,32432445581.45
2021-09-18,1631923200,32480012663.86
2021-09-19,1632009600,32528144873.11
2021-09-20,1632096000,32574563383.44
2021-09-21,1632182400,32607639208.77
2021-09-22,1632268800,32644126624.13
2021-09-23,1632355200,32690160465.24
2021-09-24,1632441600,32730447524.37
2021-09-25,1632528000,32769444927.94
2021-09-26,1632614400,32807011153.50
2021-09-27,1632700800,32849691589.38
2021-09-28,1632787200,32889841403.98
2021-09-29,1632873600,32924614265.54
2021-09-30,1632960000,32971464091.20
2021-10-01,1633046400,33012462837.39
2021-10-02,1633132800,33069193716.43
2021-10-03,1633219200,33114657115.30
2021-10-04,1633305600,33162318581.99
2021-10-05,1633392000,33214472065.93
2021-10-06,1633478400,33258517349.14
2021-10-07,1633564800,33307860781.68
2021-10-08,1633651200,33349819541.21
2021-10-09,1633737600,33400906902.45
2021-10-10,1633824000,33457496076.77
2021-10-11,1633910400,33510396460.59
2021-10-12,1633996800,33558979165.46
2021-10-13,1634083200,33619266682.01
2021-10-14,1634169600,33669186074.90
2021-10-15,1634256000,33723475611.63
2021-10-16,1634342400,33775368325.93
2021-10-17,1634428800,33836938419.15
2021-10-18,1634515200,33895081885.99
2021-10-19,1634601600,33956462146.19
2021-10-20,1634688000,34018139112.61
2021-10-21,1634774400,34079001870.61
2021-10-22,1634860800,34141372560.03
2021-10-23,1634947200,34197773628.45
2021-10-24,1635033600,34256357628.48
2021-10-25,1635120000,34328451434.99
2021-10-26,1635206400,34387393035.77
2021-10-27,1635292800,34446822932.76
2021-10-28,1635379200,34504751163.38
2021-10-29,1635465600,34571955720.07
2021-10-30,1635552000,34632302160.31
2021-10-31,1635638400,34685931897.89
2021-11-01,1635724800,34743136408.97
2021-11-02,1635811200,34806357934.35
2021-11-03,1635897600,34870534912.61
2021-11-04,1635984000,34926423703.17
2021-11-05,1636070400,34987450883.73
2021-11-06,1636156800,35046822480.24
2021-11-07,1636243200,35106443912.08
2021-11-08,1636329600,35163354160.26
2021-11-09,1636416000,35229091167.76
2021-11-10,1636502400,35292556768.09
2021-11-11,1636588800,35357685387.26
2021-11-12,1636675200,35415575069.96
2021-11-13,1636761600,35477468751.73
2021-11-14,1636848000,35540889580.79
2021-11-15,1636934400,35603597072.51
2021-11-16,1637020800,35661403213.72
2021-11-17,1637107200,35717933927.94
2021-11-18,1637193600,35771710925.40
2021-11-19,1637280000,35821403127.06
2021-11-20,1637366400,35875006778.45
2021-11-21,1637452800,35924001343.67
2021-11-22,1637539200,35976014317.83
2021-11-23,1637625600,36023673317.80
2021-11-24,1637712000,36079411687.07
2021-11-25,1637798400,36127915085.39
2021-11-26,1637884800,36174479596.32
2021-11-27,1637971200,36223482122.97
2021-11-28,1638057600,36271991595.92
2021-11-29,1638144000,36324155371.43
2021-11-30,1638230400,36372943520.94
2021-12-01,1638316800,36422894939.95
2021-12-02,1638403200,36478879959.64
2021-12-03,1638489600,36538598060.60
2021-12-04,1638576000,36586078084.78
2021-12-05,1638662400,36638781842.28
2021-12-06,1638748800,36691578991.87
2021-12-07,1638835200,36741619529.43
2021-12-08,1638921600,36794841033.19
2021-12-09,1639008000,36845366406.99
2021-12-10,1639094400,36892956460.01
2021-12-11,1639180800,36939130244.96
2021-12-12,1639267200,36982844819.84
2021-12-13,1639353600,37025638015.78
2021-12-14,1639440000,37070111240.22
2021-12-15,1639526400,37113033198.20
2021-12-16,1639612800,37148514612.96
2021-12-17,1639699200,37192977082.38
2021-12-18,1639785600,37230675520.85
2021-12-19,1639872000,37274964866.71
2021-12-20,1639958400,37317264379.68
2021-12-21,1640044800,37366553020.54
2021-12-22,1640131200,37399064680.92
2021-12-23,1640217600,37459592138.65
2021-12-24,1640304000,37508393519.86
2021-12-25,1640390400,37555529145.27
2021-12-26,1640476800,37597988431.58
2021-12-27,1640563200,37645884197.69
2021-12-28,1640649600,37687657325.02
2021-12-29,1640736000,37731596556.23
2021-12-30,1640822400,37767432171.20
2021-12-31,1640908800,37811977279.53
2022-01-01,1640995200,37863331395.23
2022-01-02,1641081600,37910440286.12
2022-01-03,1641168000,37951997082.13
2022-01-04,1641254400,37995284884.41
2022-01-05,1641340800,38039046878.15
2022-01-06,1641427200,38078998891.72
2022-01-07,1641513600,38116377536.58
2022-01-08,1641600000,38154294369.06
2022-01-09,1641686400,38191541690.14
2022-01-10,1641772800,38228990620.60
2022-01-11,1641859200,38271252951.56
2022-01-12,1641945600,38309338433.62
2022-01-13,1642032000,38358358187.43
2022-01-14,1642118400,38401254746.05
2022-01-15,1642204800,38446302743.14
2022-01-16,1642291200,38493715686.37
2022-01-17,1642377600,38536929321.85
2022-01-18,1642464000,38573000902.67
2022-01-19,1642550400,38618715410.31
2022-01-20,1642636800,38663655207.74
2022-01-21,1642723200,38696559745.42
2022-01-22,1642809600,38726643929.10
2022-01-23,1642896000,38758103773.85
2022-01-24,1642982400,38791428690.68
2022-01-25,1643068800,38826491922.99
2022-01-26,1643155200,38857349385.38
2022-01-27,1643241600,38887559879.81
2022-01-28,1643328000,38923676633.52
2022-01-29,1643414400,38959370926.61
2022-01-30,1643500800,38994412817.80
2022-01-31,1643587200,39028541744.81
2022-02-01,1643673600,39066228205.76
2022-02-02,1643760000,39103047345.77
2022-02-03,1643846400,39137236851.27
2022-02-04,1643932800,39169117434.60
2022-02-05,1644019200,39200606211.12
2022-02-06,1644105600,39241598782.72
2022-02-07,1644192000,39278893816.11
2022-02-08,1644278400,39321724582.83
2022-02-09,1644364800,39360869644.84
2022-02-10,1644451200,39402444459.33
2022-02-11,1644537600,39441470140.32
2022-02-12,1644624000,39491492888.38
2022-02-13,1644710400,39533703402.44
2022-02-14,1644796800,39574535145.18
2022-02-15,1644883200,39623102057.25
2022-02-16,1644969600,39666455219.02
2022-02-17,1645056000,39708893380.39
2022-02-18,1645142400,39743103334.09
2022-02-19,1645228800,39780697983.44
2022-02-20,1645315200,39815825436.49
2022-02-21,1645401600,39845836133.16
2022-02-22,1645488000,39881710757.73
2022-02-23,1645574400,39917843100.23
2022-02-24,1645660800,39948044765.06
2022-02-25,1645747200,39981010389.83
2022-02-26,1645833600,40011924529.15
2022-02-27,1645920000,40045056233.32
2022-02-28,1646006400,40083147526.31
2022-03-01,1646092800,40128445449.50
2022-03-02,1646179200,40167222159.05
2022-03-03,1646265600,40208020702.36
2022-03-04,1646352000,40244254826.16
2022-03-05,1646438400,40274794089.98
2022-03-06,1646524800,40307096881.77
2022-03-07,1646611200,40342939986.01
2022-03-08,1646697600,40379133950.84
2022-03-09,1646784000,40415463075.89
2022-03-10,1646870400,40451913819.46
2022-03-11,1646956800,40485942131.62
2022-03-12,1647043200,40524379509.18
2022-03-13,1647129600,40561349193.25
2022-03-14,1647216000,40598747392.19
2022-03-15,1647302400,40633035023.87
2022-03-16,1647388800,40672402872.02
2022-03-17,1647475200,40713474113.15
2022-03-18,1647561600,40750461240.90
2022-03-19,1647648000,40791371462.97
2022-03-20,1647734400,40831712424.11
2022-03-21,1647820800,40871415560.45
2022-03-22,1647907200,40911394644.18
2022-03-23,1647993600,40950181217.21
2022-03-24,1648080000,40989407959.85
2022-03-25,1648166400,41033146638.59
2022-03-26,1648252800,41078204600.15
2022-03-27,1648339200,41115303277.04
2022-03-28,1648425600,41162864671.32
2022-03-29,1648512000,41208232682.06
2022-03-30,1648598400,41248604496.16
2022-03-31,1648684800,41289645026.42
2022-04-01,1648771200,41330615029.75
2022-04-02,1648857600,41370394804.53
2022-04-03,1648944000,41411131797.19
2022-04-04,1649030400,41457151779.15
2022-04-05,1649116800,41499678704.61
2022-04-06,1649203200,41542005405.51
2022-04-07,1649289600,41579931483.99
2022-04-08,1649376000,41616705192.36
2022-04-09,1649462400,41657658225.62
2022-04-10,1649548800,41695348876.29
2022-04-11,1649635200,41731088089.55
2022-04-12,1649721600,41769687014.01
2022-04-13,1649808000,41805642417.18
2022-04-14,1649894400,41841217648.48
2022-04-15,1649980800,41881304390.65
2022-04-16,1650067200,41915376497.81
2022-04-17,1650153600,41957150610.51
2022-04-18,1650240000,41990708985.36
2022-04-19,1650326400,42022933340.50
2022-04-20,1650412800,42064745008.83
2022-04-21,1650499200,42109224696.20
2022-04-22,1650585600,42143569675.92
2022-04-23,1650672000,42184307257.77
2022-04-24,1650758400,42226933537.43
2022-04-25,1650844800,42267260219.55
2022-04-26,1650931200,42302472816.59
2022-04-27,1651017600,42344169337.74
2022-04-28,1651104000,42377326966.18
2022-04-29,1651190400,42414523376.30
2022-04-30,1651276800,42451039499.97
2022-05-01,1651363200,42491094961.46
2022-05-02,1651449600,42530193028.53
2022-05-03,1651536000,42566396159.18
2022-05-04,1651622400,42602278375.63
2022-05-05,1651708800,42640825712.81
2022-05-06,1651795200,42673509835.48
2022-05-07,1651881600,42706076199.57
2022-05-08,1651968000,42739991516.45
2022-05-09,1652054400,42772220906.56
2022-05-10,1652140800,42802668709.22
2022-05-11,1652227200,42830866486.48
2022-05-12,1652313600,42855664479.24
2022-05-13,1652400000,42885285100.91
2022-05-14,1652486400,42911903876.38
2022-05-15,1652572800,42935325979.28
2022-05-16,1652659200,42966641629.38
2022-05-17,1652745600,42995045146.59
2022-05-18,1652832000,43020292292.10
2022-05-19,1652918400,43043358034.28
2022-05-20,1653004800,43067715052.95
2022-05-21,1653091200,43092813813.88
2022-05-22,1653177600,43115840961.42
2022-05-23,1653264000,43146432788.30
2022-05-24,1653350400,43168865853.12
2022-05-25,1653436800,43196191430.92
2022-05-26,1653523200,43222633699.08
2022-05-27,1653609600,43248032458.81
2022-05-28,1653696000,43275084704.15
2022-05-29,1653782400,43302486442.25
2022-05-30,1653868800,43332329319.36
2022-05-31,1653955200,43361673521.90
2022-06-01,1654041600,43388642594.67
2022-06-02,1654128000,43412709952.73
2022-06-03,1654214400,43440033726.29
2022-06-04,1654300800,43466212428.38
2022-06-05,1654387200,43493692313.05
2022-06-06,1654473600,43523373172.01
2022-06-07,1654560000,43554083410.03
2022-06-08,1654646400,43588288784.08
2022-06-09,1654732800,43616189846.95
2022-06-10,1654819200,43643849474.76
2022-06-11,1654905600,43671948537.01
2022-06-12,1654992000,43694135620.13
2022-06-13,1655078400,43714869311.67
2022-06-14,1655164800,43735691653.42
2022-06-15,1655251200,43758246147.82
2022-06-16,1655337600,43774640336.83
2022-06-17,1655424000,43789048347.72
2022-06-18,1655510400,43808172226.65
2022-06-19,1655596800,43824407478.32
2022-06-20,1655683200,43841503243.56
2022-06-21,1655769600,43861509615.49
2022-06-22,1655856000,43878218048.84
2022-06-23,1655942400,43898030855.86
2022-06-24,1656028800,43915373387.22
2022-06-25,1656115200,43935708743.69
2022-06-26,1656201600,43954410058.23
2022-06-27,1656288000,43972590176.87
2022-06-28,1656374400,43991780961.27
2022-06-29,1656460800,44011056960.50
2022-06-30,1656547200,44032008650.76
2022-07-01,1656633600,44048724225.92
2022-07-02,1656720000,44065565851.59
2022-07-03,1656806400,44084309026.09
2022-07-04,1656892800,44102015582.95
2022-07-05,1656979200,44117154040.50
2022-07-06,1657065600,44133676829.74
2022-07-07,1657152000,44154542227.75
2022-07-08,1657238400,44175179704.76
2022-07-09,1657324800,44193635503.16
2022-07-10,1657411200,44214134853.89
2022-07-11,1657497600,44230196292.74
2022-07-12,1657584000,44249192568.01
2022-07-13,1657670400,44263110537.37
2022-07-14,1657756800,44279409100.51
2022-07-15,1657843200,44298380985.20
2022-07-16,1657929600,44318032721.06
2022-07-17,1658016000,44334816857.86
2022-07-19,1658188800,44373135890.47
2022-07-20,1658275200,44392264851.95
2022-07-21,1658361600,44412758469.80
2022-07-22,1658448000,44432359694.85
2022-07-23,1658534400,44454292232.83
2022-07-24,1658620800,44476775170.40
2022-07-25,1658707200,44496522157.67
2022-07-26,1658793600,44517865487.56
2022-07-27,1658880000,44540354454.46
2022-07-28,1658966400,44561296174.37
2022-07-29,1659052800,44583434306.80
2022-07-30,1659139200,44603100226.35
2022-07-31,1659225600,44625897392.18
2022-08-01,1659312000,44645950334.94
2022-08-02,1659398400,44668540336.48
2022-08-03,1659484800,44689892738.24
2022-08-04,1659571200,44709141284.79
2022-08-05,1659657600,44731221899.69
2022-08-06,1659744000,44754860125.90
2022-08-07,1659830400,44778038949.99
2022-08-08,1659916800,44799812460.36
2022-08-09,1660003200,44821318076.54
2022-08-10,1660089600,44843386976.54
2022-08-11,1660176000,44865200615.77
2022-08-12,1660262400,44888701550.00
2022-08-13,1660348800,44910300584.10
2022-08-14,1660435200,44930864070.78
2022-08-15,1660521600,44953104072.09
2022-08-16,1660608000,44975567634.56
2022-08-17,1660694400,44995098409.86
2022-08-18,1660780800,45016528726.83
2022-08-19,1660867200,45041130149.51
2022-08-20,1660953600,45061049776.16
2022-08-21,1661040000,45080723230.75
2022-08-22,1661126400,45100217582.85
2022-08-23,1661212800,45123461038.95
2022-08-24,1661299200,45143251408.66
2022-08-25,1661385600,45164969031.93
2022-08-26,1661472000,45188516625.12
2022-08-27,1661558400,45206914977.52
2022-08-28,1661644800,45227179960.07
2022-08-29,1661731200,45247010910.33
2022-08-30,1661817600,45267643345.02
2022-08-31,1661904000,45286353279.17
2022-09-01,1661990400,45303869986.17
2022-09-02,1662076800,45320431875.60
2022-09-03,1662163200,45338927162.85
2022-09-04,1662249600,45359928146.09
2022-09-05,1662336000,45379137582.83
2022-09-06,1662422400,45396832793.39
2022-09-07,1662508800,45414373895.48
2022-09-08,1662595200,45429950284.15
2022-09-09,1662681600,45449389277.63
2022-09-10,1662768000,45470651778.29
2022-09-11,1662854400,45495587304.30
2022-09-12,1662940800,45517052213.96
2022-09-13,1663027200,45535898362.33
2022-09-14,1663113600,45552285598.20
2022-09-15,1663200000,45570984828.26
2022-09-16,1663286400,45587145643.96
2022-09-17,1663372800,45608682082.75
2022-09-18,1663459200,45628034767.22
2022-09-19,1663545600,45643703025.79
2022-09-20,1663632000,45662218736.36
2022-09-21,1663718400,45679233653.95
2022-09-22,1663804800,45694646782.31
2022-09-23,1663891200,45711029132.95
2022-09-24,1663977600,45728645017.88
2022-09-25,1664064000,45746283990.20
2022-09-26,1664150400,45764401948.58
2022-09-27,1664236800,45780620065.37
2022-09-28,1664323200,45798822144.95
2022-09-29,1664409600,45816449946.32
2022-09-30,1664496000,45837401243.76
2022-10-01,1664582400,45859497713.97
2022-10-02,1664668800,45878538987.22
2022-10-03,1664755200,45897366230.97
2022-10-04,1664841600,45917870961.15
2022-10-05,1664928000,45940070363.24
2022-10-06,1665014400,45960299052.63
2022-10-07,1665100800,45981615317.13
2022-10-08,1665187200,46003062646.61
2022-10-09,1665273600,46022373727.42
2022-10-10,1665360000,46042811452.43
2022-10-11,1665446400,46061694174.02
2022-10-12,1665532800,46078242957.45
2022-10-13,1665619200,46095574223.92
2022-10-14,1665705600,46114909518.97
2022-10-15,1665792000,46133267188.32
2022-10-16,1665878400,46150668583.83
2022-10-17,1665964800,46169113867.91
2022-10-18,1666051200,46186720304.62
2022-10-19,1666137600,46205170393.48
2022-10-20,1666224000,46222752453.14
2022-10-21,1666310400,46241560636.91
2022-10-22,1666396800,46258038005.78
2022-10-23,1666483200,46276845166.43
2022-10-24,1666569600,46293527179.43
2022-10-25,1666656000,46308780520.72
2022-10-26,1666742400,46329177298.45
2022-10-27,1666828800,46346944023.01
2022-10-28,1666915200,46367600525.06
2022-10-29,1667001600,46386479894.35
2022-10-30,1667088000,46404227894.49
2022-10-31,1667174400,46426715259.57
2022-11-01,1667260800,46445484554.95
2022-11-02,1667347200,46461390662.07
2022-11-03,1667433600,46482541253.95
2022-11-04,1667520000,46499645363.19
2022-11-05,1667606400,46520116292.98
2022-11-06,1667692800,46538580571.64
2022-11-07,1667779200,46557617586.47
2022-11-08,1667865600,46577946203.25
2022-11-09,1667952000,46594675655.93
2022-11-10,1668038400,46610763729.66
2022-11-11,1668124800,46625474766.68
2022-11-12,1668211200,46643338846.08
2022-11-13,1668297600,46657029865.76
2022-11-14,1668384000,46670021262.70
2022-11-15,1668470400,46686930534.12
2022-11-16,1668556800,46703168599.02
2022-11-17,1668643200,46718061353.29
2022-11-18,1668729600,46733335828.02
2022-11-19,1668816000,46749077665.14
2022-11-20,1668902400,46764848595.00
2022-11-21,1668988800,46778176971.43
2022-11-22,1669075200,46791155182.54
2022-11-23,1669161600,46806144828.45
2022-11-24,1669248000,46819990451.33
2022-11-25,1669334400,46833120006.69
2022-11-26,1669420800,46844795299.16
2022-11-27,1669507200,46859149822.19
2022-11-28,1669593600,46873601326.16
2022-11-29,1669680000,46887415283.70
2022-11-30,1669766400,46902452141.20
2022-12-01,1669852800,46919273222.80
2022-12-02,1669939200,46933010809.17
2022-12-03,1670025600,46947297931.84
2022-12-04,1670112000,46962478565.54
2022-12-05,1670198400,46978492944.08
2022-12-06,1670284800,46993219276.30
2022-12-07,1670371200,47011677574.30
2022-12-08,1670457600,47029608552.14
2022-12-09,1670544000,47046174619.40
2022-12-10,1670630400,47062901239.28
2022-12-11,1670716800,47078799715.83
2022-12-12,1670803200,47094210087.32
2022-12-13,1670889600,47112503996.83
2022-12-14,1670976000,47129292070.06
2022-12-15,1671062400,47144904379.26
2022-12-16,1671148800,47159110061.92
2022-12-17,1671235200,47173805342.37
2022-12-18,1671321600,47189166641.29
2022-12-19,1671408000,47203644848.52
2022-12-20,1671494400,47218637479.87
2022-12-21,1671580800,47233954190.50
2022-12-22,1671667200,47248387060.83
2022-12-23,1671753600,47262561208.66
2022-12-24,1671840000,47272219029.30
2022-12-25,1671926400,47287273882.18
2022-12-26,1672012800,47301154492.13
2022-12-27,1672099200,47313629375.06
2022-12-28,1672185600,47331445279.82
2022-12-29,1672272000,47346411087.57
2022-12-30,1672358400,47363115816.37
2022-12-31,1672444800,47379473003.59
2023-01-01,1672531200,47395629067.61
2023-01-02,1672617600,47412055577.73
2023-01-03,1672704000,47428338095.96
2023-01-04,1672790400,47443628232.68
2023-01-05,1672876800,47460384122.75
2023-01-06,1672963200,47479540715.20
2023-01-07,1673049600,47495984981.94
2023-01-08,1673136000,47512305864.99
2023-01-09,1673222400,47528867305.75
2023-01-10,1673308800,47547326275.25
2023-01-11,1673395200,47563579906.08
2023-01-12,1673481600,47581221678.95
2023-01-13,1673568000,47600541637.09
2023-01-14,1673654400,47623085093.98
2023-01-15,1673740800,47644438738.74
2023-01-16,1673827200,47663988210.49
2023-01-17,1673913600,47684929685.77
2023-01-18,1674000000,47703773259.40
2023-01-19,1674086400,47723006873.67
2023-01-20,1674172800,47741015961.67
2023-01-21,1674259200,47761155539.63
2023-01-22,1674345600,47782995214.83
2023-01-23,1674432000,47805886345.25
2023-01-24,1674518400,47824782448.38
2023-01-25,1674604800,47849903898.29
2023-01-26,1674691200,47872532145.33
2023-01-27,1674777600,47894983865.19
2023-01-28,1674864000,47919426269.22
2023-01-29,1674950400,47943231527.73
2023-01-30,1675036800,47963567343.56
2023-01-31,1675123200,47980512414.75
2023-02-01,1675209600,48000874305.54
2023-02-02,1675296000,48022975430.48
2023-02-03,1675382400,48043055157.91
2023-02-04,1675468800,48063411489.89
2023-02-05,1675555200,48085797418.04
2023-02-06,1675641600,48107409654.26
2023-02-07,1675728000,48128333296.16
2023-02-08,1675814400,48148669699.37
2023-02-09,1675900800,48171971636.92
2023-02-10,1675987200,48192545025.69
2023-02-11,1676073600,48213092557.07
2023-02-12,1676160000,48235643137.85
2023-02-13,1676246400,48257301534.29
2023-02-14,1676332800,48278944533.82
2023-02-15,1676419200,48302891449.56
2023-02-16,1676505600,48331177471.05
2023-02-17,1676592000,48356623711.13
2023-02-18,1676678400,48382959370.03
2023-02-19,1676764800,48408293424.42
2023-02-20,1676851200,48431384854.30
2023-02-21,1676937600,48457586954.11
2023-02-22,1677024000,48479046731.85
2023-02-23,1677110400,48505296374.78
2023-02-24,1677196800,48525684231.86
2023-02-25,1677283200,48541467954.75
2023-02-26,1677369600,48566241156.00
2023-02-27,1677456000,48587292336.49
2023-02-28,1677542400,48607916253.05
2023-03-01,1677628800,48633596173.76
2023-03-02,1677715200,48655244736.33
2023-03-03,1677801600,48679418862.41
2023-03-04,1677888000,48701078874.20
2023-03-05,1677974400,48723193827.94
2023-03-06,1678060800,48742224200.06
2023-03-07,1678147200,48765825899.85
2023-03-08,1678233600,48784737940.92
2023-03-09,1678320000,48803754645.19
2023-03-10,1678406400,48821613802.13
2023-03-17,1679011200,48981044281.91
2023-03-18,1679097600,49009673622.74
2023-03-19,1679184000,49035843238.87
2023-03-20,1679270400,49063469660.91
2023-03-21,1679356800,49089591543.05
2023-03-22,1679443200,49118425276.87
2023-03-23,1679529600,49151306686.83
2023-03-24,1679616000,49180829667.41
2023-03-25,1679702400,49206589235.56
2023-03-27,1679875200,49258265432.40
2023-03-28,1679961600,49281640859.99
2023-03-29,1680048000,49308254372.06
2023-03-30,1680134400,49336507393.78
2023-03-31,1680220800,49362265362.20
2023-04-01,1680307200,49388038201.60
2023-04-02,1680393600,49415055818.04
2023-04-03,1680480000,49438742490.01
2023-04-04,1680566400,49468113296.09
2023-04-05,1680652800,49493640919.34
2023-04-06,1680739200,49522561112.79
2023-04-07,1680825600,49548107717.61
2023-04-08,1680912000,49574435082.72
2023-04-09,1680998400,49600447236.32
2023-04-10,1681084800,49623017347.22
2023-04-11,1681171200,49652927059.65
2023-04-12,1681257600,49683667497.90
2023-04-13,1681344000,49711278470.60
2023-04-14,1681430400,49738888614.60
2023-04-15,1681516800,49769527361.13
2023-04-16,1681603200,49793504823.93
2023-04-17,1681689600,49822909033.52
2023-04-18,1681776000,49854556301.52
2023-04-19,1681862400,49880878808.40
2023-04-20,1681948800,49905346363.46
2023-04-21,1682035200,49931335718.02
2023-04-22,1682121600,49957306737.90
2023-04-23,1682208000,49983020302.37
2023-04-24,1682294400,50007799873.48
2023-04-25,1682380800,50030057153.72
2023-04-26,1682467200,50054426005.22
2023-04-27,1682553600,50079308402.10
2023-04-28,1682640000,50107601512.99
2023-04-29,1682726400,50133926910.04
2023-04-30,1682812800,50162462592.39
2023-05-01,1682899200,50196786687.50
2023-05-02,1682985600,50222850990.71
2023-05-03,1683072000,50251543063.14
2023-05-04,1683158400,50281285101.86
2023-05-05,1683244800,50307010516.06
2023-05-06,1683331200,50339452834.64
2023-05-07,1683417600,50376184977.63
2023-05-08,1683504000,50417798598.93
2023-05-09,1683590400,50455967252.76
2023-05-10,1683676800,50494899651.61
2023-05-11,1683763200,50525933889.54
2023-05-12,1683849600,50553833137.22
2023-05-13,1683936000,50581057342.07
2023-05-14,1684022400,50612661926.24
2023-05-15,1684108800,50640235815.14
2023-05-16,1684195200,50669177647.85
2023-05-17,1684281600,50698700871.21
2023-05-18,1684368000,50725535980.40
2023-05-19,1684454400,50753666917.95
2023-05-20,1684540800,50778210161.61
2023-05-21,1684627200,50805602046.84
2023-05-22,1684713600,50831647067.04
2023-05-23,1684800000,50859759509.18
2023-05-24,1684886400,50884931013.08
2023-05-25,1684972800,50912175967.74
2023-05-26,1685059200,50940182840.34
2023-05-27,1685145600,50966057598.67
2023-05-28,1685232000,50995084717.99
2023-05-29,1685318400,51025275612.61
2023-05-30,1685404800,51054239222.48
2023-05-31,1685491200,51080062534.33
2023-06-01,1685577600,51104145609.77
2023-06-02,1685664000,51133887920.16
2023-06-03,1685750400,51156970992.10
2023-06-04,1685836800,51183329088.84
2023-06-05,1685923200,51207663815.64
2023-06-06,1686009600,51234370808.82
2023-06-07,1686096000,51259472409.68
2023-06-08,1686182400,51286779354.81
2023-06-09,1686268800,51316728392.18
2023-06-10,1686355200,51342873312.92
2023-06-11,1686441600,51370082041.40
2023-06-12,1686528000,51396555296.97
2023-06-13,1686614400,51421388447.24
2023-06-14,1686700800,51441932361.65
2023-06-15,1686787200,51466185335.29
2023-06-16,1686873600,51491975853.20
2023-06-17,1686960000,51516206841.22
2023-06-18,1687046400,51542043590.19
2023-06-19,1687132800,51566409782.90
2023-06-20,1687219200,51590563491.70
2023-06-21,1687305600,51613812205.18
2023-06-22,1687392000,51641124327.46
2023-06-23,1687478400,51666018160.15
2023-06-24,1687564800,51694988287.52
2023-06-25,1687651200,51725210685.69
2023-06-26,1687737600,51753851835.41
2023-06-27,1687824000,51781582990.50
2023-06-28,1687910400,51802975443.53
2023-06-29,1687996800,51831931979.15
2023-06-30,1688083200,51863230569.08
2023-07-01,1688169600,51889495748.19
2023-07-02,1688256000,51922962078.45
2023-07-03,1688342400,51950253417.56
2023-07-04,1688428800,51978364326.18
2023-07-05,1688515200,52008952286.83
2023-07-06,1688601600,52036028247.56
2023-07-07,1688688000,52069712340.67
2023-07-08,1688774400,52103919122.25
2023-07-09,1688860800,52136404369.63
2023-07-10,1688947200,52166051191.35
2023-07-11,1689033600,52192470522.48
2023-07-12,1689120000,52220677184.48
2023-07-13,1689206400,52244383183.19
2023-07-14,1689292800,52271731755.33
2023-07-15,1689379200,52298245300.02
2023-07-16,1689465600,52327764651.90
2023-07-17,1689552000,52353976881.55
2023-07-18,1689638400,52384725710.68
2023-07-19,1689724800,52412837911.77
2023-07-20,1689811200,52437442641.30
2023-07-21,1689897600,52459001067.16
2023-07-22,1689984000,52485403196.18
2023-07-23,1690070400,52513689244.41
2023-07-26,1690329600,52594618929.32
2023-07-27,1690416000,52620557838.56
2023-07-28,1690502400,52646753801.92
2023-07-29,1690588800,52671434727.90
2023-07-30,1690675200,52702708491.92
2023-07-31,1690761600,52729055352.35
2023-08-01,1690848000,52754778246.93
2023-08-02,1690934400,52783741407.45
2023-08-03,1691020800,52811944302.93
2023-08-04,1691107200,52834650828.39
2023-08-05,1691193600,52863036930.66
2023-08-06,1691280000,52893490128.88
2023-08-07,1691366400,52920684814.15
2023-08-08,1691452800,52944549227.71
2023-08-09,1691539200,52975442218.69
2023-08-10,1691625600,52999585271.77
2023-08-11,1691712000,53028025791.16
2023-08-12,1691798400,53059299508.54
2023-08-13,1691884800,53084488217.02
2023-08-14,1691971200,53116442103.59
2023-08-15,1692057600,53148142542.60
2023-08-16,1692144000,53178509488.73
2023-08-17,1692230400,53206525557.01
2023-08-18,1692316800,53229933472.07
2023-08-19,1692403200,53253125320.02
2023-08-20,1692489600,53279966339.97
2023-08-21,1692576000,53304063106.90
2023-08-22,1692662400,53328159873.83
2023-08-23,1692748800,53352256640.75
2023-08-24,1692835200,53376353407.68
2023-08-25,1692921600,53400450174.61
2023-08-26,1693008000,53423000526.58
2023-08-27,1693094400,53442421567.84
2023-08-28,1693180800,53462067387.49
2023-08-29,1693267200,53488999495.04
2023-08-30,1693353600,53511070895.88
2023-08-31,1693440000,53535982579.46
2023-09-01,1693526400,53561089852.81
2023-09-02,1693612800,53586223176.32
2023-09-03,1693699200,53612326789.12
2023-09-04,1693785600,53637023938.28
2023-09-05,1693872000,53657598789.03
2023-09-06,1693958400,53680078148.72
2023-09-07,1694044800,53704466257.10
2023-09-08,1694131200,53727042468.34
2023-09-09,1694217600,53752303172.86
2023-09-10,1694304000,53777231659.34
2023-09-11,1694390400,53803380393.61
2023-09-12,1694476800,53826972300.59
2023-09-13,1694563200,53851755816.62
2023-09-14,1694649600,53879351095.76
2023-09-15,1694736000,53911368089.43
2023-09-16,1694822400,53937809710.33
2023-09-17,1694908800,53963271749.24
2023-09-18,1694995200,53990665953.30
2023-09-19,1695081600,54015417239.92
2023-09-20,1695168000,54041455425.56
2023-09-21,1695254400,54065802381.70
2023-09-22,1695340800,54088478804.10
2023-09-23,1695427200,54115759834.75
2023-09-24,1695513600,54140985161.17
2023-09-25,1695600000,54165612005.03
2023-09-26,1695686400,54188646317.01
2023-09-27,1695772800,54215321569.17
2023-09-28,1695859200,54240394623.57
2023-09-29,1695945600,54265953413.81
2023-09-30,1696032000,54289795482.08
2023-10-01,1696118400,54314259888.22
2023-10-02,1696204800,54342543062.39
2023-10-03,1696291200,54371510722.96
2023-10-04,1696377600,54394759748.42
2023-10-05,1696464000,54419850452.16
2023-10-06,1696550400,54448733371.11
2023-10-07,1696636800,54479745263.54
2023-10-08,1696723200,54506005764.33
2023-10-09,1696809600,54533517848.34
2023-10-10,1696896000,54589726131.14
2023-10-11,1696982400,54589489578.79
2023-10-12,1697068800,54616602515.48
2023-10-13,1697155200,54644208465.54
2023-10-14,1697241600,54667329531.85
2023-10-15,1697328000,54691863939.29
2023-10-16,1697414400,54719943671.29
2023-10-17,1697500800,54744464168.04
2023-10-18,1697587200,54761482932.73
2023-10-19,1697673600,54787221023.98
2023-10-20,1697760000,54853730210.48
2023-10-21,1697846400,54887332296.48
2023-10-22,1697932800,54988079767.17
2023-10-23,1698019200,54880544589.98
2023-10-24,1698105600,54910643441.36
2023-10-25,1698192000,54913356027.42
2023-10-26,1698278400,54944202706.48
2023-10-27,1698364800,54976457161.73
2023-10-28,1698451200,55009148165.79
2023-10-29,1698537600,55043200441.73
2023-10-30,1698624000,55106129424.86
2023-10-31,1698710400,55139455814.30
2023-11-01,1698796800,55171611256.68
2023-11-02,1698883200,55171611256.68
2023-11-03,1698969600,55203222110.62
2023-11-04,1699056000,55232579104.75
2023-11-05,1699142400,55268842079.00
2023-11-06,1699228800,55304537048.50
2023-11-07,1699315200,55332317221.19
2023-11-08,1699401600,55361379960.94
2023-11-09,1699488000,55394313233.38
2023-11-10,1699574400,55426969554.82
2023-11-11,1699660800,55462499103.95
2023-11-12,1699747200,55499586269.64
2023-11-13,1699833600,55536889419.64
2023-11-14,1699920000,55564778274.95
2023-11-15,1700006400,55596080791.08
2023-11-16,1700092800,55629495371.39
2023-11-17,1700179200,55663730219.77
2023-11-18,1700265600,55697801488.21
2023-11-19,1700352000,55731777492.59
2023-11-20,1700438400,55770649618.47
2023-11-21,1700524800,55809330647.28
2023-11-22,1700611200,55844628575.84
2023-11-23,1700697600,55877085013.09
2023-11-24,1700784000,55911393187.03
2023-11-25,1700870400,55950911068.03
2023-11-26,1700956800,55988430331.47
2023-11-27,1701043200,56022737304.35
2023-11-28,1701129600,56052910008.98
2023-11-29,1701216000,56087271049.29
2023-11-30,1701302400,56119542760.98
2023-12-01,1701388800,56151173664.86
2023-12-02,1701475200,56191690779.99
2023-12-03,1701561600,56222536677.43
2023-12-04,1701648000,56263312608.31
2023-12-05,1701734400,56303318113.87
2023-12-06,1701820800,56339665520.43
2023-12-07,1701907200,56376970390.24
2023-12-08,1701993600,56408314157.05
2023-12-09,1702080000,56445124875.49
2023-12-10,1702166400,56488337124.74
2023-12-11,1702252800,56526680321.68
2023-12-12,1702339200,56568108366.99
2023-12-13,1702425600,56605488857.55
2023-12-14,1702512000,56644228305.36
2023-12-15,1702598400,56683328629.05
2023-12-16,1702684800,56726586822.68
2023-12-17,1702771200,56766744899.87
2023-12-18,1702857600,56806095824.06
2023-12-19,1702944000,56849578205.19
2023-12-20,1703030400,56892773398.13
2023-12-21,1703116800,56931913544.51
2023-12-22,1703203200,56971806670.70
2023-12-23,1703289600,57017791682.89
2023-12-24,1703376000,57061473409.39
2023-12-25,1703462400,57108117541.27
2023-12-26,1703548800,57145731384.90
2023-12-27,1703635200,57182965043.84
2023-12-28,1703721600,57217439115.09
2023-12-29,1703808000,57249868785.09
2023-12-30,1703894400,57289915779.15
2023-12-31,1703980800,57328096429.65
2024-01-01,1704067200,57369462515.09
2024-01-02,1704153600,57410875158.40
2024-01-03,1704240000,57447884613.71
2024-01-04,1704326400,57491356402.21
2024-01-05,1704412800,57537473050.90
2024-01-06,1704499200,57575218236.96
2024-01-07,1704585600,57613576976.71
2024-01-08,1704672000,57646078396.90
2024-01-09,1704758400,57680409783.96
2024-01-10,1704844800,57724775928.34
2024-01-11,1704931200,57762807377.97
2024-01-12,1705017600,57813209439.60
2024-01-13,1705104000,57860578344.41
2024-01-14,1705190400,57903185166.85
2024-01-15,1705276800,57937427431.85
2024-01-16,1705363200,57967774042.66
2024-01-17,1705449600,58001263302.85
2024-01-18,1705536000,58033573111.91
2024-01-19,1705622400,58071044394.60
2024-01-20,1705708800,58105104396.04
2024-01-21,1705795200,58142302794.92
2024-01-22,1705881600,58178799210.73
2024-01-23,1705968000,58219614613.36
2024-01-24,1706054400,58257621205.99
2024-01-25,1706140800,58295035105.37
2024-01-26,1706227200,58340239629.31
2024-01-27,1706313600,58379106828.19
2024-01-28,1706400000,58423802729.44
2024-01-29,1706486400,58466030621.00
2024-01-30,1706572800,58507404567.31
2024-01-31,1706659200,58546473489.94
2024-02-01,1706745600,58581692271.32
2024-02-02,1706832000,58622319863.51
2024-02-03,1706918400,58672911321.32
2024-02-04,1707004800,58713597217.95
2024-02-05,1707091200,58755166421.26
2024-02-06,1707177600,58796885374.51
2024-02-07,1707264000,58842509651.45
2024-02-08,1707350400,58885766670.45
2024-02-09,1707436800,58924432383.51
2024-02-10,1707523200,58972868501.32
2024-02-11,1707609600,59017819579.13
2024-02-12,1707696000,59059016968.76
2024-02-13,1707782400,59113414359.32
2024-02-14,1707868800,59155295890.07
2024-02-15,1707955200,59199425359.95
2024-02-16,1708041600,59250548771.58
2024-02-17,1708128000,59294100596.27
2024-02-18,1708214400,59342492296.33
2024-02-19,1708300800,59381619654.77
2024-02-20,1708387200,59425950550.77
2024-02-21,1708473600,59471636933.71
2024-02-22,1708560000,59516077864.15
2024-02-23,1708646400,59559610435.15
2024-02-24,1708732800,59610410933.90
2024-02-25,1708819200,59654236397.03
2024-02-26,1708905600,59707160268.16
2024-02-27,1708992000,59750609515.41
2024-02-28,1709078400,59796042848.79
2024-02-29,1709164800,59850826007.60
2024-03-01,1709251200,59902430347.35
2024-03-02,1709337600,59961925552.35
2024-03-03,1709424000,60011136690.91
2024-03-04,1709510400,60071327324.72
2024-03-05,1709596800,60123847832.85
2024-03-06,1709683200,60193069340.41
2024-03-07,1709769600,60250587429.91
2024-03-08,1709856000,60325619148.79
2024-03-09,1709942400,60390751073.10
2024-03-10,1710028800,60460282110.35
2024-03-11,1710115200,60522220819.85
2024-03-12,1710201600,60597313391.98
2024-03-13,1710288000,60660492243.54
2024-03-14,1710374400,60733105841.48
2024-03-15,1710460800,60796802805.98
2024-03-16,1710547200,60851320702.54
2024-03-17,1710633600,60912834788.67
2024-03-18,1710720000,60973953111.11
2024-03-19,1710806400,61035018135.55
2024-03-20,1710892800,61098293099.61
2024-03-21,1710979200,61157555541.17
2024-03-22,1711065600,61207638535.92
2024-03-23,1711152000,61262202821.61
2024-03-24,1711238400,61325216942.36
2024-03-25,1711324800,61394354307.67
2024-03-26,1711411200,61450726929.36
2024-03-27,1711497600,61509578172.49
2024-03-28,1711584000,61568889883.37
2024-03-29,1711670400,61635735781.18
2024-03-30,1711756800,61698761992.18
2024-03-31,1711843200,61766531555.49
2024-04-01,1711929600,61825427211.68
2024-04-02,1712016000,61890847558.81
2024-04-03,1712102400,61952558638.75
2024-04-04,1712188800,62011108909.06
2024-04-05,1712275200,62068675410.31
2024-04-06,1712361600,62131022256.00
2024-04-07,1712448000,62196851084.13
2024-04-08,1712534400,62270575455.32
2024-04-09,1712620800,62340610174.57
2024-04-10,1712707200,62404815819.76
2024-04-11,1712793600,62469963992.82
2024-04-12,1712880000,62528137761.38
2024-04-13,1712966400,62587283768.44
2024-04-14,1713052800,62655846215.19
2024-04-15,1713139200,62718726644.82
2024-04-16,1713225600,62776222668.38
2024-04-17,1713312000,62841147408.19
2024-04-18,1713398400,62894852396.50
2024-04-19,1713484800,62951273351.75
2024-04-20,1713571200,63011209394.75
2024-04-21,1713657600,63037471924.03
2024-04-22,1713744000,63065879176.09
2024-04-23,1713830400,63097175744.50
2024-04-24,1713916800,63132084228.84
2024-04-25,1714003200,63163943292.59
2024-04-26,1714089600,63192648130.09
2024-04-27,1714176000,63219324479.31
2024-04-28,1714262400,63246923156.50
2024-04-29,1714348800,63274788192.41
2024-04-30,1714435200,63300463397.04
2024-05-01,1714521600,63327856605.13
2024-05-02,1714608000,63352033085.35
2024-05-03,1714694400,63378430250.26
2024-05-04,1714780800,63402756309.23
2024-05-05,1714867200,63430673823.73
2024-05-06,1714953600,63458372009.32
2024-05-07,1715040000,63482761176.60
2024-05-08,1715126400,63506985190.48
2024-05-09,1715212800,63531715268.17
2024-05-10,1715299200,63559647599.36
2024-05-11,1715385600,63587869490.39
2024-05-12,1715472000,63618143378.39
2024-05-13,1715558400,63643361189.61
2024-05-14,1715644800,63671957740.17
2024-05-15,1715731200,63698325258.76
2024-05-16,1715817600,63724692776.76
2024-05-17,1715904000,63751060294.00
2024-05-18,1715990400,63777427812.00
2024-05-19,1716076800,63803795330.00
2024-05-20,1716163200,63830162848.00
2024-05-21,1716249600,63856530366.00
2024-05-22,1716336000,63882897884.00
2024-05-23,1716422400,63909265402.00
2024-05-24,1716508800,63935632920.00
2024-05-25,1716595200,63962000438.00
2024-05-26,1716681600,63988367956.00
2024-05-27,1716768000,64014735474.00
2024-05-28,1716854400,64041102992.00
2024-05-29,1716940800,64067470510.00
2024-05-30,1717027200,64093838028.00
2024-05-31,1717113600,64120205546.00
2024-06-01,1717200000,64146573064.00
2024-06-02,1717286400,64172940582.00
2024-06-03,1717372800,64199308100.00
2024-06-04,1717459200,64225171737.59
2024-06-05,1717545600,64254260491.22
2024-06-06,1717632000,64281540418.16
2024-06-07,1717718400,64311066512.88
2024-06-08,1717804800,64342489677.32
2024-06-09,1717891200,64379791662.38
2024-06-10,1717977600,64413006485.16
2024-06-11,1718064000,64443234623.32
2024-06-12,1718150400,64469275672.88
2024-06-13,1718236800,64500316641.97
2024-06-14,1718323200,64531357610.00
2024-06-15,1718409600,64562398579.00
2024-06-16,1718496000,64593439548.00
2024-06-17,1718582400,64624480517.00
2024-06-18,1718668800,64655521486.00
2024-06-19,1718755200,64686562455.00
2024-06-20,1718841600,64717603424.00
2024-06-21,1718928000,64748644393.00
2024-06-22,1719014400,64779685362.00
2024-06-23,1719100800,64810726331.00
2024-06-24,1719187200,64841767300.00
2024-06-25,1719273600,64871104236.63
2024-06-26,1719360000,64894803507.54
2024-06-27,1719446400,64918074564.10
2024-06-28,1719532800,64942970894.41
2024-06-29,1719619200,64968841818.91
2024-06-30,1719705600,64998731456.85
2024-07-01,1719792000,65021952783.07
2024-07-02,1719878400,65049752505.38
2024-07-03,1719964800,65078722724.19
2024-07-04,1720051200,65106297776.47
2024-07-05,1720137600,65131936926.19
2024-07-06,1720224000,65153081414.97
2024-07-07,1720310400,65182468515.06
2024-07-08,1720396800,65207806451.75
2024-07-09,1720483200,65235688673.00
2024-07-10,1720569600,65263267070.81
2024-07-11,1720656000,65287975750.37
2024-07-12,1720742400,65313300683.43
2024-07-13,1720828800,65340201918.59
2024-07-14,1720915200,65368276555.43
2024-07-15,1721001600,65399522296.02
2024-07-16,1721088000,65429426777.24
2024-07-17,1721174400,65458892403.24
2024-07-18,1721260800,65491230976.65
2024-07-19,1721347200,65517172740.24
2024-07-20,1721433600,65547026562.62
2024-07-21,1721520000,65581428600.90
2024-07-22,1721606400,65616847710.93
2024-07-23,1721692800,65654649719.99
2024-07-24,1721779200,65689916664.80
2024-07-25,1721865600,65718830641.77
2024-07-26,1721952000,65751726133.49
2024-07-27,1722038400,65785254092.43
2024-07-28,1722124800,65818073736.31
2024-07-29,1722211200,65849455996.12
2024-07-30,1722297600,65887673229.40
2024-07-31,1722384000,65918835388.93
2024-08-01,1722470400,65947987425.77
2024-08-02,1722556800,65976053871.21
2024-08-03,1722643200,66001151904.77
2024-08-04,1722729600,66027054863.55
2024-08-05,1722816000,66053920217.52
2024-08-06,1722902400,66080080580.74
2024-08-07,1722988800,66104468018.80
2024-08-08,1723075200,66125982899.83
2024-08-09,1723161600,66149209732.05
2024-08-10,1723248000,66173891885.71
2024-08-11,1723334400,66198354373.40
2024-08-12,1723420800,66228832896.18
2024-08-13,1723507200,66254062539.59
2024-08-14,1723593600,66281801810.18
2024-08-15,1723680000,66306719740.84
2024-08-16,1723766400,66336008674.93
2024-08-17,1723852800,66361897342.12
2024-08-18,1723939200,66389480905.18
2024-08-19,1724025600,66418553305.43
2024-08-20,1724112000,66442361942.24
2024-08-21,1724198400,66470589126.58
2024-08-22,1724284800,66498032478.14
2024-08-23,1724371200,66528387159.83
2024-08-24,1724457600,66559838898.33
2024-08-25,1724544000,66590496322.24
2024-08-26,1724630400,66617122799.99
2024-08-27,1724716800,66643842076.77
2024-08-28,1724803200,66671499484.90
2024-08-29,1724889600,66701351829.06
2024-08-30,1724976000,66725933166.00
2024-08-31,1725062400,66752170057.38
2024-09-01,1725148800,66779315993.97
2024-09-02,1725235200,66805204184.72
2024-09-03,1725321600,66779315993.97
2024-09-04,1725408000,66704204173.72
2024-09-05,1725494400,66800204184.45
2024-09-06,1725580800,66862315993.97
2024-09-07,1725667200,66770316993.90
2024-09-08,1725753600,66765315993.00
2024-09-09,1725840000,66760204184.00
2024-09-10,1725926400,66780104184.00
2024-09-11,1726012800,66760104184.05
2024-09-12,1726099200,66804204189.00
2024-09-13,1726185600,66617132598.11
2024-09-14,1726272000,66687122799.99
2024-09-15,1726358400,66752171157.38
2024-09-16,1726444800,66779315993.97
2024-09-17,1726531200,66750170057.00
2024-09-18,1726617600,66637122799.00
2024-09-19,1726704000,66700842076.00
2024-09-20,1726790400,66620842076.00
2024-09-21,1726876800,66595496322.00
2024-09-22,1726963200,66505496322.05
2024-09-23,1727049600,66532256012.05
2024-09-24,1727136000,66561247048.61
2024-09-25,1727222400,66589969804.14
2024-09-26,1727308800,66618704169.52
2024-09-27,1727395200,66644737482.86
2024-09-28,1727481600,66672802668.89
2024-09-29,1727568000,66699316599.61
2024-09-30,1727654400,66731146409.55
2024-10-01,1727740800,66758628226.89
2024-10-02,1727827200,66789534992.80
2024-10-03,1727913600,66819233479.64
2024-10-04,1728000000,66849251001.33
2024-10-05,1728086400,66881727633.49
2024-10-06,1728172800,66911018732.49
2024-10-07,1728259200,66940564772.90
2024-10-08,1728345600,66971254315.28
2024-10-09,1728432000,67003861794.28
2024-10-10,1728518400,67028464838.31
2024-10-11,1728604800,67057785268.22
2024-10-12,1728691200,67084687271.75
2024-10-13,1728777600,67112795963.59
2024-10-14,1728864000,67139870447.40
2024-10-15,1728950400,67167958235.84
2024-10-16,1729036800,67200122185.68
2024-10-17,1729123200,67229833111.99
2024-10-18,1729209600,67262850555.43
2024-10-19,1729296000,67291775110.15
2024-10-20,1729382400,67328696500.96
2024-10-21,1729468800,67365689125.65
2024-10-22,1729555200,67402217066.99
2024-10-23,1729641600,67431257971.93
2024-10-24,1729728000,67462748632.68
2024-10-25,1729814400,67493734403.81
2024-10-26,1729900800,67526141507.00
2024-10-27,1729987200,67556704234.88
2024-10-28,1730073600,67590657452.07
2024-10-29,1730160000,67626653713.48
2024-10-30,1730246400,67661727293.67
2024-10-31,1730332800,67699885737.11
2024-11-01,1730419200,67735213894.58
2024-11-02,1730505600,67768552632.11
2024-11-03,1730592000,67799190838.17
2024-11-04,1730678400,67827496863.80
2024-11-05,1730764800,67859822960.77
2024-11-06,1730851200,67889761855.77
2024-11-07,1730937600,67925105426.40
2024-11-08,1731024000,67961840109.18
2024-11-09,1731110400,67995607275.27
2024-11-10,1731196800,68028783211.99
2024-11-11,1731283200,68065353624.33
2024-11-12,1731369600,68100646631.55
2024-11-13,1731456000,68140789616.49
2024-11-14,1731542400,68179186828.58
2024-11-15,1731628800,68214847326.17
2024-11-16,1731715200,68256541615.98
2024-11-17,1731801600,68301228389.73
2024-11-18,1731888000,68343591639.98
2024-11-19,1731974400,68387934645.29
2024-11-20,1732060800,68438191820.07
2024-11-21,1732147200,68481033833.57
2024-11-22,1732233600,68524682732.91
2024-11-23,1732320000,68557985861.63
2024-11-24,1732406400,68600385688.22
2024-11-25,1732492800,68641132053.85
2024-11-26,1732579200,68692322781.19
2024-11-27,1732665600,68732820007.19
2024-11-28,1732752000,68771925740.03
2024-11-29,1732838400,68814270537.03
2024-11-30,1732924800,68850870919.87
2024-12-01,1733011200,68900452726.25
2024-12-02,1733097600,68948260907.53
2024-12-03,1733184000,68986446632.59
2024-12-04,1733270400,69033295581.65
2024-12-05,1733356800,69077526341.78
2024-12-06,1733443200,69126549007.72
2024-12-07,1733529600,69168514216.50
2024-12-08,1733616000,69212734565.41
2024-12-09,1733702400,69258256780.69
2024-12-10,1733788800,69309749148.85
2024-12-11,1733875200,69356366590.63
2024-12-12,1733961600,69400129306.47
2024-12-13,1734048000,69446755172.00
2024-12-14,1734134400,69500105436.75
2024-12-15,1734220800,69550574996.22
2024-12-16,1734307200,69594450528.41
2024-12-17,1734393600,69643138125.69
2024-12-18,1734480000,69688510666.16
2024-12-19,1734566400,69735449722.04
2024-12-20,1734652800,69780912921.17
2024-12-21,1734739200,69826415614.01
2024-12-22,1734825600,69870681058.04
2024-12-23,1734912000,69917325109.35
2024-12-24,1734998400,69958420888.88
2024-12-25,1735084800,69997944980.88
2024-12-26,1735171200,70044394529.54
2024-12-27,1735257600,70084044252.23
2024-12-28,1735344000,70131260571.48
2024-12-29,1735430400,70173577932.32
2024-12-30,1735516800,70220371374.70
2024-12-31,1735603200,70266794046.58
2025-01-01,1735689600,70304566045.27
2025-01-02,1735776000,70345693840.58
2025-01-03,1735862400,70395928154.92
2025-01-04,1735948800,70439087130.51
2025-01-05,1736035200,70484718555.23
2025-01-06,1736121600,70532519653.42
2025-01-07,1736208000,70574035803.86
2025-01-08,1736294400,70616087470.70
2025-01-09,1736380800,70653459084.92
2025-01-10,1736467200,70697894092.33
2025-01-11,1736553600,70739637047.55
2025-01-12,1736640000,70780334741.49
2025-01-13,1736726400,70831163025.71
2025-01-14,1736812800,70868415050.12
2025-01-15,1736899200,70914516149.03
2025-01-16,1736985600,70957068766.47
2025-01-17,1737072000,70996893795.78
2025-01-18,1737158400,71045063596.62
2025-01-19,1737244800,71045063596.62
2025-01-20,1737331200,71094180049.81
2025-01-21,1737417600,71143764142.87
2025-01-22,1737504000,71186925657.37
2025-01-23,1737590400,71236116163.09
2025-01-24,1737676800,71279940993.97
2025-01-25,1737763200,71325880586.63
2025-01-26,1737849600,71367766370.19
2025-01-27,1737936000,71412666950.03
2025-01-28,1738022400,71461781441.84
2025-01-29,1738108800,71509143331.72
2025-01-30,1738195200,71558763592.60
2025-01-31,1738281600,71606349905.13
2025-02-01,1738368000,71647079517.79
2025-02-02,1738454400,71705766697.95
2025-02-03,1738540800,71758824256.64
2025-02-04,1738627200,71804952814.17
2025-02-05,1738713600,71845688660.39
2025-02-06,1738800000,71889656747.92
2025-02-07,1738886400,71933834263.58
2025-02-08,1738972800,71986459247.17
2025-02-09,1739059200,72034592512.26
2025-02-10,1739145600,72077747236.98
2025-02-11,1739232000,72119937854.07
2025-02-12,1739318400,72157652534.38
2025-02-13,1739404800,72197629461.07
2025-02-14,1739491200,72245247555.16
2025-02-15,1739577600,72291332326.25
2025-02-16,1739664000,72340114579.13
2025-02-17,1739750400,72386004913.69
2025-02-18,1739836800,72427141844.57
2025-02-19,1739923200,72468877882.79
2025-02-20,1740009600,72506644418.38
2025-02-21,1740096000,72546251444.47
2025-02-22,1740182400,72585684752.66
2025-02-23,1740268800,72627580852.54
2025-02-24,1740355200,72666304854.51
2025-02-25,1740441600,72705012767.20
2025-02-26,1740528000,72746129325.36
2025-02-27,1740614400,72789104749.70
2025-02-28,1740700800,72829049159.29
2025-03-01,1740787200,72869111365.10
2025-03-02,1740873600,72907399568.73
2025-03-03,1740960000,72941927175.64
2025-03-04,1741046400,72984699234.86
2025-03-05,1741132800,73023305282.36
2025-03-06,1741219200,73060438217.27
2025-03-07,1741305600,73108546116.21
2025-03-08,1741392000,73147658795.46
2025-03-09,1741478400,73184565939.18
2025-03-10,1741564800,73226671648.96
2025-03-11,1741651200,73265595825.93
2025-03-12,1741737600,73300536487.18
2025-03-13,1741824000,73339973102.77
2025-03-14,1741910400,73380965614.27
2025-03-15,1741996800,73417778923.30
2025-03-16,1742083200,73452545968.36
2025-03-17,1742169600,73490478753.08
2025-03-18,1742256000,73527021648.27
2025-03-19,1742342400,73563677687.86
2025-03-20,1742428800,73603496179.36
2025-03-21,1742515200,73641387075.61
2025-03-22,1742601600,73679522317.70
2025-03-23,1742688000,73718993965.45
2025-03-24,1742774400,73760259719.48
2025-03-25,1742860800,73802202939.20
2025-03-26,1742947200,73842871795.20
2025-03-27,1743033600,73884331452.61
2025-03-28,1743120000,73924647882.77
2025-03-29,1743206400,73965702232.08
2025-03-30,1743292800,73968604771.61
2025-03-31,1743379200,74000208047.83
2025-04-01,1743465600,74038341649.24
2025-04-02,1743552000,74073705669.02
2025-04-03,1743638400,74119553503.93
2025-04-04,1743724800,74158889427.93
2025-04-05,1743811200,74205719529.77
2025-04-06,1743897600,74248506773.74
2025-04-07,1743984000,74285678921.37
2025-04-08,1744070400,74320878338.09
2025-04-09,1744156800,74358601519.81
2025-04-10,1744243200,74390468952.47
2025-04-11,1744329600,74427101667.66
2025-04-12,1744416000,74464916286.00
2025-04-13,1744502400,74502663498.22
2025-04-14,1744588800,74548138565.60
2025-04-15,1744675200,74587534250.04
2025-04-16,1744761600,74625862591.38
2025-04-17,1744848000,74664703465.29
2025-04-18,1744934400,74705105682.51
2025-04-19,1745020800,74741083497.01
2025-04-20,1745107200,74778030625.76
2025-04-21,1745193600,74810640704.32
2025-04-22,1745280000,74844968773.20
2025-04-23,1745366400,74888186255.67
2025-04-24,1745452800,74921481088.48
2025-04-25,1745539200,74962470544.29
2025-04-26,1745625600,75004840618.76
2025-04-27,1745712000,75044117769.60
2025-04-28,1745798400,75083868576.29
2025-04-29,1745884800,75125413169.13
2025-04-30,1745971200,75168697606.38
2025-05-01,1746057600,75207700063.69
2025-05-02,1746144000,75248056259.94
2025-05-03,1746230400,75296224238.66
2025-05-04,1746316800,75345597067.04
2025-05-05,1746403200,75387159275.35
2025-05-06,1746489600,75438793823.38
2025-05-07,1746576000,75479515291.51
2025-05-08,1746662400,75525168716.23
2025-05-09,1746748800,75574601047.14
2025-05-10,1746835200,75619685416.23
2025-05-11,1746921600,75668148865.76
2025-05-12,1747008000,75716658375.76
2025-05-13,1747094400,75763639714.01
2025-05-14,1747180800,75805544391.17
2025-05-15,1747267200,75852198543.42
2025-05-16,1747353600,75899107490.45
2025-05-17,1747440000,75943248216.76
2025-05-18,1747526400,75989364451.26
2025-05-19,1747612800,76041984998.20
2025-05-20,1747699200,76087898729.98
2025-05-21,1747785600,76136724079.11
2025-05-22,1747872000,76184972285.86
2025-05-23,1747958400,76236908509.70
2025-05-24,1748044800,76290275439.33
2025-05-25,1748131200,76338059175.46
2025-05-26,1748217600,76388822114.05
2025-05-27,1748304000,76441185513.83
2025-05-28,1748390400,76489384621.96
2025-05-29,1748476800,76544885712.62
2025-05-30,1748563200,76598299965.68
2025-05-31,1748649600,76649355335.99
2025-06-01,1748736000,76701687357.12
2025-06-02,1748822400,76745102077.46
2025-06-03,1748908800,76788633067.84
2025-06-04,1748995200,76836182262.56
2025-06-05,1749081600,76877638006.90
2025-06-06,1749168000,76921255802.74
2025-06-07,1749254400,76964541460.80
2025-06-08,1749340800,77011501723.11
2025-06-09,1749427200,77062031306.52
2025-06-10,1749513600,77108679241.99
2025-06-11,1749600000,77166479027.96
2025-06-12,1749686400,77214738577.49
2025-06-13,1749772800,77264546739.62
2025-06-14,1749859200,77312050437.00
2025-06-15,1749945600,77361658769.19
2025-06-16,1750032000,77406440106.75
2025-06-17,1750118400,77455158194.19
2025-06-18,1750204800,77494193167.19
2025-06-19,1750291200,77539996662.91
2025-06-20,1750377600,77581541827.91
2025-06-21,1750464000,77630994502.85
2025-06-22,1750550400,77676537694.69
2025-06-23,1750636800,77710384329.13
2025-06-24,1750723200,77744333951.66
2025-06-25,1750809600,77782832712.44
2025-06-26,1750896000,77830599970.85
2025-06-27,1750982400,77883338816.01
2025-06-28,1751068800,77921799074.45
2025-06-29,1751155200,77970393698.14
2025-06-30,1751241600,78027242287.23
