d,unixTs,vocdd
2020-01-01,1577836800,830.3074
2020-01-02,1577923200,2786.5821
2020-01-03,1578009600,1703.5938
2020-01-04,1578096000,2049.0339
2020-01-05,1578182400,1206.7211
2020-01-06,1578268800,2089.4429
2020-01-07,1578355200,2892.3332
2020-01-08,1578441600,2758.9523
2020-01-09,1578528000,3662.9696
2020-01-10,1578614400,2885.0676
2020-01-11,1578700800,966.7756
2020-01-12,1578787200,1523.7758
2020-01-13,1578873600,2247.7441
2020-01-14,1578960000,10674.7126
2020-01-15,1579046400,6688.4477
2020-01-16,1579132800,5851.5740
2020-01-17,1579219200,2075.2696
2020-01-18,1579305600,1712.7794
2020-01-19,1579392000,2557.9472
2020-01-20,1579478400,1965.4532
2020-01-21,1579564800,2654.1731
2020-01-22,1579651200,3096.7745
2020-01-23,1579737600,5890.3967
2020-01-24,1579824000,6556.7960
2020-01-25,1579910400,1874.9951
2020-01-26,1579996800,1600.2393
2020-01-27,1580083200,2469.9708
2020-01-28,1580169600,2969.2956
2020-01-29,1580256000,9861.4253
2020-01-30,1580342400,3372.2402
2020-01-31,1580428800,6737.7972
2020-02-01,1580515200,1953.6258
2020-02-02,1580601600,5537.2688
2020-02-03,1580688000,30582.5846
2020-02-04,1580774400,3886.0741
2020-02-05,1580860800,3405.0347
2020-02-06,1580947200,12682.3682
2020-02-07,1581033600,30420.6332
2020-02-08,1581120000,5570.3809
2020-02-09,1581206400,4264.9307
2020-02-10,1581292800,16076.6697
2020-02-11,1581379200,5176.7863
2020-02-12,1581465600,3871.5211
2020-02-13,1581552000,6597.1095
2020-02-14,1581638400,3749.8233
2020-02-15,1581724800,3305.7981
2020-02-16,1581811200,1822.4384
2020-02-17,1581897600,2555.2536
2020-02-18,1581984000,4491.1131
2020-02-19,1582070400,6836.9161
2020-02-20,1582156800,8462.3323
2020-02-21,1582243200,3594.3149
2020-02-22,1582329600,1665.5077
2020-02-23,1582416000,2329.3106
2020-02-24,1582502400,2377.7414
2020-02-25,1582588800,11613.3718
2020-02-26,1582675200,3372.2009
2020-02-27,1582761600,2485.8792
2020-02-28,1582848000,4073.5896
2020-02-29,1582934400,2728.4093
2020-03-01,1583020800,2629.4513
2020-03-02,1583107200,7778.8907
2020-03-03,1583193600,9599.4975
2020-03-04,1583280000,3655.3041
2020-03-05,1583366400,4405.5339
2020-03-06,1583452800,3039.1630
2020-03-07,1583539200,1305.5388
2020-03-08,1583625600,1882.5185
2020-03-09,1583712000,7448.1479
2020-03-10,1583798400,4159.7437
2020-03-11,1583884800,16352.6548
2020-03-12,1583971200,10352.1051
2020-03-13,1584057600,10283.8959
2020-03-14,1584144000,4162.2800
2020-03-15,1584230400,2076.2572
2020-03-16,1584316800,4489.9979
2020-03-17,1584403200,5084.1846
2020-03-18,1584489600,1520.3982
2020-03-19,1584576000,2985.1488
2020-03-20,1584662400,2365.8427
2020-03-21,1584748800,1174.6393
2020-03-22,1584835200,1402.1545
2020-03-23,1584921600,2862.9409
2020-03-24,1585008000,2129.0876
2020-03-25,1585094400,4391.1464
2020-03-26,1585180800,2898.0189
2020-03-27,1585267200,2646.3975
2020-03-28,1585353600,1230.9778
2020-03-29,1585440000,1801.1383
2020-03-30,1585526400,2091.4153
2020-03-31,1585612800,1648.8512
2020-04-01,1585699200,2864.0061
2020-04-02,1585785600,2358.8789
2020-04-03,1585872000,1264.4984
2020-04-04,1585958400,1230.3993
2020-04-05,1586044800,853.1601
2020-04-06,1586131200,2002.1724
2020-04-07,1586217600,3976.3526
2020-04-08,1586304000,1647.5973
2020-04-09,1586390400,3023.3105
2020-04-10,1586476800,4664.9891
2020-04-11,1586563200,883.1611
2020-04-12,1586649600,642.5864
2020-04-13,1586736000,1535.8482
2020-04-14,1586822400,1408.0930
2020-04-15,1586908800,1823.2454
2020-04-16,1586995200,3051.7010
2020-04-17,1587081600,2328.2291
2020-04-18,1587168000,1006.0313
2020-04-19,1587254400,2280.4171
2020-04-20,1587340800,2012.8846
2020-04-21,1587427200,1782.7301
2020-04-22,1587513600,2326.3952
2020-04-23,1587600000,3544.2088
2020-04-24,1587686400,2231.5716
2020-04-25,1587772800,1724.3432
2020-04-26,1587859200,1888.2526
2020-04-27,1587945600,3308.6676
2020-04-28,1588032000,1829.4261
2020-04-29,1588118400,10864.3194
2020-04-30,1588204800,5581.7166
2020-05-01,1588291200,2816.8852
2020-05-02,1588377600,1449.1762
2020-05-03,1588464000,2885.2397
2020-05-04,1588550400,2198.1975
2020-05-05,1588636800,2681.4268
2020-05-06,1588723200,7436.7471
2020-05-07,1588809600,14269.4504
2020-05-08,1588896000,9122.2500
2020-05-09,1588982400,4964.1082
2020-05-10,1589068800,2896.1546
2020-05-11,1589155200,6226.0247
2020-05-12,1589241600,2396.6025
2020-05-13,1589328000,2744.5363
2020-05-14,1589414400,3677.4638
2020-05-15,1589500800,3937.3978
2020-05-16,1589587200,2767.5349
2020-05-17,1589673600,1789.9989
2020-05-18,1589760000,3756.0101
2020-05-19,1589846400,2328.3127
2020-05-20,1589932800,3285.1807
2020-05-21,1590019200,4165.4391
2020-05-22,1590105600,2615.1584
2020-05-23,1590192000,1885.8683
2020-05-24,1590278400,1403.2344
2020-05-25,1590364800,1906.8805
2020-05-26,1590451200,2367.9999
2020-05-27,1590537600,2567.1525
2020-05-28,1590624000,4071.0873
2020-05-29,1590710400,3828.9445
2020-05-30,1590796800,2112.4958
2020-05-31,1590883200,4147.3676
2020-06-01,1590969600,12527.4107
2020-06-02,1591056000,5302.6301
2020-06-03,1591142400,3077.1899
2020-06-04,1591228800,3436.8465
2020-06-05,1591315200,2881.9013
2020-06-06,1591401600,3456.7567
2020-06-07,1591488000,2754.3794
2020-06-08,1591574400,8015.7902
2020-06-09,1591660800,3391.9327
2020-06-10,1591747200,4025.0687
2020-06-11,1591833600,2776.1849
2020-06-12,1591920000,1930.8041
2020-06-13,1592006400,1375.4638
2020-06-14,1592092800,1983.0559
2020-06-15,1592179200,3243.8797
2020-06-16,1592265600,2990.9629
2020-06-17,1592352000,2224.9360
2020-06-18,1592438400,7011.1778
2020-06-19,1592524800,2496.2053
2020-06-20,1592611200,2121.3680
2020-06-21,1592697600,2423.6249
2020-06-22,1592784000,4012.3686
2020-06-23,1592870400,5050.0679
2020-06-24,1592956800,9318.4169
2020-06-25,1593043200,2075.0313
2020-06-26,1593129600,7633.0663
2020-06-27,1593216000,2824.3642
2020-06-28,1593302400,3910.8349
2020-06-29,1593388800,3289.1835
2020-06-30,1593475200,5953.8700
2020-07-01,1593561600,2995.0703
2020-07-02,1593648000,2128.2207
2020-07-03,1593734400,2476.5757
2020-07-04,1593820800,1298.2994
2020-07-05,1593907200,957.2321
2020-07-06,1593993600,2817.5149
2020-07-07,1594080000,4251.4063
2020-07-08,1594166400,7523.0765
2020-07-09,1594252800,2729.1058
2020-07-10,1594339200,2680.3411
2020-07-11,1594425600,1322.8810
2020-07-12,1594512000,1712.2259
2020-07-13,1594598400,3260.3492
2020-07-14,1594684800,6960.7438
2020-07-15,1594771200,7456.3158
2020-07-16,1594857600,2074.2861
2020-07-17,1594944000,2698.8210
2020-07-18,1595030400,1654.8380
2020-07-19,1595116800,2055.7200
2020-07-20,1595203200,1687.3132
2020-07-21,1595289600,4368.7206
2020-07-22,1595376000,5947.1045
2020-07-23,1595462400,4391.9835
2020-07-24,1595548800,3128.7673
2020-07-25,1595635200,2637.0847
2020-07-26,1595721600,3174.1264
2020-07-27,1595808000,9210.0013
2020-07-28,1595894400,13737.5543
2020-07-29,1595980800,6180.7554
2020-07-30,1596067200,7222.2235
2020-07-31,1596153600,9227.8715
2020-08-01,1596240000,4621.0112
2020-08-02,1596326400,5375.1572
2020-08-03,1596412800,10580.5518
2020-08-04,1596499200,5543.2961
2020-08-05,1596585600,8231.2185
2020-08-06,1596672000,9597.0079
2020-08-07,1596758400,9681.2741
2020-08-08,1596844800,4480.3293
2020-08-09,1596931200,4925.1122
2020-08-10,1597017600,4200.8519
2020-08-11,1597104000,10610.9734
2020-08-12,1597190400,8022.3602
2020-08-13,1597276800,4371.2621
2020-08-14,1597363200,6555.4570
2020-08-15,1597449600,3943.0850
2020-08-16,1597536000,3642.8750
2020-08-17,1597622400,12462.7772
2020-08-18,1597708800,4120.8679
2020-08-19,1597795200,4702.9425
2020-08-20,1597881600,5286.7025
2020-08-21,1597968000,9124.9207
2020-08-22,1598054400,2498.2055
2020-08-23,1598140800,2521.7182
2020-08-24,1598227200,3879.4567
2020-08-25,1598313600,5892.6922
2020-08-26,1598400000,7085.7107
2020-08-27,1598486400,3644.6816
2020-08-28,1598572800,8260.5121
2020-08-29,1598659200,3031.4588
2020-08-30,1598745600,3386.7431
2020-08-31,1598832000,7349.0823
2020-09-01,1598918400,12273.8059
2020-09-02,1599004800,6941.0084
2020-09-03,1599091200,7647.6478
2020-09-04,1599177600,8777.2056
2020-09-05,1599264000,3867.8870
2020-09-06,1599350400,3530.3637
2020-09-07,1599436800,3381.6805
2020-09-08,1599523200,2941.7317
2020-09-09,1599609600,4512.5533
2020-09-10,1599696000,4586.3697
2020-09-11,1599782400,4836.8997
2020-09-12,1599868800,3347.8733
2020-09-13,1599955200,1964.8417
2020-09-14,1600041600,3714.4913
2020-09-15,1600128000,4264.7250
2020-09-16,1600214400,9137.7795
2020-09-17,1600300800,5480.7732
2020-09-18,1600387200,6593.8783
2020-09-19,1600473600,6415.0109
2020-09-20,1600560000,5388.0905
2020-09-21,1600646400,3852.1711
2020-09-22,1600732800,5726.4922
2020-09-23,1600819200,3619.1334
2020-09-24,1600905600,8392.9881
2020-09-25,1600992000,6256.6390
2020-09-26,1601078400,3728.3660
2020-09-27,1601164800,3697.7786
2020-09-28,1601251200,3193.0421
2020-09-29,1601337600,11652.8666
2020-09-30,1601424000,7389.3969
2020-10-01,1601510400,3487.2725
2020-10-02,1601596800,5449.6889
2020-10-03,1601683200,1681.4160
2020-10-04,1601769600,2332.2484
2020-10-05,1601856000,3269.3485
2020-10-06,1601942400,3471.9264
2020-10-07,1602028800,7105.2660
2020-10-08,1602115200,5347.4954
2020-10-09,1602201600,5986.3144
2020-10-10,1602288000,2472.3791
2020-10-11,1602374400,3817.6974
2020-10-12,1602460800,6775.4506
2020-10-13,1602547200,2959.9137
2020-10-14,1602633600,7691.1896
2020-10-15,1602720000,6086.2766
2020-10-16,1602806400,3102.4706
2020-10-17,1602892800,1614.3394
2020-10-18,1602979200,1981.7955
2020-10-19,1603065600,19515.2635
2020-10-20,1603152000,6162.4853
2020-10-21,1603238400,7823.5269
2020-10-22,1603324800,23927.6330
2020-10-23,1603411200,39618.0788
2020-10-24,1603497600,9872.2124
2020-10-25,1603584000,5227.0068
2020-10-26,1603670400,4304.3735
2020-10-27,1603756800,10473.5318
2020-10-28,1603843200,10555.2837
2020-10-29,1603929600,10774.2266
2020-10-30,1604016000,5794.6205
2020-10-31,1604102400,6034.3545
2020-11-01,1604188800,7991.0495
2020-11-02,1604275200,16780.1256
2020-11-03,1604361600,128761.7454
2020-11-04,1604448000,10001.3475
2020-11-05,1604534400,25535.7504
2020-11-06,1604620800,16400.4509
2020-11-07,1604707200,9963.3574
2020-11-08,1604793600,13584.0508
2020-11-09,1604880000,11867.0269
2020-11-10,1604966400,8703.7967
2020-11-11,1605052800,12479.3641
2020-11-12,1605139200,16716.5416
2020-11-13,1605225600,15289.9819
2020-11-14,1605312000,9741.2573
2020-11-15,1605398400,6069.7918
2020-11-16,1605484800,10958.1399
2020-11-17,1605571200,20156.9020
2020-11-18,1605657600,27944.4902
2020-11-19,1605744000,14151.4453
2020-11-20,1605830400,32227.4177
2020-11-21,1605916800,19743.3281
2020-11-22,1606003200,10051.3978
2020-11-23,1606089600,11727.2143
2020-11-24,1606176000,27231.0496
2020-11-25,1606262400,14464.1457
2020-11-26,1606348800,39217.0379
2020-11-27,1606435200,21348.5275
2020-11-28,1606521600,6023.4826
2020-11-29,1606608000,8970.4537
2020-11-30,1606694400,27378.2133
2020-12-01,1606780800,24705.6343
2020-12-02,1606867200,19551.8659
2020-12-03,1606953600,21491.3030
2020-12-04,1607040000,16777.9193
2020-12-05,1607126400,7014.9887
2020-12-06,1607212800,8253.8053
2020-12-07,1607299200,16467.1601
2020-12-08,1607385600,15798.3500
2020-12-09,1607472000,14461.8548
2020-12-10,1607558400,16802.7054
2020-12-11,1607644800,32477.4912
2020-12-12,1607731200,20450.8790
2020-12-13,1607817600,35821.8314
2020-12-14,1607904000,14455.0726
2020-12-15,1607990400,16397.5320
2020-12-16,1608076800,30498.6492
2020-12-17,1608163200,34608.5076
2020-12-18,1608249600,41040.5950
2020-12-19,1608336000,19818.9687
2020-12-20,1608422400,30333.5231
2020-12-21,1608508800,20973.6599
2020-12-22,1608595200,56100.4928
2020-12-23,1608681600,36713.3872
2020-12-24,1608768000,22838.6683
2020-12-25,1608854400,9240.3716
2020-12-26,1608940800,21100.7444
2020-12-27,1609027200,34207.3080
2020-12-28,1609113600,89119.8506
2020-12-29,1609200000,36213.0784
2020-12-30,1609286400,23714.6795
2020-12-31,1609372800,29844.2605
2021-01-01,1609459200,38039.4899
2021-01-02,1609545600,97494.0045
2021-01-03,1609632000,64843.8543
2021-01-04,1609718400,95082.7595
2021-01-05,1609804800,40187.7827
2021-01-06,1609891200,49453.2290
2021-01-07,1609977600,82589.8069
2021-01-08,1610064000,71297.2801
2021-01-09,1610150400,61218.6707
2021-01-10,1610236800,45241.9139
2021-01-11,1610323200,48080.1247
2021-01-12,1610409600,28241.0625
2021-01-13,1610496000,31004.9464
2021-01-14,1610582400,32449.2013
2021-01-15,1610668800,36591.8538
2021-01-16,1610755200,20468.1591
2021-01-17,1610841600,18673.3795
2021-01-18,1610928000,26871.3489
2021-01-19,1611014400,26534.4441
2021-01-20,1611100800,19700.6918
2021-01-21,1611187200,17398.2051
2021-01-22,1611273600,20469.0289
2021-01-23,1611360000,10636.4445
2021-01-24,1611446400,9449.5115
2021-01-25,1611532800,17761.6804
2021-01-26,1611619200,13582.2167
2021-01-27,1611705600,63419.7721
2021-01-28,1611792000,24463.2121
2021-01-29,1611878400,33210.5014
2021-01-30,1611964800,18871.1475
2021-01-31,1612051200,34186.0755
2021-02-01,1612137600,13485.6021
2021-02-02,1612224000,16098.5108
2021-02-03,1612310400,21647.7435
2021-02-04,1612396800,31278.5594
2021-02-05,1612483200,40546.9153
2021-02-06,1612569600,21223.3222
2021-02-07,1612656000,55155.9263
2021-02-08,1612742400,45504.1330
2021-02-09,1612828800,65457.7075
2021-02-10,1612915200,40308.2521
2021-02-11,1613001600,34866.0993
2021-02-12,1613088000,38990.4395
2021-02-13,1613174400,19122.0932
2021-02-14,1613260800,27050.4378
2021-02-15,1613347200,36771.5152
2021-02-16,1613433600,41155.5198
2021-02-17,1613520000,45529.6946
2021-02-18,1613606400,57530.3616
2021-02-19,1613692800,69984.1508
2021-02-20,1613779200,62804.5730
2021-02-21,1613865600,44185.7794
2021-02-22,1613952000,43461.0241
2021-02-23,1614038400,87874.5466
2021-02-24,1614124800,83875.3803
2021-02-25,1614211200,46509.3895
2021-02-26,1614297600,50341.0055
2021-02-27,1614384000,25211.3568
2021-02-28,1614470400,26290.2376
2021-03-01,1614556800,21936.1797
2021-03-02,1614643200,47205.0211
2021-03-03,1614729600,21474.4635
2021-03-04,1614816000,26716.0098
2021-03-05,1614902400,43843.2566
2021-03-06,1614988800,18036.3506
2021-03-07,1615075200,13044.4470
2021-03-08,1615161600,62951.8063
2021-03-09,1615248000,28051.4320
2021-03-10,1615334400,29906.1468
2021-03-11,1615420800,119287.0686
2021-03-12,1615507200,53798.9910
2021-03-13,1615593600,34052.8292
2021-03-14,1615680000,62095.7034
2021-03-15,1615766400,32649.1631
2021-03-16,1615852800,51112.0597
2021-03-17,1615939200,43697.0535
2021-03-18,1616025600,21746.7642
2021-03-19,1616112000,20632.3208
2021-03-20,1616198400,41532.5209
2021-03-21,1616284800,22158.2167
2021-03-22,1616371200,40537.2342
2021-03-23,1616457600,63020.6598
2021-03-24,1616544000,30451.3808
2021-03-25,1616630400,67285.0544
2021-03-26,1616716800,33568.7836
2021-03-27,1616803200,37953.7793
2021-03-28,1616889600,23482.2725
2021-03-29,1616976000,21872.2522
2021-03-30,1617062400,34922.9682
2021-03-31,1617148800,46865.9066
2021-04-01,1617235200,87907.5833
2021-04-02,1617321600,67698.4472
2021-04-03,1617408000,14163.3217
2021-04-04,1617494400,17442.7997
2021-04-05,1617580800,25474.7787
2021-04-06,1617667200,119324.8917
2021-04-07,1617753600,26645.9453
2021-04-08,1617840000,30016.4315
2021-04-09,1617926400,32874.4220
2021-04-10,1618012800,34061.7562
2021-04-11,1618099200,49898.4975
2021-04-12,1618185600,60049.7410
2021-04-13,1618272000,51194.4754
2021-04-14,1618358400,115319.4372
2021-04-15,1618444800,86213.5757
2021-04-16,1618531200,23586.1871
2021-04-17,1618617600,31541.0253
2021-04-18,1618704000,99109.1801
2021-04-19,1618790400,15801.9180
2021-04-20,1618876800,43536.6353
2021-04-21,1618963200,22969.4094
2021-04-22,1619049600,36084.0204
2021-04-23,1619136000,47833.4369
2021-04-24,1619222400,59309.8059
2021-04-25,1619308800,36167.3499
2021-04-26,1619395200,37521.9800
2021-04-27,1619481600,74590.2395
2021-04-28,1619568000,31927.6916
2021-04-29,1619654400,45387.1604
2021-04-30,1619740800,62959.7279
2021-05-01,1619827200,18992.9030
2021-05-02,1619913600,21436.5273
2021-05-03,1620000000,37292.8774
2021-05-04,1620086400,35340.3443
2021-05-05,1620172800,30667.4671
2021-05-06,1620259200,31406.5434
2021-05-07,1620345600,76670.6115
2021-05-08,1620432000,22563.5593
2021-05-09,1620518400,32186.8445
2021-05-10,1620604800,32582.2386
2021-05-11,1620691200,29638.7480
2021-05-12,1620777600,54920.1879
2021-05-13,1620864000,54650.1138
2021-05-14,1620950400,28669.9737
2021-05-15,1621036800,19767.9773
2021-05-16,1621123200,23526.4336
2021-05-17,1621209600,22896.2108
2021-05-18,1621296000,30377.0798
2021-05-19,1621382400,61156.8706
2021-05-20,1621468800,41135.3206
2021-05-21,1621555200,27914.6741
2021-05-22,1621641600,11999.8587
2021-05-23,1621728000,25848.8625
2021-05-24,1621814400,57524.4684
2021-05-25,1621900800,20859.5480
2021-05-26,1621987200,21456.0295
2021-05-27,1622073600,9690.6259
2021-05-28,1622160000,9916.9052
2021-05-29,1622246400,5741.3760
2021-05-30,1622332800,41625.9570
2021-05-31,1622419200,7318.2718
2021-06-01,1622505600,49254.9636
2021-06-02,1622592000,16671.8053
2021-06-03,1622678400,35947.3461
2021-06-04,1622764800,9741.5320
2021-06-05,1622851200,6150.4359
2021-06-06,1622937600,9105.3201
2021-06-07,1623024000,14989.4736
2021-06-08,1623110400,20947.1775
2021-06-09,1623196800,15714.3966
2021-06-10,1623283200,20305.7330
2021-06-11,1623369600,25353.8037
2021-06-12,1623456000,4556.3561
2021-06-13,1623542400,9197.3632
2021-06-14,1623628800,14088.5852
2021-06-15,1623715200,16075.7377
2021-06-16,1623801600,10158.2557
2021-06-17,1623888000,9969.1548
2021-06-18,1623974400,8925.1557
2021-06-19,1624060800,4484.4587
2021-06-20,1624147200,6212.5906
2021-06-21,1624233600,12840.8142
2021-06-22,1624320000,13284.5495
2021-06-23,1624406400,23693.0299
2021-06-24,1624492800,17722.7390
2021-06-25,1624579200,34452.0989
2021-06-26,1624665600,4662.8301
2021-06-27,1624752000,7698.6225
2021-06-28,1624838400,9086.0670
2021-06-29,1624924800,7350.1474
2021-06-30,1625011200,8168.9203
2021-07-01,1625097600,10981.1032
2021-07-02,1625184000,18216.6909
2021-07-03,1625270400,4595.6865
2021-07-04,1625356800,7194.2200
2021-07-05,1625443200,9071.4301
2021-07-06,1625529600,7541.3126
2021-07-07,1625616000,12080.6415
2021-07-08,1625702400,8157.8688
2021-07-09,1625788800,11461.8843
2021-07-10,1625875200,4010.4003
2021-07-11,1625961600,5700.8583
2021-07-12,1626048000,23458.0888
2021-07-13,1626134400,6961.5637
2021-07-14,1626220800,9318.3077
2021-07-15,1626307200,11388.1639
2021-07-16,1626393600,9624.8795
2021-07-17,1626480000,133551.1156
2021-07-18,1626566400,5496.4998
2021-07-19,1626652800,9649.9626
2021-07-20,1626739200,15004.8960
2021-07-21,1626825600,9787.9935
2021-07-22,1626912000,10386.8443
2021-07-23,1626998400,10883.4014
2021-07-24,1627084800,3765.7351
2021-07-25,1627171200,5667.9939
2021-07-26,1627257600,45892.9608
2021-07-27,1627344000,47615.0782
2021-07-28,1627430400,73763.3701
2021-07-29,1627516800,316809.2660
2021-07-30,1627603200,11949.7294
2021-07-31,1627689600,8391.3604
2021-08-01,1627776000,5700.8448
2021-08-02,1627862400,9224.2682
2021-08-03,1627948800,7787.7999
2021-08-04,1628035200,7472.6602
2021-08-05,1628121600,7840.4180
2021-08-06,1628208000,18154.6359
2021-08-07,1628294400,9417.5355
2021-08-08,1628380800,14363.6376
2021-08-09,1628467200,14254.9436
2021-08-10,1628553600,9790.7429
2021-08-11,1628640000,14992.5154
2021-08-12,1628726400,10614.9416
2021-08-13,1628812800,12264.9725
2021-08-14,1628899200,36161.7191
2021-08-15,1628985600,6282.0918
2021-08-16,1629072000,11684.9440
2021-08-17,1629158400,12872.0227
2021-08-18,1629244800,21318.8052
2021-08-19,1629331200,13364.0133
2021-08-20,1629417600,12690.2804
2021-08-21,1629504000,16884.1071
2021-08-22,1629590400,11861.5360
2021-08-23,1629676800,28980.0443
2021-08-24,1629763200,10495.9430
2021-08-25,1629849600,79766.4814
2021-08-26,1629936000,31825.1453
2021-08-27,1630022400,10528.5005
2021-08-28,1630108800,10212.0722
2021-08-29,1630195200,8224.7938
2021-08-30,1630281600,17783.0764
2021-08-31,1630368000,20404.3009
2021-09-01,1630454400,17591.9183
2021-09-02,1630540800,15124.2690
2021-09-03,1630627200,16004.7956
2021-09-04,1630713600,10451.1286
2021-09-05,1630800000,8752.8884
2021-09-06,1630886400,15250.7432
2021-09-07,1630972800,16109.4856
2021-09-08,1631059200,13387.4526
2021-09-09,1631145600,33867.8190
2021-09-10,1631232000,26756.0483
2021-09-11,1631318400,9211.8401
2021-09-12,1631404800,8618.4936
2021-09-13,1631491200,10459.2868
2021-09-14,1631577600,31014.8578
2021-09-15,1631664000,27749.4821
2021-09-16,1631750400,30606.6367
2021-09-17,1631836800,12519.3438
2021-09-18,1631923200,9583.4564
2021-09-19,1632009600,10355.4592
2021-09-20,1632096000,14305.2206
2021-09-21,1632182400,7732.3137
2021-09-22,1632268800,16606.8196
2021-09-23,1632355200,11638.6319
2021-09-24,1632441600,10924.5254
2021-09-25,1632528000,3964.2851
2021-09-26,1632614400,160519.1039
2021-09-27,1632700800,20360.9619
2021-09-28,1632787200,13165.9070
2021-09-29,1632873600,13766.6714
2021-09-30,1632960000,24008.4402
2021-10-01,1633046400,16844.9329
2021-10-02,1633132800,11340.1403
2021-10-03,1633219200,9778.9842
2021-10-04,1633305600,18384.1768
2021-10-05,1633392000,23535.2660
2021-10-06,1633478400,32267.6842
2021-10-07,1633564800,28558.0858
2021-10-08,1633651200,18497.3758
2021-10-09,1633737600,14152.5888
2021-10-10,1633824000,33387.5973
2021-10-11,1633910400,23294.7477
2021-10-12,1633996800,56474.6017
2021-10-13,1634083200,20381.5698
2021-10-14,1634169600,23699.8709
2021-10-15,1634256000,30594.9029
2021-10-16,1634342400,33515.7202
2021-10-17,1634428800,13470.7238
2021-10-18,1634515200,43662.4474
2021-10-19,1634601600,98085.7929
2021-10-20,1634688000,55039.8153
2021-10-21,1634774400,42277.4515
2021-10-22,1634860800,45611.0356
2021-10-23,1634947200,16693.2550
2021-10-24,1635033600,54950.7537
2021-10-25,1635120000,46145.2819
2021-10-26,1635206400,30999.0568
2021-10-27,1635292800,17946.7764
2021-10-28,1635379200,23791.7660
2021-10-29,1635465600,26740.2448
2021-10-30,1635552000,15014.7139
2021-10-31,1635638400,61566.3478
2021-11-01,1635724800,105119.6030
2021-11-02,1635811200,64779.1474
2021-11-03,1635897600,56877.4864
2021-11-04,1635984000,19227.8324
2021-11-05,1636070400,55131.4156
2021-11-06,1636156800,18411.6771
2021-11-07,1636243200,10543.4349
2021-11-08,1636329600,60454.6280
2021-11-09,1636416000,43557.8797
2021-11-10,1636502400,79255.1324
2021-11-11,1636588800,36984.3291
2021-11-12,1636675200,125594.5071
2021-11-13,1636761600,26778.2217
2021-11-14,1636848000,15408.5225
2021-11-15,1636934400,34912.6458
2021-11-16,1637020800,71625.3375
2021-11-17,1637107200,54756.1452
2021-11-18,1637193600,21323.9447
2021-11-19,1637280000,23000.5930
2021-11-20,1637366400,20085.5422
2021-11-21,1637452800,15678.1202
2021-11-22,1637539200,30784.1906
2021-11-23,1637625600,31481.3484
2021-11-24,1637712000,22935.4643
2021-11-25,1637798400,129072.3091
2021-11-26,1637884800,32420.9014
2021-11-27,1637971200,8480.8912
2021-11-28,1638057600,18864.8962
2021-11-29,1638144000,29458.6044
2021-11-30,1638230400,28790.3598
2021-12-01,1638316800,39619.9913
2021-12-02,1638403200,21362.8534
2021-12-03,1638489600,23766.7620
2021-12-04,1638576000,22120.7112
2021-12-05,1638662400,16418.5944
2021-12-06,1638748800,28126.5179
2021-12-07,1638835200,55830.6373
2021-12-08,1638921600,19637.0080
2021-12-09,1639008000,36386.6292
2021-12-10,1639094400,19553.4704
2021-12-11,1639180800,17751.8182
2021-12-12,1639267200,7009.0627
2021-12-13,1639353600,23841.1591
2021-12-14,1639440000,51339.4491
2021-12-15,1639526400,21129.9030
2021-12-16,1639612800,27263.0147
2021-12-17,1639699200,15164.2575
2021-12-18,1639785600,13350.2091
2021-12-19,1639872000,7969.4642
2021-12-20,1639958400,17768.8070
2021-12-21,1640044800,16681.6810
2021-12-22,1640131200,24120.5809
2021-12-23,1640217600,28611.7039
2021-12-24,1640304000,9879.0509
2021-12-25,1640390400,15255.6573
2021-12-26,1640476800,17758.7481
2021-12-27,1640563200,15269.5167
2021-12-28,1640649600,15250.3215
2021-12-29,1640736000,22237.5869
2021-12-30,1640822400,39915.2774
2021-12-31,1640908800,46837.4704
2022-01-01,1640995200,14629.4535
2022-01-02,1641081600,5032.4868
2022-01-03,1641168000,18161.9591
2022-01-04,1641254400,17797.8290
2022-01-05,1641340800,20376.1054
2022-01-06,1641427200,28981.0157
2022-01-07,1641513600,16341.8444
2022-01-08,1641600000,7377.9494
2022-01-09,1641686400,7997.5570
2022-01-10,1641772800,16277.5127
2022-01-11,1641859200,12288.9816
2022-01-12,1641945600,21026.7933
2022-01-13,1642032000,9109.7072
2022-01-14,1642118400,10308.5332
2022-01-15,1642204800,5521.2214
2022-01-16,1642291200,6785.2802
2022-01-17,1642377600,14591.3101
2022-01-18,1642464000,13201.8255
2022-01-19,1642550400,21779.1808
2022-01-20,1642636800,20348.4738
2022-01-21,1642723200,19657.6456
2022-01-22,1642809600,16854.5118
2022-01-23,1642896000,18070.6134
2022-01-24,1642982400,19871.3516
2022-01-25,1643068800,24261.9084
2022-01-26,1643155200,9578.7521
2022-01-27,1643241600,19935.5905
2022-01-28,1643328000,10946.0226
2022-01-29,1643414400,15315.6838
2022-01-30,1643500800,9944.4317
2022-01-31,1643587200,9773.8752
2022-02-01,1643673600,406858.9152
2022-02-02,1643760000,7664.9651
2022-02-03,1643846400,11988.4005
2022-02-04,1643932800,8479.1259
2022-02-05,1644019200,8245.4449
2022-02-06,1644105600,10833.8471
2022-02-07,1644192000,19177.9152
2022-02-08,1644278400,16062.2391
2022-02-09,1644364800,14628.1795
2022-02-10,1644451200,27550.3898
2022-02-11,1644537600,19137.7971
2022-02-12,1644624000,7225.9567
2022-02-13,1644710400,7695.7096
2022-02-14,1644796800,9732.7200
2022-02-15,1644883200,15094.3787
2022-02-16,1644969600,10227.9703
2022-02-17,1645056000,19268.9783
2022-02-18,1645142400,10529.3878
2022-02-19,1645228800,5644.8247
2022-02-20,1645315200,13100.2762
2022-02-21,1645401600,29413.0563
2022-02-22,1645488000,10053.3362
2022-02-23,1645574400,25663.3893
2022-02-24,1645660800,11014.3617
2022-02-25,1645747200,18226.9185
2022-02-26,1645833600,8885.1264
2022-02-27,1645920000,14066.6298
2022-02-28,1646006400,121250.7768
2022-03-01,1646092800,21204.8064
2022-03-02,1646179200,25673.8482
2022-03-03,1646265600,25963.1943
2022-03-04,1646352000,16326.3850
2022-03-05,1646438400,5967.2846
2022-03-06,1646524800,7493.2486
2022-03-07,1646611200,28387.7883
2022-03-08,1646697600,20393.9840
2022-03-09,1646784000,27601.0661
2022-03-10,1646870400,16731.6416
2022-03-11,1646956800,81634.5620
2022-03-12,1647043200,10879.5170
2022-03-13,1647129600,7437.4609
2022-03-14,1647216000,12869.7081
2022-03-15,1647302400,12788.7066
2022-03-16,1647388800,31716.1500
2022-03-17,1647475200,47089.5871
2022-03-18,1647561600,7612.2508
2022-03-19,1647648000,11851.5236
2022-03-20,1647734400,5618.4141
2022-03-21,1647820800,13421.1950
2022-03-22,1647907200,11109.3205
2022-03-23,1647993600,12784.6696
2022-03-24,1648080000,12516.8640
2022-03-25,1648166400,135551.0541
2022-03-26,1648252800,13550.4737
2022-03-27,1648339200,7346.9327
2022-03-28,1648425600,24712.9693
2022-03-29,1648512000,92556.4569
2022-03-30,1648598400,12175.6612
2022-03-31,1648684800,20171.3408
2022-04-01,1648771200,18290.4540
2022-04-02,1648857600,8202.2703
2022-04-03,1648944000,12155.8081
2022-04-04,1649030400,29429.8319
2022-04-05,1649116800,19429.3680
2022-04-06,1649203200,14570.0333
2022-04-07,1649289600,11456.0410
2022-04-08,1649376000,12662.2478
2022-04-09,1649462400,6171.2273
2022-04-10,1649548800,5918.7569
2022-04-11,1649635200,12994.7166
2022-04-12,1649721600,44960.8934
2022-04-13,1649808000,15375.6076
2022-04-14,1649894400,78228.8763
2022-04-15,1649980800,6479.6217
2022-04-16,1650067200,3959.0260
2022-04-17,1650153600,3609.8690
2022-04-18,1650240000,7501.4001
2022-04-19,1650326400,15133.2703
2022-04-20,1650412800,13700.0315
2022-04-21,1650499200,83080.3251
2022-04-22,1650585600,17381.7341
2022-04-23,1650672000,7399.1237
2022-04-24,1650758400,4938.9865
2022-04-25,1650844800,11023.3257
2022-04-26,1650931200,14186.3690
2022-04-27,1651017600,8515.1900
2022-04-28,1651104000,15391.1588
2022-04-29,1651190400,17024.2500
2022-04-30,1651276800,8681.6374
2022-05-01,1651363200,9745.6990
2022-05-02,1651449600,30468.1290
2022-05-03,1651536000,25787.7514
2022-05-04,1651622400,21861.2172
2022-05-05,1651708800,16505.5481
2022-05-06,1651795200,18512.5813
2022-05-07,1651881600,4802.8602
2022-05-08,1651968000,11971.9424
2022-05-09,1652054400,30561.9137
2022-05-10,1652140800,19582.8372
2022-05-11,1652227200,39968.4978
2022-05-12,1652313600,30162.8009
2022-05-13,1652400000,46125.0443
2022-05-14,1652486400,76331.6720
2022-05-15,1652572800,5150.9393
2022-05-16,1652659200,12841.3751
2022-05-17,1652745600,17365.4808
2022-05-18,1652832000,8398.2861
2022-05-19,1652918400,24073.0621
2022-05-20,1653004800,13474.2610
2022-05-21,1653091200,4934.1547
2022-05-22,1653177600,3023.8419
2022-05-23,1653264000,9358.1283
2022-05-24,1653350400,10912.4377
2022-05-25,1653436800,10236.6942
2022-05-26,1653523200,8889.7622
2022-05-27,1653609600,17139.6531
2022-05-28,1653696000,3318.6105
2022-05-29,1653782400,6560.4796
2022-05-30,1653868800,10130.4322
2022-05-31,1653955200,22065.0267
2022-06-01,1654041600,21074.8808
2022-06-02,1654128000,33062.3418
2022-06-03,1654214400,16959.2264
2022-06-04,1654300800,12599.9677
2022-06-05,1654387200,3859.6401
2022-06-06,1654473600,9703.9693
2022-06-07,1654560000,22080.6507
2022-06-08,1654646400,12728.8505
2022-06-09,1654732800,12263.1436
2022-06-10,1654819200,17120.8082
2022-06-11,1654905600,11842.9167
2022-06-12,1654992000,10761.8684
2022-06-13,1655078400,35103.8757
2022-06-14,1655164800,27364.5808
2022-06-15,1655251200,28560.4008
2022-06-16,1655337600,11200.1570
2022-06-17,1655424000,79856.0639
2022-06-18,1655510400,17652.3225
2022-06-19,1655596800,6315.3433
2022-06-20,1655683200,7022.4808
2022-06-21,1655769600,11491.2371
2022-06-22,1655856000,9972.4645
2022-06-23,1655942400,5192.8073
2022-06-24,1656028800,10882.2461
2022-06-25,1656115200,18833.3292
2022-06-26,1656201600,1837.2634
2022-06-27,1656288000,7706.0937
2022-06-28,1656374400,9743.9126
2022-06-29,1656460800,15000.0408
2022-06-30,1656547200,15286.3474
2022-07-01,1656633600,8072.6080
2022-07-02,1656720000,3966.9631
2022-07-03,1656806400,7739.6567
2022-07-04,1656892800,3210.6130
2022-07-05,1656979200,4682.9154
2022-07-06,1657065600,10167.2778
2022-07-07,1657152000,4919.9401
2022-07-08,1657238400,7775.4465
2022-07-09,1657324800,4974.4933
2022-07-10,1657411200,2342.7544
2022-07-11,1657497600,20268.3407
2022-07-12,1657584000,5893.7463
2022-07-13,1657670400,2891.1237
2022-07-14,1657756800,8723.0599
2022-07-15,1657843200,15074.7696
2022-07-16,1657929600,2706.8938
2022-07-17,1658016000,1773.6335
2022-07-18,1658102400,7900.9446
2022-07-19,1658188800,50338.6180
2022-07-20,1658275200,11713.1252
2022-07-21,1658361600,42942.4829
2022-07-22,1658448000,11414.8123
2022-07-23,1658534400,6136.7001
2022-07-24,1658620800,3481.2702
2022-07-25,1658707200,7629.6353
2022-07-26,1658793600,6829.1620
2022-07-27,1658880000,5141.4906
2022-07-28,1658966400,4804.7984
2022-07-29,1659052800,5787.4085
2022-07-30,1659139200,3060.2239
2022-07-31,1659225600,5831.4202
2022-08-01,1659312000,4136.3550
2022-08-02,1659398400,7168.8283
2022-08-03,1659484800,5259.6721
2022-08-04,1659571200,12230.0225
2022-08-05,1659657600,3799.9316
2022-08-06,1659744000,4305.8899
2022-08-07,1659830400,4864.2998
2022-08-08,1659916800,5597.5673
2022-08-09,1660003200,12222.6635
2022-08-10,1660089600,20043.2134
2022-08-11,1660176000,5599.6386
2022-08-12,1660262400,6672.5833
2022-08-13,1660348800,2950.4595
2022-08-14,1660435200,2481.4375
2022-08-15,1660521600,4725.6076
2022-08-16,1660608000,4192.6251
2022-08-17,1660694400,6745.5095
2022-08-18,1660780800,7446.9597
2022-08-19,1660867200,8923.2137
2022-08-20,1660953600,3202.9440
2022-08-21,1661040000,1811.4595
2022-08-22,1661126400,6168.8389
2022-08-23,1661212800,5787.2235
2022-08-24,1661299200,4411.5656
2022-08-25,1661385600,4216.3449
2022-08-26,1661472000,6336.8527
2022-08-27,1661558400,3991.5652
2022-08-28,1661644800,18175.6071
2022-08-29,1661731200,20232.2194
2022-08-30,1661817600,11560.4814
2022-08-31,1661904000,3966.0673
2022-09-01,1661990400,6152.7432
2022-09-02,1662076800,6498.5355
2022-09-03,1662163200,3431.5370
2022-09-04,1662249600,18306.8452
2022-09-05,1662336000,3534.0725
2022-09-06,1662422400,11417.9095
2022-09-07,1662508800,7188.9425
2022-09-08,1662595200,4371.5555
2022-09-09,1662681600,5227.5388
2022-09-10,1662768000,3437.2336
2022-09-11,1662854400,3381.0616
2022-09-12,1662940800,5099.9607
2022-09-13,1663027200,16697.0057
2022-09-14,1663113600,7649.6376
2022-09-15,1663200000,6977.6021
2022-09-16,1663286400,3384.7742
2022-09-17,1663372800,2459.1792
2022-09-18,1663459200,1653.6213
2022-09-19,1663545600,13129.1038
2022-09-20,1663632000,5757.4345
2022-09-21,1663718400,6861.0888
2022-09-22,1663804800,4801.0543
2022-09-23,1663891200,4680.9704
2022-09-24,1663977600,1539.7946
2022-09-25,1664064000,2552.2862
2022-09-26,1664150400,4679.1187
2022-09-27,1664236800,11299.8736
2022-09-28,1664323200,6088.8496
2022-09-29,1664409600,6203.8191
2022-09-30,1664496000,8725.3961
2022-10-01,1664582400,2351.3216
2022-10-02,1664668800,2061.7677
2022-10-03,1664755200,4524.5182
2022-10-04,1664841600,5757.8072
2022-10-05,1664928000,7893.5810
2022-10-06,1665014400,5347.1847
2022-10-07,1665100800,6793.9662
2022-10-08,1665187200,4833.0705
2022-10-09,1665273600,1750.6129
2022-10-10,1665360000,4596.1165
2022-10-11,1665446400,6580.7512
2022-10-12,1665532800,9547.1020
2022-10-13,1665619200,4905.5045
2022-10-14,1665705600,4864.4438
2022-10-15,1665792000,1861.5618
2022-10-16,1665878400,3260.2948
2022-10-17,1665964800,23743.6567
2022-10-18,1666051200,55898.0476
2022-10-19,1666137600,7974.0180
2022-10-20,1666224000,3264.6657
2022-10-21,1666310400,4616.8669
2022-10-22,1666396800,13698.1536
2022-10-23,1666483200,2518.7455
2022-10-24,1666569600,4520.4484
2022-10-25,1666656000,12782.0106
2022-10-26,1666742400,20912.0439
2022-10-27,1666828800,13155.5390
2022-10-28,1666915200,5067.5008
2022-10-29,1667001600,3792.0697
2022-10-30,1667088000,3222.2523
2022-10-31,1667174400,6784.1327
2022-11-01,1667260800,7296.5264
2022-11-02,1667347200,19162.8423
2022-11-03,1667433600,8533.9536
2022-11-04,1667520000,42261.2596
2022-11-05,1667606400,10189.7022
2022-11-06,1667692800,9816.9164
2022-11-07,1667779200,22371.6661
2022-11-08,1667865600,13412.9034
2022-11-09,1667952000,21712.0080
2022-11-10,1668038400,15307.7450
2022-11-11,1668124800,41732.7827
2022-11-12,1668211200,27070.4621
2022-11-13,1668297600,3835.5406
2022-11-14,1668384000,12164.9665
2022-11-15,1668470400,12508.1845
2022-11-16,1668556800,30591.2979
2022-11-17,1668643200,16434.1331
2022-11-18,1668729600,65539.0265
2022-11-19,1668816000,3559.5038
2022-11-20,1668902400,7880.7707
2022-11-21,1668988800,10575.5300
2022-11-22,1669075200,13830.8090
2022-11-23,1669161600,74723.4990
2022-11-24,1669248000,7617.3575
2022-11-25,1669334400,5171.8805
2022-11-26,1669420800,3521.7981
2022-11-27,1669507200,3186.6954
2022-11-28,1669593600,8216.0674
2022-11-29,1669680000,7272.9922
2022-11-30,1669766400,6454.4792
2022-12-01,1669852800,12308.2708
2022-12-02,1669939200,8071.8087
2022-12-03,1670025600,2761.7118
2022-12-04,1670112000,5057.9614
2022-12-05,1670198400,14846.3152
2022-12-06,1670284800,6851.5935
2022-12-07,1670371200,4683.4995
2022-12-08,1670457600,5350.9153
2022-12-09,1670544000,10301.6002
2022-12-10,1670630400,4005.7571
2022-12-11,1670716800,4241.1775
2022-12-12,1670803200,5139.6707
2022-12-13,1670889600,10281.8965
2022-12-14,1670976000,11938.3228
2022-12-15,1671062400,4983.2884
2022-12-16,1671148800,7065.4310
2022-12-17,1671235200,5250.3435
2022-12-18,1671321600,3485.5054
2022-12-19,1671408000,12115.6206
2022-12-20,1671494400,3706.1841
2022-12-21,1671580800,6144.0327
2022-12-22,1671667200,5648.9451
2022-12-23,1671753600,8291.2823
2022-12-24,1671840000,3410.0285
2022-12-25,1671926400,5415.9601
2022-12-26,1672012800,2388.7362
2022-12-27,1672099200,4272.4432
2022-12-28,1672185600,15044.3669
2022-12-29,1672272000,11555.1227
2022-12-30,1672358400,9675.8385
2022-12-31,1672444800,17008.4266
2023-01-01,1672531200,3629.6928
2023-01-02,1672617600,4546.2168
2023-01-03,1672704000,7181.6941
2023-01-04,1672790400,7229.0532
2023-01-05,1672876800,26939.2819
2023-01-06,1672963200,9584.6795
2023-01-07,1673049600,7129.3936
2023-01-08,1673136000,3778.4907
2023-01-09,1673222400,5099.2722
2023-01-10,1673308800,10963.5902
2023-01-11,1673395200,9896.0281
2023-01-12,1673481600,8075.9333
2023-01-13,1673568000,8266.7478
2023-01-14,1673654400,5630.5551
2023-01-15,1673740800,5975.9290
2023-01-16,1673827200,18061.8037
2023-01-17,1673913600,7622.3389
2023-01-18,1674000000,11177.3828
2023-01-19,1674086400,8568.1746
2023-01-20,1674172800,7201.2017
2023-01-21,1674259200,5708.8796
2023-01-22,1674345600,3344.7736
2023-01-23,1674432000,6478.0119
2023-01-24,1674518400,6956.3002
2023-01-25,1674604800,7329.1986
2023-01-26,1674691200,35923.5731
2023-01-27,1674777600,15466.0823
2023-01-28,1674864000,3430.0715
2023-01-29,1674950400,4275.2250
2023-01-30,1675036800,5619.9907
2023-01-31,1675123200,7993.7578
2023-02-01,1675209600,12667.7255
2023-02-02,1675296000,5087.4788
2023-02-03,1675382400,9570.5201
2023-02-04,1675468800,3498.0835
2023-02-05,1675555200,4816.0646
2023-02-06,1675641600,5182.7073
2023-02-07,1675728000,4719.3556
2023-02-08,1675814400,7053.4268
2023-02-09,1675900800,7747.2357
2023-02-10,1675987200,7739.3765
2023-02-11,1676073600,4552.6368
2023-02-12,1676160000,4370.4308
2023-02-13,1676246400,5576.6854
2023-02-14,1676332800,3613.6013
2023-02-15,1676419200,8083.0233
2023-02-16,1676505600,8173.7084
2023-02-17,1676592000,6121.7703
2023-02-18,1676678400,2946.6270
2023-02-19,1676764800,5872.8923
2023-02-20,1676851200,3810.9550
2023-02-21,1676937600,6527.9579
2023-02-22,1677024000,9582.7774
2023-02-23,1677110400,5004.8386
2023-02-24,1677196800,11252.2395
2023-02-25,1677283200,4073.7544
2023-02-26,1677369600,4280.0476
2023-02-27,1677456000,11436.9406
2023-02-28,1677542400,17275.9190
2023-03-01,1677628800,17836.8836
2023-03-02,1677715200,6329.8985
2023-03-03,1677801600,6553.3701
2023-03-04,1677888000,4717.1534
2023-03-05,1677974400,11757.3965
2023-03-06,1678060800,8876.5470
2023-03-07,1678147200,28793.5853
2023-03-08,1678233600,6218.5933
2023-03-09,1678320000,8580.5402
2023-03-10,1678406400,6097.2467
2023-03-11,1678492800,7189.8392
2023-03-12,1678579200,4166.5767
2023-03-13,1678665600,15746.1214
2023-03-14,1678752000,18188.7560
2023-03-15,1678838400,15188.5881
2023-03-16,1678924800,12449.1933
2023-03-17,1679011200,12983.5827
2023-03-18,1679097600,6073.3555
2023-03-19,1679184000,6880.4850
2023-03-20,1679270400,11320.0771
2023-03-21,1679356800,10840.4901
2023-03-22,1679443200,12974.6122
2023-03-23,1679529600,16485.4764
2023-03-24,1679616000,12983.0935
2023-03-25,1679702400,4978.2729
2023-03-26,1679788800,7467.8244
2023-03-27,1679875200,15752.3054
2023-03-28,1679961600,7299.5072
2023-03-29,1680048000,6790.8926
2023-03-30,1680134400,132207.9562
2023-03-31,1680220800,22308.9492
2023-04-01,1680307200,6670.6266
2023-04-02,1680393600,3831.9776
2023-04-03,1680480000,10264.7903
2023-04-04,1680566400,14173.8078
2023-04-05,1680652800,18042.2484
2023-04-06,1680739200,14591.0685
2023-04-07,1680825600,11632.8351
2023-04-08,1680912000,3202.7831
2023-04-09,1680998400,2439.3997
2023-04-10,1681084800,11923.7153
2023-04-11,1681171200,32140.5696
2023-04-12,1681257600,28985.4193
2023-04-13,1681344000,13371.7554
2023-04-14,1681430400,20073.2124
2023-04-15,1681516800,5391.7669
2023-04-16,1681603200,5260.3506
2023-04-17,1681689600,10129.1946
2023-04-18,1681776000,9183.5789
2023-04-19,1681862400,40518.9715
2023-04-20,1681948800,7521.4924
2023-04-21,1682035200,9537.0766
2023-04-22,1682121600,3401.1439
2023-04-23,1682208000,4566.7791
2023-04-24,1682294400,7638.3062
2023-04-25,1682380800,7455.8843
2023-04-26,1682467200,8556.8762
2023-04-27,1682553600,7846.4135
2023-04-28,1682640000,8714.8474
2023-04-29,1682726400,15434.7436
2023-04-30,1682812800,3413.9597
2023-05-01,1682899200,6674.5483
2023-05-02,1682985600,7460.2994
2023-05-03,1683072000,22111.3683
2023-05-04,1683158400,7899.6923
2023-05-05,1683244800,7293.4068
2023-05-06,1683331200,2621.6328
2023-05-07,1683417600,39358.0316
2023-05-08,1683504000,12537.9008
2023-05-09,1683590400,4592.1984
2023-05-10,1683676800,11441.0470
2023-05-11,1683763200,11592.2831
2023-05-12,1683849600,11499.1778
2023-05-13,1683936000,3406.2535
2023-05-14,1684022400,10926.7896
2023-05-15,1684108800,45127.6734
2023-05-16,1684195200,13697.5139
2023-05-17,1684281600,6173.7865
2023-05-18,1684368000,6211.3903
2023-05-19,1684454400,6427.6280
2023-05-20,1684540800,4518.0305
2023-05-21,1684627200,4685.2395
2023-05-22,1684713600,26543.8920
2023-05-23,1684800000,8372.9038
2023-05-24,1684886400,8523.7257
2023-05-25,1684972800,49623.8332
2023-05-26,1685059200,12024.8712
2023-05-27,1685145600,3393.8845
2023-05-28,1685232000,7226.4852
2023-05-29,1685318400,10016.8898
2023-05-30,1685404800,14988.7289
2023-05-31,1685491200,14545.9100
2023-06-01,1685577600,15775.4270
2023-06-02,1685664000,8344.3272
2023-06-03,1685750400,4320.7262
2023-06-04,1685836800,4134.6582
2023-06-05,1685923200,11905.3669
2023-06-06,1686009600,8663.7255
2023-06-07,1686096000,6612.1274
2023-06-08,1686182400,13414.6171
2023-06-09,1686268800,6861.2438
2023-06-10,1686355200,8159.9814
2023-06-11,1686441600,4829.8269
2023-06-12,1686528000,10874.5173
2023-06-13,1686614400,12019.8019
2023-06-14,1686700800,11925.9064
2023-06-15,1686787200,12724.0345
2023-06-16,1686873600,8575.1926
2023-06-17,1686960000,3848.8080
2023-06-18,1687046400,17460.5269
2023-06-19,1687132800,14796.0264
2023-06-20,1687219200,25450.1436
2023-06-21,1687305600,33543.8897
2023-06-22,1687392000,11071.5729
2023-06-23,1687478400,31571.9193
2023-06-24,1687564800,8687.4616
2023-06-25,1687651200,9274.5345
2023-06-26,1687737600,8551.7857
2023-06-27,1687824000,15953.2405
2023-06-28,1687910400,11493.6504
2023-06-29,1687996800,28338.0673
2023-06-30,1688083200,10774.2936
2023-07-01,1688169600,50353.1549
2023-07-02,1688256000,6549.9875
2023-07-03,1688342400,10957.6141
2023-07-04,1688428800,6980.6291
2023-07-05,1688515200,8199.9172
2023-07-06,1688601600,33991.5876
2023-07-07,1688688000,6870.3218
2023-07-08,1688774400,3174.0935
2023-07-09,1688860800,5853.5656
2023-07-10,1688947200,11365.9154
2023-07-11,1689033600,19632.4681
2023-07-12,1689120000,10843.7267
2023-07-13,1689206400,17442.4157
2023-07-14,1689292800,13033.4679
2023-07-15,1689379200,3746.0652
2023-07-16,1689465600,4157.5677
2023-07-17,1689552000,15974.7512
2023-07-18,1689638400,17586.6690
2023-07-19,1689724800,14735.3509
2023-07-20,1689811200,11344.7392
2023-07-21,1689897600,14632.9884
2023-07-22,1689984000,10733.2550
2023-07-23,1690070400,5697.7430
2023-07-24,1690156800,10802.7014
2023-07-25,1690243200,6968.8657
2023-07-26,1690329600,5675.4889
2023-07-27,1690416000,34711.3673
2023-07-28,1690502400,92493.9848
2023-07-29,1690588800,4694.7168
2023-07-30,1690675200,4679.1432
2023-07-31,1690761600,11513.0902
2023-08-01,1690848000,5738.2399
2023-08-02,1690934400,15795.4537
2023-08-03,1691020800,5013.7097
2023-08-04,1691107200,8583.3215
2023-08-05,1691193600,2667.8961
2023-08-06,1691280000,4597.1451
2023-08-07,1691366400,6445.1380
2023-08-08,1691452800,12882.3299
2023-08-09,1691539200,8584.8604
2023-08-10,1691625600,9547.4760
2023-08-11,1691712000,5656.5276
2023-08-12,1691798400,7681.7474
2023-08-13,1691884800,5714.5980
2023-08-14,1691971200,17607.7571
2023-08-15,1692057600,10170.7582
2023-08-16,1692144000,11031.1001
2023-08-17,1692230400,14049.3918
2023-08-18,1692316800,15411.8003
2023-08-19,1692403200,2921.4377
2023-08-20,1692489600,3762.7704
2023-08-21,1692576000,8876.7938
2023-08-22,1692662400,9977.0285
2023-08-23,1692748800,6652.5681
2023-08-24,1692835200,6400.3546
2023-08-25,1692921600,6480.4080
2023-08-26,1693008000,2807.2300
2023-08-27,1693094400,8862.3945
2023-08-28,1693180800,8236.9537
2023-08-29,1693267200,19891.9335
2023-08-30,1693353600,7756.0816
2023-08-31,1693440000,8587.4370
2023-09-01,1693526400,8391.7483
2023-09-02,1693612800,2688.8178
2023-09-03,1693699200,4761.6571
2023-09-04,1693785600,6795.6000
2023-09-05,1693872000,8139.4088
2023-09-06,1693958400,8918.6238
2023-09-07,1694044800,5512.5480
2023-09-08,1694131200,5362.7273
2023-09-09,1694217600,3713.7976
2023-09-10,1694304000,2721.1411
2023-09-11,1694390400,7013.6453
2023-09-12,1694476800,7269.1473
2023-09-13,1694563200,4681.1721
2023-09-14,1694649600,9839.1164
2023-09-15,1694736000,8007.4054
2023-09-16,1694822400,3573.5868
2023-09-17,1694908800,2997.0396
2023-09-18,1694995200,17242.9827
2023-09-19,1695081600,40419.7552
2023-09-20,1695168000,10460.7871
2023-09-21,1695254400,4515.8601
2023-09-22,1695340800,3627.0590
2023-09-23,1695427200,3512.2337
2023-09-24,1695513600,4140.3354
2023-09-25,1695600000,7500.3308
2023-09-26,1695686400,7277.5725
2023-09-27,1695772800,5764.4180
2023-09-28,1695859200,9472.9318
2023-09-29,1695945600,11885.5656
2023-09-30,1696032000,4835.9335
2023-10-01,1696118400,5232.4025
2023-10-02,1696204800,25062.5341
2023-10-03,1696291200,11031.6572
2023-10-04,1696377600,16271.8518
2023-10-05,1696464000,10767.5127
2023-10-06,1696550400,13394.5312
2023-10-07,1696636800,14586.0436
2023-10-08,1696723200,4070.3528
2023-10-09,1696809600,21407.7138
2023-10-10,1696896000,9771.0720
2023-10-11,1696982400,18549.1572
2023-10-12,1697068800,8782.9424
2023-10-13,1697155200,6958.8694
2023-10-14,1697241600,32091.0703
2023-10-15,1697328000,3433.1560
2023-10-16,1697414400,9116.1366
2023-10-17,1697500800,11591.6676
2023-10-18,1697587200,11476.6319
2023-10-19,1697673600,27120.1949
2023-10-20,1697760000,14754.2668
2023-10-21,1697846400,5932.7038
2023-10-22,1697932800,6501.9536
2023-10-23,1698019200,23710.0494
2023-10-24,1698105600,36756.6448
2023-10-25,1698192000,17600.6356
2023-10-26,1698278400,26134.1551
2023-10-27,1698364800,16722.7930
2023-10-28,1698451200,15310.8835
2023-10-29,1698537600,10681.5404
2023-10-30,1698624000,13026.8915
2023-10-31,1698710400,18823.8424
2023-11-01,1698796800,53755.2494
2023-11-02,1698883200,12507.0245
2023-11-03,1698969600,13810.1083
2023-11-04,1699056000,7355.7743
2023-11-05,1699142400,7649.9360
2023-11-06,1699228800,8379.8953
2023-11-07,1699315200,13113.8501
2023-11-08,1699401600,11197.9404
2023-11-09,1699488000,41267.9685
2023-11-10,1699574400,17543.6892
2023-11-11,1699660800,7572.0869
2023-11-12,1699747200,7894.6972
2023-11-13,1699833600,12886.4466
2023-11-14,1699920000,11854.9819
2023-11-15,1700006400,30507.2183
2023-11-16,1700092800,16597.5144
2023-11-17,1700179200,12385.0489
2023-11-18,1700265600,7854.1723
2023-11-19,1700352000,14293.0086
2023-11-20,1700438400,14155.0324
2023-11-21,1700524800,24465.8872
2023-11-22,1700611200,30710.0223
2023-11-23,1700697600,8132.8277
2023-11-24,1700784000,10304.1395
2023-11-25,1700870400,5896.2231
2023-11-26,1700956800,8438.8462
2023-11-27,1701043200,3982.1372
2023-11-28,1701129600,13373.2783
2023-11-29,1701216000,12996.9012
2023-11-30,1701302400,62831.6719
2023-12-01,1701388800,16668.2456
2023-12-02,1701475200,9533.7534
2023-12-03,1701561600,9137.7355
2023-12-04,1701648000,41401.2077
2023-12-05,1701734400,30269.5033
2023-12-06,1701820800,47719.9647
2023-12-07,1701907200,24275.7926
2023-12-08,1701993600,23265.2509
2023-12-09,1702080000,13247.1726
2023-12-10,1702166400,10514.7995
2023-12-11,1702252800,24888.7133
2023-12-12,1702339200,41034.0670
2023-12-13,1702425600,13518.4698
2023-12-14,1702512000,10690.2355
2023-12-15,1702598400,31857.4444
2023-12-16,1702684800,17945.6368
2023-12-17,1702771200,5887.6596
2023-12-18,1702857600,37448.7181
2023-12-19,1702944000,21884.5135
2023-12-20,1703030400,25873.6653
2023-12-21,1703116800,16290.1811
2023-12-22,1703203200,37087.3985
2023-12-23,1703289600,14707.5054
2023-12-24,1703376000,43042.7105
2023-12-25,1703462400,8095.2192
2023-12-26,1703548800,10152.5908
2023-12-27,1703635200,124307.5533
2023-12-28,1703721600,15258.5549
2023-12-29,1703808000,66906.0665
2023-12-30,1703894400,19913.4575
2023-12-31,1703980800,12556.2418
2024-01-01,1704067200,8584.9538
2024-01-02,1704153600,27192.6308
2024-01-03,1704240000,23524.3114
2024-01-04,1704326400,153238.7941
2024-01-05,1704412800,11880.5504
2024-01-06,1704499200,8510.9446
2024-01-07,1704585600,7977.6552
2024-01-08,1704672000,20431.7061
2024-01-09,1704758400,27403.9601
2024-01-10,1704844800,23366.5608
2024-01-11,1704931200,26889.8789
2024-01-12,1705017600,27138.0484
2024-01-13,1705104000,8935.4849
2024-01-14,1705190400,12988.1133
2024-01-15,1705276800,14099.6283
2024-01-16,1705363200,230611.1772
2024-01-17,1705449600,55021.7524
2024-01-18,1705536000,46275.1381
2024-01-19,1705622400,35295.7176
2024-01-20,1705708800,6756.2501
2024-01-21,1705795200,5449.9824
2024-01-22,1705881600,52777.7819
2024-01-23,1705968000,45413.9374
2024-01-24,1706054400,118125.1529
2024-01-25,1706140800,53124.8444
2024-01-26,1706227200,35492.8285
2024-01-27,1706313600,10619.0341
2024-01-28,1706400000,6424.3514
2024-01-29,1706486400,30315.2891
2024-01-30,1706572800,47624.5160
2024-01-31,1706659200,39902.7382
2024-02-01,1706745600,22693.3639
2024-02-02,1706832000,29133.9445
2024-02-03,1706918400,3498.8971
2024-02-04,1707004800,14835.2239
2024-02-05,1707091200,25117.1164
2024-02-06,1707177600,59038.2140
2024-02-07,1707264000,21858.4146
2024-02-08,1707350400,19450.9883
2024-02-09,1707436800,23640.2932
2024-02-10,1707523200,14319.2384
2024-02-11,1707609600,13371.2526
2024-02-12,1707696000,35443.8300
2024-02-13,1707782400,25913.8399
2024-02-14,1707868800,62680.7258
2024-02-15,1707955200,38571.9036
2024-02-16,1708041600,38488.9099
2024-02-17,1708128000,14719.4575
2024-02-18,1708214400,13458.8174
2024-02-19,1708300800,108094.0684
2024-02-20,1708387200,24576.7153
2024-02-21,1708473600,34185.3716
2024-02-22,1708560000,46402.9675
2024-02-23,1708646400,39078.4401
2024-02-24,1708732800,12020.5904
2024-02-25,1708819200,12805.2456
2024-02-26,1708905600,31411.3491
2024-02-27,1708992000,54488.6237
2024-02-28,1709078400,154075.9728
2024-02-29,1709164800,96706.6333
2024-03-01,1709251200,198218.5379
2024-03-02,1709337600,19945.0751
2024-03-03,1709424000,24002.9656
2024-03-04,1709510400,97191.2215
2024-03-05,1709596800,148248.8229
2024-03-06,1709683200,233516.2742
2024-03-07,1709769600,114619.3868
2024-03-08,1709856000,103866.8459
2024-03-09,1709942400,36369.5808
2024-03-10,1710028800,71612.6888
2024-03-11,1710115200,102559.9830
2024-03-12,1710201600,76276.4084
2024-03-13,1710288000,122195.8415
2024-03-14,1710374400,136214.0158
2024-03-15,1710460800,59492.7182
2024-03-16,1710547200,24311.0256
2024-03-17,1710633600,128374.1987
2024-03-18,1710720000,57365.5834
2024-03-19,1710806400,41582.0053
2024-03-20,1710892800,50004.3466
2024-03-21,1710979200,84819.1294
2024-03-22,1711065600,120635.6753
2024-03-23,1711152000,533505.8305
2024-03-24,1711238400,41239.7567
2024-03-25,1711324800,249529.1933
2024-03-26,1711411200,92034.0055
2024-03-27,1711497600,41169.6003
2024-03-28,1711584000,147917.3240
2024-03-29,1711670400,31660.1930
2024-03-30,1711756800,20484.4433
2024-03-31,1711843200,29366.2266
2024-04-01,1711929600,257533.5273
2024-04-02,1712016000,85747.6862
2024-04-03,1712102400,33693.3035
2024-04-04,1712188800,33371.1093
2024-04-05,1712275200,21040.6287
2024-04-06,1712361600,25636.0021
2024-04-07,1712448000,18708.5887
2024-04-08,1712534400,33948.6847
2024-04-09,1712620800,41684.6015
2024-04-10,1712707200,28037.2886
2024-04-11,1712793600,23291.0265
2024-04-12,1712880000,31687.2664
2024-04-13,1712966400,16887.0539
2024-04-14,1713052800,22118.8982
2024-04-15,1713139200,31800.9118
2024-04-16,1713225600,79590.1583
2024-04-17,1713312000,27817.4253
2024-04-18,1713398400,67793.9381
2024-04-19,1713484800,37993.3931
2024-04-20,1713571200,8553.3535
2024-04-21,1713657600,11555.5083
2024-04-22,1713744000,19383.7642
2024-04-23,1713830400,24364.8344
2024-04-24,1713916800,73074.8492
2024-04-25,1714003200,22588.1128
2024-04-26,1714089600,23669.8424
2024-04-27,1714176000,29017.5367
2024-04-28,1714262400,22611.8497
2024-04-29,1714348800,29185.0434
2024-04-30,1714435200,46467.7873
2024-05-01,1714521600,28772.6231
2024-05-02,1714608000,23948.9492
2024-05-03,1714694400,29452.3720
2024-05-04,1714780800,9870.6860
2024-05-05,1714867200,8239.0195
2024-05-06,1714953600,31603.0433
2024-05-07,1715040000,15493.4063
2024-05-08,1715126400,22527.3513
2024-05-09,1715212800,16727.6913
2024-05-10,1715299200,14525.2118
2024-05-11,1715385600,13397.0153
2024-05-12,1715472000,26703.4742
2024-05-13,1715558400,22448.6489
2024-05-14,1715644800,30569.7208
2024-05-15,1715731200,138933.0925
2024-05-16,1715817600,24928.8668
2024-05-17,1715904000,27088.8335
2024-05-18,1715990400,11295.4067
2024-05-19,1716076800,16256.3657
2024-05-20,1716163200,28342.9201
2024-05-21,1716249600,37897.7029
2024-05-22,1716336000,58599.0570
2024-05-23,1716422400,42096.9722
2024-05-24,1716508800,30816.7441
2024-05-25,1716595200,8967.1823
2024-05-26,1716681600,23488.5809
2024-05-27,1716768000,37389.8433
2024-05-28,1716854400,1797841.5050
2024-05-29,1716940800,22436.1466
2024-05-30,1717027200,30601.9273
2024-05-31,1717113600,21503.1332
2024-06-01,1717200000,14011.7017
2024-06-02,1717286400,16209.9708
2024-06-03,1717372800,57376.4059
2024-06-04,1717459200,33370.7291
2024-06-05,1717545600,38002.9224
2024-06-06,1717632000,68487.9193
2024-06-07,1717718400,26797.3432
2024-06-08,1717804800,19891.3404
2024-06-09,1717891200,15849.6077
2024-06-10,1717977600,22281.8897
2024-06-11,1718064000,157711.3234
2024-06-12,1718150400,36821.9445
2024-06-13,1718236800,14925.4013
2024-06-14,1718323200,22677.9404
2024-06-15,1718409600,33213.8832
2024-06-16,1718496000,8347.1447
2024-06-17,1718582400,34675.4521
2024-06-18,1718668800,20154.5546
2024-06-19,1718755200,16951.6769
2024-06-20,1718841600,18078.0572
2024-06-21,1718928000,36288.6639
2024-06-22,1719014400,190077.9422
2024-06-23,1719100800,11336.8886
2024-06-24,1719187200,57538.9287
2024-06-25,1719273600,22324.9116
2024-06-26,1719360000,31846.7286
2024-06-27,1719446400,142101.0162
2024-06-28,1719532800,29963.1296
2024-06-29,1719619200,7712.4476
2024-06-30,1719705600,12000.5879
2024-07-01,1719792000,27462.4719
2024-07-02,1719878400,17950.5247
2024-07-03,1719964800,78756.8509
2024-07-04,1720051200,44398.3265
2024-07-05,1720137600,134190.7686
2024-07-06,1720224000,11341.6857
2024-07-07,1720310400,18259.7861
2024-07-08,1720396800,16333.5377
2024-07-09,1720483200,59745.2551
2024-07-10,1720569600,47160.4731
2024-07-11,1720656000,13245.6210
2024-07-12,1720742400,19756.0887
2024-07-13,1720828800,10517.1729
2024-07-14,1720915200,19322.4704
2024-07-15,1721001600,33331.0527
2024-07-16,1721088000,28234.0438
2024-07-17,1721174400,32442.9762
2024-07-18,1721260800,50501.4788
2024-07-19,1721347200,95364.0730
2024-07-20,1721433600,11821.1466
2024-07-21,1721520000,10965.9600
2024-07-22,1721606400,25404.4369
2024-07-23,1721692800,199081.2352
2024-07-24,1721779200,29063.5063
2024-07-25,1721865600,58911.1188
2024-07-26,1721952000,21647.6549
2024-07-27,1722038400,28963.6188
2024-07-28,1722124800,16560.8982
2024-07-29,1722211200,54193.7404
2024-07-30,1722297600,166685.2121
2024-07-31,1722384000,23077.0938
2024-08-01,1722470400,46170.0469
2024-08-02,1722556800,25266.1854
2024-08-03,1722643200,22523.4411
2024-08-04,1722729600,19649.9257
2024-08-05,1722816000,97906.5428
2024-08-06,1722902400,16653.8706
2024-08-07,1722988800,47615.9029
2024-08-08,1723075200,21498.1607
2024-08-09,1723161600,29272.8620
2024-08-10,1723248000,49990.3985
2024-08-11,1723334400,7707.3583
2024-08-12,1723420800,21973.3763
2024-08-13,1723507200,21257.4786
2024-08-14,1723593600,15840.0416
2024-08-15,1723680000,20858.2844
2024-08-16,1723766400,17107.2233
2024-08-17,1723852800,7107.7829
2024-08-18,1723939200,9731.3483
2024-08-19,1724025600,22727.8343
2024-08-20,1724112000,22112.7930
2024-08-21,1724198400,27256.8432
2024-08-22,1724284800,19730.9924
2024-08-23,1724371200,30381.9761
2024-08-24,1724457600,12035.6169
2024-08-25,1724544000,8289.8120
2024-08-26,1724630400,19002.6589
2024-08-27,1724716800,60951.5121
2024-08-28,1724803200,20377.9391
2024-08-29,1724889600,122696.2411
2024-08-30,1724976000,15148.9239
2024-08-31,1725062400,21648.9348
2024-09-01,1725148800,6751.8983
2024-09-02,1725235200,12082.9065
2024-09-03,1725321600,24749.7172
2024-09-04,1725408000,29366.4678
2024-09-05,1725494400,18157.5463
2024-09-06,1725580800,33697.6314
2024-09-07,1725667200,5122.6753
2024-09-08,1725753600,5206.5119
2024-09-09,1725840000,34119.8331
2024-09-10,1725926400,29782.7592
2024-09-11,1726012800,19740.9688
2024-09-12,1726099200,18339.8416
2024-09-13,1726185600,47022.8403
2024-09-14,1726272000,9246.1602
2024-09-15,1726358400,13407.0489
2024-09-16,1726444800,37422.6109
2024-09-17,1726531200,21598.9588
2024-09-18,1726617600,35692.1083
2024-09-19,1726704000,26221.0802
2024-09-20,1726790400,44518.2753
2024-09-21,1726876800,12766.0734
2024-09-22,1726963200,11002.0858
2024-09-23,1727049600,33875.0046
2024-09-24,1727136000,22862.9594
2024-09-25,1727222400,39202.8548
2024-09-26,1727308800,53340.2621
2024-09-27,1727395200,17806.9096
2024-09-28,1727481600,15501.0273
2024-09-29,1727568000,10292.8355
2024-09-30,1727654400,27016.9318
2024-10-01,1727740800,15651.1272
2024-10-02,1727827200,18712.5283
2024-10-03,1727913600,28113.4316
2024-10-04,1728000000,9125.7522
2024-10-05,1728086400,6540.0973
2024-10-06,1728172800,21942.4991
2024-10-07,1728259200,261184.1961
2024-10-08,1728345600,34894.3517
2024-10-09,1728432000,26361.8407
2024-10-10,1728518400,87224.6218
2024-10-11,1728604800,23638.0262
2024-10-12,1728691200,20277.2480
2024-10-13,1728777600,33505.5349
2024-10-14,1728864000,89546.3110
2024-10-15,1728950400,28619.1348
2024-10-16,1729036800,32161.2537
2024-10-17,1729123200,42501.9532
2024-10-18,1729209600,37604.0020
2024-10-19,1729296000,66734.6910
2024-10-20,1729382400,89564.0964
2024-10-21,1729468800,20179.7659
2024-10-22,1729555200,26717.5413
2024-10-23,1729641600,21255.9323
2024-10-24,1729728000,32748.2655
2024-10-25,1729814400,14852.0137
2024-10-26,1729900800,15675.4220
2024-10-27,1729987200,31364.6387
2024-10-28,1730073600,61928.3147
2024-10-29,1730160000,41517.1391
2024-10-30,1730246400,37784.7572
2024-10-31,1730332800,46447.1218
2024-11-01,1730419200,24675.3807
2024-11-02,1730505600,17854.0754
2024-11-03,1730592000,28799.2803
2024-11-04,1730678400,39035.4019
2024-11-05,1730764800,229194.1265
2024-11-06,1730851200,51020.0867
2024-11-07,1730937600,76249.3261
2024-11-08,1731024000,18974.0976
2024-11-09,1731110400,46654.4857
2024-11-10,1731196800,125443.5819
2024-11-11,1731283200,146968.7559
2024-11-12,1731369600,107654.5041
2024-11-13,1731456000,235769.5182
2024-11-14,1731542400,100536.6590
2024-11-15,1731628800,39090.2206
2024-11-16,1731715200,39973.1336
2024-11-17,1731801600,61053.3578
2024-11-18,1731888000,170963.5605
2024-11-19,1731974400,155718.2248
2024-11-20,1732060800,175753.5943
2024-11-21,1732147200,171661.4843
2024-11-22,1732233600,34234.1760
2024-11-23,1732320000,47664.1754
2024-11-24,1732406400,117945.8690
2024-11-25,1732492800,181740.3017
2024-11-26,1732579200,133607.3401
2024-11-27,1732665600,120071.1782
2024-11-28,1732752000,66910.1239
2024-11-29,1732838400,33067.7274
2024-11-30,1732924800,26168.1316
2024-12-01,1733011200,145012.9480
2024-12-02,1733097600,199319.0976
2024-12-03,1733184000,80907.8643
2024-12-04,1733270400,293312.6599
2024-12-05,1733356800,72965.4301
2024-12-06,1733443200,44363.8591
2024-12-07,1733529600,20843.1325
2024-12-08,1733616000,211291.6367
2024-12-09,1733702400,71840.6288
2024-12-10,1733788800,32602.3149
2024-12-11,1733875200,50648.1100
2024-12-12,1733961600,95623.5140
2024-12-13,1734048000,45503.6944
2024-12-14,1734134400,54279.2570
2024-12-15,1734220800,155559.5239
2024-12-16,1734307200,159560.8796
2024-12-17,1734393600,163692.7832
2024-12-18,1734480000,235762.5712
2024-12-19,1734566400,170697.3422
2024-12-20,1734652800,29878.6502
2024-12-21,1734739200,49539.5236
2024-12-22,1734825600,203939.9742
2024-12-23,1734912000,218457.2214
2024-12-24,1734998400,27904.1526
2024-12-25,1735084800,27904.1526
2024-12-26,1735171200,61032.0416
2024-12-27,1735257600,133196.0857
2024-12-28,1735344000,37704.9574
2024-12-29,1735430400,120310.0997
2024-12-30,1735516800,178984.0843
2024-12-31,1735603200,170780.5020
2025-01-01,1735689600,115269.7724
2025-01-02,1735776000,53872.3491
2025-01-03,1735862400,30889.5839
2025-01-04,1735948800,27310.3619
2025-01-05,1736035200,21911.8979
2025-01-06,1736121600,49296.1689
2025-01-07,1736208000,161850.8379
2025-01-08,1736294400,47383.8648
2025-01-09,1736380800,32761.3156
2025-01-10,1736467200,46496.6219
2025-01-11,1736553600,24655.8201
2025-01-12,1736640000,20416.9780
2025-01-13,1736726400,31539.9133
2025-01-14,1736812800,33143.7820
2025-01-15,1736899200,100788.2644
2025-01-16,1736985600,58590.8783
2025-01-17,1737072000,75366.8652
2025-01-18,1737158400,73995.5428
2025-01-19,1737244800,51505.6822
2025-01-20,1737331200,74824.6974
2025-01-21,1737417600,93629.7391
2025-01-22,1737504000,144289.2880
2025-01-23,1737590400,522153.8993
2025-01-24,1737676800,42773.4815
2025-01-25,1737763200,31450.7781
2025-01-26,1737849600,24897.9494
2025-01-27,1737936000,61928.4558
2025-01-28,1738022400,46815.0209
2025-01-29,1738108800,32896.4334
2025-01-30,1738195200,39073.6449
2025-01-31,1738281600,37769.1390
2025-02-01,1738368000,30535.8486
2025-02-02,1738454400,29831.8208
2025-02-03,1738540800,67496.5938
2025-02-04,1738627200,128517.4697
2025-02-05,1738713600,176024.2421
2025-02-06,1738800000,114519.0722
2025-02-07,1738886400,37051.4889
2025-02-08,1738972800,24197.3228
2025-02-09,1739059200,194260.1905
2025-02-10,1739145600,38511.4065
2025-02-11,1739232000,116207.3695
2025-02-12,1739318400,38863.9494
2025-02-13,1739404800,29517.5909
2025-02-14,1739491200,40836.1516
2025-02-15,1739577600,21183.0538
2025-02-16,1739664000,13545.3477
2025-02-17,1739750400,24553.8604
2025-02-18,1739836800,38725.2270
2025-02-19,1739923200,24948.9490
2025-02-20,1740009600,30487.0165
2025-02-21,1740096000,36719.6626
2025-02-22,1740182400,25228.6931
2025-02-23,1740268800,16230.1426
2025-02-24,1740355200,38487.8065
2025-02-25,1740441600,121353.9046
2025-02-26,1740528000,110031.5511
2025-02-27,1740614400,64238.1969
2025-02-28,1740700800,64520.0177
2025-03-01,1740787200,19393.8159
2025-03-02,1740873600,31506.2760
2025-03-03,1740960000,75143.2463
2025-03-04,1741046400,43077.7817
2025-03-05,1741132800,31910.4831
2025-03-06,1741219200,75705.4017
2025-03-07,1741305600,54070.1930
2025-03-08,1741392000,10170.1354
2025-03-09,1741478400,18027.2767
2025-03-10,1741564800,102575.6267
2025-03-11,1741651200,71226.9367
2025-03-12,1741737600,66884.2716
2025-03-13,1741824000,43356.5552
2025-03-14,1741910400,51022.8722
2025-03-15,1741996800,8330.9838
2025-03-16,1742083200,16731.5591
2025-03-17,1742169600,30717.4841
2025-03-18,1742256000,26566.6531
2025-03-19,1742342400,35291.2309
2025-03-20,1742428800,66413.3536
2025-03-21,1742515200,18337.4810
2025-03-22,1742601600,42111.4161
2025-03-23,1742688000,12051.0231
2025-03-24,1742774400,25737.0522
2025-03-25,1742860800,35168.4003
2025-03-26,1742947200,37529.3226
2025-03-27,1743033600,27508.4518
2025-03-28,1743120000,119636.3294
2025-03-29,1743206400,12446.9394
2025-03-30,1743292800,17742.2933
2025-03-31,1743379200,39962.6911
2025-04-01,1743465600,27013.5958
2025-04-02,1743552000,68850.1077
2025-04-03,1743638400,157006.8232
2025-04-04,1743724800,42612.3834
2025-04-05,1743811200,20649.9210
2025-04-06,1743897600,20182.5610
2025-04-07,1743984000,123405.0722
2025-04-08,1744070400,31183.8766
2025-04-09,1744156800,61294.6039
2025-04-10,1744243200,97393.6163
2025-04-11,1744329600,78906.9456
2025-04-12,1744416000,16793.5670
2025-04-13,1744502400,29769.3933
2025-04-14,1744588800,29006.9277
2025-04-15,1744675200,62910.8026
2025-04-16,1744761600,52595.7937
2025-04-17,1744848000,127119.5940
2025-04-18,1744934400,16083.4616
2025-04-19,1745020800,9395.7207
2025-04-20,1745107200,14928.2482
2025-04-21,1745193600,33316.1949
2025-04-22,1745280000,49939.1570
2025-04-23,1745366400,64568.4058
2025-04-24,1745452800,102453.3765
2025-04-25,1745539200,148884.7123
2025-04-26,1745625600,40247.9344
2025-04-27,1745712000,20844.0935
2025-04-28,1745798400,103792.9498
2025-04-29,1745884800,120408.0664
2025-04-30,1745971200,73236.1607
2025-05-01,1746057600,91719.5416
2025-05-02,1746144000,92397.3955
2025-05-03,1746230400,20208.2965
2025-05-04,1746316800,13931.6588
2025-05-05,1746403200,233105.4710
2025-05-06,1746489600,164852.5011
2025-05-07,1746576000,95560.5714
2025-05-08,1746662400,113882.3842
2025-05-09,1746748800,114576.8759
2025-05-10,1746835200,18048.7826
2025-05-11,1746921600,31252.5583
2025-05-12,1747008000,66396.9854
2025-05-13,1747094400,173747.3126
2025-05-14,1747180800,55906.2797
2025-05-15,1747267200,61746.1145
2025-05-16,1747353600,18951.2841
2025-05-17,1747440000,31788.5895
2025-05-18,1747526400,158722.2654
2025-05-19,1747612800,128021.6000
2025-05-20,1747699200,153162.0477
2025-05-21,1747785600,82098.3670
2025-05-22,1747872000,82034.9854
2025-05-23,1747958400,21968.1780
2025-05-24,1748044800,46398.1513
2025-05-25,1748131200,169612.6396
2025-05-26,1748217600,132794.7009
2025-05-27,1748304000,66069.8423
2025-05-28,1748390400,138836.6483
2025-05-29,1748476800,52185.6590
2025-05-30,1748563200,16144.7065
2025-05-31,1748649600,20204.4835
2025-06-01,1748736000,67676.1288
2025-06-02,1748822400,61131.4558
2025-06-03,1748908800,136869.2597
2025-06-04,1748995200,33969.5588
2025-06-05,1749081600,37322.5895
2025-06-06,1749168000,32124.7028
2025-06-07,1749254400,25741.8167
2025-06-08,1749340800,34019.5555
2025-06-09,1749427200,77808.1880
2025-06-10,1749513600,51132.2183
2025-06-11,1749600000,35297.0053
2025-06-12,1749686400,120433.0540
2025-06-13,1749772800,14925.4834
2025-06-14,1749859200,25041.4134
2025-06-15,1749945600,85682.0135
2025-06-16,1750032000,41473.4700
2025-06-17,1750118400,54381.1354
2025-06-18,1750204800,38596.5412
2025-06-19,1750291200,40262.9376
2025-06-20,1750377600,32257.8568
2025-06-21,1750464000,62968.6238
2025-06-22,1750550400,62600.4823
2025-06-23,1750636800,76980.9786
2025-06-24,1750723200,78717.6346
2025-06-25,1750809600,164799.6505
2025-06-26,1750896000,167343.8605
2025-06-27,1750982400,19269.5141
2025-06-28,1751068800,24891.7652
2025-06-29,1751155200,203093.8337
2025-06-30,1751241600,83988.2996
