theDay,unixTs,capRealUSD
2025-05-07,1746576000,891465296476.1846
2025-05-16,1747353600,905175439917.4197
2025-06-16,1750032000,943866135905.2457
2020-05-02,1588377600,102884541121.9142
2025-02-12,1739318400,856898658650.0259
2025-03-29,1743206400,867427488915.2189
2025-04-25,1745539200,879464197559.4795
2020-12-25,1608854400,159301169158.6437
2025-01-23,1737590400,840709705995.0288
2025-01-21,1737417600,833692487601.227
2025-01-22,1737504000,836300209654.0685
2025-06-26,1750896000,952410179200.1207
2021-02-01,1612137600,223322157876.7939
2025-01-17,1737072000,827857166782.5043
2025-01-18,1737158400,829090467761.821
2025-01-20,1737331200,831297231111.5504
2021-04-03,1617408000,328920822540.502
2021-06-19,1624060800,369119185044.2603
2025-03-02,1740873600,861118868104.9177
2024-06-18,1718668800,602307970819.4121
2025-06-07,1749254400,934885066367.289
2025-02-21,1740096000,859948278304.106
2025-02-22,1740182400,860506913557.6364
2025-04-07,1743984000,869564952069.6444
2025-02-05,1738713600,851893521808.5767
2025-06-28,1751068800,954897088641.1091
2025-03-11,1741651200,862511116751.811
2025-03-20,1742428800,864841083909.2302
2025-04-28,1745798400,881525389906.488
2025-03-12,1741737600,863150734478.6868
2025-06-27,1750982400,954583240705.5197
2025-01-19,1737244800,829701122604.0784
2025-01-15,1736899200,823587050239.9304
2025-01-14,1736812800,821735944632.4036
2025-04-16,1744761600,871336585478.316
2025-04-17,1744848000,869376779608.807
2025-03-03,1740960000,860607415448.8724
2025-01-28,1738022400,844474101346.2826
2025-02-13,1739404800,857131484220.7046
2025-06-08,1749340800,935393539726.4188
2025-02-06,1738800000,852977029606.1395
2025-02-07,1738886400,853343823921.7522
2025-05-28,1748390400,924311697481.2793
2025-03-30,1743292800,867264282881.2635
2025-06-17,1750118400,944087683576.0767
2025-01-13,1736726400,820701493930.2118
2025-03-21,1742515200,865034436186.7712
2025-04-26,1745625600,879938432104.8452
2025-04-29,1745884800,882908355149.3322
2025-05-08,1746662400,893631445399.2545
2025-05-17,1747440000,905474749524.2985
2025-01-10,1736467200,819625649212.3323
2025-01-25,1737763200,842274668005.5825
2025-04-08,1744070400,868972336022.8478
2025-02-23,1740268800,860722715315.8365
2025-06-29,1751155200,955489736376.3197
2025-03-13,1741824000,863005836185.2689
2025-04-18,1744934400,869534135511.6049
2025-03-04,1741046400,860774701536.4254
2025-06-09,1749427200,936716160060.3668
2025-01-29,1738108800,845263685324.6908
2025-02-14,1739491200,857659559460.6626
2020-03-09,1583712000,105804387818.6549
2025-03-31,1743379200,867162086341.2705
2020-05-05,1588636800,103161176582.3718
2020-06-11,1591833600,106267663961.5331
2025-04-09,1744156800,870010078933.0509
2020-07-14,1594684800,107774551117.7492
2020-10-21,1603238400,118205430504.1514
2025-02-08,1738972800,853693689034.5334
2020-12-05,1607126400,140855010996.5096
2024-02-24,1708732800,463986364274.5016
2025-06-18,1750204800,944658432023.2521
2020-12-07,1607299200,141456785327.0386
2025-05-18,1747526400,906236211889.125
2020-12-15,1607990400,145286046993.2468
2025-04-27,1745712000,880226453681.93
2025-04-30,1745971200,883693262230.9495
2025-05-09,1746748800,895555914419.0995
2020-12-16,1608076800,146790733664.6428
2025-01-26,1737849600,842584810231.6597
2020-12-23,1608681600,157363130883.6699
2022-06-13,1655078400,442123465686.8181
2021-01-09,1610150400,203539371846.09
2021-01-23,1611360000,216717660231.0313
2021-01-24,1611446400,216921808301.2368
2021-01-31,1612051200,222826545524.1004
2025-05-29,1748476800,925785146702.2498
2021-02-09,1612828800,239578961835.4492
2021-02-19,1613692800,266023007408.9351
2025-02-24,1740355200,860715047175.1117
2021-03-08,1615161600,289959318356.4101
2024-01-26,1706227200,445238176113.2355
2025-01-24,1737676800,841680037980.8423
2021-03-24,1616544000,315586320011.874
2024-04-15,1713139200,560899382635.7
2021-05-04,1620086400,368431007313.0439
2025-06-30,1751241600,957901297078.9135
2021-05-14,1620950400,377301635632.6582
2025-03-22,1742601600,865106189084.3372
2021-05-22,1621641600,370490270948.8922
2025-03-14,1741910400,863539859366.8021
2021-06-04,1622764800,369993521743.5664
2021-08-14,1628899200,380304912616.5069
2021-08-16,1629072000,380906526990.8308
2021-09-23,1632355200,395484558719.4607
2021-09-24,1632441600,395196123992.2671
2021-10-22,1634860800,426844088427.9452
2021-11-12,1636675200,456281202500.8405
2021-12-24,1640304000,463556990766.975
2022-01-12,1641945600,460821557228.6907
2022-01-20,1642636800,458935359896.4039
2022-06-27,1656288000,428848879845.6876
2022-07-31,1659225600,417379511138.2356
2022-09-01,1661990400,413390211231.2297
2022-09-03,1662163200,413010026285.5716
2022-09-12,1662940800,412406291922.3767
2022-09-20,1663632000,409259642170.9384
2022-09-27,1664236800,408368805660.6532
2022-10-18,1666051200,405940704276.8307
2022-12-02,1669939200,387656374751.5929
2023-01-20,1674172800,381180146551.8296
2023-02-05,1675555200,382797935684.5817
2025-06-10,1749513600,938228424435.1562
2023-02-15,1676419200,383185665666.451
2025-03-05,1741132800,861766886136.8416
2023-03-06,1678060800,382959510427.413
2023-03-20,1679270400,384629967391.9191
2025-01-30,1738195200,846526879597.6029
2025-02-15,1739577600,858092884401.1683
2023-03-21,1679356800,385046069813.5388
2025-04-19,1745020800,869595589385.5184
2023-07-31,1690761600,395798165558.9037
2023-10-25,1698192000,400421458991.3588
2023-11-02,1698883200,403755086408.1761
2023-11-06,1699228800,404761488212.601
2025-04-01,1743465600,867310823342.6434
2023-11-12,1699747200,407569643247.5689
2023-12-01,1701388800,413205447185.3333
2025-04-10,1744243200,870207845205.0127
2023-12-06,1701820800,417661602507.1163
2023-12-29,1703808000,429441447917.8273
2025-02-09,1739059200,855104964566.8148
2025-06-19,1750291200,945246901769.2755
2024-03-02,1709337600,481653103627.48804
2024-06-17,1718582400,602310360824.3182
2024-07-09,1720483200,607372502913.2917
2025-03-23,1742688000,865330751977.0316
2025-05-10,1746835200,896168929048.7737
2025-05-19,1747612800,908548686152.9225
2024-07-16,1721088000,610970210219.4146
2025-01-27,1737936000,843722954847.0802
2024-08-04,1722729600,619796039598.8182
2022-05-05,1651708800,465191628859.0727
2024-08-10,1723248000,620249740199.4502
2024-12-01,1733011200,734101670076.7335
2025-05-23,1747958400,916788797973.3693
2024-12-16,1734307200,778898872113.6327
2024-12-19,1734566400,789723696415.6261
2024-12-23,1734912000,799907145178.4847
2025-02-25,1740441600,860713457324.0347
2025-05-15,1747267200,903920409118.8937
2025-05-01,1746057600,884951723667.3058
2025-03-15,1741996800,863657251521.0116
2025-05-30,1748563200,926532652598.1532
2025-04-20,1745107200,869744429089.413
2025-06-11,1749600000,939175127347.4681
2025-03-06,1741219200,862524152392.3977
2025-01-31,1738281600,847021479034.4795
2025-02-16,1739664000,858173278476.9448
2024-11-07,1730937600,662524338770.6403
2025-04-02,1743552000,867647649721.6267
2025-04-11,1744329600,870639975980.6185
2024-10-11,1728604800,639080768933.3411
2024-11-01,1730419200,655371152181.8561
2024-12-04,1733270400,742268010183.365
2025-06-20,1750377600,945660004056.462
2025-02-10,1739145600,855586168203.3582
2025-03-24,1742774400,865917882136.9402
2025-05-02,1746144000,886253329301.1536
2025-05-11,1746921600,896733873102.8074
2025-05-20,1747699200,910353174912.1476
2025-05-24,1748044800,917309487142.1858
2025-02-26,1740528000,859729392893.4674
2025-03-16,1742083200,863677610462.6841
2025-05-22,1747872000,915565091046.1202
2025-04-21,1745193600,870374634276.7832
2025-05-31,1748649600,926745216190.156
2025-06-12,1749686400,939818612330.2866
2025-03-07,1741305600,862382576128.4448
2025-02-01,1738368000,847284273872.3014
2025-02-17,1739750400,858331565714.2032
2025-04-03,1743638400,868916569959.424
2025-04-12,1744416000,871007240373.1257
2025-06-21,1750464000,946045276404.8795
2025-02-11,1739232000,856304946954.5615
2025-03-25,1742860800,866155634818.9014
2025-05-03,1746230400,886715384873.797
2025-05-12,1747008000,898018144404.3708
2025-05-21,1747785600,913060314224.206
2025-05-25,1748131200,917931218380.3402
2025-02-27,1740614400,860017999108.1152
2025-03-17,1742169600,863740611699.9302
2025-04-22,1745280000,872227904488.3848
2025-06-01,1748736000,927100597665.2274
2025-06-13,1749772800,941133175675.2616
2025-02-02,1738454400,847380817896.6698
2025-02-18,1739836800,858671712761.3336
2025-04-04,1743724800,869272459611.3063
2025-06-22,1750550400,946308942616.4474
2025-03-08,1741392000,862449171349.6207
2025-05-13,1747094400,900631346726.329
2025-03-26,1742947200,866496465461.917
2025-05-04,1746316800,886794454484.4987
2025-05-26,1748217600,920263041701.1608
2025-04-13,1744502400,871310720162.6835
2025-03-18,1742256000,863795301994.8463
2025-04-23,1745366400,874996216215.518
2025-06-02,1748822400,929928531607.8823
2025-02-28,1740700800,859848976451.8734
2025-06-14,1749859200,941368308807.7927
2025-03-09,1741478400,862173355504.5182
2025-02-03,1738540800,848866354549.4819
2025-06-23,1750636800,947619074754.4789
2025-04-14,1744588800,871765252596.7767
2025-05-27,1748304000,922877221658.4119
2025-05-14,1747180800,901696936162.5405
2025-02-19,1739923200,859091778407.2286
2025-03-27,1743033600,866682239080.5944
2025-05-05,1746403200,888677715586.4382
2025-04-05,1743811200,869389747047.463
2025-03-19,1742342400,864564478071.9653
2025-04-24,1745452800,876420444138.63
2025-06-03,1748908800,932116271802.1802
2025-03-01,1740787200,859878831367.9889
2025-06-15,1749945600,941764048156.5549
2025-03-10,1741564800,861833538021.4635
2025-02-04,1738627200,850294593184.9601
2025-02-20,1740009600,859702094912.9651
2025-06-24,1750723200,948890479462.9508
2025-04-06,1743897600,869094655503.0612
2025-04-15,1744675200,870947716659.9094
2020-05-26,1590451200,105058056354.7979
2020-05-27,1590537600,105134951460.428
2020-05-28,1590624000,105213823414.4275
2020-05-30,1590796800,105326120951.2569
2020-05-23,1590192000,105147065863.5803
2020-05-19,1589846400,105129232113.7473
2020-05-18,1589760000,104975717653.5158
2020-05-21,1590019200,105105092239.1243
2020-02-11,1581379200,105147189280.6688
2020-05-22,1590105600,105113359105.8409
2020-05-31,1590883200,105338161733.8862
2020-06-06,1591401600,105940627438.613
2020-06-07,1591488000,105981237968.94
2020-06-08,1591574400,106171524170.3912
2020-06-10,1591747200,106325296944.1811
2020-06-13,1592006400,106331176101.8455
2020-06-16,1592265600,106457805246.9094
2020-06-30,1593475200,107283411118.0861
2020-07-01,1593561600,107318359687.2547
2020-07-02,1593648000,107317434076.5374
2020-07-03,1593734400,107331333678.9401
2020-07-04,1593820800,107351108957.3116
2021-06-08,1623110400,367909798406.5192
2023-01-29,1674950400,381717720323.0089
2023-08-22,1692662400,395592936140.11224
2023-08-23,1692748800,395502718438.01086
2023-08-24,1692835200,395412500735.9095
2020-06-24,1592956800,106918779917.3558
2020-06-25,1593043200,106904474216.4302
2020-06-27,1593216000,107181629476.4512
2020-07-05,1593907200,107361102470.1235
2020-07-07,1594080000,107445930375.5914
2020-07-08,1594166400,107607494237.4064
2020-07-09,1594252800,107635973422.2751
2020-07-13,1594598400,107713404168.9936
2020-07-15,1594771200,107820341542.5212
2020-07-17,1594944000,107835979742.7101
2020-07-18,1595030400,107850937335.9426
2020-07-20,1595203200,107894191349.7029
2020-07-21,1595289600,107948883988.435
2020-07-22,1595376000,108041750319.6878
2020-07-24,1595548800,108176769161.5498
2020-07-25,1595635200,108242653446.2871
2020-07-26,1595721600,108330224151.6996
2020-08-05,1596585600,110844589895.7662
2020-08-10,1597017600,112169855407.4003
2020-08-11,1597104000,112334578636.9676
2020-08-12,1597190400,112468646465.5128
2020-08-13,1597276800,112653363946.9736
2023-02-17,1676592000,383573979505.5401
2020-06-21,1592697600,106798884568.7619
2020-07-31,1596153600,109787923322.7054
2020-07-30,1596067200,109568095675.6564
2020-08-01,1596240000,109975023679.4065
2020-08-03,1596412800,110406402399.2609
2020-08-15,1597449600,112936378282.5254
2020-08-17,1597622400,113448071603.7293
2020-08-18,1597708800,113550254366.6729
2020-08-19,1597795200,113616355143.737
2020-08-21,1597968000,113833084546.4327
2020-08-22,1598054400,113891681632.2459
2020-08-23,1598140800,113938214743.1311
2020-08-24,1598227200,114067965700.855
2021-09-05,1630800000,392286882007.1513
2021-09-28,1632787200,397705923983.3557
2023-02-21,1676937600,383908422848.6306
2024-02-27,1708992000,468214001851.72455
2024-03-19,1710806400,528179469233.7283
2024-04-06,1712361600,556951938425.3873
2020-10-05,1601856000,116035132679.5856
2021-06-07,1623024000,368831517949.2717
2021-08-23,1629676800,385150537594.2543
2021-09-15,1631664000,395139772789.7363
2021-09-18,1631923200,396075176282.6403
2024-04-13,1712966400,560494437065.3447
2024-06-02,1717286400,593119677611.289
2020-05-12,1589241600,104264169720.1261
2020-01-01,1577836800,101010417318.8791
2020-06-20,1592611200,106770626613.9934
2021-07-07,1625616000,362772573963.8868
2021-10-19,1634601600,422453317003.5555
2021-10-21,1634774400,426528263405.0251
2021-10-25,1635120000,430281980168.957
2024-03-30,1711756800,548956077065.8762
2024-04-10,1712707200,559853311683.1927
2024-04-14,1713052800,560876098654.375
2024-04-28,1714262400,568154716769.019
2024-05-11,1715385600,570559364047.7716
2021-07-18,1626566400,362870172343.784
2020-01-07,1578355200,101219471965.8662
2021-08-15,1628985600,380550842159.6535
2021-11-10,1636502400,449058378754.6159
2021-11-23,1637625600,459462821175.2799
2021-12-19,1639872000,461989132486.7511
2022-01-08,1641600000,460689620505.6441
2024-06-20,1718841600,602710439817.2039
2024-07-01,1719792000,606457918163.1516
2024-08-03,1722643200,619947817015.5377
2021-08-01,1627776000,373899520426.8335
2020-01-24,1579824000,102435658939.0174
2021-11-08,1636329600,446411909311.8275
2021-11-13,1636761600,456712905708.0478
2024-05-20,1716163200,577089801432.6652
2024-07-11,1720656000,607580840321.9133
2024-07-31,1722384000,619672597649.3331
2024-08-07,1722988800,617868797890.5789
2024-08-08,1723075200,618990857572.839
2020-04-02,1585785600,101127899290.5263
2020-02-06,1580947200,103938575358.8999
2022-01-21,1642723200,456186482545.2574
2024-08-02,1722556800,619883236196.2312
2024-09-07,1725667200,621498985198.2924
2020-04-15,1586908800,100976131482.5913
2021-11-30,1638230400,463917942451.6837
2021-12-18,1639785600,461939280022.4139
2021-12-20,1639958400,461835061469.7807
2021-12-22,1640131200,462447929744.0097
2022-01-01,1640995200,463293135888.8268
2022-01-28,1643328000,453789497159.7419
2022-01-29,1643414400,453078664233.3788
2022-02-12,1644624000,457887624283.6534
2024-09-11,1726012800,622111402543.7521
2021-03-27,1616803200,319878678604.9218
2021-06-27,1624752000,364121567087.8174
2021-11-15,1636934400,458212578452.0314
2022-01-17,1642377600,460265277444.6115
2022-01-18,1642464000,460139116808.7547
2022-02-24,1645660800,456978953985.7481
2022-03-04,1646352000,458842632278.1062
2022-03-06,1646524800,458776144865.3362
2022-03-14,1647216000,459248459412.2911
2022-03-20,1647734400,459891043975.0311
2022-04-14,1649894400,467261586698.8987
2022-01-30,1643500800,452706430436.7792
2022-03-25,1648166400,463609022486.1928
2020-05-15,1589500800,104665430345.4652
2020-05-17,1589673600,104772165917.6555
2020-06-03,1591142400,105756171571.2541
2020-06-18,1592438400,106745344807.0308
2020-06-23,1592870400,106965454066.2917
2020-07-19,1595116800,107885285472.4051
2020-07-29,1595980800,109364555631.8623
2020-08-06,1596672000,111286939096.8329
2020-09-26,1601078400,115587598741.5421
2022-02-21,1645401600,457041344492.9346
2022-02-25,1645747200,457013320638.1441
2022-03-31,1648684800,466853112484.6094
2022-04-16,1650067200,467358925108.4621
2022-04-18,1650240000,467416683879.96
2022-02-03,1643846400,454545821539.1593
2022-03-05,1646438400,458863074301.2794
2022-03-11,1646956800,459057920085.7659
2022-03-13,1647129600,459005831399.3549
2022-03-23,1647993600,460762838539.6175
2022-05-09,1652054400,461069457362.5472
2022-05-22,1653177600,453707600852.0774
2022-06-04,1654300800,449924697036.4778
2024-09-20,1726790400,626594050455.7566
2020-01-23,1579737600,102379814510.7362
2022-03-30,1648598400,467143405483.768
2022-06-05,1654387200,449840963761.3241
2022-07-05,1656979200,425213511387.4697
2022-07-07,1657152000,424461667458.5
2020-02-14,1581638400,105554111891.7059
2020-03-06,1583452800,106043503006.9029
2022-03-29,1648512000,466747870544.7633
2022-04-17,1650153600,467309508295.0293
2022-04-21,1650499200,468537637986.1368
2022-04-23,1650672000,468121380871.037
2022-05-19,1652918400,454351130216.4314
2022-07-08,1657238400,424297593973.9761
2022-07-21,1658361600,418919483133.0276
2024-09-17,1726531200,624175432119.2988
2020-01-12,1578787200,101478913302.489
2020-04-28,1588032000,101543202446.3148
2022-05-14,1652486400,456096888516.3184
2022-05-21,1653091200,453604209645.3112
2022-05-24,1653350400,453024580462.827
2022-06-09,1654732800,448383185856.0437
2022-07-30,1659139200,417492738111.8785
2022-08-03,1659484800,417165213973.8332
2020-01-27,1580083200,102592796056.4193
2020-02-29,1582934400,106095412906.8336
2020-04-03,1585872000,101124829510.3789
2020-12-06,1607212800,141067092014.8531
2020-12-13,1607817600,144364776204.4123
2021-01-21,1611187200,216030584787.6352
2022-06-10,1654819200,447974418911.0279
2022-06-19,1655596800,431790120640.2955
2022-07-19,1658188800,419486028745.4018
2022-09-21,1663718400,408924791489.0021
2022-09-22,1663804800,408945430886.8191
2020-03-13,1584057600,102576116567.2704
2020-04-11,1586563200,101012544673.873
2020-04-21,1587427200,101005663653.5044
2021-02-07,1612656000,231227145736.1876
2021-11-20,1637366400,459465255595.1795
2022-07-02,1656720000,425603349131.8959
2022-08-24,1661299200,415009207149.6632
2022-10-03,1664755200,407596908057.8519
2022-11-05,1667606400,405740390673.1405
2022-11-06,1667692800,405664847693.8334
2020-05-13,1589328000,104449720274.8268
2022-07-11,1657497600,422112614872.0313
2022-07-15,1657843200,419853061946.0595
2022-08-27,1661558400,414276589727.0941
2022-11-16,1668556800,396999901639.8713
2022-12-06,1670284800,385942391450.9042
2023-02-25,1677283200,383830107966.4209
2023-07-04,1688428800,396337098869.7623
2020-05-29,1590710400,105268001725.8028
2022-08-01,1659312000,417434781592.1354
2022-08-20,1660953600,415489776252.447
2022-09-29,1664409600,407990487414.3538
2022-12-16,1671148800,384393209511.9612
2024-01-02,1704153600,431128359641.2309
2020-06-19,1592524800,106740747496.4625
2020-08-09,1596931200,112004959124.2877
2022-08-19,1660867200,415564344519.2012
2022-09-18,1663459200,409838096534.515
2023-01-15,1673740800,380473762766.2962
2020-01-26,1579996800,102503759045.3865
2020-01-11,1578700800,101438322162.4566
2020-10-15,1602720000,117003906260.7776
2022-09-19,1663545600,409580400469.82
2022-09-26,1664150400,408654809811.4031
2022-12-10,1670630400,385410589227.9552
2023-02-10,1675987200,382759940793.8091
2023-02-13,1676246400,382732780159.9561
2020-03-05,1583366400,105987423258.7061
2020-03-24,1585008000,101625867332.1513
2020-10-08,1602115200,116232278240.8383
2022-10-19,1666137600,405730320545.7939
2022-10-21,1666310400,405540788089.2152
2022-11-10,1668038400,401075897990.5037
2022-12-26,1672012800,382793807175.1286
2023-01-27,1674777600,381482427969.0493
2023-03-05,1677974400,383031355532.2999
2023-03-09,1678320000,381160544910.1608
2020-04-01,1585699200,101109962013.5964
2020-04-08,1586304000,101371646164.1267
2023-03-22,1679443200,385198366396.0891
2023-04-01,1680307200,382000571999.0755
2020-04-10,1586476800,101010698982.7665
2020-05-08,1588896000,104383077965.3159
2020-05-11,1589155200,104255430937.1536
2021-02-23,1614038400,275132798020.0827
2021-07-01,1625097600,363604542002.9763
2022-11-14,1668384000,398580479126.3456
2022-12-04,1670112000,387383719763.5736
2022-12-21,1671580800,383353024472.1454
2023-02-16,1676505600,383313173998.0627
2023-03-01,1677628800,383393043890.6933
2023-04-14,1681430400,384777182521.8944
2023-04-23,1682208000,385653104018.9429
2020-05-14,1589414400,104631163956.9885
2020-01-08,1578441600,101276360784.5061
2022-07-20,1658275200,419646100350.7796
2023-01-01,1672531200,380775156392.9885
2023-04-10,1681084800,383519855306.87286
2023-05-01,1682899200,386537922025.0554
2023-05-23,1684800000,390962382412.496
2020-02-04,1580774400,103520796787.2548
2020-05-25,1590364800,105065699289.0624
2020-06-04,1591228800,105870952151.1057
2020-06-14,1592092800,106350403076.0002
2020-06-17,1592352000,106476437357.0024
2021-10-27,1635292800,430731793070.3008
2023-01-30,1675036800,381726579779.1266
2023-05-04,1683158400,387495557977.62335
2023-05-11,1683763200,389547682939.9909
2023-06-01,1685577600,391807400237.4933
2023-06-04,1685836800,391955283293.5381
2023-06-12,1686528000,391920086802.7977
2024-02-17,1708128000,458778122942.2751
2020-07-06,1593993600,107421504971.0814
2020-07-16,1594857600,107830047727.3628
2023-01-18,1674000000,380813459078.7013
2023-02-09,1675900800,382868504465.4845
2023-06-15,1686787200,391790955287.4136
2023-06-21,1687305600,392551783309.7761
2023-07-07,1688688000,396105777205.605
2024-03-18,1710720000,528924608263.941
2024-06-01,1717200000,592856424533.0573
2020-05-20,1589932800,105157068569.3705
2020-06-15,1592179200,106396951196.991
2020-06-26,1593129600,107184653090.0714
2023-03-14,1678752000,382834047386.1021
2023-06-02,1685664000,391924479603.9864
2023-06-07,1686096000,392003597048.0293
2023-07-10,1688947200,396398240653.7409
2023-07-16,1689465600,397085868282.4016
2024-06-06,1717632000,597796039080.2184
2020-06-02,1591056000,105677138524.4665
2020-06-29,1593388800,107229864411.7017
2020-07-27,1595808000,108824377691.6603
2020-09-22,1600732800,115434400724.6792
2023-03-16,1678924800,383503448376.47864
2023-03-24,1679616000,385974772037.9026
2023-03-26,1679788800,386514377591.8343
2023-06-24,1687564800,393678634389.4507
2023-07-30,1690675200,395802638105.67114
2023-08-04,1691107200,395826510835.7446
2020-07-11,1594425600,107677269471.7592
2020-09-20,1600560000,115380387640.3401
2023-04-16,1681603200,385060909309.73627
2023-08-05,1691193600,395857282254.2449
2023-08-08,1691452800,396027728243.3907
2023-08-28,1693180800,395267806649.1692
2025-01-07,1736208000,818499901416.4998
2020-07-23,1595462400,108127096891.064
2020-08-02,1596326400,110043773477.5581
2020-09-04,1599177600,114805922864.7195
2020-10-29,1603929600,120997048979.6024
2023-04-17,1681689600,385202772703.6572
2023-05-13,1683936000,389595081441.2095
2023-07-28,1690502400,395757954135.903
2023-08-14,1691971200,396462573897.32
2023-09-06,1693958400,394795672374.0906
2023-09-19,1695081600,395404881013.5296
2023-10-08,1696723200,396337906364.3319
2020-08-16,1597536000,113034369674.2892
2020-10-10,1602288000,116446438697.8746
2020-10-17,1602892800,117084943110.7085
2020-10-23,1603411200,119473362075.9485
2020-10-26,1603670400,120002443461.5412
2020-11-15,1605398400,128962280427.0063
2023-05-20,1684540800,390278877591.5521
2023-05-30,1685404800,391715286485.8912
2023-09-15,1694736000,394880138074.9367
2023-10-10,1696896000,396491809707.3004
2020-09-21,1600646400,115322652879.8898
2020-11-08,1604793600,126591229395.8784
2020-11-13,1605225600,128601487322.8579
2020-10-14,1602633600,116879905926.0594
2023-03-30,1680134400,381382221374.4727
2023-10-24,1698105600,399815805755.8403
2023-11-26,1700956800,411470006934.0848
2020-11-18,1605657600,131553048843.1531
2020-11-05,1604534400,125358259278.6902
2020-12-17,1608163200,149095724936.9626
2023-04-04,1680566400,382325094058.3478
2023-07-02,1688256000,395977469436.2701
2023-07-05,1688515200,396438494285.3321
2023-08-06,1691280000,395910358068.0454
2023-10-30,1698624000,402244165624.5807
2023-11-28,1701129600,411960932858.6754
2024-01-10,1704844800,438852726563.1067
2024-01-13,1705104000,439406254994.2828
2020-11-14,1605312000,128818727351.8534
2020-11-17,1605571200,130269102056.6658
2020-12-02,1606867200,139748437370.6372
2021-01-22,1611273600,216452810223.7776
2023-04-08,1680912000,382735972861.4657
2023-08-20,1692489600,395773371544.315
2023-11-22,1700611200,410650532620.9028
2023-12-08,1701993600,419103790919.3639
2024-01-24,1706054400,444384264716.1334
2020-11-30,1606694400,138381987061.332
2020-12-03,1606953600,140349768894.2094
2021-01-08,1610064000,200127448285.0868
2021-02-02,1612224000,224458978158.4077
2021-02-10,1612915200,242177859274.245
2021-02-13,1613174400,247875653569.7925
2023-09-09,1694217600,394755396821.5793
2023-09-10,1694304000,394758337392.4784
2023-09-13,1694563200,394628739703.9923
2023-12-11,1702252800,419888123544.1943
2020-12-01,1606780800,139003059765.3167
2023-04-26,1682467200,385959735070.6809
2023-10-16,1697414400,396955572321.9967
2024-01-31,1706659200,447727759560.4035
2024-02-03,1706918400,448355560753.0348
2021-01-28,1611792000,219988025654.4655
2021-03-18,1616025600,308941346023.2755
2020-11-23,1606089600,134848829884.0584
2020-11-24,1606176000,135726210365.77
2021-03-21,1616284800,311613997845.4522
2021-03-28,1616889600,320520566028.664
2024-02-08,1707350400,450559387288.7765
2020-12-04,1607040000,140648608262.746
2021-02-14,1613260800,248892932107.7428
2023-04-27,1682553600,386173177733.1572
2023-04-29,1682726400,386540433628.6417
2021-05-06,1620259200,371500873809.498
2020-08-27,1598486400,114237608009.8622
2020-08-30,1598745600,114503990918.7496
2020-09-02,1599004800,114954523482.2366
2020-09-07,1599436800,114741483616.9758
2020-09-09,1599609600,114694689101.7669
2020-09-11,1599782400,114718490360.2253
2020-09-12,1599868800,114722567706.8038
2020-09-18,1600387200,115223436204.3048
2020-11-25,1606262400,136122926860.0918
2021-02-25,1614211200,279084345448.4884
2021-05-20,1621468800,372087739089.4842
2020-08-29,1598659200,114400086187.2023
2020-10-02,1601596800,115918505934.9096
2020-10-09,1602201600,116363756846.6182
2020-10-11,1602374400,116534765340.9193
2020-10-12,1602460800,116660462827.6112
2020-10-22,1603324800,119180984954.4591
2020-10-27,1603756800,120444774923.9503
2020-10-31,1604102400,121404599038.2904
2020-11-02,1604275200,121960611489.4068
2020-11-04,1604448000,124212204793.9384
2020-11-06,1604620800,125918164086.5082
2020-11-07,1604707200,125998523683.9579
2020-11-12,1605139200,128176333107.6119
2020-11-16,1605484800,129387729858.5073
2020-11-19,1605744000,131967443617.0368
2024-02-26,1708905600,465717812083.8637
2020-09-29,1601337600,115858909297.6835
2020-10-01,1601510400,115895895609.0089
2020-12-08,1607385600,141679908415.1427
2020-09-25,1600992000,115537359873.7919
2020-12-12,1607731200,143272945779.3746
2020-12-18,1608249600,151697081536.6947
2020-12-20,1608422400,153316446365.612
2020-12-30,1609286400,170271920718.5888
2021-01-10,1610236800,205053696607.8096
2021-02-20,1613779200,268422731856.6382
2021-02-24,1614124800,277427108258.9633
2021-03-01,1614556800,282968821458.8698
2021-03-04,1614816000,285827988615.5291
2021-03-07,1615075200,288196970438.7566
2021-03-11,1615420800,297076873839.0579
2021-03-12,1615507200,299504852791.0792
2021-03-14,1615680000,303262572467.9198
2021-03-17,1615939200,308069023806.789
2021-03-22,1616371200,312579041626.8052
2021-04-02,1617321600,328616351737.3948
2021-04-07,1617753600,336582645726.6915
2021-04-20,1618876800,357098265911.1936
2021-04-29,1619654400,363765983442.41
2021-01-03,1609632000,180167391326.7889
2021-01-18,1610928000,214906582152.0548
2021-05-13,1620864000,377163285167.0879
2021-05-16,1621123200,377064455456.9905
2021-05-21,1621555200,371156757566.4334
2021-05-28,1622160000,369643882381.3937
2021-06-02,1622592000,369953785665.6734
2021-06-03,1622678400,370519272605.4367
2021-06-06,1622937600,369529847242.8807
2021-06-10,1623283200,368647767373.5506
2021-06-12,1623456000,368653643238.2881
2021-06-15,1623715200,370071487863.4599
2021-06-24,1624492800,367683065618.3296
2021-06-29,1624924800,364153221211.6759
2021-07-02,1625184000,362689285234.7082
2021-07-13,1626134400,362512311426.037
2021-09-02,1630540800,390888324839.9969
2021-09-04,1630713600,391861263606.2737
2021-09-06,1630886400,393001252188.2612
2022-02-01,1643673600,455168757347.7008
2022-07-27,1658880000,417230211518.1492
2022-10-04,1664841600,407604187495.7236
2023-07-20,1689811200,397427283543.7878
2020-12-29,1609200000,168306828968.3173
2021-05-02,1619913600,366963208876.71
2021-05-05,1620172800,369683733187.3019
2021-09-11,1631318400,393195832306.9429
2021-09-22,1632268800,395131736034.1337
2021-09-25,1632528000,395221241315.078
2021-10-01,1633046400,399615140797.1221
2021-10-02,1633132800,400258915964.1751
2021-10-06,1633478400,405729562583.1586
2021-10-08,1633651200,407709042876.2604
2021-10-09,1633737600,408298507164.3048
2021-10-13,1634083200,412435797225.3963
2021-10-14,1634169600,413682399073.6632
2021-10-17,1634428800,417417138295.4245
2021-10-26,1635206400,430786028129.5104
2021-10-28,1635379200,431871673235.6537
2021-11-21,1637452800,459614872445.9492
2021-11-26,1637884800,462131037742.404
2021-11-29,1638144000,463636790399.1703
2021-12-16,1639612800,462335647675.8177
2022-06-01,1654041600,451716148940.8604
2022-08-11,1660176000,416717214887.7457
2023-05-05,1683244800,387609003337.4863
2023-09-08,1694131200,394778929519.248
2021-04-19,1618790400,356373522447.3404
2021-09-12,1631404800,393457585609.9204
2021-08-31,1630368000,389390201413.2594
2021-09-14,1631577600,394079381146.0675
2021-09-17,1631836800,395777211861.3624
2021-12-12,1639267200,462270672671.6879
2021-12-13,1639353600,461674608122.5036
2021-12-14,1639440000,462195291200.8257
2021-12-21,1640044800,462335309448.1576
2021-12-28,1640649600,463383765865.0545
2021-12-31,1640908800,463115694273.5286
2022-01-06,1641427200,461737918335.1364
2022-02-11,1644537600,457683419060.1026
2022-02-16,1644969600,458872002136.1832
2022-02-27,1645920000,456623515563.3879
2022-03-18,1647561600,459717184269.5651
2022-03-19,1647648000,459906609802.3817
2022-03-21,1647820800,459971583282.2712
2022-03-22,1647907200,460437855465.8795
2022-03-27,1648339200,464501222640.3935
2022-04-01,1648771200,467380315332.2781
2023-09-01,1693526400,394981461716.4141
2023-09-05,1693872000,394849700476.6066
2023-12-03,1701561600,413839066740.6421
2020-12-24,1608768000,158837563273.2764
2021-12-06,1638748800,461797409208.4383
2021-12-10,1639094400,461754584867.7283
2022-04-03,1648944000,467652544331.371
2022-04-09,1649462400,467010663883.5197
2022-04-20,1650412800,467736562591.1548
2022-04-22,1650585600,468125166707.6487
2022-04-30,1651276800,466780281247.3719
2022-05-03,1651536000,465615683362.3505
2022-05-04,1651622400,466039712563.7599
2022-05-07,1651881600,464546326670.4087
2022-05-10,1652140800,460107708847.47
2022-05-12,1652313600,456174248582.5031
2022-05-13,1652400000,455319837094.0512
2022-05-18,1652832000,454730316493.4655
2022-05-25,1653436800,452828002126.708
2022-05-27,1653609600,451648033359.0609
2022-06-07,1654560000,449239644641.7253
2022-06-12,1654992000,446909064801.297
2022-06-17,1655424000,433410463497.191
2022-06-18,1655510400,431802792191.9088
2022-06-24,1656028800,429376353436.4711
2023-05-28,1685232000,391438707939.5846
2023-09-16,1694822400,394906595434.4134
2021-11-06,1636156800,442942235179.9193
2022-03-10,1646870400,459551898773.1941
2022-03-12,1647043200,459084931766.8271
2022-04-12,1649721600,466757889191.0814
2022-06-28,1656374400,428416033203.3033
2022-06-30,1656547200,426469839394.4905
2022-07-03,1656806400,425338165103.2223
2022-07-04,1656892800,425394526578.9632
2022-08-31,1661904000,413611846342.3347
2022-09-02,1662076800,413059771357.3572
2022-09-06,1662422400,412383253156.1531
2022-09-07,1662508800,412231230733.915
2022-09-13,1663027200,411080941317.1737
2022-09-15,1663200000,410119492230.4972
2022-09-30,1664496000,407720651373.6787
2022-10-06,1665014400,407382716783.9418
2022-10-07,1665100800,407194114853.7788
2022-10-10,1665360000,406852152078.4232
2022-10-14,1665705600,406110082744.7233
2022-10-20,1666224000,405613238094.3834
2022-10-22,1666396800,405279898044.8026
2022-10-27,1666828800,405571050479.0808
2022-10-28,1666915200,405580565105.2102
2022-11-01,1667260800,405343569439.1409
2022-03-08,1646697600,458230385685.7541
2022-06-03,1654214400,450330495243.1457
2022-07-09,1657324800,423671466484.1114
2022-08-28,1661644800,414250505351.7203
2022-11-02,1667347200,405216117180.1375
2022-11-11,1668124800,400426986443.9236
2022-11-13,1668297600,399172856852.893
2022-11-18,1668729600,391056164812.0308
2022-11-21,1668988800,389859878713.2973
2022-11-24,1669248000,389395206986.0163
2022-11-28,1669593600,388350809857.9981
2022-12-01,1669852800,387883677894.8506
2022-12-13,1670889600,385099809856.4327
2022-12-15,1671062400,384659703786.3481
2022-12-18,1671321600,384256680546.439
2022-12-20,1671494400,383627293474.1758
2022-12-23,1671753600,383069897430.6473
2022-12-24,1671840000,383014620584.5769
2022-12-28,1672185600,382058042399.3918
2023-01-04,1672790400,380404965552.2293
2023-01-08,1673136000,380011101226.2916
2023-01-12,1673481600,379797291359.1079
2023-09-02,1693612800,394983062788.3578
2023-09-17,1694908800,394938521609.2998
2022-06-02,1654128000,450793550906.51
2021-04-06,1617667200,335922143988.2082
2022-08-21,1661040000,415498922366.1205
2022-11-09,1667952000,401354961791.1188
2023-01-09,1673222400,379987235006.4806
2023-03-02,1677715200,383372442282.0661
2023-03-08,1678233600,381530339168.1431
2023-03-10,1678406400,381495245405.34906
2023-03-15,1678838400,383168747881.29034
2023-03-27,1679875200,386784180368.8001
2023-04-05,1680652800,382441809510.41565
2023-04-07,1680825600,382675240414.5514
2023-04-09,1680998400,383127914084.16925
2023-04-13,1681344000,384488720524.4551
2023-04-20,1681948800,385487392611.5266
2023-04-22,1682121600,385564690285.1903
2023-04-28,1682640000,386470094019.4988
2023-05-02,1682985600,386692019551.7939
2023-05-03,1683072000,387382112617.7604
2023-05-09,1683590400,389635006611.5918
2023-05-12,1683849600,389583097015.1234
2023-05-14,1684022400,389661436514.1691
2023-05-19,1684454400,390229820665.7953
2023-05-24,1684886400,390894320588.7183
2020-09-19,1600473600,115334494550.8729
2020-11-01,1604188800,121616964062.965
2020-09-14,1600041600,114797273597.5866
2021-01-19,1611014400,215625470131.0797
2021-01-30,1611964800,222160285496.8974
2021-02-03,1612310400,225575853983.6732
2021-02-06,1612569600,230067166738.6406
2021-02-15,1613347200,251660098925.8878
2021-02-18,1613606400,259416913094.3885
2021-02-21,1613865600,270717042748.06
2021-03-02,1614643200,284027729813.2323
2021-03-15,1615766400,304574215782.0396
2021-03-19,1616112000,309791564688.3957
2022-03-07,1646611200,458531623668.6457
2023-03-18,1679097600,383966350947.5423
2023-03-28,1679961600,386936222286.4295
2023-05-25,1684972800,391198492798.5007
2023-05-29,1685318400,391543173594.3618
2023-05-31,1685491200,391747325110.4015
2023-06-05,1685923200,391787230938.1524
2023-06-06,1686009600,392058050214.6708
2023-06-11,1686441600,391965940265.3891
2023-06-14,1686700800,391828489963.3488
2023-06-18,1687046400,392048829720.9878
2020-04-30,1588204800,102600329260.3245
2021-01-12,1610409600,207302594514.4577
2021-05-23,1621728000,370037956980.9358
2021-05-27,1622073600,370391733817.2277
2021-06-14,1623628800,369751146330.306
2021-07-19,1626652800,362645503190.624
2021-07-20,1626739200,362495552726.925
2021-07-25,1627171200,362432537144.3876
2021-07-27,1627344000,366844575219.5609
2021-07-31,1627689600,373931234685.7521
2021-08-08,1628380800,376083624624.4737
2021-08-09,1628467200,377189695534.4468
2021-08-10,1628553600,377796612812.6354
2021-08-19,1629331200,382248068271.7271
2021-08-21,1629504000,383721676132.9737
2021-08-29,1630195200,388750063840.4605
2023-06-20,1687219200,392090011879.5002
2023-06-26,1687737600,394069389508.3093
2023-06-27,1687824000,394477761440.38403
2023-06-28,1687910400,394886133372.4587
2023-07-06,1688601600,395961583118.0277
2023-07-09,1688860800,396250759441.1541
2023-07-14,1689292800,396988523023.2743
2023-07-18,1689638400,397161311519.7786
2021-01-11,1610323200,206446735538.1196
2021-04-05,1617580800,330468773465.2844
2021-04-10,1618012800,340157685714.5203
2021-04-27,1619481600,361861612346.4473
2021-09-03,1630627200,391440022123.1887
2021-09-07,1630972800,392435216117.1203
2021-09-20,1632096000,395284019677.9331
2021-10-07,1633564800,407044881826.6608
2021-10-16,1634342400,416795127544.8707
2021-12-11,1639180800,462141246590.3755
2022-02-04,1643932800,455466450517.6292
2022-02-07,1644192000,456605954573.655
2022-02-08,1644278400,457037461962.3863
2022-02-14,1644796800,458035349555.3828
2022-02-18,1645142400,457864946870.9678
2022-02-23,1645574400,456946138238.7128
2022-02-26,1645833600,456877347647.0612
2022-03-02,1646179200,459565092844.5379
2022-03-15,1647302400,459114858332.1309
2022-04-06,1649203200,467366162380.9487
2022-04-15,1649980800,467381688410.2629
2022-04-28,1651104000,467510535371.7521
2022-07-06,1657065600,424445324971.1278
2020-11-27,1606435200,136810308945.0854
2022-01-02,1641081600,463316912263.3352
2022-01-10,1641772800,460480250973.0679
2022-01-15,1642204800,460602756123.0329
2022-01-16,1642291200,460676824784.9858
2022-05-02,1651449600,466248352961.7088
2022-05-28,1653696000,451673432067.5556
2022-06-06,1654473600,449731699765.1985
2022-06-14,1655164800,438981624864.9772
2022-07-13,1657670400,421735247491.1706
2022-07-23,1658534400,417878715328.1351
2022-07-24,1658620800,417817552525.5182
2022-08-07,1659830400,416911796722.7712
2022-08-09,1660003200,416464897990.1167
2022-08-13,1660348800,416892143749.9327
2022-08-14,1660435200,416864886148.5242
2022-08-22,1661126400,415262534289.3539
2022-08-23,1661212800,415153934323.9194
2022-08-26,1661472000,414509776491.4616
2022-09-08,1662595200,412019429571.9411
2022-09-25,1664064000,408697870414.9208
2022-10-08,1665187200,407038178038.554
2022-10-12,1665532800,406303729190.3995
2022-11-03,1667433600,405180760568.4778
2021-02-08,1612742400,234851284682.5558
2022-07-28,1658966400,417481163617.1195
2022-07-29,1659052800,417496216965.4882
2022-08-04,1659571200,416832541106.2599
2022-11-07,1667779200,404610978329.3101
2022-11-12,1668211200,399444797845.949
2022-11-29,1669680000,388179955926.0157
2022-12-03,1670025600,387561998299.0924
2022-12-12,1670803200,385192847955.6437
2023-01-24,1674518400,381669928769.3711
2023-01-28,1674864000,381550487463.1452
2023-01-31,1675123200,381892725957.4916
2023-02-07,1675728000,382939496304.2243
2023-02-08,1675814400,382994280412.6073
2023-02-11,1676073600,382773313259.2183
2023-02-14,1676332800,382785458630.1851
2023-02-18,1676678400,383649800779.5338
2023-02-19,1676764800,383718454340.9363
2023-02-22,1677024000,383847036225.0893
2023-02-23,1677110400,383924108738.559
2023-05-17,1684281600,390255458624.07983
2023-06-25,1687651200,393833973362.0959
2023-07-08,1688774400,396174241718.26
2023-07-21,1689897600,397352190098.6163
2022-01-31,1643587200,452685000129.0253
2020-01-21,1579564800,102344184493.8664
2020-01-18,1579305600,102286126428.7496
2020-01-25,1579910400,102462406313.5881
2020-01-28,1580169600,102737888034.0492
2020-01-29,1580256000,102945486900.2472
2020-02-03,1580688000,103480775189.1565
2021-03-26,1616716800,318864818201.9773
2023-01-13,1673568000,380133857271.4862
2023-01-14,1673654400,380400994064.5559
2023-01-21,1674259200,381337303651.51843
2023-02-27,1677456000,383676090085.76196
2023-03-13,1678665600,382499346890.9138
2023-04-12,1681257600,384200258527.01575
2023-07-22,1689984000,397373944204.5901
2023-07-23,1690070400,397395698310.56384
2023-07-27,1690416000,397097044604.3316
2023-08-01,1690848000,395871167393.1583
2023-08-02,1690934400,395743478909.7468
2023-08-03,1691020800,395789755931.7505
2023-08-07,1691366400,395942150039.0408
2023-08-17,1692230400,396170641826.5548
2023-10-29,1698537600,401879133736.2802
2020-01-04,1578096000,101036412408.7862
2020-01-06,1578268800,101126865906.1019
2023-04-21,1682035200,385488285731.5541
2023-08-18,1692316800,395888192456.3659
2023-09-27,1695772800,395384661870.2875
2023-10-06,1696550400,396153932981.5812
2023-10-07,1696636800,396292140459.2949
2023-10-09,1696809600,396477865679.6872
2023-10-12,1697068800,396439294312.7527
2023-10-13,1697155200,396429079056.5845
2023-10-14,1697241600,396634452964.4886
2023-10-18,1697587200,397151749542.7673
2023-10-19,1697673600,397109839449.4073
2023-10-21,1697846400,397570117185.7872
2023-10-31,1698710400,402641311069.877
2023-11-04,1699056000,404343235669.976
2023-11-10,1699574400,407233793467.8674
2023-11-16,1700092800,408691020217.3131
2023-11-17,1700179200,408945436657.0107
2023-12-10,1702166400,419632371512.8127
2020-01-22,1579651200,102369848901.9898
2020-05-01,1588291200,102783875443.9618
2020-08-25,1598313600,114111936307.5859
2023-09-24,1695513600,395394663818.2054
2023-09-28,1695859200,395484040046.5131
2023-09-29,1695945600,395547385699.0414
2023-11-19,1700352000,409304066671.8948
2023-11-21,1700524800,410107725058.6296
2023-11-25,1700870400,411311870651.9951
2023-11-30,1701302400,412551750141.7416
2023-12-04,1701648000,415271160726.3088
2023-12-07,1701907200,418319840433.6804
2023-12-14,1702512000,421694535580.7205
2023-12-17,1702771200,422676766733.0467
2023-12-19,1702944000,423849867452.6957
2024-01-01,1704067200,430319012111.1063
2024-01-03,1704240000,431540462383.8361
2024-05-12,1715472000,570838225406.7783
2020-04-29,1588118400,102340367913.6403
2020-04-27,1587945600,101504524323.4217
2020-09-27,1601164800,115618317703.052
2024-06-03,1717372800,594224806253.1998
2024-06-04,1717459200,595224074058.111
2020-09-28,1601251200,115651826895.2056
2024-05-29,1716940800,591979927005.8171
2024-05-30,1717027200,592358396235.1562
2024-05-31,1717113600,592628538944.0369
2020-06-28,1593302400,107195466849.4856
2024-01-04,1704326400,435329819020.5637
2024-05-16,1715817600,574297634194.7001
2020-09-06,1599350400,114748434383.6832
2020-09-16,1600214400,115047354323.8148
2020-09-17,1600300800,115126175033.3156
2020-07-28,1595894400,109150950631.3126
2020-08-26,1598400000,114194205097.7015
2020-09-08,1599523200,114702002575.6411
2020-10-24,1603497600,119735492272.4794
2020-10-28,1603843200,120682164963.2051
2024-01-06,1704499200,436180453550.6381
2024-01-08,1704672000,437254354640.6979
2024-01-09,1704758400,438098628976.8307
2024-05-21,1716249600,578291984630.157
2024-06-14,1718323200,601516157019.2301
2020-11-03,1604361600,123821859755.702
2020-08-20,1597881600,113744850275.946
2025-06-05,1749081600,933572018472.4742
2020-08-28,1598572800,114379801428.6105
2024-01-11,1704931200,439590037572.1074
2024-01-14,1705190400,439466785681.6775
2021-04-16,1618531200,351095563422.8698
2020-09-05,1599264000,114743215909.8291
2020-09-10,1599696000,114717315942.1296
2020-11-21,1605916800,133982102300.2411
2024-05-18,1715990400,575340171034.3475
2024-06-27,1719446400,605648911595.3063
2020-09-30,1601424000,115896327087.4274
2024-01-16,1705363200,441834618813.8676
2024-01-17,1705449600,442043646452.1088
2020-12-28,1609113600,165655201742.7143
2024-01-19,1705622400,443186400445.5712
2020-12-10,1607558400,142585683445.7198
2024-05-13,1715558400,571310079356.8295
2024-06-29,1719619200,605752829919.5707
2020-12-09,1607472000,142369647045.6231
2020-01-13,1578873600,101520326642.513
2020-12-21,1608508800,154004997046.6681
2020-12-26,1608940800,160403583103.8951
2024-01-20,1705708800,443262725861.7219
2024-01-22,1705881600,443209671694.8117
2024-06-05,1717545600,596158336178.8933
2024-06-07,1717718400,598391564390.7833
2024-06-16,1718496000,601978749497.148
2020-01-15,1579046400,102021107895.0704
2020-01-14,1578960000,101840688560.9695
2021-01-02,1609545600,177063574058.3621
2021-01-05,1609804800,185562691006.3166
2021-01-15,1610668800,212272369159.2638
2021-01-26,1611619200,217610679908.9626
2024-01-23,1705968000,443468041873.5044
2024-05-22,1716336000,578982872803.9436
2021-01-07,1609977600,194858858482.2081
2020-01-10,1578614400,101416965191.3341
2024-01-25,1706140800,444752934922.4507
2020-01-17,1579219200,102236615640.1906
2020-01-09,1578528000,101333716720.7137
2021-01-14,1610582400,211142283537.5156
2021-03-06,1614988800,287516815480.9114
2021-03-16,1615852800,306206688670.8914
2024-01-28,1706400000,445579143212.6607
2020-02-23,1582416000,106102726637.6973
2020-02-26,1582675200,106173882835.3136
2021-01-27,1611705600,218656661778.8758
2021-03-10,1615334400,293741018445.9692
2024-01-29,1706486400,446050047007.0886
2024-05-19,1716076800,575613314204.7723
2020-02-13,1581552000,105426599277.921
2020-02-12,1581465600,105296824794.8006
2020-02-24,1582502400,106136289747.8602
2020-02-25,1582588800,106264619977.5256
2020-02-27,1582761600,106120968660.7598
2021-03-31,1617148800,325177638580.5706
2021-04-13,1618272000,345106468256.1422
2021-04-28,1619568000,362516035290.3053
2024-01-30,1706572800,447024483879.048
2024-02-01,1706745600,447977879771.0765
2024-06-08,1717804800,598693753538.0466
2024-06-09,1717891200,598959744679.146
2021-04-24,1619222400,358805137388.224
2021-05-01,1619827200,366434439636.8498
2021-04-18,1618704000,355991570315.2288
2024-02-05,1707091200,448745198980.3439
2024-02-06,1707177600,449409607116.6846
2024-02-07,1707264000,449919762024.2082
2024-05-14,1715644800,571571036420.832
2024-06-10,1717977600,599364482509.2336
2021-03-05,1614902400,286945047632.2714
2021-03-30,1617062400,323820224022.8983
2021-04-17,1618617600,352023513703.3893
2021-04-23,1619136000,358128779232.3552
2021-05-11,1620691200,376512255675.3784
2021-05-18,1621296000,375613200715.1066
2021-05-25,1621900800,370532083707.5747
2024-02-09,1707436800,451395226000.1077
2024-02-10,1707523200,451836070315.4234
2024-02-15,1707955200,457654740309.3204
2024-05-23,1716422400,579575254847.6062
2024-06-12,1718150400,601192402840.0994
2020-10-07,1602028800,116123482319.4278
2021-03-25,1616630400,316881441527.8909
2021-06-26,1624665600,363797677210.399
2021-07-14,1626220800,362311541233.8899
2021-07-21,1626825600,362668443375.7352
2021-07-24,1627084800,362318172544.4652
2021-07-29,1627516800,372971955973.5864
2021-08-03,1627948800,373863209139.074
2021-08-30,1630281600,388967492827.2877
2021-09-10,1631232000,393067482438.6095
2021-09-29,1632873600,397706945575.5047
2021-10-03,1633219200,400563739341.667
2021-10-05,1633392000,402652387952.238
2021-10-31,1635638400,435569361606.6363
2021-11-11,1636588800,450155463110.7655
2024-02-12,1707696000,453491652259.7363
2024-02-14,1707868800,456835336360.12445
2024-02-18,1708214400,459238150872.0672
2024-02-19,1708300800,460675813788.98303
2024-02-22,1708560000,462773901926.65674
2024-02-23,1708646400,463628500672.8875
2024-06-13,1718236800,601326564007.0085
2020-01-05,1578182400,101049110271.7659
2020-01-30,1580342400,103144533423.613
2020-02-02,1580601600,103399015303.432
2021-06-13,1623542400,369002502758.5603
2021-09-19,1632009600,396212217786.2665
2021-09-27,1632700800,397988912214.1715
2021-11-27,1637971200,462119259747.9326
2021-12-09,1639008000,462040211572.9786
2021-12-27,1640563200,463942433153.0122
2021-12-29,1640736000,462984715971.5546
2022-01-05,1641340800,462129584502.9146
2022-01-14,1642118400,460525951967.7937
2024-02-25,1708819200,464280166645.9579
2024-02-28,1709078400,475702794040.54205
2024-02-29,1709164800,477828353070.70435
2024-03-01,1709251200,481196610523.1641
2024-03-03,1709424000,482430361992.9623
2024-05-15,1715731200,573737174271.1437
2024-05-24,1716508800,580184008880.1715
2024-05-25,1716595200,580462468790.8202
2024-06-23,1719100800,604911131737.0544
2024-06-24,1719187200,604369278949.466
2024-08-16,1723766400,619911058487.9376
2024-08-17,1723852800,619966963075.0308
2020-01-20,1579478400,102297212989.5937
2021-09-01,1630454400,390183820587.351
2021-09-13,1631491200,393385996562.9523
2020-01-03,1578009600,101041684011.7009
2021-09-16,1631750400,395534060266.905
2021-10-29,1635465600,433171150350.1262
2021-10-30,1635552000,433603590311.4149
2021-11-05,1636070400,442338811302.9709
2021-11-17,1637107200,459585270084.7298
2022-02-05,1644019200,455676331211.1859
2022-02-13,1644710400,457954054959.749
2022-02-19,1645228800,457859933439.1201
2022-03-01,1646092800,459346749037.5614
2022-03-09,1646784000,459138758826.4227
2022-03-16,1647388800,459732590260.0424
2022-04-08,1649376000,466914156490.5693
2022-04-10,1649548800,466939442251.2002
2024-03-04,1709510400,486201755705.6598
2024-03-06,1709683200,497165481198.0172
2024-03-09,1709942400,505189074038.59393
2024-03-10,1710028800,506325628493.35
2024-05-27,1716768000,581644012872.5226
2024-07-13,1720828800,608099261628.4231
2021-10-23,1634947200,427271494767.3774
2021-08-26,1629936000,387753137455.4319
2022-01-13,1642032000,460522077251.8931
2022-01-23,1642896000,455389546707.6018
2022-02-02,1643760000,454755577111.7977
2022-02-06,1644105600,455859910680.4013
2022-04-25,1650844800,468136265833.1507
2022-05-01,1651363200,466890434391.4152
2022-05-15,1652572800,456240530581.0859
2022-05-17,1652745600,455451028992.1923
2022-05-23,1653264000,453058077280.765
2022-05-31,1653955200,452531028170.0922
2022-06-08,1654646400,448971725981.2604
2022-07-10,1657411200,423539831769.9011
2022-07-12,1657584000,421748321390.228
2022-07-17,1658016000,419820433026.1169
2024-03-11,1710115200,511089942617.75476
2024-03-12,1710201600,513690568076.734
2024-03-13,1710288000,522894919426.1667
2024-03-20,1710892800,529856780239.0329
2024-03-22,1711065600,531786125955.35986
2024-03-31,1711843200,549531275361.9261
2024-05-26,1716681600,580842931380.4526
2021-08-25,1629849600,387182064073.2873
2021-05-31,1622419200,369755976339.5215
2021-10-18,1634515200,420443792044.2737
2021-12-01,1638316800,464676705324.0941
2021-12-08,1638921600,462831419240.6122
2021-12-15,1639526400,462436613410.5047
2022-04-04,1649030400,468031201965.7244
2022-07-25,1658707200,417277465678.0206
2022-08-02,1659398400,417266087733.0647
2022-08-06,1659744000,416890959120.8986
2022-09-09,1662681600,412320092296.8519
2022-09-16,1663286400,410007512339.6224
2022-09-17,1663372800,409979229376.195
2022-09-23,1663891200,408858612633.8727
2022-10-01,1664582400,407678039188.364
2022-10-09,1665273600,407017929733.7698
2024-03-14,1710374400,525058116165.74774
2024-03-15,1710460800,526209520077.18115
2024-03-23,1711152000,537334389713.9541
2024-03-25,1711324800,543971946983.8237
2024-03-26,1711411200,544675588440.99603
2024-05-28,1716854400,591678716191.1666
2024-07-03,1719964800,606948204509.7095
2021-12-23,1640217600,463218883753.9591
2022-02-20,1645315200,457595753206.4039
2020-10-13,1602547200,116754640387.4289
2022-03-26,1648252800,463762114322.0423
2022-10-31,1667174400,405441264362.8094
2024-03-27,1711497600,545474528603.8193
2024-04-02,1712016000,554274039771.9917
2024-04-05,1712275200,556227824529.7819
2024-04-07,1712448000,557349803230.4858
2024-04-08,1712534400,558644274752.0319
2024-04-09,1712620800,559098407950.5752
2024-04-12,1712880000,560570797849.1256
2024-04-17,1713312000,561455956237.5405
2024-04-19,1713484800,563041635460.2357
2022-10-17,1665964800,405700910551.0223
2022-10-16,1665878400,406040626505.5405
2022-10-23,1666483200,405297937425.441
2022-10-30,1667088000,405510875287.1629
2022-11-08,1667865600,403793792483.8967
2022-11-20,1668902400,390581868187.3635
2022-11-22,1669075200,389387897611.2665
2022-12-07,1670371200,385875683687.4033
2022-12-14,1670976000,384778022382.1255
2022-12-22,1671667200,383228310007.3034
2022-12-30,1672358400,381601496818.6318
2023-01-05,1672876800,380283474933.0163
2023-01-11,1673395200,379565563611.0551
2024-04-22,1713744000,564142392447.0256
2024-07-04,1720051200,606457751007.4663
2021-06-25,1624579200,364108760183.1289
2022-06-16,1655337600,435117131404.1829
2022-06-25,1656115200,429505184011.162
2022-07-26,1658793600,416960829800.4651
2022-08-05,1659657600,416890229884.9691
2022-08-25,1661385600,414864747770.4683
2022-10-05,1664928000,407503117801.6719
2022-10-15,1665792000,406074836806.7806
2023-01-23,1674432000,381582194760.2892
2023-02-04,1675468800,382790111443.5788
2023-03-07,1678147200,381643122395.3166
2023-07-11,1689033600,396639681776.6111
2024-04-16,1713225600,561633628452.3347
2024-04-18,1713398400,562264611016.9644
2024-04-20,1713571200,563226037650.4675
2024-04-21,1713657600,563437024280.5541
2024-04-25,1714003200,567252475268.658
2024-04-26,1714089600,567367666981.8894
2024-04-27,1714176000,567643206130.7302
2024-04-29,1714348800,568658271246.1597
2024-05-01,1714521600,568174393259.8706
2024-05-02,1714608000,568160552693.7145
2021-06-21,1624233600,367901227405.834
2022-10-25,1666656000,405389997656.0384
2021-07-08,1625702400,362433442532.7516
2023-01-25,1674604800,381884788713.2856
2023-03-17,1679011200,383838148871.6669
2023-03-29,1680048000,387286680047.6814
2023-04-15,1681516800,384919045915.81537
2023-04-30,1682812800,386604240360.275
2024-05-03,1714694400,568798810195.2537
2024-05-04,1714780800,569075466670.7349
2024-05-05,1714867200,569222442205.227
2024-05-06,1714953600,569599772584.0151
2024-05-07,1715040000,569679659406.5769
2024-07-18,1721260800,611762076356.4891
2022-12-27,1672099200,382605035271.6564
2021-07-12,1626048000,362752967815.0314
2022-12-29,1672272000,381718338943.8831
2023-01-06,1672963200,380109280279.5458
2023-01-17,1673913600,380857683705.6016
2023-03-31,1680220800,381826950383.5726
2023-04-11,1681171200,383911796529.5764
2023-04-18,1681776000,385344636097.5781
2023-04-25,1682380800,385788963364.724
2023-05-15,1684108800,390097517741.7778
2023-06-17,1686960000,391913146635.6692
2023-06-29,1687996800,394944813583.6747
2023-07-01,1688169600,395852569671.7294
2023-07-26,1690329600,397460960628.4852
2023-08-11,1691712000,396237825713.4475
2023-09-07,1694044800,394814606601.9501
2023-09-12,1694476800,394595183274.5748
2023-03-04,1677888000,383242771600.7786
2021-07-15,1626307200,361847932592.2129
2023-03-12,1678579200,382164646395.7256
2023-05-10,1683676800,389608557496.1042
2023-05-16,1684195200,390244586364.2462
2023-06-09,1686268800,392070431634.7545
2023-06-22,1687392000,393013554740.052
2023-06-30,1688083200,395280545516.3863
2023-08-10,1691625600,396144433874.9296
2023-09-22,1695340800,395371325651.3427
2023-10-03,1696291200,395834098001.5368
2023-10-15,1697328000,396689976282.6548
2024-07-07,1720310400,607345741072.3717
2023-05-26,1685059200,391224486162.295
2023-05-22,1684713600,390858203942.5084
2024-07-22,1721606400,614735451763.6671
2021-08-06,1628208000,375335321476.0894
2023-07-29,1690588800,395807110652.4386
2021-08-05,1628121600,374595121828.3639
2023-08-09,1691539200,396121208702.8082
2023-08-31,1693440000,395069123331.104
2023-09-14,1694649600,394787374879.4711
2023-09-20,1695168000,395404169922.8584
2023-12-20,1703030400,424604869971.4198
2023-12-23,1703289600,425904504850.6704
2023-12-30,1703894400,429718630758.8146
2024-05-17,1715904000,575101324183.6816
2023-09-25,1695600000,395406200625.7989
2023-10-11,1696982400,396465837694.7019
2021-08-20,1629417600,383241846500.4739
2023-10-17,1697500800,397060548830.8652
2023-10-22,1697932800,397676633292.8856
2023-10-23,1698019200,398719878695.1244
2023-10-28,1698451200,401653330065.2088
2023-11-07,1699315200,405184407640.8084
2023-11-13,1699833600,407776623534.8382
2023-11-14,1699920000,407835277236.9297
2023-11-15,1700006400,408543227689.7136
2023-11-20,1700438400,409763747240.4492
2023-05-06,1683331200,388300737461.019
2023-05-18,1684368000,390266330883.9134
2021-08-27,1630022400,388216259309.6626
2023-08-26,1693008000,395266639208.3046
2023-08-27,1693094400,395324536095.7886
2023-10-04,1696377600,396014356854.9679
2023-10-27,1698364800,401421533156.6365
2023-11-23,1700697600,410840287521.0615
2023-11-27,1701043200,411603974779.6926
2023-12-02,1701475200,413511926222.6486
2023-12-05,1701734400,416400367380.8949
2023-02-20,1676851200,383846295887.3886
2020-12-14,1607904000,144762079063.8104
2023-04-03,1680480000,382180867745.8526
2023-05-27,1685145600,391254298488.611
2023-06-19,1687132800,391911725308.7287
2023-07-03,1688342400,396230960819.6622
2023-12-09,1702080000,419379765843.5656
2023-12-15,1702598400,422264807617.8775
2023-12-21,1703116800,425049790605.673
2023-12-24,1703376000,426402863246.9112
2023-12-31,1703980800,429953685551.6957
2022-10-13,1665619200,406232507892.2872
2023-02-03,1675382400,382633890231.0913
2023-02-28,1677542400,383504828436.2731
2023-03-23,1679529600,385846201552.6692
2024-07-25,1721865600,617192214243.8525
2022-07-01,1656633600,425802913676.5527
2022-08-08,1659916800,416999730535.6627
2022-08-29,1661731200,414292847744.3566
2022-09-10,1662768000,412372810904.4662
2022-10-02,1664668800,407598574336.6183
2022-11-04,1667520000,405783900975.438
2022-11-27,1669507200,388642068092.46045
2022-12-09,1670544000,385405868564.5576
2022-12-25,1671926400,382829594002.1973
2023-01-10,1673308800,379826024003.4154
2024-08-30,1724976000,622224711848.4719
2022-10-24,1666569600,405260365302.8906
2021-10-11,1633910400,410170903227.1717
2023-06-10,1686355200,391987984221.5215
2021-11-01,1635724800,436574028968.6367
2021-06-23,1624406400,367569345115.7748
2021-11-02,1635811200,439366156178.8394
2021-11-24,1637712000,459752551255.2708
2021-12-03,1638489600,464016106004.4913
2021-12-17,1639699200,461836041921.2729
2021-12-30,1640822400,463165554253.8503
2022-01-19,1642550400,459484397268.1314
2022-02-22,1645488000,457045957406.3779
2022-04-05,1649116800,468049853001.5531
2022-04-27,1651017600,467451222170.1201
2022-05-08,1651968000,464041867342.9326
2022-05-20,1653004800,453686924988.4585
2021-08-28,1630108800,388512704444.507
2021-09-08,1631059200,392494136446.1262
2021-10-20,1634688000,425234486587.8284
2021-11-14,1636848000,457141858055.8403
2021-12-05,1638662400,462064933794.2192
2022-01-07,1641513600,460838393090.039
2021-04-21,1618963200,357193534792.0004
2021-05-03,1620000000,367924880791.2904
2021-05-15,1621036800,377198415614.8186
2021-05-19,1621382400,372931915911.8307
2021-05-24,1621814400,371054814982.0468
2021-06-28,1624838400,364085414872.0395
2021-07-16,1626393600,361505308511.4145
2021-08-18,1629244800,381580450025.9011
2021-09-30,1632960000,398306514882.0734
2021-10-10,1633824000,408940240530.2024
2020-12-19,1608336000,152450281854.6059
2021-01-16,1610755200,212966648206.8248
2021-01-25,1611532800,217247994413.1144
2021-02-05,1612483200,228945515947.3368
2021-02-12,1613088000,247293232790.6627
2021-02-16,1613433600,253427470476.5274
2021-02-26,1614297600,281087108423.4604
2021-04-01,1617235200,327236946729.3243
2021-11-04,1635984000,441285350878.1094
2021-11-18,1637193600,458625952521.5541
2022-01-03,1641168000,463162944897.8534
2025-06-04,1748995200,933585250047.0597
2023-05-08,1683504000,389684205708.0842
2021-03-29,1616976000,321976662195.1723
2021-04-12,1618185600,342483198777.9251
2024-09-08,1725753600,621491425717.2784
2022-01-26,1643155200,454501809280.3176
2024-08-05,1722816000,618306494894.0577
2022-02-09,1644364800,457378654942.7488
2022-02-10,1644451200,457567974926.1439
2021-05-12,1620777600,377111927258.7904
2021-06-11,1623369600,368828960250.398
2021-06-05,1622851200,369684734648.653
2022-03-24,1648080000,461269055267.3886
2021-06-18,1623974400,369232340802.4474
2024-05-10,1715299200,570352892205.8615
2024-05-09,1715212800,570431506357.7986
2021-06-30,1625011200,364041590028.5229
2022-03-28,1648425600,465759486862.5202
2023-06-13,1686614400,391891209606.5038
2021-07-05,1625443200,362797997483.3861
2020-02-08,1581120000,104512335938.629
2020-02-09,1581206400,104642182106.1562
2020-02-20,1582156800,105931105362.3126
2023-12-18,1702857600,423413790101.0787
2020-03-07,1583539200,106044790401.9989
2020-03-08,1583625600,105979150874.5877
2020-03-10,1583798400,105700666427.7519
2020-05-10,1589068800,104352592111.42
2021-04-15,1618444800,350125576862.6397
2021-04-30,1619740800,365817865349.1189
2021-07-06,1625529600,362748110020.8215
2021-07-23,1626998400,362201219574.5628
2023-12-25,1703462400,426629696234.7007
2020-03-12,1583971200,103245195959.2897
2021-07-30,1627603200,373699212503.3805
2021-08-07,1628294400,375814938035.4239
2024-02-04,1707004800,448487434438.963
2024-03-21,1710979200,530657503368.9388
2020-03-19,1584576000,101590169028.8094
2020-03-20,1584662400,101422487393.0624
2020-03-29,1585440000,101441674688.9866
2020-03-30,1585526400,101426870761.1688
2020-02-16,1581811200,105615743572.1225
2020-02-17,1581897600,105622922235.3194
2020-02-18,1581984000,105919053423.2447
2020-02-19,1582070400,105934241985.6434
2020-03-26,1585180800,101637240488.3737
2020-03-27,1585267200,101579675948.6821
2020-03-28,1585353600,101531421028.6421
2020-04-04,1585958400,101143749184.1617
2020-04-05,1586044800,101160404858.8298
2020-04-06,1586131200,101328941230.7355
2020-04-07,1586217600,101303452701.9872
2020-03-01,1583020800,106079481488.2971
2020-04-12,1586649600,101027876525.3178
2020-04-13,1586736000,101012742499.2182
2020-04-16,1586995200,101018301879.695
2020-04-17,1587081600,101030364561.1326
2020-02-21,1582243200,105983033401.2143
2020-02-22,1582329600,106022352820.7517
2020-03-02,1583107200,106151088253.8808
2020-03-14,1584144000,102243645666.053
2020-03-17,1584403200,101566444210.5615
2020-03-18,1584489600,101500406350.8644
2020-03-31,1585612800,101389239458.4587
2020-03-03,1583193600,106192303893.5212
2020-03-15,1584230400,102137534076.1346
2020-04-18,1587168000,101068074275.8424
2020-04-19,1587254400,101077162196.6882
2020-04-20,1587340800,101019623820.9359
2020-04-22,1587513600,101041684367.2359
2020-04-23,1587600000,101146320357.425
2020-04-24,1587686400,101218694912.2337
2020-04-25,1587772800,101251503293.3997
2020-04-26,1587859200,101291627832.0965
2020-03-21,1584748800,101420075735.8592
2020-03-22,1584835200,101403595696.048
2020-03-23,1584921600,101442673397.1838
2020-02-05,1580860800,103645166490.7396
2020-02-28,1582848000,106116218816.5675
2020-03-16,1584316800,101719675053.6267
2021-08-17,1629158400,381068402794.4342
2024-02-11,1707609600,452240389304.533
2024-04-04,1712188800,555825091663.1897
2022-04-02,1648857600,467374329371.8135
2022-04-13,1649808000,466948201213.9354
2022-04-24,1650758400,468111024566.4665
2025-06-06,1749168000,934276201730.4905
2022-05-26,1653523200,452423441499.6334
2020-02-07,1581033600,104355129252.0996
2020-03-25,1585094400,101603154509.7976
2020-01-16,1579132800,102123289071.7509
2020-04-14,1586822400,101016104682.6238
2020-05-04,1588550400,103064226958.0047
2020-06-01,1590969600,105703851814.1627
2020-08-31,1598832000,114656990695.0253
2020-10-03,1601683200,115932949526.1712
2021-02-27,1614384000,280602418676.0864
2021-03-23,1616457600,314660686459.7109
2021-05-26,1621987200,370764284249.4707
2022-05-29,1653782400,451749917051.6414
2020-09-15,1600128000,114890614507.0615
2021-01-17,1610841600,213556640475.4742
2021-03-09,1615248000,291791561765.3196
2021-06-16,1623801600,369970844459.234
2021-07-10,1625875200,362554477989.2394
2021-07-17,1626480000,362986019783.2452
2022-01-22,1642809600,455432413581.1095
2022-01-25,1643068800,454795978433.4986
2022-01-27,1643241600,454247299955.8448
2022-05-11,1652227200,457258773157.4319
2022-06-11,1654905600,447503828830.8123
2022-08-16,1660608000,416722363331.8402
2023-01-07,1673049600,380060190752.9187
2023-01-22,1674345600,381494460751.2073
2023-03-19,1679184000,384282829513.5596
2023-07-25,1690243200,397439206522.5114
2023-08-13,1691884800,396386103729.7691
2021-07-09,1625788800,362574075554.3862
2021-10-04,1633305600,401383119471.3224
2021-12-04,1638576000,462225521697.0594
2022-01-11,1641859200,460423944684.6165
2022-02-15,1644883200,458711191382.1688
2022-04-11,1649635200,466156010235.9895
2022-05-06,1651795200,464738416157.8368
2022-10-11,1665446400,406714309985.6141
2023-02-01,1675209600,382392414261.3656
2023-08-15,1692057600,396501746337.4757
2023-09-03,1693699200,394971459202.4799
2023-11-03,1698969600,404135819207.3125
2023-11-05,1699142400,404497674915.4844
2024-02-13,1707782400,454193218599.6951
2024-04-01,1711929600,552702439496.667
2022-06-15,1655251200,437054531326.3727
2022-06-21,1655769600,430692366748.385
2024-06-11,1718064000,600636803858.1195
2024-06-15,1718409600,601810010705.1709
2022-07-16,1657929600,419895997548.6041
2020-06-05,1591315200,105895497473.4907
2020-07-12,1594512000,107698730982.1053
2020-08-07,1596758400,111621180053.8018
2020-09-13,1599955200,114731557961.5535
2020-10-18,1602979200,117136707438.1497
2022-07-22,1658448000,418138099562.5617
2020-03-04,1583280000,105944562243.7944
2020-05-06,1588723200,103413654118.1327
2021-01-01,1609459200,173596230367.0019
2021-01-20,1611100800,216200173952.7714
2021-02-04,1612396800,226943834860.3156
2021-04-11,1618099200,340957923050.2496
2021-04-25,1619308800,358792309263.8519
2021-05-08,1620432000,374449133075.6927
2021-05-10,1620604800,375879191848.9247
2020-11-28,1606521600,137029525785.6877
2020-12-31,1609372800,171741198124.312
2020-11-20,1605830400,133351759413.876
2021-11-16,1637020800,458894339132.5732
2021-12-26,1640476800,463752827367.3021
2022-04-29,1651190400,467100479327.5458
2022-05-16,1652659200,455750809427.9778
2022-05-30,1653868800,452086692245.5357
2022-06-20,1655683200,431435165702.455
2022-06-23,1655942400,429768641947.5964
2022-06-29,1656460800,427979898365.4103
2022-07-14,1657756800,421391867789.6742
2022-08-12,1660262400,416879746760.1435
2022-08-15,1660521600,416733737223.9239
2020-01-19,1579392000,102291418509.0902
2020-01-31,1580428800,103339875276.3299
2020-05-03,1588464000,102965892747.8753
2021-07-11,1625961600,362622435226.2718
2021-07-26,1627257600,364094575898.9337
2021-08-11,1628640000,378254662454.722
2021-09-21,1632182400,394575423316.2143
2022-08-18,1660780800,416421716572.6985
2023-04-24,1682294400,385721033691.83344
2023-11-08,1699401600,405558367962.4169
2023-11-29,1701216000,412466630686.4942
2020-08-04,1596499200,110515009004.7507
2020-08-14,1597363200,112825685492.5003
2020-10-25,1603584000,119868792651.6026
2021-01-29,1611878400,221493551950.6959
2021-06-09,1623196800,368893674141.823
2021-08-13,1628812800,379403033955.1239
2021-09-26,1632614400,397951507305.1895
2021-10-15,1634256000,415955839724.9457
2021-11-22,1637539200,459050801590.4026
2021-12-02,1638403200,464658824825.6445
2022-08-30,1661817600,413775908806.0994
2022-10-29,1667001600,405599303732.3935
2022-11-19,1668816000,390880991594.8008
2022-12-08,1670457600,385740339915.4875
2023-01-02,1672617600,380744945050.7061
2023-01-03,1672704000,380595234845.3368
2023-04-02,1680393600,382065316095.2772
2020-06-22,1592784000,106904314304.859
2020-05-24,1590278400,105124412357.1355
2022-02-28,1646006400,458676580888.8619
2022-04-19,1650326400,467634410447.4128
2022-09-04,1662249600,413082134724.5468
2022-09-05,1662336000,412972023707.1737
2023-05-07,1683417600,388992471584.5516
2023-06-23,1687478400,393454405560.0649
2023-07-15,1689379200,397029166968.6875
2023-07-17,1689552000,397013147476.1597
2023-08-29,1693267200,395251785989.5445
2023-12-16,1702684800,422594301016.6049
2023-12-22,1703203200,425622402785.5645
2023-12-28,1703721600,428924198169.222
2024-03-08,1709856000,504119214372.64087
2024-03-17,1710633600,528046314528.5802
2024-04-03,1712102400,555107662823.1664
2020-05-16,1589587200,104702390499.8562
2023-08-30,1693353600,395250368757.5967
2023-08-16,1692144000,396485677626.9169
2023-09-04,1693785600,394942126266.9072
2023-09-11,1694390400,394599598493.0383
2023-10-01,1696118400,395736881487.1766
2023-10-02,1696204800,395745350795.5413
2024-01-27,1706313600,445447847929.0904
2024-02-21,1708473600,461956753249.04395
2024-03-07,1709769600,500923159520.34235
2024-04-24,1713916800,566967464016.1577
2024-07-21,1721520000,614164521014.7688
2024-09-24,1727136000,628355602826.8319
2023-08-21,1692576000,395683153842.2136
2022-09-14,1663113600,410673215021.2489
2022-09-28,1664323200,408126344757.7464
2020-07-10,1594339200,107662093401.4082
2020-08-08,1596844800,111858884976.6263
2020-09-23,1600819200,115379693088.6264
2022-10-26,1666742400,405611663534.7085
2020-11-22,1606003200,134263367189.3518
2020-11-26,1606348800,136468893471.6526
2020-12-11,1607644800,142833080655.1811
2020-12-22,1608595200,155875163340.3455
2021-01-04,1609718400,182518467772.2733
2021-02-11,1613001600,244676346855.7699
2021-02-17,1613520000,256441633753.0236
2021-03-03,1614729600,285216111067.4622
2021-03-13,1615593600,301673756781.2079
2020-10-16,1602806400,117045049265.3595
2020-11-09,1604880000,126930836287.7732
2020-11-10,1604966400,127229997297.792
2021-03-20,1616198400,310773461977.7591
2020-10-06,1601942400,116047965112.8021
2021-04-08,1617840000,337699839926.7347
2021-04-14,1618358400,347894106272.8373
2021-04-26,1619395200,360177204528.2081
2021-05-09,1620518400,375349580900.9245
2021-06-01,1622505600,370070206224.8781
2021-06-20,1624147200,369093449580.0777
2021-08-24,1629763200,385308791142.9342
2021-09-09,1631145600,393214555913.1132
2021-10-12,1633996800,411293818750.7807
2021-10-24,1635033600,428319869730.8969
2021-11-07,1636243200,443436349253.0704
2021-11-28,1638057600,462691666746.8212
2021-12-07,1638835200,462885310187.8331
2021-12-25,1640390400,463509477789.7341
2022-01-09,1641686400,460639613426.0179
2022-11-26,1669420800,388933326326.9228
2021-08-04,1628035200,374207634168.2359
2021-07-28,1627430400,368583695934.2165
2021-07-22,1626912000,362886459439.0231
2021-08-12,1628726400,378555596991.9001
2022-01-24,1642982400,454874860228.2608
2022-02-17,1645056000,458137783766.7659
2022-03-03,1646265600,459792093091.0558
2022-08-10,1660089600,416785897998.3568
2022-08-17,1660694400,416477675770.6931
2022-09-11,1662854400,412322407417.2754
2022-09-24,1663977600,408794466857.667
2022-11-15,1668470400,397901359012.384
2022-11-17,1668643200,395353190328.5973
2022-11-23,1669161600,389594654647.0743
2022-12-05,1670198400,386044281361.9169
2022-06-26,1656201600,429407669507.738
2022-06-22,1655856000,429849052584.4951
2022-04-26,1650931200,467376827840.0604
2022-07-18,1658102400,419933092237.7892
2022-11-30,1669766400,388052378909.3269
2022-12-11,1670716800,385299971913.1232
2022-12-19,1671408000,383675477963.1945
2023-03-11,1678492800,381829945900.53735
2023-03-25,1679702400,386244574814.8684
2023-04-06,1680739200,382558524962.4835
2023-04-19,1681862400,385486499491.4991
2023-05-21,1684627200,390300192342.4812
2023-06-03,1685750400,391939881448.7622
2022-12-17,1671235200,384298693505.0066
2023-02-02,1675296000,382498782106.2311
2023-02-06,1675641600,382832043088.8036
2023-02-12,1676160000,382754118021.0554
2023-02-24,1677196800,383812864197.591
2023-06-08,1686182400,392043455145.5519
2023-06-16,1686873600,391906081027.8433
2023-07-13,1689206400,396963354625.663
2023-09-26,1695686400,395391377725.5629
2023-10-20,1697760000,397449648322.9893
2023-11-24,1700784000,411154963115.3702
2024-03-05,1709596800,489655787417.6852
2024-04-11,1712793600,560383349640.262
2024-04-30,1714435200,568739189392.5718
2025-01-02,1735776000,813488538468.7787
2023-08-25,1692921600,395276687472.844
2022-12-31,1672444800,380805367735.2709
2023-09-18,1694995200,395078221886.6503
2023-09-21,1695254400,395358680122.7587
2023-09-23,1695427200,395395247951.9132
2024-07-10,1720569600,607622394614.2073
2024-07-12,1720742400,607787962992.4541
2024-07-17,1721174400,611179856804.0707
2023-01-19,1674086400,380747529335.8974
2020-02-01,1580515200,103393156155.2094
2020-02-10,1581292800,104921933716.4919
2020-09-03,1599091200,114773015315.9317
2020-10-04,1601769600,115969093331.753
2020-10-19,1603065600,117489517561.2653
2020-10-30,1604016000,121176662797.8641
2020-11-29,1606608000,137311201028.4252
2021-01-06,1609891200,189200296814.3379
2021-02-28,1614470400,281022018508.5664
2021-04-09,1617926400,338464920282.3927
2020-04-09,1586390400,101401426188.0556
2020-05-07,1588809600,104150690295.015
2020-03-11,1583884800,105442350680.158
2020-09-01,1598918400,114914370150.3867
2021-04-22,1619049600,357839722701.0574
2021-06-17,1623888000,369583683017.1768
2021-07-03,1625270400,362767887996.4779
2021-07-04,1625356800,362893858347.2962
2021-08-02,1627862400,374017051456.1839
2021-11-03,1635897600,441025794038.054
2021-11-19,1637280000,458961028179.9232
2021-11-25,1637798400,463326589694.1609
2022-03-17,1647475200,459397726059.4642
2022-04-07,1649289600,467343435440.7598
2022-11-25,1669334400,389097352797.7093
2023-01-16,1673827200,380658902409.6157
2023-02-26,1677369600,383847351735.2508
2024-02-02,1706832000,448271789212.3105
2024-03-24,1711238400,538061857752.034
2024-03-29,1711670400,548549679118.00995
2023-07-19,1689724800,397294297531.7832
2023-09-30,1696032000,395620181645.4996
2023-12-12,1702339200,420781059408.3844
2024-01-18,1705536000,442843474427.3659
2024-06-25,1719273600,604481281657.2999
2025-01-03,1735862400,814357319132.1055
2023-01-26,1674691200,381690703901.779
2023-07-12,1689120000,396787351864.6865
2023-07-24,1690156800,397417452416.53766
2023-08-12,1691798400,396325215656.4776
2023-08-19,1692403200,395863589246.4164
2023-10-05,1696464000,395969574928.0778
2023-11-09,1699488000,406622901816.5414
2023-11-11,1699660800,407410246522.7807
2023-11-18,1700265600,409076838954.8354
2023-12-13,1702425600,421294885833.6398
2023-12-26,1703548800,427200279296.0141
2023-12-27,1703635200,428612374880.0854
2024-01-05,1704412800,435969402316.0646
2024-01-07,1704585600,436357151269.5493
2023-10-26,1698278400,401153634043.9411
2023-11-01,1698796800,403421539080.3248
2024-01-12,1705017600,439278945555.0961
2024-01-15,1705276800,439675589160.0595
2024-01-21,1705795200,443336032717.6966
2024-02-16,1708041600,458426121771.2728
2024-03-16,1710547200,526392270833.78687
2024-03-28,1711584000,547902392194.4425
2024-05-08,1715126400,569990160696.4761
2024-06-22,1719014400,604899703601.6375
2024-07-05,1720137600,607223509243.5845
2024-09-02,1725235200,622385589617.3329
2024-09-06,1725580800,621543632984.1676
2024-12-05,1733356800,748820039706.1681
2020-01-02,1577923200,100995769232.4269
2020-02-15,1581724800,105558579315.4869
2020-05-09,1588982400,104401830980.724
2020-06-09,1591660800,106246827959.9824
2020-06-12,1591920000,106306672867.9436
2020-09-24,1600905600,115463862010.563
2020-10-20,1603152000,117721634904.228
2020-11-11,1605052800,127608427907.1125
2020-12-27,1609027200,161891452657.6626
2021-01-13,1610496000,209012142006.812
2021-02-22,1613952000,272702546326.2538
2021-05-07,1620345600,373787340736.438
2021-05-17,1621209600,376036566265.4544
2021-06-22,1624320000,367601751444.0968
2021-08-22,1629590400,384158672188.0287
2022-01-04,1641254400,462754390816.9644
2024-02-20,1708387200,461266638247.0428
2021-04-04,1617494400,329514392862.9346
2021-05-29,1622246400,369292505799.3351
2021-05-30,1622332800,369647225211.5729
2021-11-09,1636416000,448084558267.2427
2023-03-03,1677801600,383227724465.8729
2024-04-23,1713830400,564503747969.68
2024-08-12,1723420800,620257858460.9606
2024-10-02,1727827200,630819552207.8384
2024-10-04,1728000000,631270642415.6047
2024-10-08,1728345600,637291180883.6583
2024-10-16,1729036800,643118492250.5385
2025-06-25,1750809600,950341404738.3385
2024-10-07,1728259200,631831438369.289
2024-10-06,1728172800,631622665252.9489
2024-10-10,1728518400,636992684992.8448
2024-10-12,1728691200,639369771716.7213
2024-10-13,1728777600,639618861398.4758
2024-10-15,1728950400,642250005512.4364
2024-10-17,1729123200,643768245165.3993
2024-10-18,1729209600,644517431420.7311
2024-10-19,1729296000,644983190115.4226
2024-10-20,1729382400,646543296448.7611
2024-10-21,1729468800,648230636773.6094
2024-10-22,1729555200,648756664369.1447
2024-10-23,1729641600,649086234069.2579
2024-10-24,1729728000,649662254896.8098
2024-10-25,1729814400,649927564182.4995
2024-10-26,1729900800,650157270228.6484
2024-10-27,1729987200,650440534846.9209
2024-10-28,1730073600,651398078131.0759
2024-10-29,1730160000,653458354446.1649
2024-10-30,1730246400,654361574191.9149
2024-10-31,1730332800,654757377568.5789
2024-12-13,1734048000,772252307956.4388
2024-12-18,1734480000,785029150975.0403
2024-10-05,1728086400,631403582248.2129
2024-11-04,1730678400,656413645761.548
2024-11-03,1730592000,655831302218.5588
2024-11-05,1730764800,656981253802.143
2024-11-06,1730851200,660884290027.626
2024-11-08,1731024000,664167349991.0581
2024-11-09,1731110400,664663133184.144
2024-11-27,1732665600,728606479525.4148
2024-11-29,1732838400,732582888249.4583
2024-11-30,1732924800,733226339534.9355
2024-12-02,1733097600,736395688081.8323
2024-12-03,1733184000,738933006551.0309
2024-12-06,1733443200,755159386181.7211
2024-12-07,1733529600,756072030099.6918
2024-12-08,1733616000,756924499897.7871
2024-12-12,1733961600,770182059072.26
2024-12-14,1734134400,773101284960.842
2024-12-15,1734220800,774728074071.0192
2024-12-17,1734393600,783153825699.171
2024-12-20,1734652800,792440268196.866
2024-12-21,1734739200,792793685347.7826
2024-12-22,1734825600,795465521568.6592
2025-01-01,1735689600,812238597469.2493
2025-01-16,1736985600,825645607380.5543
2024-11-02,1730505600,655683243779.9607
2024-09-19,1726704000,625578122740.6779
2024-09-21,1726876800,626848142940.2896
2024-09-23,1727049600,627824136951.7764
2024-09-25,1727222400,629020587646.5746
2024-09-28,1727481600,630968299743.3295
2024-09-30,1727654400,631143375068.4635
2024-10-03,1727913600,630817761339.6387
2024-10-09,1728432000,637221860431.2767
2024-10-14,1728864000,640557230956.9518
2024-11-10,1731196800,666523627325.1581
2024-11-11,1731283200,672236333437.528
2024-11-12,1731369600,676550597109.6527
2024-11-13,1731456000,681333645423.5676
2024-11-14,1731542400,685394362740.607
2024-11-15,1731628800,689040416089.6399
2024-11-20,1732060800,701788193113.0883
2024-11-21,1732147200,712711637084.9841
2024-11-22,1732233600,717888531336.6611
2024-12-09,1733702400,762444538836.5955
2024-12-10,1733788800,765405827164.6682
2024-12-29,1735430400,806774254350.4614
2025-01-09,1736380800,818854221174.8295
2024-09-15,1726358400,623577863839.072
2025-01-11,1736553600,819963604859.8173
2024-09-10,1725926400,622120515432.0927
2024-09-12,1726099200,622326993046.5408
2024-09-13,1726185600,623417471561.3096
2024-09-14,1726272000,623536288255.2637
2024-09-16,1726444800,623722541214.2567
2024-09-18,1726617600,624791699880.7262
2024-09-22,1726963200,627038857783.0663
2024-09-27,1727395200,630500278128.8007
2024-09-29,1727568000,631159732245.8185
2024-11-16,1731715200,690092102434.118
2024-11-17,1731801600,690739458185.5924
2024-11-18,1731888000,692828339477.7845
2024-11-19,1731974400,697682586142.9729
2024-11-23,1732320000,720701006819.2943
2024-11-24,1732406400,722269581470.8988
2024-11-25,1732492800,724049094845.8502
2024-11-26,1732579200,725991104554.7367
2024-11-28,1732752000,730419026029.4882
2024-12-11,1733875200,768989092319.7803
2024-12-31,1735603200,810879920538.6876
2025-01-05,1736035200,815240503630.6691
2025-01-06,1736121600,817023939170.253
2025-01-12,1736640000,820251584136.0265
2024-09-09,1725840000,622103918709.1426
2024-08-09,1723161600,619420937000.5148
2024-08-11,1723334400,620125941301.5094
2024-08-13,1723507200,620295725118.2628
2024-08-14,1723593600,619963839379.63
2024-08-15,1723680000,619848206616.0493
2024-08-18,1723939200,620020219864.428
2024-08-19,1724025600,620166573464.2878
2024-08-21,1724198400,620465859043.4261
2024-08-22,1724284800,620663295393.3107
2024-08-23,1724371200,621702932857.5024
2024-08-25,1724544000,622261239488.4905
2024-08-27,1724716800,621480195499.1614
2024-08-28,1724803200,622137181625.9092
2024-08-29,1724889600,622171375485.9054
2024-08-31,1725062400,622384714785.4471
2024-09-01,1725148800,622264481943.9094
2024-09-03,1725321600,622108973511.2914
2024-09-04,1725408000,622268242707.3341
2024-09-05,1725494400,621927173203.1497
2024-12-25,1735084800,803414960967.6555
2024-12-26,1735171200,804100707030.9391
2024-12-27,1735257600,805398057515.3894
2024-12-28,1735344000,805884914842.3528
2024-12-30,1735516800,809145107791.8218
2024-08-06,1722902400,617938351731.5148
2024-06-21,1718928000,603136141291.2704
2024-06-26,1719360000,604447696254.3075
2024-06-28,1719532800,605642204392.7151
2024-06-30,1719705600,606015433472.9108
2024-07-06,1720224000,607371069140.7933
2024-07-08,1720396800,606908250148.191
2024-07-14,1720915200,608391296464.973
2024-07-15,1721001600,609718341901.4467
2024-07-19,1721347200,613446529944.9299
2024-07-20,1721433600,613766368214.9689
2024-07-23,1721692800,616481154224.2704
2024-07-24,1721779200,616641976977.5758
2024-07-26,1721952000,618084923259.3234
2024-07-27,1722038400,618602437984.7292
2024-07-28,1722124800,618839387596.4801
2024-07-29,1722211200,619372383022.9004
2024-07-30,1722297600,619722782084.245
2024-08-01,1722470400,620337899065.7477
2024-08-20,1724112000,620075151881.2277
2024-08-24,1724457600,622086057141.3339
2024-08-26,1724630400,622437240632.7773
2024-09-26,1727308800,629861026263.1525
2024-10-01,1727740800,630877487632.8866
2024-06-19,1718755200,602605713855.6428
2024-07-02,1719878400,606422097295.2787
2024-12-24,1734998400,802894080854.651
2025-01-04,1735948800,814865685649.7382
2025-01-08,1736294400,818941355150.7114
2025-03-28,1743120000,867593045545.993
2025-05-06,1746489600,890343846332.6854
