d,unixTs,cdd
2023-07-12,1689120000,6933229.17
2023-04-02,1680393600,2630964.33
2022-12-03,1670025600,3141516.68
2023-04-21,1682035200,6762747.21
2022-12-07,1670371200,5344836.38
2023-04-23,1682208000,3201933.42
2023-07-17,1689552000,10298116.07
2021-11-11,1636588800,10691245.22
2023-06-14,1686700800,9219634.45
2023-06-15,1686787200,9659474.38
2023-07-18,1689638400,11454871.00
2021-12-10,1639094400,7718024.33
2023-02-06,1675641600,4393932.31
2022-03-13,1647129600,3734157.77
2022-03-23,1647993600,5681779.79
2022-03-25,1648166400,58056589.12
2022-04-30,1651276800,4379927.23
2022-05-04,1651622400,10494897.75
2022-05-30,1653868800,6082224.88
2022-06-04,1654300800,8060241.25
2022-07-19,1658188800,41134697.73
2022-07-20,1658275200,9609003.36
2022-07-24,1658620800,2935579.63
2022-07-28,1658966400,3850971.37
2022-07-29,1659052800,4617012.13
2022-09-22,1663804800,4737607.00
2022-09-26,1664150400,4669481.21
2022-10-26,1666742400,19296391.99
2022-10-27,1666828800,12449072.85
2023-06-16,1686873600,6319160.08
2022-10-31,1667174400,6355072.57
2022-11-24,1669248000,8826635.79
2022-11-28,1669593600,9739824.62
2022-11-29,1669680000,8501369.77
2022-12-08,1670457600,5971018.88
2023-02-07,1675728000,3911665.54
2023-02-13,1676246400,4934912.84
2023-02-15,1676419200,6415994.32
2023-02-16,1676505600,6641981.59
2023-02-20,1676851200,2965611.56
2023-07-19,1689724800,9573357.72
2023-03-27,1679875200,11213165.81
2023-07-07,1688688000,4399692.14
2023-03-31,1680220800,15126048.19
2023-04-01,1680307200,4526256.49
2023-07-11,1689033600,12457410.04
2023-07-28,1690502400,61339501.55
2024-06-21,1718928000,11147243.06
2021-11-18,1637193600,6994532.93
2021-11-19,1637280000,7382594.01
2021-12-04,1638576000,8370413.18
2021-12-08,1638921600,7288885.19
2024-08-29,1724889600,40823158.06
2021-11-17,1637107200,17076973.04
2022-11-27,1669507200,3726166.24
2022-03-15,1647302400,6168843.65
2023-02-23,1677110400,4039907.82
2022-03-26,1648252800,5781442.93
2022-07-30,1659139200,2475279.85
2022-06-06,1654473600,5902886.29
2023-04-04,1680566400,9749023.75
2021-11-16,1637020800,22318814.51
2023-02-09,1675900800,6848190.88
2022-09-30,1664496000,8604217.14
2022-10-03,1664755200,4417340.58
2023-04-25,1682380800,5099102.89
2021-12-06,1638748800,10435452.66
2021-12-12,1639267200,2642113.73
2022-01-09,1641686400,3613345.36
2023-02-14,1676332800,3136930.55
2022-01-10,1641772800,7366856.87
2022-01-11,1641859200,5438314.92
2022-03-27,1648339200,2983504.62
2022-03-30,1648598400,4908800.64
2022-05-06,1651795200,9775669.42
2023-06-21,1687305600,21629514.99
2022-05-07,1651881600,2574458.47
2024-07-15,1721001600,10137313.34
2022-05-08,1651968000,6690781.84
2023-07-21,1689897600,9505470.40
2022-06-07,1654560000,13500641.02
2022-06-08,1654646400,8026900.46
2021-11-20,1637366400,6296618.27
2021-11-24,1637712000,7465143.13
2022-07-26,1658793600,6159409.01
2022-07-31,1659225600,4770988.95
2022-08-01,1659312000,3387905.32
2022-08-03,1659484800,4406927.01
2022-09-24,1663977600,1558911.88
2022-09-29,1664409600,6084241.98
2022-11-02,1667347200,18257688.51
2022-11-03,1667433600,8111228.74
2022-11-04,1667520000,38348527.59
2022-12-06,1670284800,7716839.00
2022-12-11,1670716800,4771334.69
2022-12-12,1670803200,5748391.43
2023-02-18,1676678400,2307791.49
2023-02-22,1677024000,7653582.93
2023-02-24,1677196800,9370965.65
2023-03-30,1680134400,91213768.49
2023-04-03,1680480000,7126617.52
2023-04-07,1680825600,8053178.62
2023-04-20,1681948800,5152158.21
2023-04-24,1682294400,5372177.45
2023-04-28,1682640000,5748031.41
2023-06-13,1686614400,9010645.95
2023-07-20,1689811200,7397392.00
2024-08-10,1723248000,16209594.41
2024-08-14,1723593600,5313405.50
2024-09-22,1726963200,3417364.43
2022-05-05,1651708800,8605838.69
2021-12-09,1639008000,14255182.75
2022-05-13,1652400000,29986527.09
2022-11-08,1667865600,13906201.74
2022-01-08,1641600000,3340160.23
2023-03-02,1677715200,5206975.33
2022-06-05,1654387200,2458990.60
2022-03-31,1648684800,8411398.42
2022-11-11,1668124800,47377058.60
2022-06-15,1655251200,24182454.09
2023-03-03,1677801600,5661235.88
2021-12-15,1639526400,8179244.67
2021-12-17,1639699200,6186751.71
2021-11-25,1637798400,41200427.40
2021-12-18,1639785600,5380645.00
2021-12-19,1639872000,3214106.46
2022-01-15,1642204800,2419054.99
2021-11-26,1637884800,11254310.35
2022-01-16,1642291200,2975662.86
2021-11-27,1637971200,2877604.51
2022-01-17,1642377600,6544484.72
2022-01-18,1642464000,5890842.88
2022-03-22,1647907200,4977872.98
2022-04-01,1648771200,7513944.07
2022-04-03,1648944000,4973751.09
2022-05-14,1652486400,48361625.35
2022-05-15,1652572800,3145283.32
2022-06-12,1654992000,7647490.02
2022-06-13,1655078400,29992257.49
2022-06-14,1655164800,23638847.22
2022-08-04,1659571200,10329781.32
2022-08-05,1659657600,3123990.85
2022-08-07,1659830400,4015909.04
2022-09-27,1664236800,11332785.91
2022-10-04,1664841600,5426435.56
2022-10-05,1664928000,7507956.74
2022-11-01,1667260800,6837680.37
2022-11-09,1667952000,26458268.21
2022-11-10,1668038400,16758468.34
2022-12-15,1671062400,5526569.81
2022-12-16,1671148800,8184258.87
2022-12-17,1671235200,6021007.69
2023-02-12,1676160000,3872001.21
2023-02-21,1676937600,5162956.07
2023-02-28,1677542400,14408685.17
2023-03-01,1677628800,14584547.45
2023-04-10,1681084800,7768798.98
2023-04-11,1681171200,20554568.40
2023-04-29,1682726400,10225754.74
2023-04-30,1682812800,2251079.83
2023-05-01,1682899200,4596523.20
2023-06-22,1687392000,7174441.58
2023-06-24,1687564800,5520082.76
2023-06-25,1687651200,5909183.31
2023-08-15,1692057600,6785199.87
2024-09-14,1726272000,3051928.42
2024-08-18,1723939200,3267363.49
2023-04-13,1681344000,8517511.53
2023-07-22,1689984000,7017966.21
2022-03-20,1647734400,2583602.87
2022-05-17,1652745600,10938422.67
2023-04-26,1682467200,5835508.36
2023-05-04,1683158400,5301264.17
2023-06-19,1687132800,10723161.61
2023-06-20,1687219200,17450045.60
2022-06-09,1654732800,7775773.64
2022-06-10,1654819200,11227672.99
2022-06-16,1655337600,10515914.72
2022-08-02,1659398400,5948458.07
2023-06-27,1687824000,10099220.16
2021-12-13,1639353600,9631282.92
2022-08-08,1659916800,4495307.08
2022-08-09,1660003200,10077631.35
2022-11-05,1667606400,9191909.59
2022-11-06,1667692800,8998361.43
2022-11-12,1668211200,31000185.56
2022-12-13,1670889600,11125394.47
2022-12-14,1670976000,12893083.00
2021-12-14,1639440000,20093592.21
2022-12-19,1671408000,14191587.72
2022-12-20,1671494400,4218723.66
2023-02-25,1677283200,3395121.85
2023-02-26,1677369600,3509317.86
2023-03-05,1677974400,10126239.86
2023-04-06,1680739200,10060211.64
2023-04-12,1681257600,18744786.27
2023-07-23,1690070400,3683459.54
2023-08-30,1693353600,5532276.88
2021-11-23,1637625600,10225509.54
2021-11-30,1638230400,9404798.51
2021-12-16,1639612800,10812165.85
2022-01-13,1642032000,4045161.28
2022-10-01,1664582400,2333611.88
2022-01-19,1642550400,9868399.83
2022-03-28,1648425600,9941295.80
2022-10-02,1664668800,2078259.10
2022-10-09,1665273600,1727747.74
2022-04-05,1649116800,8080708.79
2022-05-09,1652054400,19100526.22
2022-05-10,1652140800,12029029.93
2022-05-16,1652659200,8106695.51
2023-04-27,1682553600,5154843.39
2021-11-22,1637539200,10247797.22
2022-01-20,1642636800,9454031.90
2024-11-02,1730505600,7050983.79
2025-01-18,1737158400,14078834.16
2023-04-08,1680912000,2215167.44
2022-06-11,1654905600,7961204.50
2022-01-25,1643068800,12435410.90
2021-12-23,1640217600,10668347.66
2021-12-26,1640476800,6611463.59
2021-12-27,1640563200,5685233.26
2022-01-14,1642118400,4527208.98
2022-01-21,1642723200,10200647.59
2022-11-16,1668556800,35273272.05
2022-06-20,1655683200,6510791.94
2023-05-06,1683331200,1756802.35
2022-01-23,1642896000,9435165.19
2021-12-02,1638403200,7041679.52
2021-12-22,1640131200,9366556.12
2022-04-06,1649203200,6394187.18
2022-04-07,1649289600,4997334.51
2022-04-08,1649376000,5699967.20
2022-04-10,1649548800,2661938.69
2022-05-18,1652832000,5558809.23
2022-05-19,1652918400,15151636.43
2022-05-20,1653004800,8781054.29
2022-06-17,1655424000,74413148.81
2022-06-18,1655510400,17705395.22
2022-06-19,1655596800,5877593.10
2022-06-21,1655769600,10594288.72
2022-06-22,1655856000,9509449.14
2022-08-10,1660089600,16017530.92
2022-08-11,1660176000,4473027.27
2022-08-13,1660348800,2309615.77
2022-08-15,1660521600,3752111.43
2022-10-10,1665360000,4601216.48
2022-10-11,1665446400,6628227.60
2022-10-12,1665532800,9557360.53
2022-11-07,1667779200,20884341.06
2022-11-13,1668297600,4513830.73
2022-11-14,1668384000,14050823.24
2022-11-15,1668470400,14254159.21
2022-11-18,1668729600,75567840.22
2022-12-21,1671580800,7036199.12
2022-12-23,1671753600,9507398.35
2022-12-24,1671840000,3897044.71
2022-12-25,1671926400,6194443.69
2022-12-26,1672012800,2723286.34
2023-02-27,1677456000,9392982.48
2023-03-07,1678147200,25075514.98
2023-03-08,1678233600,5533937.63
2023-03-17,1679011200,9138152.99
2023-04-14,1681430400,12749764.43
2023-04-15,1681516800,3438022.57
2023-05-05,1683244800,4779134.42
2023-05-09,1683590400,3217696.79
2023-05-10,1683676800,8016003.11
2023-06-30,1688083200,6862440.40
2023-07-02,1688256000,4157311.19
2023-07-03,1688342400,6834278.79
2023-05-15,1684108800,32107030.05
2022-01-01,1640995200,5818956.20
2022-04-14,1649894400,37259642.25
2022-10-20,1666224000,3290653.87
2024-07-14,1720915200,6466055.85
2021-12-20,1639958400,7154592.86
2021-12-30,1640822400,16029072.41
2022-01-26,1643155200,4926688.56
2023-03-21,1679356800,7435680.10
2021-12-29,1640736000,9051233.31
2022-01-27,1643241600,10199699.94
2022-01-29,1643414400,7617382.28
2022-01-30,1643500800,4959828.74
2022-02-01,1643673600,198733541.15
2022-04-04,1649030400,11984920.70
2022-04-11,1649635200,6246667.70
2022-04-13,1649808000,7102932.20
2022-04-16,1650067200,1861432.64
2022-04-17,1650153600,1728772.51
2022-05-23,1653264000,6127958.66
2022-05-24,1653350400,7012149.28
2022-05-26,1653523200,5773556.60
2022-05-27,1653609600,11412347.94
2022-05-28,1653696000,2176807.51
2022-05-29,1653782400,4247256.04
2022-06-24,1656028800,9746515.85
2022-06-25,1656115200,16735615.49
2022-06-27,1656288000,7085104.81
2022-06-28,1656374400,9174825.28
2022-06-29,1656460800,14252878.46
2022-08-16,1660608000,3359092.49
2022-08-17,1660694400,5527987.16
2022-08-18,1660780800,6133388.96
2022-08-21,1661040000,1607583.62
2022-10-08,1665187200,4772693.43
2022-10-15,1665792000,1872342.68
2022-10-16,1665878400,3246663.25
2022-10-17,1665964800,23288537.65
2022-10-21,1666310400,4619512.71
2022-11-19,1668816000,4095900.64
2022-11-20,1668902400,9319512.67
2022-11-21,1668988800,12878387.08
2022-11-22,1669075200,16431966.23
2022-12-27,1672099200,4923799.06
2022-12-29,1672272000,13372807.26
2022-12-31,1672444800,19812682.29
2023-01-01,1672531200,4207334.82
2023-03-04,1677888000,4078075.48
2023-03-18,1679097600,4348438.75
2023-03-19,1679184000,4716909.88
2023-03-20,1679270400,7858684.75
2023-03-22,1679443200,9170545.91
2023-05-12,1683849600,8320119.59
2023-05-13,1683936000,2458428.36
2023-06-26,1687737600,5487046.73
2023-07-04,1688428800,4401440.58
2023-07-06,1688601600,22020907.90
2022-02-04,1643932800,3911177.82
2022-06-30,1656547200,15087772.55
2023-01-02,1672617600,5244100.85
2022-04-09,1649462400,2748273.32
2023-05-18,1684368000,4483820.90
2022-08-22,1661126400,5539812.14
2023-03-24,1679616000,9136606.53
2022-01-24,1642982400,10265886.17
2022-02-02,1643760000,3931263.27
2022-02-03,1643846400,6129861.15
2022-04-18,1650240000,3494536.93
2022-04-20,1650412800,6293841.84
2022-05-21,1653091200,3194281.56
2022-07-01,1656633600,7964404.33
2022-07-02,1656720000,3936360.60
2022-08-24,1661299200,3939225.99
2022-08-25,1661385600,3736697.50
2022-10-13,1665619200,4852511.04
2022-10-22,1666396800,13683238.73
2022-10-23,1666483200,2470118.71
2022-10-24,1666569600,4484706.73
2023-01-03,1672704000,8293825.58
2023-01-05,1672876800,30827904.71
2023-03-25,1679702400,3500365.03
2023-05-17,1684281600,4365751.81
2023-05-19,1684454400,4632156.85
2023-05-20,1684540800,3230723.31
2022-02-10,1644451200,11973093.16
2022-07-07,1657152000,4337408.91
2023-05-26,1685059200,8723617.10
2023-01-12,1673481600,8243116.34
2022-08-30,1661817600,11159049.24
2022-02-11,1644537600,8564297.30
2022-04-26,1650931200,7088257.40
2023-01-09,1673222400,5715107.20
2021-12-31,1640908800,19113049.46
2022-02-06,1644105600,4846969.17
2022-02-07,1644192000,8281150.80
2022-02-12,1644624000,3247963.82
2022-02-13,1644710400,3457476.50
2022-02-14,1644796800,4326670.93
2022-02-15,1644883200,6429299.65
2022-04-15,1649980800,3039822.31
2022-04-21,1650499200,39054602.23
2022-04-22,1650585600,8319163.98
2022-04-23,1650672000,3555438.09
2022-04-27,1651017600,4130572.59
2022-04-28,1651104000,7366858.00
2022-06-26,1656201600,1663831.30
2022-07-04,1656892800,3029502.43
2022-07-05,1656979200,4426134.70
2022-07-08,1657238400,6804124.27
2022-07-09,1657324800,4399376.80
2022-07-10,1657411200,2146988.55
2022-07-11,1657497600,19375257.60
2022-07-12,1657584000,5818508.99
2022-08-19,1660867200,8163291.47
2022-08-26,1661472000,5988482.58
2022-08-27,1661558400,3810356.02
2022-08-28,1661644800,17678106.92
2022-08-31,1661904000,3790443.32
2022-09-03,1662163200,3316602.81
2022-09-04,1662249600,17554531.24
2022-10-19,1666137600,7995619.68
2022-10-25,1666656000,12205934.84
2022-12-30,1672358400,11223381.24
2023-01-06,1672963200,10882778.15
2023-01-11,1673395200,10687145.56
2023-01-13,1673568000,8014028.93
2023-01-14,1673654400,5161980.90
2023-05-14,1684022400,7864220.30
2023-05-21,1684627200,3390963.37
2023-05-22,1684713600,19153757.56
2023-05-24,1684886400,6272004.97
2023-05-27,1685145600,2449957.21
2023-05-28,1685232000,4986096.40
2023-05-31,1685491200,10362278.99
2023-09-29,1695945600,8612122.12
2022-02-19,1645228800,2669688.49
2022-02-16,1644969600,4400840.91
2022-02-17,1645056000,8996941.35
2022-02-18,1645142400,4985995.83
2022-02-20,1645315200,6444190.39
2022-02-21,1645401600,15036176.41
2022-02-25,1645747200,8791997.69
2022-02-26,1645833600,4315357.40
2022-02-28,1646006400,53271906.00
2022-03-02,1646179200,11074444.55
2022-03-03,1646265600,11592996.09
2022-03-04,1646352000,7921632.24
2022-03-05,1646438400,2875069.40
2022-03-06,1646524800,3703012.88
2022-03-07,1646611200,14122261.07
2022-03-08,1646697600,9994394.91
2022-03-10,1646870400,8043188.56
2022-07-16,1657929600,2438591.77
2022-07-17,1658016000,1626179.49
2022-09-05,1662336000,3417103.67
2022-09-06,1662422400,11598014.09
2022-09-08,1662595200,4332184.51
2022-09-09,1662681600,4684981.61
2022-09-10,1662768000,3030724.79
2022-09-11,1662854400,2978965.19
2022-09-14,1663113600,7235696.16
2022-09-15,1663200000,6784476.88
2022-09-16,1663286400,3283774.80
2022-09-17,1663372800,2340974.33
2022-09-19,1663545600,12858816.94
2022-09-20,1663632000,5843870.97
2023-01-17,1673913600,6933829.17
2023-01-18,1674000000,10398307.79
2023-01-19,1674086400,7834334.44
2023-01-20,1674172800,6123025.16
2023-01-22,1674345600,2837298.30
2023-01-24,1674518400,5928870.45
2023-01-25,1674604800,6112434.91
2023-01-26,1674691200,30091925.20
2023-01-27,1674777600,12921335.21
2023-01-28,1674864000,2873536.40
2023-01-30,1675036800,4751835.89
2023-01-31,1675123200,6662547.99
2023-02-01,1675209600,10292890.81
2023-02-02,1675296000,4172889.22
2023-02-03,1675382400,7870360.74
2023-02-04,1675468800,2887912.93
2023-02-05,1675555200,4045179.95
2023-06-02,1685664000,5936746.21
2023-06-03,1685750400,3094159.85
2023-06-04,1685836800,2952457.47
2023-06-05,1685923200,8954194.21
2023-10-14,1697241600,23312413.42
2022-08-29,1661731200,19099449.07
2023-10-30,1698624000,7374879.07
2023-01-10,1673308800,12110991.03
2022-03-29,1648512000,37046250.83
2022-04-25,1650844800,5180865.18
2022-09-13,1663027200,15856524.64
2023-06-06,1686009600,6174507.22
2023-06-07,1686096000,4868975.76
2021-05-13,1620864000,20651038.68
2023-11-15,1700006400,15755794.28
2022-02-23,1645574400,13046689.11
2022-09-12,1662940800,4366594.76
2021-07-28,1627430400,34606851.90
2021-08-22,1629590400,4486776.02
2021-12-24,1640304000,3678611.28
2022-12-28,1672185600,17509413.79
2024-09-08,1725753600,1874254.40
2021-10-10,1633824000,11448466.24
2021-10-18,1634515200,13222823.34
2021-11-29,1638144000,9529173.84
2021-12-21,1640044800,6426084.52
2021-12-25,1640390400,5702662.10
2021-12-28,1640649600,6050358.19
2022-01-07,1641513600,7449112.17
2022-01-22,1642809600,9120306.90
2022-01-05,1641340800,8856607.04
2022-02-09,1644364800,6243736.77
2024-04-13,1712966400,5139749.57
2025-04-07,1743984000,30878488.13
2025-06-03,1748908800,11602031.01
2022-02-22,1645488000,4990996.73
2022-03-09,1646784000,12475475.44
2022-03-24,1648080000,5406106.59
2024-08-30,1724976000,5052868.25
2025-06-22,1750550400,12422017.63
2024-05-17,1715904000,7970954.47
2024-08-11,1723334400,2889627.99
2024-08-15,1723680000,7563464.92
2024-05-31,1717113600,6276716.73
2024-08-05,1722816000,35543861.55
2024-09-15,1726358400,4489541.34
2022-01-31,1643587200,4814260.52
2024-06-17,1718582400,10281918.91
2024-08-19,1724025600,7540101.81
2022-04-12,1649721600,21316417.58
2025-02-11,1739232000,24076406.76
2024-11-08,1731024000,19729725.39
2024-12-01,1733011200,7390612.17
2025-03-07,1741305600,12413968.51
2025-04-25,1745539200,31218778.66
2025-04-01,1743465600,6318158.42
2025-05-21,1747785600,27764387.43
2025-04-26,1745625600,8459362.49
2022-06-02,1654128000,20654612.39
2023-01-08,1673136000,4265159.19
2024-07-02,1719878400,5861201.76
2024-07-08,1720396800,5682310.31
2023-05-08,1683504000,8757839.43
2023-06-09,1686268800,5027918.39
2024-07-22,1721606400,7426063.91
2023-08-02,1690934400,10539843.25
2023-07-24,1690156800,7196633.88
2023-11-24,1700784000,5341176.82
2023-07-10,1688947200,7264289.52
2023-07-01,1688169600,31970741.82
2023-06-29,1687996800,18062415.81
2023-12-02,1701475200,4725030.01
2024-07-29,1722211200,15985051.64
2022-02-08,1644278400,6892402.90
2025-01-07,1736208000,33091863.58
2024-10-20,1729382400,19117954.12
2024-10-14,1728864000,10015109.25
2024-10-26,1729900800,4668604.82
2024-11-14,1731542400,54903559.18
2025-03-21,1742515200,3929384.14
2025-04-13,1744502400,7092235.83
2025-05-04,1746316800,2954559.88
2024-09-09,1725840000,11794061.12
2023-12-20,1703030400,11614872.58
2024-08-04,1722729600,6638026.86
2023-06-23,1687478400,20001614.82
2024-01-21,1705795200,2571841.92
2023-05-30,1685404800,10486607.99
2024-07-30,1722297600,49669495.67
2024-08-27,1724716800,20210020.97
2020-01-01,1577836800,2082190.11
2020-01-02,1577923200,7250325.01
2020-01-03,1578009600,4195659.20
2020-01-05,1578182400,2960074.99
2020-01-06,1578268800,4850337.63
2020-01-07,1578355200,6416611.35
2020-01-08,1578441600,6180607.46
2020-01-09,1578528000,8473735.54
2020-01-10,1578614400,6406159.24
2020-01-11,1578700800,2162854.60
2020-01-12,1578787200,3371227.87
2020-01-13,1578873600,4996684.34
2020-01-15,1579046400,13750223.33
2020-01-16,1579132800,12089955.42
2020-01-17,1579219200,4201035.11
2020-01-19,1579392000,5326385.59
2020-01-20,1579478400,4053259.55
2023-05-07,1683417600,26501993.31
2024-09-03,1725321600,4034174.85
2020-02-17,1581897600,4777298.52
2020-02-18,1581984000,7995608.14
2020-02-19,1582070400,12892271.34
2020-02-20,1582156800,16007668.13
2020-02-29,1582934400,5779563.67
2020-03-01,1583020800,5599618.03
2020-03-02,1583107200,15911582.35
2020-03-04,1583280000,7594552.17
2020-03-05,1583366400,8847556.35
2020-03-06,1583452800,6032342.56
2020-03-07,1583539200,2660870.41
2020-03-08,1583625600,4218951.60
2020-03-09,1583712000,17183852.45
2020-03-10,1583798400,9561762.78
2020-03-11,1583884800,37573811.60
2020-03-12,1583971200,37993683.38
2020-03-13,1584057600,33233583.21
2020-03-14,1584144000,14706539.06
2020-03-15,1584230400,7027881.66
2020-03-16,1584316800,16301357.32
2020-03-17,1584403200,17074744.66
2020-03-20,1584662400,6939100.68
2020-03-21,1584748800,3446073.57
2020-03-22,1584835200,4372758.44
2020-03-23,1584921600,8024347.37
2020-03-24,1585008000,5681635.62
2020-03-25,1585094400,11930793.58
2020-03-26,1585180800,7813639.54
2020-03-27,1585267200,7420482.72
2020-03-28,1585353600,3583482.49
2020-03-29,1585440000,5557175.92
2020-03-30,1585526400,5911808.92
2020-03-31,1585612800,4649250.21
2020-04-01,1585699200,7860214.68
2020-04-03,1585872000,3378070.72
2020-04-05,1586044800,2282677.00
2020-04-06,1586131200,4989764.86
2020-04-07,1586217600,10091628.53
2020-04-08,1586304000,4062487.40
2020-04-09,1586390400,7549790.95
2020-04-10,1586476800,12422853.93
2020-04-11,1586563200,2332131.71
2020-04-12,1586649600,1670323.79
2020-04-13,1586736000,4075883.64
2020-04-14,1586822400,3729835.88
2020-04-15,1586908800,5014793.67
2020-04-17,1587081600,5981796.15
2020-04-18,1587168000,2510972.51
2020-04-27,1587945600,7772456.64
2024-02-07,1707264000,9690796.79
2020-04-28,1588032000,4283255.12
2020-04-29,1588118400,22707357.69
2020-04-30,1588204800,11778491.44
2020-05-01,1588291200,5787150.44
2020-05-02,1588377600,2939830.77
2020-05-03,1588464000,5931384.46
2020-05-05,1588636800,5449457.21
2020-05-06,1588723200,14702773.93
2020-05-07,1588809600,26181150.20
2020-05-09,1588982400,9442974.26
2020-05-10,1589068800,6073742.53
2020-05-11,1589155200,13282152.19
2020-05-12,1589241600,4951226.80
2020-05-13,1589328000,5351055.82
2020-05-14,1589414400,6853620.82
2020-05-15,1589500800,7705319.96
2020-05-16,1589587200,5385364.61
2020-05-17,1589673600,3369298.78
2020-05-18,1589760000,7049373.19
2020-05-19,1589846400,4330917.36
2020-05-21,1590019200,8403839.73
2020-05-23,1590192000,3739822.62
2020-05-24,1590278400,2908475.29
2020-05-25,1590364800,3887588.52
2020-05-26,1590451200,4895053.20
2020-05-27,1590537600,5114185.74
2020-05-29,1590710400,7426261.21
2020-05-30,1590796800,3984414.60
2020-05-31,1590883200,8066028.07
2020-06-01,1590969600,22556153.38
2020-06-02,1591056000,10187895.33
2020-06-03,1591142400,5813887.26
2020-06-04,1591228800,6400684.98
2020-06-06,1591401600,6560634.22
2020-06-07,1591488000,5184390.80
2020-06-08,1591574400,15068721.41
2020-06-09,1591660800,6351068.69
2020-06-10,1591747200,7460651.43
2020-06-11,1591833600,5473121.04
2020-06-12,1591920000,3727898.90
2020-06-13,1592006400,2661891.17
2020-06-14,1592092800,3893683.98
2020-06-15,1592179200,6297041.59
2020-06-22,1592784000,7599040.62
2020-06-23,1592870400,9632832.79
2020-06-24,1592956800,18421408.48
2020-06-26,1593129600,15316126.85
2020-06-27,1593216000,5756108.91
2024-02-25,1708819200,4862510.76
2020-06-28,1593302400,7886326.69
2020-06-29,1593388800,6568555.37
2020-06-30,1593475200,11963289.72
2020-07-01,1593561600,5935472.09
2020-07-02,1593648000,4278162.73
2020-07-03,1593734400,4997019.72
2020-07-04,1593820800,2597849.61
2020-07-06,1593993600,5525959.63
2020-07-07,1594080000,8440528.41
2020-07-08,1594166400,14658865.48
2020-07-10,1594339200,5283652.05
2020-07-11,1594425600,2617992.57
2020-07-12,1594512000,3378535.86
2020-07-13,1594598400,6479454.11
2020-07-14,1594684800,13807459.14
2020-07-15,1594771200,14912110.31
2020-07-16,1594857600,4139065.49
2020-07-17,1594944000,5388182.56
2020-07-18,1595030400,3292909.95
2020-07-19,1595116800,4091828.84
2020-07-20,1595203200,3363944.58
2020-07-22,1595376000,11466612.88
2020-07-24,1595548800,6002671.19
2020-07-25,1595635200,4988530.79
2020-07-26,1595721600,5869435.62
2020-07-27,1595808000,15339259.85
2020-07-28,1595894400,23094171.61
2020-07-29,1595980800,10213770.82
2020-07-30,1596067200,11912501.57
2020-07-31,1596153600,14974909.82
2020-08-01,1596240000,7188775.85
2020-08-02,1596326400,8912445.34
2020-08-03,1596412800,17335993.06
2020-08-04,1596499200,9088327.57
2020-08-06,1596672000,15005890.24
2020-08-07,1596758400,15366159.15
2020-08-08,1596844800,7000659.92
2020-08-09,1596931200,7760123.94
2020-08-10,1597017600,6494370.59
2020-08-11,1597104000,17152968.54
2020-08-12,1597190400,12750537.83
2020-08-13,1597276800,6815897.20
2020-08-14,1597363200,10239233.09
2020-08-20,1597881600,8184881.41
2020-08-22,1598054400,3918304.67
2020-08-23,1598140800,3968670.86
2020-08-24,1598227200,6052254.27
2020-08-26,1598400000,11363680.80
2022-03-01,1646092800,9074128.75
2023-03-06,1678060800,7647134.52
2020-08-27,1598486400,5897939.58
2020-08-28,1598572800,13190767.62
2020-08-29,1598659200,4837011.67
2020-08-30,1598745600,5309681.51
2020-08-31,1598832000,11583999.40
2020-09-03,1599091200,13708615.09
2020-09-04,1599177600,15414020.51
2020-09-05,1599264000,6999726.45
2020-09-06,1599350400,6323443.78
2020-09-07,1599436800,5979242.81
2020-09-08,1599523200,5329771.40
2020-09-09,1599609600,8109625.10
2020-09-10,1599696000,8148837.10
2020-09-11,1599782400,8551318.21
2020-09-12,1599868800,5886061.59
2020-09-13,1599955200,3483802.08
2020-09-14,1600041600,6392562.49
2020-09-15,1600128000,7259343.67
2020-09-16,1600214400,15349400.89
2020-09-18,1600387200,11114102.67
2020-09-19,1600473600,10669222.90
2020-09-20,1600560000,9085052.71
2020-09-21,1600646400,6763807.99
2020-09-22,1600732800,10006705.94
2020-09-23,1600819200,6472634.33
2020-09-24,1600905600,14393950.42
2020-09-25,1600992000,10777294.95
2020-09-26,1601078400,6379929.10
2020-09-27,1601164800,6318417.90
2020-09-28,1601251200,5449954.67
2020-09-29,1601337600,19829416.00
2020-09-30,1601424000,12638373.42
2020-10-01,1601510400,6030141.94
2020-10-02,1601596800,9474573.43
2020-10-04,1601769600,4005427.98
2020-10-05,1601856000,5563638.67
2020-10-06,1601942400,6007912.08
2020-10-07,1602028800,12269287.43
2020-10-08,1602115200,9018349.66
2020-10-09,1602201600,9941502.83
2020-10-10,1602288000,3996778.02
2020-10-11,1602374400,6166294.78
2020-10-12,1602460800,10810453.99
2020-10-13,1602547200,4742452.52
2020-10-14,1602633600,12419943.79
2020-10-15,1602720000,9732531.78
2023-01-16,1673827200,16427849.10
2020-01-29,1580256000,19228459.76
2020-10-30,1604016000,7827174.92
2022-02-27,1645920000,7084699.62
2023-01-15,1673740800,5514310.79
2024-03-04,1709510400,28022352.76
2020-02-02,1580601600,10768098.71
2020-02-06,1580947200,23662764.33
2020-02-07,1581033600,56464253.78
2020-02-10,1581292800,29619899.78
2020-02-11,1581379200,9129897.09
2020-02-12,1581465600,6766778.77
2020-02-13,1581552000,11697829.16
2020-02-14,1581638400,6559298.56
2020-02-15,1581724800,6044376.39
2020-02-16,1581811200,3312614.60
2020-10-16,1602806400,5012078.08
2020-10-17,1602892800,2587150.80
2020-10-19,1603065600,30694447.73
2020-10-26,1603670400,6042198.11
2020-10-27,1603756800,14108559.22
2020-10-28,1603843200,14624163.02
2020-10-29,1603929600,14750227.59
2024-11-21,1732147200,52402245.51
2020-01-21,1579564800,5501174.07
2020-01-22,1579651200,6474220.30
2020-01-23,1579737600,12769295.88
2020-01-24,1579824000,14120126.06
2020-01-25,1579910400,4064567.22
2020-01-26,1579996800,3375616.23
2020-01-27,1580083200,5015862.12
2020-01-28,1580169600,5774015.52
2020-01-30,1580342400,6420836.97
2020-01-31,1580428800,13072416.43
2020-02-01,1580515200,3726139.09
2020-02-03,1580688000,59931222.47
2020-02-04,1580774400,7689557.48
2020-02-05,1580860800,6406290.09
2020-02-08,1581120000,10206793.55
2020-02-09,1581206400,7628154.45
2020-10-24,1603497600,13899718.94
2020-10-25,1603584000,7379632.12
2025-01-13,1736726400,6644072.75
2025-01-06,1736121600,9580517.74
2024-12-31,1735603200,36237779.19
2025-02-02,1738454400,6084620.79
2025-01-26,1737849600,4814522.27
2025-04-08,1744070400,8133137.17
2025-02-17,1739750400,5099228.27
2020-02-21,1582243200,6725179.88
2020-02-22,1582329600,3114057.65
2020-02-23,1582416000,4239589.28
2020-02-24,1582502400,4461866.97
2020-02-25,1582588800,22636777.76
2020-02-26,1582675200,6957661.73
2020-02-27,1582761600,5132170.44
2020-02-28,1582848000,8457670.59
2020-10-31,1604102400,8030344.97
2020-11-01,1604188800,10736912.83
2020-11-02,1604275200,22816906.92
2020-11-03,1604361600,170417738.55
2020-11-04,1604448000,13051525.47
2020-11-05,1604534400,30234530.64
2020-11-06,1604620800,19392326.56
2020-11-07,1604707200,12372852.29
2020-11-08,1604793600,16201815.78
2020-11-09,1604880000,14307653.56
2020-11-10,1604966400,10464003.17
2020-11-12,1605139200,18962980.89
2020-11-13,1605225600,17305836.18
2020-11-15,1605398400,6996817.79
2020-11-16,1605484800,12096489.45
2020-11-17,1605571200,21090925.39
2020-11-18,1605657600,29049945.75
2020-11-19,1605744000,14680788.15
2020-11-20,1605830400,31977250.27
2020-11-21,1605916800,19531753.35
2020-11-22,1606003200,10052861.41
2020-11-23,1606089600,11797529.57
2020-11-24,1606176000,26315271.74
2020-11-25,1606262400,14251228.48
2020-11-26,1606348800,42464157.90
2020-11-27,1606435200,23107750.74
2020-11-28,1606521600,6255758.07
2020-11-30,1606694400,25770792.79
2020-12-02,1606867200,18821866.05
2020-12-03,1606953600,20438226.82
2020-12-04,1607040000,16570131.93
2020-12-05,1607126400,6771496.56
2020-12-06,1607212800,7874559.93
2020-12-07,1607299200,15898240.69
2020-12-08,1607385600,15935666.35
2020-12-09,1607472000,14402487.71
2020-12-10,1607558400,16969264.73
2020-12-11,1607644800,33334781.85
2020-12-12,1607731200,20144026.85
2020-12-13,1607817600,34686741.11
2020-12-15,1607990400,15620377.01
2020-12-16,1608076800,26429124.35
2020-12-17,1608163200,28148508.84
2023-01-04,1672790400,8260558.45
2020-04-19,1587254400,5824344.36
2020-04-20,1587340800,5349975.47
2020-04-21,1587427200,4724786.67
2020-04-22,1587513600,5958653.60
2020-04-23,1587600000,8630695.58
2020-04-24,1587686400,5408881.38
2020-10-22,1603324800,34030188.21
2020-12-18,1608249600,33009937.47
2020-12-19,1608336000,15390456.43
2020-12-20,1608422400,23914307.33
2020-12-21,1608508800,16921511.77
2020-12-22,1608595200,43791035.00
2020-12-23,1608681600,29208345.18
2020-12-24,1608768000,17833835.00
2020-12-25,1608854400,6918999.68
2021-01-09,1610150400,28154486.34
2021-01-10,1610236800,21916250.70
2021-01-11,1610323200,25304349.23
2021-01-13,1610496000,15413218.90
2021-01-14,1610582400,15407697.28
2021-01-16,1610755200,10488847.15
2021-01-17,1610841600,9590025.33
2021-01-18,1610928000,13619846.43
2021-01-19,1611014400,13571983.28
2021-01-20,1611100800,10272617.72
2021-01-21,1611187200,10379979.20
2021-01-22,1611273600,11496596.43
2021-01-23,1611360000,6134697.82
2021-01-24,1611446400,5427720.98
2021-01-25,1611532800,10150991.57
2021-01-26,1611619200,7701182.43
2021-01-28,1611792000,13535352.49
2021-01-29,1611878400,18028328.86
2021-01-30,1611964800,10179934.83
2021-01-31,1612051200,19152806.49
2021-02-01,1612137600,7426675.53
2021-02-03,1612310400,10678606.66
2021-02-04,1612396800,15629796.29
2021-02-05,1612483200,19796353.32
2021-02-06,1612569600,9997138.80
2021-02-07,1612656000,26296481.70
2021-02-08,1612742400,18325598.91
2021-02-09,1612828800,26123586.41
2021-02-10,1612915200,16597944.09
2021-02-11,1613001600,13502735.97
2021-02-13,1613174400,7509680.00
2021-02-19,1613692800,23315496.51
2021-02-20,1613779200,20903854.34
2021-02-21,1613865600,14272851.24
2021-02-22,1613952000,14957239.04
2022-12-04,1670112000,5679146.50
2024-06-28,1719532800,9793090.19
2020-06-16,1592265600,5743228.28
2020-06-17,1592352000,4296861.54
2020-06-18,1592438400,13709433.89
2020-06-19,1592524800,4904590.86
2020-06-20,1592611200,4151591.47
2020-06-21,1592697600,4791083.37
2021-02-23,1614038400,33662546.84
2021-02-25,1614211200,18179700.98
2021-02-26,1614297600,20237131.24
2021-02-27,1614384000,10218610.42
2021-02-28,1614470400,10763891.17
2021-03-01,1614556800,8191387.06
2021-03-02,1614643200,18171213.06
2021-03-03,1614729600,7852392.53
2021-03-04,1614816000,10231955.23
2021-03-05,1614902400,16702327.93
2021-03-06,1614988800,6832356.90
2021-03-07,1615075200,4727050.79
2021-03-08,1615161600,22497140.50
2021-03-09,1615248000,9501603.44
2021-03-10,1615334400,9887124.47
2021-03-13,1615593600,10326725.17
2021-03-14,1615680000,19306506.78
2021-03-15,1615766400,10804586.94
2021-03-16,1615852800,16837681.46
2021-03-17,1615939200,13841304.60
2021-03-18,1616025600,6989040.99
2021-03-19,1616112000,6578981.09
2021-03-20,1616198400,13272495.75
2021-03-21,1616284800,7171639.77
2021-03-22,1616371200,13857903.01
2021-03-23,1616457600,21499497.23
2021-03-24,1616544000,10757771.25
2021-03-25,1616630400,24313050.63
2021-03-27,1616803200,12614732.47
2021-03-28,1616889600,7841178.45
2021-03-30,1617062400,11069758.75
2021-04-01,1617235200,27864628.14
2021-04-02,1617321600,21374888.00
2021-04-03,1617408000,4582013.29
2021-04-04,1617494400,5563843.27
2021-04-06,1617667200,38317484.30
2021-04-07,1617753600,8802533.38
2021-04-08,1617840000,9623361.46
2021-04-09,1617926400,10528741.69
2021-04-10,1618012800,10625557.85
2021-04-11,1618099200,15522776.74
2021-04-14,1618358400,34211749.54
2021-04-15,1618444800,25433333.20
2021-04-16,1618531200,7095249.21
2022-12-01,1669852800,13948805.69
2024-08-21,1724198400,8795398.00
2024-08-31,1725062400,7255910.46
2020-08-16,1597536000,5621546.42
2020-08-17,1597622400,18635720.02
2020-08-18,1597708800,6289255.74
2021-04-17,1618617600,9731808.67
2021-04-18,1618704000,32774979.89
2021-04-19,1618790400,5218849.83
2021-04-20,1618876800,14329722.85
2021-04-21,1618963200,7887237.24
2021-04-22,1619049600,12929595.42
2021-04-24,1619222400,21998685.58
2021-04-25,1619308800,13766666.84
2021-04-26,1619395200,12947507.78
2021-04-27,1619481600,25280526.99
2024-09-24,1727136000,7033599.02
2021-04-28,1619568000,10841033.87
2025-03-26,1742947200,8606714.36
2022-11-25,1669334400,6015347.53
2024-07-17,1721174400,9981748.63
2024-11-03,1730592000,4479654.98
2024-09-16,1726444800,12686196.63
2020-10-18,1602979200,3145176.14
2020-10-21,1603238400,11202592.91
2020-10-20,1603152000,9502956.62
2020-10-23,1603411200,56598384.73
2022-10-30,1667088000,2999868.31
2024-06-23,1719100800,3527740.58
2024-08-06,1722902400,5853469.13
2020-12-28,1609113600,61211536.96
2020-12-30,1609286400,15239805.80
2020-12-31,1609372800,19058753.03
2021-01-01,1609459200,24022802.95
2021-01-02,1609545600,56538224.71
2021-01-03,1609632000,36177481.55
2021-01-05,1609804800,21918167.52
2021-01-06,1609891200,25049561.39
2021-01-07,1609977600,39109338.62
2021-01-08,1610064000,32448903.30
2021-02-15,1613347200,14194852.89
2022-10-29,1667001600,3498439.17
2020-12-26,1608940800,14767403.28
2020-12-27,1609027200,24006712.83
2021-02-16,1613433600,15550380.52
2021-02-17,1613520000,16184771.26
2021-02-18,1613606400,20702064.05
2022-10-28,1666915200,4720107.54
2024-04-29,1714348800,15079989.49
2024-07-03,1719964800,25785294.43
2022-10-06,1665014400,5138371.67
2024-05-19,1716076800,4829063.46
2021-03-29,1616976000,7055994.54
2022-03-12,1647043200,5301799.28
2022-09-02,1662076800,6234917.02
2024-06-22,1719014400,58345377.63
2024-10-01,1727740800,5082642.53
2021-04-05,1617580800,8055668.50
2022-05-12,1652313600,19780663.13
2022-08-14,1660435200,1951500.21
2024-07-09,1720483200,20556076.15
2024-10-02,1727827200,6081799.80
2024-11-30,1732924800,6775909.23
2021-04-12,1618185600,18681041.99
2022-05-22,1653177600,1898809.79
2022-07-14,1657756800,8103763.61
2024-10-03,1727913600,1021102.77
2025-01-12,1736640000,4315277.97
2024-11-15,1731628800,46920336.03
2024-07-16,1721088000,7107599.11
2024-10-31,1730332800,10616437.99
2024-12-02,1733097600,30605106.66
2025-01-27,1737936000,12069307.82
2025-02-12,1739318400,7897285.34
2025-04-28,1745798400,21705152.91
2025-03-02,1740873600,6633149.57
2025-03-09,1741478400,4448773.58
2025-03-31,1743379200,9633421.02
2024-07-23,1721692800,59572228.60
2024-07-24,1721779200,8762561.60
2021-05-05,1620172800,9953009.34
2021-05-01,1619827200,6105451.29
2021-05-02,1619913600,7063585.84
2021-05-03,1620000000,12148620.28
2021-05-06,1620259200,10340437.06
2021-05-07,1620345600,24963586.18
2021-05-08,1620432000,7144977.61
2024-08-20,1724112000,7389972.26
2024-09-04,1725408000,4034174.85
2025-02-10,1739145600,7866830.99
2021-05-14,1620950400,10663331.97
2021-05-16,1621123200,9521735.30
2021-05-17,1621209600,9775027.39
2021-05-18,1621296000,13204048.95
2021-05-19,1621382400,30300527.73
2021-05-21,1621555200,13961952.23
2021-05-22,1621641600,5898759.61
2021-05-23,1621728000,13859804.63
2021-05-24,1621814400,27808799.04
2021-05-25,1621900800,10144828.29
2021-05-28,1622160000,5114812.27
2021-05-29,1622246400,3030643.22
2021-05-30,1622332800,21818882.76
2021-05-31,1622419200,3632289.83
2021-06-01,1622505600,25118458.36
2021-06-02,1622592000,8263087.53
2021-06-04,1622764800,4904358.33
2021-06-05,1622851200,3217366.40
2021-06-06,1622937600,4717803.79
2021-06-07,1623024000,8254179.90
2021-06-08,1623110400,11649661.19
2021-06-11,1623369600,12712309.87
2021-06-12,1623456000,2356216.79
2021-06-13,1623542400,4393625.17
2021-06-15,1623715200,7424731.72
2021-06-16,1623801600,4917435.46
2021-06-17,1623888000,4867977.51
2021-06-18,1623974400,4636366.54
2021-06-19,1624060800,2326007.00
2021-06-20,1624147200,3211880.29
2021-06-21,1624233600,7526577.59
2021-06-23,1624406400,13090396.10
2021-06-24,1624492800,9508860.33
2021-06-25,1624579200,20329741.86
2021-06-26,1624665600,2654961.03
2021-06-27,1624752000,4130752.65
2021-06-28,1624838400,4881933.93
2021-07-01,1625097600,6065643.98
2021-07-04,1625356800,3779707.04
2021-07-05,1625443200,4972459.67
2021-07-06,1625529600,4106681.99
2021-07-10,1625875200,2207860.32
2021-07-11,1625961600,3085928.16
2021-07-12,1626048000,13233387.22
2021-07-16,1626393600,5695982.30
2021-07-17,1626480000,79380369.89
2021-07-21,1626825600,5675170.60
2021-07-24,1627084800,2034147.35
2021-08-02,1627862400,4367594.60
2022-03-17,1647475200,21824226.76
2021-07-08,1625702400,4613826.25
2021-07-03,1625270400,2449583.76
2021-07-09,1625788800,6292969.96
2021-07-13,1626134400,3962922.50
2021-07-14,1626220800,5295537.37
2021-07-15,1626307200,6685722.38
2021-07-18,1626566400,3216574.60
2021-07-19,1626652800,5828749.38
2021-07-20,1626739200,9411964.66
2021-07-23,1626998400,6072131.78
2021-07-25,1627171200,3000411.45
2021-07-27,1627344000,22786421.39
2021-07-30,1627603200,5325265.53
2021-07-31,1627689600,3738218.02
2021-08-01,1627776000,2628223.17
2021-08-03,1627948800,3776350.98
2021-08-04,1628035200,3475911.57
2021-08-05,1628121600,3549329.93
2021-08-07,1628294400,3943439.68
2021-08-14,1628899200,14386510.80
2021-08-15,1628985600,2480484.05
2021-09-08,1631059200,5403297.83
2021-09-09,1631145600,13669472.57
2021-09-10,1631232000,11184689.68
2021-09-11,1631318400,3759282.41
2021-09-12,1631404800,3436864.66
2021-09-14,1631577600,12337915.71
2021-09-15,1631664000,10758407.78
2021-09-16,1631750400,11973234.31
2021-09-17,1631836800,4929266.72
2021-09-24,1632441600,4698583.13
2021-09-25,1632528000,1667892.20
2021-09-27,1632700800,8913089.50
2021-09-28,1632787200,5913975.78
2021-09-29,1632873600,6150727.74
2021-10-01,1633046400,6498510.72
2021-10-02,1633132800,4406417.63
2021-10-03,1633219200,3743987.96
2021-10-04,1633305600,6954809.86
2021-10-08,1633651200,6383357.18
2021-10-09,1633737600,4795638.04
2021-10-11,1633910400,7585503.58
2021-10-13,1634083200,6641213.78
2021-10-14,1634169600,7708047.10
2021-10-21,1634774400,12698333.20
2021-10-22,1634860800,14081903.09
2021-10-23,1634947200,5093867.38
2021-10-24,1635033600,16972908.50
2021-10-25,1635120000,13753108.92
2021-10-29,1635465600,8042802.39
2021-10-30,1635552000,4541409.35
2021-11-01,1635724800,32395290.32
2021-11-02,1635811200,19333372.55
2021-11-03,1635897600,16979230.60
2021-11-08,1636329600,16811375.15
2021-11-09,1636416000,12171427.98
2021-11-10,1636502400,23032413.72
2023-07-30,1690675200,3109051.37
2023-07-29,1690588800,3108868.26
2023-08-04,1691107200,5744832.29
2023-08-05,1691193600,1785971.48
2021-08-10,1628553600,4006769.63
2023-08-06,1691280000,3078167.47
2023-08-07,1691366400,4298541.07
2023-08-08,1691452800,8414640.77
2023-08-11,1691712000,3743052.20
2021-08-11,1628640000,6120429.93
2023-08-13,1691884800,3796523.93
2021-08-16,1629072000,4737996.89
2023-08-14,1691971200,11649581.20
2023-08-18,1692316800,11519408.45
2021-08-17,1629158400,5376472.81
2023-08-19,1692403200,2178962.00
2021-08-19,1629331200,5337360.08
2023-08-20,1692489600,2797773.62
2023-08-24,1692835200,4768875.80
2021-08-20,1629417600,4802438.42
2021-08-21,1629504000,6431020.60
2021-08-23,1629676800,10945418.58
2021-08-25,1629849600,30546867.22
2021-08-26,1629936000,12613395.02
2021-08-28,1630108800,3867966.70
2021-08-29,1630195200,3100110.75
2021-08-30,1630281600,7026701.81
2021-08-31,1630368000,8057407.73
2021-09-01,1630454400,6723724.35
2021-09-03,1630627200,5985441.67
2021-09-04,1630713600,3898650.04
2021-09-05,1630800000,3146427.75
2021-09-06,1630886400,5408767.08
2021-09-07,1630972800,6410909.52
2021-09-20,1632096000,6207912.41
2021-09-21,1632182400,3499191.27
2021-09-23,1632355200,4802668.62
2021-10-05,1633392000,8523985.82
2021-10-06,1633478400,10874886.52
2021-10-07,1633564800,9894712.50
2021-10-16,1634342400,10310995.10
2021-10-26,1635206400,9604802.50
2021-10-27,1635292800,5712198.46
2021-10-28,1635379200,7345794.34
2021-11-04,1635984000,5841504.23
2021-11-05,1636070400,16991613.90
2021-11-06,1636156800,5603640.61
2021-11-07,1636243200,3104035.74
2023-06-10,1686355200,6120383.81
2023-07-26,1690329600,3757690.19
2023-07-27,1690416000,23108957.00
2023-08-25,1692921600,4844663.26
2023-08-31,1693440000,6442776.66
2023-09-01,1693526400,6333374.50
2023-09-02,1693612800,2024249.77
2023-09-03,1693699200,3571933.64
2023-09-04,1693785600,5130142.38
2023-08-09,1691539200,5645119.97
2023-08-03,1691020800,3340026.03
2023-08-10,1691625600,6310953.94
2023-08-16,1692144000,7465327.14
2023-08-17,1692230400,10255165.59
2023-08-22,1692662400,7475683.70
2023-08-23,1692748800,4895604.90
2023-08-26,1693008000,2101539.49
2023-08-27,1693094400,6614389.62
2023-08-28,1693180800,6143844.99
2023-09-05,1693872000,6148947.34
2023-09-06,1693958400,6745113.43
2023-09-07,1694044800,4096803.34
2023-09-08,1694131200,4032695.95
2023-09-09,1694217600,2793946.15
2023-09-12,1694476800,5476859.26
2023-09-13,1694563200,3477765.52
2023-09-15,1694736000,5850150.78
2023-09-16,1694822400,2622467.29
2023-09-17,1694908800,2203890.17
2023-09-18,1694995200,12556136.93
2023-09-19,1695081600,29141878.98
2023-09-20,1695168000,7514555.75
2023-09-21,1695254400,3312724.25
2023-09-22,1695340800,2659875.42
2023-09-24,1695513600,3070597.45
2023-09-25,1695600000,5562270.99
2023-09-26,1695686400,5416732.36
2023-09-27,1695772800,4267639.51
2023-09-30,1696032000,3495577.56
2023-10-01,1696118400,3650733.50
2023-10-02,1696204800,17731189.94
2023-10-03,1696291200,7841117.47
2023-10-04,1696377600,11417239.07
2023-10-06,1696550400,9350577.89
2023-10-07,1696636800,10171709.94
2023-10-08,1696723200,2842333.30
2023-10-09,1696809600,15136704.65
2023-10-10,1696896000,6952395.33
2023-10-11,1696982400,13489996.44
2023-10-12,1697068800,6408532.02
2023-10-13,1697155200,5058683.20
2023-10-15,1697328000,2469467.26
2023-10-19,1697673600,18450283.74
2023-10-20,1697760000,9695118.84
2023-10-21,1697846400,3870257.16
2023-10-22,1697932800,4233104.27
2023-10-23,1698019200,14045942.99
2023-10-24,1698105600,21180027.71
2023-10-25,1698192000,9963648.38
2023-10-27,1698364800,9632897.69
2023-10-28,1698451200,8769682.28
2023-10-29,1698537600,6032952.58
2023-10-31,1698710400,10613736.95
2023-11-01,1698796800,29630521.52
2023-11-03,1698969600,7771725.66
2023-11-04,1699056000,4308785.72
2023-11-05,1699142400,4256823.58
2023-11-09,1699488000,21984255.17
2023-11-07,1699315200,7233232.40
2023-11-08,1699401600,6111297.87
2023-11-10,1699574400,9173202.81
2023-11-11,1699660800,4000974.34
2023-11-12,1699747200,4163386.64
2023-11-13,1699833600,6890983.99
2023-11-17,1700179200,6619310.36
2023-11-18,1700265600,4197053.89
2023-11-19,1700352000,7461686.95
2023-11-20,1700438400,9067200.56
2023-11-22,1700611200,16051383.41
2023-11-23,1700697600,4261435.28
2023-11-25,1700870400,3049900.28
2023-11-26,1700956800,6062938.61
2023-11-27,1701043200,4487462.47
2023-11-29,1701216000,6715420.11
2023-11-30,1701302400,32581614.62
2023-12-01,1701388800,8422562.66
2023-12-03,1701561600,4470548.65
2023-12-04,1701648000,19322329.39
2023-12-06,1701820800,21338734.85
2023-12-07,1701907200,10971881.52
2023-12-08,1701993600,10296171.76
2023-12-09,1702080000,5925241.84
2023-12-10,1702166400,4704091.22
2023-12-11,1702252800,11816912.26
2023-12-13,1702425600,6160539.00
2023-12-15,1702598400,14851651.98
2023-12-16,1702684800,8321871.53
2023-12-17,1702771200,2781443.30
2023-12-19,1702944000,10133506.11
2023-12-22,1703203200,16497328.90
2023-12-23,1703289600,6584535.67
2023-12-24,1703376000,20144594.34
2023-12-25,1703462400,4663971.56
2023-12-26,1703548800,7908259.50
2023-12-27,1703635200,56044309.86
2023-12-29,1703808000,31193522.32
2023-12-30,1703894400,9241170.58
2023-12-31,1703980800,5809306.73
2024-01-01,1704067200,3821139.98
2024-01-02,1704153600,11844542.58
2024-01-03,1704240000,10771606.69
2024-01-06,1704499200,3799238.02
2024-01-08,1704672000,8507504.04
2024-01-09,1704758400,13127422.44
2024-01-10,1704844800,10850023.02
2024-01-11,1704931200,11356315.33
2024-01-13,1705104000,4104344.55
2024-01-14,1705190400,6083400.92
2024-01-15,1705276800,6494219.07
2024-01-16,1705363200,104682512.15
2024-01-17,1705449600,25257355.12
2024-01-18,1705536000,21949706.81
2024-01-20,1705708800,3185438.15
2024-01-24,1706054400,57722403.21
2024-01-22,1705881600,20754487.91
2024-01-25,1706140800,26194952.51
2024-01-23,1705968000,22401805.74
2024-01-26,1706227200,16623261.59
2024-01-27,1706313600,4948933.34
2024-01-28,1706400000,3001075.62
2024-01-30,1706572800,21744625.76
2024-01-31,1706659200,19901630.51
2024-02-02,1706832000,13235041.18
2024-02-03,1706918400,2125104.33
2024-02-04,1707004800,6839984.03
2024-02-05,1707091200,11542789.00
2024-02-08,1707350400,8413685.16
2024-02-09,1707436800,9825196.54
2024-02-10,1707523200,5887918.06
2024-02-11,1707609600,6277380.12
2024-02-12,1707696000,13884676.58
2024-02-14,1707868800,23788107.95
2024-02-15,1707955200,11890325.70
2024-02-16,1708041600,14483762.73
2024-02-17,1708128000,5592465.74
2024-02-18,1708214400,5065419.11
2024-02-19,1708300800,40963385.48
2024-02-20,1708387200,9220667.19
2024-02-23,1708646400,15118253.37
2024-02-24,1708732800,4574890.19
2024-02-26,1708905600,11270913.65
2024-02-27,1708992000,18768686.31
2024-02-28,1709078400,48420977.26
2024-03-01,1709251200,67336082.59
2024-03-02,1709337600,5760457.16
2024-03-03,1709424000,5760457.16
2024-03-05,1709596800,45516788.72
2024-03-06,1709683200,69379446.59
2024-03-07,1709769600,33579618.05
2024-03-09,1709942400,10435929.46
2024-03-10,1710028800,20430023.10
2024-03-11,1710115200,27905377.31
2024-03-14,1710374400,37438985.85
2024-03-24,1711238400,12044253.87
2024-03-25,1711324800,70052515.41
2024-03-26,1711411200,25894775.29
2024-03-27,1711497600,11936460.39
2024-03-28,1711584000,41067049.39
2024-03-29,1711670400,8896570.78
2024-03-31,1711843200,7945393.75
2024-04-01,1711929600,72561838.84
2024-04-02,1712016000,27051499.25
2024-04-03,1712102400,10020149.49
2024-04-04,1712188800,2167856.94
2024-04-05,1712275200,6093046.38
2024-04-07,1712448000,5304924.08
2024-04-09,1712620800,11888971.17
2024-04-11,1712793600,6540849.19
2024-04-12,1712880000,9286384.76
2024-09-21,1726876800,3986851.88
2024-04-16,1713225600,24571525.91
2021-04-23,1619136000,17474596.97
2023-04-17,1681689600,6650646.69
2024-04-17,1713312000,8917703.56
2024-04-14,1713052800,6628569.21
2024-04-18,1713398400,21022194.76
2024-04-15,1713139200,9871731.05
2024-04-19,1713484800,11731164.28
2024-04-20,1713571200,2592722.84
2024-04-22,1713744000,5699203.39
2024-04-23,1713830400,8106020.92
2024-04-24,1713916800,8106020.92
2024-04-25,1714003200,6896035.17
2024-04-27,1714176000,9007887.66
2024-04-28,1714262400,15079989.49
2024-04-30,1714435200,15079989.49
2024-05-01,1714521600,9743807.05
2024-09-10,1725926400,10191519.78
2024-06-19,1718755200,5148767.78
2024-06-16,1718496000,2469702.94
2024-05-02,1714608000,7977259.56
2024-07-31,1722384000,7056374.97
2024-05-04,1714780800,3054584.81
2024-06-15,1718409600,9889954.46
2024-05-05,1714867200,2522603.91
2024-05-06,1714953600,9844894.99
2024-05-07,1715040000,4876424.66
2024-05-08,1715126400,7268759.19
2024-05-09,1715212800,5221330.10
2024-05-10,1715299200,4692928.81
2024-05-12,1715472000,8562011.36
2024-05-13,1715558400,7027204.19
2024-05-14,1715644800,7027204.19
2024-05-16,1715817600,7518350.47
2024-05-18,1715990400,3326086.85
2024-05-20,1716163200,9422693.88
2024-05-21,1716249600,10925256.01
2024-05-22,1716336000,17466435.79
2024-05-23,1716422400,12233307.22
2024-05-24,1716508800,8853094.08
2024-05-25,1716595200,2555575.20
2024-05-26,1716681600,6755249.29
2024-05-29,1716940800,6545278.21
2024-05-30,1717027200,8807190.93
2024-06-01,1717200000,4076898.40
2024-06-02,1717286400,4708011.46
2024-06-04,1717459200,9321546.06
2024-06-05,1717545600,10527332.27
2024-06-06,1717632000,3149321.04
2024-06-07,1717718400,2299543.15
2024-06-08,1717804800,5658811.73
2024-06-09,1717891200,4483462.22
2024-06-10,1717977600,6321906.65
2024-06-12,1718150400,10643932.81
2024-06-13,1718236800,4403024.45
2024-06-14,1718323200,6403024.00
2021-04-30,1619740800,20342112.73
2022-01-02,1641081600,2010577.38
2022-06-23,1655942400,4695184.50
2025-05-05,1746403200,48830116.20
2025-02-24,1740355200,8333891.95
2024-11-16,1731715200,10241016.18
2025-05-10,1746835200,3460460.84
2025-01-08,1736294400,9913174.13
2025-04-29,1745884800,25430001.02
2025-06-15,1749945600,4731942.82
2024-12-13,1734048000,19075090.34
2024-10-15,1728950400,26442899.02
2024-10-08,1728345600,82993600.19
2025-02-18,1739836800,8062784.73
2024-11-26,1732579200,40518535.04
2024-12-19,1734566400,47902013.69
2021-05-04,1620086400,12252945.49
2021-11-12,1636675200,36920934.61
2022-07-03,1656806400,7662537.33
2022-07-18,1658102400,6764434.54
2025-04-27,1745712000,4423736.47
2025-05-06,1746489600,33883010.85
2025-04-14,1744588800,6824020.54
2024-12-14,1734134400,9315708.46
2025-03-20,1742428800,15678816.53
2025-02-19,1739923200,5154217.78
2025-02-25,1740441600,27139428.15
2024-10-16,1729036800,8376050.55
2024-10-09,1728432000,11424390.27
2025-03-01,1740787200,4511683.80
2021-05-12,1620777600,20103260.20
2022-07-22,1658448000,9602206.62
2023-03-14,1678752000,14185682.87
2024-07-10,1720569600,16110971.58
2025-04-30,1745971200,15457807.72
2025-05-22,1747872000,14668087.96
2024-11-09,1731110400,4893548.99
2024-12-15,1734220800,10787909.15
2024-10-10,1728518400,8656299.66
2025-03-14,1741910400,12060009.10
2024-12-07,1733529600,164213.93
2025-04-15,1744675200,14905267.73
2025-06-14,1749859200,2834424.88
2021-05-20,1621468800,18778691.16
2022-08-23,1661212800,5141062.63
2025-01-01,1735689600,24245622.15
2025-03-22,1742601600,9987814.67
2024-12-08,1733616000,9064017.33
2025-03-15,1741996800,1979605.01
2025-06-30,1751241600,37714156.35
2025-04-09,1744156800,14735048.39
2021-05-27,1622073600,4656410.77
2022-09-01,1661990400,5856924.41
2024-06-29,1719619200,2500732.89
2024-12-09,1733702400,9685983.04
2025-03-16,1742083200,4043248.70
2025-01-02,1735776000,11059420.14
2025-01-19,1737244800,
2025-01-21,1737417600,17523442.70
2021-06-03,1622678400,17153925.00
2022-09-07,1662508800,7133583.24
2024-09-01,1725148800,2318365.50
2025-03-08,1741392000,2367279.54
2025-01-20,1737331200,
2021-06-10,1623283200,10280304.65
2022-10-07,1665100800,6666489.78
2024-07-18,1721260800,15563771.18
2024-08-13,1723507200,7130925.06
2024-09-25,1727222400,12297478.98
2025-06-04,1748995200,25993523.24
2024-12-25,1735084800,5593870.88
2025-02-03,1738540800,13203032.99
2025-01-22,1737504000,27578330.93
2021-06-22,1624320000,7618511.59
2022-10-14,1665705600,4864867.56
2024-06-24,1719187200,18820143.30
2024-08-28,1724803200,6816895.11
2025-06-05,1749081600,6667677.27
2025-06-23,1750636800,11827776.21
2025-05-28,1748390400,12198395.34
2021-07-07,1625616000,6627842.83
2022-10-18,1666051200,55440353.51
2024-12-24,1734998400,43966324.10
2025-06-24,1750723200,14489230.43
2021-07-26,1627257600,22964051.81
2022-12-10,1670630400,4498414.75
2024-10-21,1729468800,26255229.27
2025-03-30,1743292800,
2025-02-07,1738886400,7640549.22
2021-08-06,1628208000,7917352.30
2023-01-21,1674259200,4824027.40
2025-02-08,1738972800,4990309.11
2024-10-22,1729555200,7691733.01
2024-11-04,1730678400,13003191.18
2021-08-09,1628467200,5732720.02
2023-01-23,1674432000,5444447.81
2024-07-04,1720051200,15253523.51
2025-06-16,1750032000,15894798.51
2021-08-12,1628726400,4455449.70
2023-03-10,1678406400,5818113.25
2025-05-24,1748044800,4084703.46
2021-08-27,1630022400,3965047.84
2021-11-13,1636761600,7802063.66
2023-03-23,1679529600,11223237.26
2025-05-23,1747958400,15222666.29
2024-10-04,1728000000,8950330.26
2024-12-03,1733184000,41927681.71
2025-04-19,1745020800,2213500.15
2021-09-13,1631491200,4284439.08
2023-04-05,1680652800,12376757.45
2024-07-25,1721865600,17792528.32
2024-08-22,1724284800,6447475.01
2024-09-29,1727568000,3344443.28
2025-02-13,1739404800,6099096.96
2025-04-20,1745107200,3498697.03
2024-10-27,1729987200,4556831.87
2021-09-19,1632009600,4092124.81
2023-04-09,1680998400,1663833.73
2024-08-07,1722988800,17038710.26
2025-02-23,1740268800,3365399.51
2025-04-21,1745193600,7591242.00
2024-09-17,1726531200,7072283.66
2025-01-14,1736812800,6835526.34
2021-09-30,1632960000,10219022.23
2021-12-03,1638489600,8280846.57
2023-05-11,1683763200,8320927.66
2025-01-29,1738108800,6301372.10
2024-11-22,1732233600,6726931.40
2025-03-10,1741564800,25786926.56
2021-10-15,1634256000,9304699.99
2023-03-26,1679788800,5146165.35
2023-04-22,1682121600,2365454.20
2023-05-23,1684800000,5960396.46
2025-03-28,1743120000,2793272.76
2024-12-26,1735171200,2260355.67
2025-05-29,1748476800,26116856.98
2021-10-19,1634601600,28692841.52
2023-05-25,1684972800,36318713.21
2025-05-30,1748563200,10006846.90
2024-12-27,1735257600,26441557.18
2025-04-02,1743552000,16567547.47
2025-05-16,1747353600,11867483.06
2021-10-31,1635638400,18856028.14
2022-01-03,1641168000,7396845.67
2023-06-01,1685577600,11403007.24
2025-04-03,1743638400,37596589.37
2025-05-17,1747440000,3677849.70
2021-11-28,1638057600,6168721.15
2022-09-21,1663718400,7102218.10
2023-03-15,1678838400,12020702.17
2023-06-18,1687046400,12857261.49
2025-05-11,1746921600,5998575.51
2020-01-04,1578096000,5038448.70
2022-03-11,1646956800,39908917.30
2023-08-01,1690848000,3782507.76
2025-05-12,1747008000,12842570.81
2025-06-17,1750118400,7905863.30
2025-03-03,1740960000,17308527.48
2024-12-20,1734652800,34734627.86
2020-01-18,1579305600,3464082.68
2022-03-18,1647561600,3455635.74
2023-09-10,1694304000,2052257.50
2025-01-28,1738022400,3771681.51
2025-06-18,1750204800,10356092.81
2024-12-21,1734739200,6122321.34
2020-03-03,1583193600,19950024.89
2022-03-19,1647648000,5333553.84
2022-03-21,1647820800,6206601.17
2023-09-14,1694649600,7219500.97
2024-11-01,1730419200,13215351.34
2025-06-09,1749427200,6156119.02
2025-03-27,1743033600,6282236.33
2020-03-19,1584576000,8684541.08
2022-07-06,1657065600,9438399.40
2022-07-21,1658361600,35425558.43
2023-03-11,1678492800,6746122.02
2023-03-13,1678665600,12592510.89
2023-03-28,1679961600,5171764.84
2023-09-28,1695859200,6832617.22
2024-11-11,1731283200,28106101.32
2025-06-10,1749513600,14084443.90
2020-04-02,1585785600,6320539.92
2023-03-09,1678320000,8143342.66
2023-10-17,1697500800,7956584.46
2024-08-01,1722470400,13978903.97
2024-09-11,1726012800,6799126.49
2025-06-11,1749600000,9377447.62
2020-04-16,1586995200,7797547.24
2023-05-03,1683072000,14740981.07
2023-11-06,1699228800,4899277.07
2025-01-09,1736380800,7061395.22
2024-11-27,1732665600,30188896.76
2020-04-26,1587859200,4486893.66
2022-07-23,1658534400,5213373.51
2023-06-17,1686960000,2816852.60
2023-11-16,1700092800,8970682.82
2025-05-07,1746576000,19578841.93
2025-02-20,1740009600,6174633.34
2025-02-26,1740528000,26009872.52
2024-10-17,1729123200,10378216.51
2020-05-08,1588896000,16945033.72
2023-07-05,1688515200,5221709.38
2023-07-16,1689465600,2670663.18
2023-12-14,1702512000,4861253.08
2024-07-11,1720656000,4559113.94
2024-10-11,1728604800,5101655.26
2024-12-16,1734307200,29175423.97
2025-04-16,1744761600,12430394.44
2025-05-01,1746057600,18912753.65
2020-05-22,1590105600,5200059.42
2023-07-13,1689206400,10780490.46
2024-01-05,1704412800,8825940.19
2025-04-10,1744243200,24330952.00
2025-03-23,1742688000,2805419.40
2020-06-05,1591315200,5463579.02
2023-07-14,1689292800,8354594.96
2024-01-07,1704585600,4643230.18
2024-06-30,1719705600,3763144.94
2025-01-03,1735862400,6276359.15
2024-12-10,1733788800,13466970.72
2025-03-17,1742169600,7274019.49
2025-06-29,1751155200,4584828.34
2020-06-25,1593043200,4090029.00
2022-01-12,1641945600,9053038.54
2023-07-31,1690761600,7661468.82
2024-02-01,1706745600,10365086.95
2024-09-02,1725235200,4034174.85
2020-07-09,1594252800,5414600.34
2023-08-12,1691798400,5080702.39
2024-02-21,1708473600,13200196.32
2024-07-19,1721347200,28176495.52
2024-09-26,1727308800,16196590.49
2025-02-04,1738627200,26063394.37
2025-01-23,1737590400,99326157.00
2020-07-23,1595462400,8387014.55
2023-08-21,1692576000,6612625.11
2024-03-12,1710201600,20979709.81
2024-06-25,1719273600,7118862.27
2025-06-06,1749168000,7136406.13
2020-08-05,1596585600,12919416.66
2022-04-29,1651190400,8389214.33
2023-03-16,1678924800,9603868.97
2023-08-29,1693267200,13996635.10
2024-03-13,1710288000,32685606.26
2025-06-25,1750809600,14612666.83
2020-08-15,1597449600,6101279.38
2023-09-11,1694390400,5436460.15
2024-04-08,1712534400,9569713.01
2020-08-19,1597795200,7341904.99
2023-09-23,1695427200,2576318.63
2024-04-10,1712707200,7810573.79
2025-02-09,1739059200,39967108.39
2024-10-23,1729641600,7926530.30
2024-11-05,1730764800,11098574.82
2020-08-25,1598313600,9542473.24
2021-11-21,1637452800,4970919.70
2023-10-05,1696464000,7657606.48
2024-04-21,1713657600,3496443.91
2024-07-05,1720137600,46671880.15
2024-09-05,1725494400,6388302.36
2020-09-02,1599004800,11185737.73
2022-05-02,1651449600,15033360.50
2022-05-31,1653955200,13208559.47
2022-09-28,1664323200,5997583.83
2022-12-09,1670544000,11559931.80
2023-02-11,1676073600,4016111.39
2023-03-12,1678579200,3647284.26
2023-07-25,1690243200,4635967.88
2023-10-16,1697414400,6240889.54
2024-05-11,1715385600,4600056.63
2020-09-17,1600300800,9213721.66
2023-10-26,1698278400,14928103.83
2024-05-28,1716854400,518243134.82
2024-10-05,1728086400,3031609.43
2025-05-25,1748131200,8487576.21
2024-12-04,1733270400,17166799.97
2020-10-03,1601683200,2900729.10
2023-11-02,1698883200,7002853.56
2024-06-20,1718841600,2292945.39
2024-07-26,1721952000,6337977.72
2024-08-23,1724371200,9345983.09
2024-09-30,1727654400,8432951.60
2025-02-14,1739491200,8336520.65
2024-10-28,1730073600,8872110.32
2020-11-14,1605312000,11176813.37
2023-11-14,1699920000,6509373.33
2024-08-08,1723075200,6855036.65
2024-08-12,1723420800,7304807.99
2025-04-22,1745280000,10631938.26
2025-01-15,1736899200,19960848.49
2024-09-18,1726617600,11501828.24
2020-11-29,1606608000,9113160.90
2023-11-21,1700524800,13272584.65
2025-03-11,1741651200,17101612.19
2024-11-23,1732320000,18749798.84
2020-12-14,1607904000,13867284.30
2023-11-28,1701129600,6912950.14
2025-01-30,1738195200,7397828.76
2020-12-29,1609200000,24664001.32
2023-12-05,1701734400,13436252.03
2025-03-29,1743206400,475722.55
2025-05-31,1748649600,3092194.20
2024-12-28,1735344000,7883734.13
2021-01-12,1610409600,15528805.64
2023-12-12,1702339200,19362531.13
2024-11-17,1731801600,9107174.51
2025-04-04,1743724800,10119661.88
2025-05-18,1747526400,5969329.61
2021-01-27,1611705600,38830571.07
2023-12-21,1703116800,7967708.95
2021-02-14,1613260800,10284603.26
2023-12-28,1703721600,9138338.17
2024-11-18,1731888000,16517012.29
2025-05-13,1747094400,33163527.52
2025-03-04,1741046400,9830087.51
2021-02-24,1614124800,31468946.97
2024-01-04,1704326400,67959538.50
2024-12-22,1734825600,10351964.43
2025-06-19,1750291200,7351944.49
2021-03-11,1615420800,38419651.55
2023-10-18,1697587200,7907225.60
2024-01-12,1705017600,12413272.99
2021-03-26,1616716800,11382248.62
2024-01-19,1705622400,16631740.38
2024-11-12,1731369600,35389866.79
2022-09-23,1663891200,4640268.68
2022-09-25,1664064000,2602194.81
2022-11-26,1669420800,4114668.95
2023-07-09,1688860800,3769703.64
2023-07-15,1689379200,2402943.39
2024-01-29,1706486400,13745065.11
2024-08-02,1722556800,8108610.84
2024-09-12,1726099200,6228612.58
2025-06-12,1749686400,6646737.84
2021-04-13,1618272000,15015031.63
2021-11-14,1636848000,4428420.25
2021-11-15,1636934400,10273240.42
2021-12-05,1638662400,6220983.34
2021-12-07,1638835200,20754717.10
2022-01-04,1641254400,7335347.76
2022-01-06,1641427200,12710092.31
2022-03-14,1647216000,6161878.91
2022-03-16,1647388800,14650052.65
2022-05-01,1651363200,4821755.78
2022-05-03,1651536000,13015425.35
2022-06-01,1654041600,13464724.97
2022-06-03,1654214400,10895826.94
2022-07-25,1658707200,6775942.44
2022-07-27,1658880000,4289816.12
2022-11-30,1669766400,7222603.14
2022-12-02,1669939200,9087071.16
2022-12-05,1670198400,16828044.50
2023-02-08,1675814400,5930314.86
2023-02-10,1675987200,6904107.91
2023-02-17,1676592000,4799982.87
2023-02-19,1676764800,4650758.77
2023-03-29,1680048000,4624296.05
2023-04-18,1681776000,5851901.24
2023-04-19,1681862400,27228242.68
2023-06-11,1686441600,3616696.83
2023-06-12,1686528000,8143550.12
2023-07-08,1688774400,2037228.13
2021-04-29,1619654400,15774106.40
2024-02-06,1707177600,26856894.40
2024-08-16,1723766400,5823915.40
2025-01-10,1736467200,9762038.15
2024-11-28,1732752000,26925336.70
2021-05-10,1620604800,10867338.38
2024-02-13,1707782400,10756123.15
2025-05-08,1746662400,21967703.63
2025-02-21,1740096000,7604601.91
2025-02-27,1740614400,15095738.08
2024-10-18,1729209600,12268003.18
2021-05-11,1620691200,9750359.64
2024-02-22,1708560000,20106459.24
2024-07-12,1720742400,8078772.84
2024-10-12,1728691200,7405316.03
2024-12-17,1734393600,29888712.73
2025-04-17,1744848000,29731563.32
2025-05-02,1746144000,18966681.47
2021-05-26,1621987200,10181330.14
2024-02-29,1709164800,30938655.61
2025-04-11,1744329600,18833042.16
2025-03-24,1742774400,5861061.38
2021-06-14,1623628800,6479445.80
2024-03-08,1709856000,29863354.72
2025-01-04,1735948800,1997837.88
2024-12-11,1733875200,33106253.10
2025-03-18,1742256000,6398545.91
2025-06-28,1751068800,3588700.72
2021-06-29,1624924800,3748912.78
2024-03-23,1711152000,162981343.23
2021-07-22,1626912000,5996213.34
2024-03-30,1711756800,5788057.85
2024-07-20,1721433600,3470522.23
2024-09-27,1727395200,8427047.23
2025-02-05,1738713600,36165010.27
2025-01-24,1737676800,8116392.45
2021-08-08,1628380800,6101400.58
2024-04-06,1712361600,7309720.84
2024-06-26,1719360000,10333544.64
2025-06-07,1749254400,6064122.51
2021-08-13,1628812800,4788005.21
2024-04-26,1714089600,7313662.63
2025-06-26,1750896000,30652995.85
2021-08-18,1629244800,8872800.90
2024-05-03,1714694400,9206720.26
2021-09-02,1630540800,5690230.38
2024-05-15,1715731200,41292714.08
2024-10-24,1729728000,6160367.38
2024-11-06,1730851200,59942051.81
2021-09-26,1632614400,69963356.74
2024-05-27,1716768000,10618864.14
2024-07-06,1720224000,56742.32
2024-09-06,1725580800,12351838.77
2021-10-17,1634428800,4088351.11
2024-06-03,1717372800,15665972.47
2021-10-20,1634688000,15643136.79
2024-06-11,1718064000,46141378.40
2024-10-06,1728172800,3296074.47
2024-12-05,1733356800,60609978.20
2025-05-26,1748217600,30838607.83
2021-12-01,1638316800,12970357.80
2024-06-18,1718668800,6099716.51
2024-07-27,1722038400,8399684.36
2024-08-24,1724457600,3717138.70
2025-02-15,1739577600,4325311.33
2024-10-29,1730160000,16834769.39
2021-12-11,1639180800,6801900.74
2024-08-09,1723161600,9501709.07
2024-08-26,1724630400,5948209.42
2024-09-19,1726704000,8212171.36
2025-04-23,1745366400,13753701.46
2025-01-16,1736985600,11632559.68
2022-01-28,1643328000,5489870.59
2025-03-12,1741737600,15900128.52
2024-09-23,1727049600,11266163.41
2024-11-24,1732406400,11236386.33
2022-02-05,1644019200,3764256.09
2025-01-31,1738281600,7350473.94
2022-02-24,1645660800,5457009.29
2024-12-29,1735430400,25555387.20
2025-06-01,1748736000,3815380.02
2022-04-02,1648857600,3392514.47
2025-05-19,1747612800,29873265.57
2025-04-05,1743811200,4940806.41
2020-01-14,1578960000,21910740.59
2022-04-19,1650326400,6936157.51
2020-03-18,1584489600,5073853.36
2022-04-24,1650758400,2377676.04
2025-03-05,1741132800,7001450.62
2024-11-19,1731974400,36637737.18
2025-05-14,1747180800,10754007.63
2020-04-04,1585958400,3257855.55
2022-05-11,1652227200,26423163.25
2024-12-23,1734912000,42834495.96
2025-06-20,1750377600,4385328.26
2020-04-25,1587772800,4170077.70
2022-05-25,1653436800,6593011.90
2020-05-04,1588550400,4514397.85
2022-07-13,1657670400,2738708.84
2024-11-13,1731456000,35628018.64
2020-05-20,1589932800,6313025.99
2022-07-15,1657843200,13817729.36
2024-08-03,1722643200,7338033.60
2024-09-13,1726185600,15337293.04
2025-06-13,1749772800,20911087.66
2020-05-28,1590624000,7788464.13
2022-08-06,1659744000,3579035.47
2024-08-17,1723852800,2368434.02
2024-11-29,1732838400,13586308.87
2025-01-11,1736553600,1373545.07
2020-07-05,1593907200,1922521.67
2022-08-12,1660262400,5229456.38
2025-05-09,1746748800,22135653.88
2025-02-22,1740182400,5211257.70
2025-02-28,1740700800,15233897.78
2024-10-19,1729296000,10886206.59
2020-07-21,1595289600,8547258.04
2022-08-20,1660953600,2897074.67
2024-07-13,1720828800,3500709.44
2024-11-10,1731196800,13164490.31
2024-10-13,1728777600,6381178.56
2025-04-18,1744934400,3801181.67
2024-12-18,1734480000,32352195.94
2025-05-03,1746230400,4207326.99
2020-08-21,1597968000,14583432.37
2022-09-18,1663459200,1630420.06
2024-07-01,1719792000,8609359.04
2025-04-12,1744416000,3929962.51
2025-03-25,1742860800,8000834.71
2020-09-01,1598918400,18891639.70
2022-11-17,1668643200,18932517.79
2025-01-05,1736035200,4428382.71
2024-12-12,1733961600,6097553.50
2025-03-19,1742342400,8087937.05
2020-11-11,1605052800,14650968.52
2022-11-23,1669161600,86631878.06
2025-02-06,1738800000,23532100.88
2020-12-01,1606780800,24295303.21
2022-12-18,1671321600,3996896.30
2024-07-21,1721520000,3170062.16
2025-01-25,1737763200,5962706.55
2024-09-28,1727481600,4765841.82
2021-01-04,1609718400,55532906.97
2022-12-22,1671667200,6464236.94
2024-06-27,1719446400,45502913.50
2025-06-08,1749340800,4859292.78
2021-01-15,1610668800,18491492.46
2023-01-07,1673049600,8102644.72
2025-06-27,1750982400,31096389.05
2021-02-02,1612224000,8359084.70
2023-01-29,1674950400,3466321.68
2021-02-12,1613088000,15224734.35
2023-04-16,1681603200,3357583.48
2024-10-25,1729814400,9763885.90
2024-11-07,1730937600,13271554.78
2021-03-12,1615507200,17450388.70
2023-05-02,1682985600,5034773.52
2024-07-07,1720310400,6421056.03
2024-09-07,1725667200,1871746.76
2021-03-31,1617148800,14842571.19
2023-05-16,1684195200,9820116.38
2021-05-09,1620518400,10297243.28
2023-05-29,1685318400,6994526.52
2024-10-07,1728259200,6936951.32
2024-12-06,1733443200,46997820.51
2025-05-27,1748304000,24207180.81
2021-05-15,1621036800,7806703.74
2023-06-08,1686182400,9810786.16
2024-07-28,1722124800,4792352.42
2024-08-25,1724544000,2537424.89
2025-02-16,1739664000,2817433.24
2024-10-30,1730246400,11330279.27
2021-06-09,1623196800,7811619.22
2023-06-28,1687910400,7412412.09
2024-09-20,1726790400,14102013.63
2025-04-24,1745452800,21711400.48
2025-01-17,1737072000,12452088.20
2021-06-30,1625011200,4327187.39
2025-03-13,1741824000,10626735.55
2024-11-25,1732492800,26843210.51
2021-07-02,1625184000,10053210.35
2025-02-01,1738368000,6040072.59
2021-07-29,1627516800,148285879.17
2025-06-02,1748822400,12696993.67
2024-12-30,1735516800,38405477.44
2021-08-24,1629763200,4061145.01
2025-05-20,1747699200,23819909.33
2025-04-06,1743897600,5156063.78
2021-09-18,1631923200,3694717.34
2021-09-22,1632268800,7064879.94
2023-12-18,1702857600,17191547.91
2024-11-20,1732060800,32990731.01
2025-03-06,1741219200,16681208.83
2021-10-12,1633996800,18863505.72
2024-03-15,1710460800,16832240.21
2024-03-16,1710547200,7300701.81
2024-03-17,1710633600,36965886.55
2024-03-18,1710720000,16622403.23
2024-03-19,1710806400,13195034.16
2024-03-20,1710892800,14500493.37
2024-03-21,1710979200,25471139.03
2024-03-22,1711065600,37360913.92
2025-06-21,1750464000,6340635.93
2025-05-15,1747267200,32156850.05
