d,unixTs,difficultyBtc
2020-01-01,1577836800,13798783827516
2020-01-02,1577923200,13798783827516
2020-01-03,1578009600,13798783827516
2020-01-04,1578096000,13798783827516
2020-01-05,1578182400,13798783827516
2020-01-06,1578268800,13798783827516
2020-01-07,1578355200,13798783827516
2020-01-08,1578441600,13798783827516
2020-01-09,1578528000,13798783827516
2020-01-10,1578614400,13798783827516
2020-01-11,1578700800,13798783827516
2020-01-12,1578787200,13798783827516
2020-01-13,1578873600,13798783827516
2020-01-14,1578960000,14776367535689
2020-01-15,1579046400,14776367535689
2020-01-16,1579132800,14776367535689
2020-01-17,1579219200,14776367535689
2020-01-18,1579305600,14776367535689
2020-01-19,1579392000,14776367535689
2020-01-20,1579478400,14776367535689
2020-01-21,1579564800,14776367535689
2020-01-22,1579651200,14776367535689
2020-01-23,1579737600,14776367535689
2020-01-24,1579824000,14776367535689
2020-01-25,1579910400,14776367535689
2020-01-26,1579996800,14776367535689
2020-01-27,1580083200,14776367535689
2020-01-28,1580169600,15466098935555
2020-01-29,1580256000,15466098935555
2020-01-30,1580342400,15466098935555
2020-01-31,1580428800,15466098935555
2020-02-01,1580515200,15466098935555
2020-02-02,1580601600,15466098935555
2020-02-03,1580688000,15466098935555
2020-02-04,1580774400,15466098935555
2020-02-05,1580860800,15466098935555
2020-02-06,1580947200,15466098935555
2020-02-07,1581033600,15466098935555
2020-02-08,1581120000,15466098935555
2020-02-09,1581206400,15466098935555
2020-02-10,1581292800,15466098935555
2020-02-11,1581379200,15546745765529
2020-02-12,1581465600,15546745765529
2020-02-13,1581552000,15546745765529
2020-02-14,1581638400,15546745765529
2020-02-15,1581724800,15546745765529
2020-02-16,1581811200,15546745765529
2020-02-17,1581897600,15546745765529
2020-02-18,1581984000,15546745765529
2020-02-19,1582070400,15546745765529
2020-02-20,1582156800,15546745765529
2020-02-21,1582243200,15546745765529
2020-02-22,1582329600,15546745765529
2020-02-23,1582416000,15546745765529
2020-02-24,1582502400,15546745765529
2020-02-25,1582588800,15486913440293
2020-02-26,1582675200,15486913440293
2020-02-27,1582761600,15486913440293
2020-02-28,1582848000,15486913440293
2020-02-29,1582934400,15486913440293
2020-03-01,1583020800,15486913440293
2020-03-02,1583107200,15486913440293
2020-03-03,1583193600,15486913440293
2020-03-04,1583280000,15486913440293
2020-03-05,1583366400,15486913440293
2020-03-06,1583452800,15486913440293
2020-03-07,1583539200,15486913440293
2020-03-08,1583625600,15486913440293
2020-03-09,1583712000,16552923967337
2020-03-10,1583798400,16552923967337
2020-03-11,1583884800,16552923967337
2020-03-12,1583971200,16552923967337
2020-03-13,1584057600,16552923967337
2020-03-14,1584144000,16552923967337
2020-03-15,1584230400,16552923967337
2020-03-16,1584316800,16552923967337
2020-03-17,1584403200,16552923967337
2020-03-18,1584489600,16552923967337
2020-03-19,1584576000,16552923967337
2020-03-20,1584662400,16552923967337
2020-03-21,1584748800,16552923967337
2020-03-22,1584835200,16552923967337
2020-03-23,1584921600,16552923967337
2020-03-24,1585008000,16552923967337
2020-03-25,1585094400,16552923967337
2020-03-26,1585180800,13912524048946
2020-03-27,1585267200,13912524048946
2020-03-28,1585353600,13912524048946
2020-03-29,1585440000,13912524048946
2020-03-30,1585526400,13912524048946
2020-03-31,1585612800,13912524048946
2020-04-01,1585699200,13912524048946
2020-04-02,1585785600,13912524048946
2020-04-03,1585872000,13912524048946
2020-04-04,1585958400,13912524048946
2020-04-05,1586044800,13912524048946
2020-04-06,1586131200,13912524048946
2020-04-07,1586217600,13912524048946
2020-04-08,1586304000,14715214060657
2020-04-09,1586390400,14715214060657
2020-04-10,1586476800,14715214060657
2020-04-11,1586563200,14715214060657
2020-04-12,1586649600,14715214060657
2020-04-13,1586736000,14715214060657
2020-04-14,1586822400,14715214060657
2020-04-15,1586908800,14715214060657
2020-04-16,1586995200,14715214060657
2020-04-17,1587081600,14715214060657
2020-04-18,1587168000,14715214060657
2020-04-19,1587254400,14715214060657
2020-04-20,1587340800,14715214060657
2020-04-21,1587427200,15958652328578
2020-04-22,1587513600,15958652328578
2020-04-23,1587600000,15958652328578
2020-04-24,1587686400,15958652328578
2020-04-25,1587772800,15958652328578
2020-04-26,1587859200,15958652328578
2020-04-27,1587945600,15958652328578
2020-04-28,1588032000,15958652328578
2020-04-29,1588118400,15958652328578
2020-04-30,1588204800,15958652328578
2020-05-01,1588291200,15958652328578
2020-05-02,1588377600,15958652328578
2020-05-03,1588464000,15958652328578
2020-05-04,1588550400,15958652328578
2020-05-05,1588636800,16104807485529
2020-05-06,1588723200,16104807485529
2020-05-07,1588809600,16104807485529
2020-05-08,1588896000,16104807485529
2020-05-09,1588982400,16104807485529
2020-05-10,1589068800,16104807485529
2020-05-11,1589155200,16104807485529
2020-05-12,1589241600,16104807485529
2020-05-13,1589328000,16104807485529
2020-05-14,1589414400,16104807485529
2020-05-15,1589500800,16104807485529
2020-05-16,1589587200,16104807485529
2020-05-17,1589673600,16104807485529
2020-05-18,1589760000,16104807485529
2020-05-19,1589846400,16104807485529
2020-05-20,1589932800,15138043247083
2020-05-21,1590019200,15138043247083
2020-05-22,1590105600,15138043247083
2020-05-23,1590192000,15138043247083
2020-05-24,1590278400,15138043247083
2020-05-25,1590364800,15138043247083
2020-05-26,1590451200,15138043247083
2020-05-27,1590537600,15138043247083
2020-05-28,1590624000,15138043247083
2020-05-29,1590710400,15138043247083
2020-05-30,1590796800,15138043247083
2020-05-31,1590883200,15138043247083
2020-06-01,1590969600,15138043247083
2020-06-02,1591056000,15138043247083
2020-06-03,1591142400,15138043247083
2020-06-04,1591228800,13732352106018
2020-06-05,1591315200,13732352106018
2020-06-06,1591401600,13732352106018
2020-06-07,1591488000,13732352106018
2020-06-08,1591574400,13732352106018
2020-06-09,1591660800,13732352106018
2020-06-10,1591747200,13732352106018
2020-06-11,1591833600,13732352106018
2020-06-12,1591920000,13732352106018
2020-06-13,1592006400,13732352106018
2020-06-14,1592092800,13732352106018
2020-06-15,1592179200,13732352106018
2020-06-16,1592265600,15784744305477
2020-06-17,1592352000,15784744305477
2020-06-18,1592438400,15784744305477
2020-06-19,1592524800,15784744305477
2020-06-20,1592611200,15784744305477
2020-06-21,1592697600,15784744305477
2020-06-22,1592784000,15784744305477
2020-06-23,1592870400,15784744305477
2020-06-24,1592956800,15784744305477
2020-06-25,1593043200,15784744305477
2020-06-26,1593129600,15784744305477
2020-06-27,1593216000,15784744305477
2020-06-28,1593302400,15784744305477
2020-06-29,1593388800,15784744305477
2020-06-30,1593475200,15784217546288
2020-07-01,1593561600,15784217546288
2020-07-02,1593648000,15784217546288
2020-07-03,1593734400,15784217546288
2020-07-04,1593820800,15784217546288
2020-07-05,1593907200,15784217546288
2020-07-06,1593993600,15784217546288
2020-07-07,1594080000,15784217546288
2020-07-08,1594166400,15784217546288
2020-07-09,1594252800,15784217546288
2020-07-10,1594339200,15784217546288
2020-07-11,1594425600,15784217546288
2020-07-12,1594512000,15784217546288
2020-07-13,1594598400,17345948872516
2020-07-14,1594684800,17345948872516
2020-07-15,1594771200,17345948872516
2020-07-16,1594857600,17345948872516
2020-07-17,1594944000,17345948872516
2020-07-18,1595030400,17345948872516
2020-07-19,1595116800,17345948872516
2020-07-20,1595203200,17345948872516
2020-07-21,1595289600,17345948872516
2020-07-22,1595376000,17345948872516
2020-07-23,1595462400,17345948872516
2020-07-24,1595548800,17345948872516
2020-07-25,1595635200,17345948872516
2020-07-26,1595721600,17345948872516
2020-07-27,1595808000,16847561611550
2020-07-28,1595894400,16847561611550
2020-07-29,1595980800,16847561611550
2020-07-30,1596067200,16847561611550
2020-07-31,1596153600,16847561611550
2020-08-01,1596240000,16847561611550
2020-08-02,1596326400,16847561611550
2020-08-03,1596412800,16847561611550
2020-08-04,1596499200,16847561611550
2020-08-05,1596585600,16847561611550
2020-08-06,1596672000,16847561611550
2020-08-07,1596758400,16847561611550
2020-08-08,1596844800,16847561611550
2020-08-09,1596931200,16847561611550
2020-08-10,1597017600,16947802333947
2020-08-11,1597104000,16947802333947
2020-08-12,1597190400,16947802333947
2020-08-13,1597276800,16947802333947
2020-08-14,1597363200,16947802333947
2020-08-15,1597449600,16947802333947
2020-08-16,1597536000,16947802333947
2020-08-17,1597622400,16947802333947
2020-08-18,1597708800,16947802333947
2020-08-19,1597795200,16947802333947
2020-08-20,1597881600,16947802333947
2020-08-21,1597968000,16947802333947
2020-08-22,1598054400,16947802333947
2020-08-23,1598140800,16947802333947
2020-08-24,1598227200,17557993035167
2020-08-25,1598313600,17557993035167
2020-08-26,1598400000,17557993035167
2020-08-27,1598486400,17557993035167
2020-08-28,1598572800,17557993035167
2020-08-29,1598659200,17557993035167
2020-08-30,1598745600,17557993035167
2020-08-31,1598832000,17557993035167
2020-09-01,1598918400,17557993035167
2020-09-02,1599004800,17557993035167
2020-09-03,1599091200,17557993035167
2020-09-04,1599177600,17557993035167
2020-09-05,1599264000,17557993035167
2020-09-06,1599350400,17557993035167
2020-09-07,1599436800,17345997805929
2020-09-08,1599523200,17345997805929
2020-09-09,1599609600,17345997805929
2020-09-10,1599696000,17345997805929
2020-09-11,1599782400,17345997805929
2020-09-12,1599868800,17345997805929
2020-09-13,1599955200,17345997805929
2020-09-14,1600041600,17345997805929
2020-09-15,1600128000,17345997805929
2020-09-16,1600214400,17345997805929
2020-09-17,1600300800,17345997805929
2020-09-18,1600387200,17345997805929
2020-09-19,1600473600,17345997805929
2020-09-20,1600560000,19314656404097
2020-09-21,1600646400,19314656404097
2020-09-22,1600732800,19314656404097
2020-09-23,1600819200,19314656404097
2020-09-24,1600905600,19314656404097
2020-09-25,1600992000,19314656404097
2020-09-26,1601078400,19314656404097
2020-09-27,1601164800,19314656404097
2020-09-28,1601251200,19314656404097
2020-09-29,1601337600,19314656404097
2020-09-30,1601424000,19314656404097
2020-10-01,1601510400,19314656404097
2020-10-02,1601596800,19314656404097
2020-10-03,1601683200,19314656404097
2020-10-04,1601769600,19298087186263
2020-10-05,1601856000,19298087186263
2020-10-06,1601942400,19298087186263
2020-10-07,1602028800,19298087186263
2020-10-08,1602115200,19298087186263
2020-10-09,1602201600,19298087186263
2020-10-10,1602288000,19298087186263
2020-10-11,1602374400,19298087186263
2020-10-12,1602460800,19298087186263
2020-10-13,1602547200,19298087186263
2020-10-14,1602633600,19298087186263
2020-10-15,1602720000,19298087186263
2020-10-16,1602806400,19298087186263
2020-10-17,1602892800,19997335994446
2020-10-18,1602979200,19997335994446
2020-10-19,1603065600,19997335994446
2020-10-20,1603152000,19997335994446
2020-10-21,1603238400,19997335994446
2020-10-22,1603324800,19997335994446
2020-10-23,1603411200,19997335994446
2020-10-24,1603497600,19997335994446
2020-10-25,1603584000,19997335994446
2020-10-26,1603670400,19997335994446
2020-10-27,1603756800,19997335994446
2020-10-28,1603843200,19997335994446
2020-10-29,1603929600,19997335994446
2020-10-30,1604016000,19997335994446
2020-10-31,1604102400,19997335994446
2020-11-01,1604188800,19997335994446
2020-11-02,1604275200,19997335994446
2020-11-03,1604361600,16787779609933
2020-11-04,1604448000,16787779609933
2020-11-05,1604534400,16787779609933
2020-11-06,1604620800,16787779609933
2020-11-07,1604707200,16787779609933
2020-11-08,1604793600,16787779609933
2020-11-09,1604880000,16787779609933
2020-11-10,1604966400,16787779609933
2020-11-11,1605052800,16787779609933
2020-11-12,1605139200,16787779609933
2020-11-13,1605225600,16787779609933
2020-11-14,1605312000,16787779609933
2020-11-15,1605398400,16787779609933
2020-11-16,1605484800,17596801059571
2020-11-17,1605571200,17596801059571
2020-11-18,1605657600,17596801059571
2020-11-19,1605744000,17596801059571
2020-11-20,1605830400,17596801059571
2020-11-21,1605916800,17596801059571
2020-11-22,1606003200,17596801059571
2020-11-23,1606089600,17596801059571
2020-11-24,1606176000,17596801059571
2020-11-25,1606262400,17596801059571
2020-11-26,1606348800,17596801059571
2020-11-27,1606435200,17596801059571
2020-11-28,1606521600,17596801059571
2020-11-29,1606608000,19157154724710
2020-11-30,1606694400,19157154724710
2020-12-01,1606780800,19157154724710
2020-12-02,1606867200,19157154724710
2020-12-03,1606953600,19157154724710
2020-12-04,1607040000,19157154724710
2020-12-05,1607126400,19157154724710
2020-12-06,1607212800,19157154724710
2020-12-07,1607299200,19157154724710
2020-12-08,1607385600,19157154724710
2020-12-09,1607472000,19157154724710
2020-12-10,1607558400,19157154724710
2020-12-11,1607644800,19157154724710
2020-12-12,1607731200,19157154724710
2020-12-13,1607817600,18670168558400
2020-12-14,1607904000,18670168558400
2020-12-15,1607990400,18670168558400
2020-12-16,1608076800,18670168558400
2020-12-17,1608163200,18670168558400
2020-12-18,1608249600,18670168558400
2020-12-19,1608336000,18670168558400
2020-12-20,1608422400,18670168558400
2020-12-21,1608508800,18670168558400
2020-12-22,1608595200,18670168558400
2020-12-23,1608681600,18670168558400
2020-12-24,1608768000,18670168558400
2020-12-25,1608854400,18670168558400
2020-12-26,1608940800,18670168558400
2020-12-27,1609027200,18599593048299
2020-12-28,1609113600,18599593048299
2020-12-29,1609200000,18599593048299
2020-12-30,1609286400,18599593048299
2020-12-31,1609372800,18599593048299
2021-01-01,1609459200,18599593048299
2021-01-02,1609545600,18599593048299
2021-01-03,1609632000,18599593048299
2021-01-04,1609718400,18599593048299
2021-01-05,1609804800,18599593048299
2021-01-06,1609891200,18599593048299
2021-01-07,1609977600,18599593048299
2021-01-08,1610064000,18599593048299
2021-01-09,1610150400,20607418304386
2021-01-10,1610236800,20607418304386
2021-01-11,1610323200,20607418304386
2021-01-12,1610409600,20607418304386
2021-01-13,1610496000,20607418304386
2021-01-14,1610582400,20607418304386
2021-01-15,1610668800,20607418304386
2021-01-16,1610755200,20607418304386
2021-01-17,1610841600,20607418304386
2021-01-18,1610928000,20607418304386
2021-01-19,1611014400,20607418304386
2021-01-20,1611100800,20607418304386
2021-01-21,1611187200,20607418304386
2021-01-22,1611273600,20607418304386
2021-01-23,1611360000,20823531150112
2021-01-24,1611446400,20823531150112
2021-01-25,1611532800,20823531150112
2021-01-26,1611619200,20823531150112
2021-01-27,1611705600,20823531150112
2021-01-28,1611792000,20823531150112
2021-01-29,1611878400,20823531150112
2021-01-30,1611964800,20823531150112
2021-01-31,1612051200,20823531150112
2021-02-01,1612137600,20823531150112
2021-02-02,1612224000,20823531150112
2021-02-03,1612310400,20823531150112
2021-02-04,1612396800,20823531150112
2021-02-05,1612483200,20823531150112
2021-02-06,1612569600,21434395961349
2021-02-07,1612656000,21434395961349
2021-02-08,1612742400,21434395961349
2021-02-09,1612828800,21434395961349
2021-02-10,1612915200,21434395961349
2021-02-11,1613001600,21434395961349
2021-02-12,1613088000,21434395961349
2021-02-13,1613174400,21434395961349
2021-02-14,1613260800,21434395961349
2021-02-15,1613347200,21434395961349
2021-02-16,1613433600,21434395961349
2021-02-17,1613520000,21434395961349
2021-02-18,1613606400,21434395961349
2021-02-19,1613692800,21724134900047
2021-02-20,1613779200,21724134900047
2021-02-21,1613865600,21724134900047
2021-02-22,1613952000,21724134900047
2021-02-23,1614038400,21724134900047
2021-02-24,1614124800,21724134900047
2021-02-25,1614211200,21724134900047
2021-02-26,1614297600,21724134900047
2021-02-27,1614384000,21724134900047
2021-02-28,1614470400,21724134900047
2021-03-01,1614556800,21724134900047
2021-03-02,1614643200,21724134900047
2021-03-03,1614729600,21724134900047
2021-03-04,1614816000,21724134900047
2021-03-05,1614902400,21724134900047
2021-03-06,1614988800,21448277761060
2021-03-07,1615075200,21448277761060
2021-03-08,1615161600,21448277761060
2021-03-09,1615248000,21448277761060
2021-03-10,1615334400,21448277761060
2021-03-11,1615420800,21448277761060
2021-03-12,1615507200,21448277761060
2021-03-13,1615593600,21448277761060
2021-03-14,1615680000,21448277761060
2021-03-15,1615766400,21448277761060
2021-03-16,1615852800,21448277761060
2021-03-17,1615939200,21448277761060
2021-03-18,1616025600,21448277761060
2021-03-19,1616112000,21865558044611
2021-03-20,1616198400,21865558044611
2021-03-21,1616284800,21865558044611
2021-03-22,1616371200,21865558044611
2021-03-23,1616457600,21865558044611
2021-03-24,1616544000,21865558044611
2021-03-25,1616630400,21865558044611
2021-03-26,1616716800,21865558044611
2021-03-27,1616803200,21865558044611
2021-03-28,1616889600,21865558044611
2021-03-29,1616976000,21865558044611
2021-03-30,1617062400,21865558044611
2021-03-31,1617148800,21865558044611
2021-04-01,1617235200,21865558044611
2021-04-02,1617321600,23137439666472
2021-04-03,1617408000,23137439666472
2021-04-04,1617494400,23137439666472
2021-04-05,1617580800,23137439666472
2021-04-06,1617667200,23137439666472
2021-04-07,1617753600,23137439666472
2021-04-08,1617840000,23137439666472
2021-04-09,1617926400,23137439666472
2021-04-10,1618012800,23137439666472
2021-04-11,1618099200,23137439666472
2021-04-12,1618185600,23137439666472
2021-04-13,1618272000,23137439666472
2021-04-14,1618358400,23137439666472
2021-04-15,1618444800,23581981443664
2021-04-16,1618531200,23581981443664
2021-04-17,1618617600,23581981443664
2021-04-18,1618704000,23581981443664
2021-04-19,1618790400,23581981443664
2021-04-20,1618876800,23581981443664
2021-04-21,1618963200,23581981443664
2021-04-22,1619049600,23581981443664
2021-04-23,1619136000,23581981443664
2021-04-24,1619222400,23581981443664
2021-04-25,1619308800,23581981443664
2021-04-26,1619395200,23581981443664
2021-04-27,1619481600,23581981443664
2021-04-28,1619568000,23581981443664
2021-04-29,1619654400,23581981443664
2021-04-30,1619740800,23581981443664
2021-05-01,1619827200,20608845737768
2021-05-02,1619913600,20608845737768
2021-05-03,1620000000,20608845737768
2021-05-04,1620086400,20608845737768
2021-05-05,1620172800,20608845737768
2021-05-06,1620259200,20608845737768
2021-05-07,1620345600,20608845737768
2021-05-08,1620432000,20608845737768
2021-05-09,1620518400,20608845737768
2021-05-10,1620604800,20608845737768
2021-05-11,1620691200,20608845737768
2021-05-12,1620777600,20608845737768
2021-05-13,1620864000,25046487590083
2021-05-14,1620950400,25046487590083
2021-05-15,1621036800,25046487590083
2021-05-16,1621123200,25046487590083
2021-05-17,1621209600,25046487590083
2021-05-18,1621296000,25046487590083
2021-05-19,1621382400,25046487590083
2021-05-20,1621468800,25046487590083
2021-05-21,1621555200,25046487590083
2021-05-22,1621641600,25046487590083
2021-05-23,1621728000,25046487590083
2021-05-24,1621814400,25046487590083
2021-05-25,1621900800,25046487590083
2021-05-26,1621987200,25046487590083
2021-05-27,1622073600,25046487590083
2021-05-28,1622160000,25046487590083
2021-05-29,1622246400,25046487590083
2021-05-30,1622332800,21047730572452
2021-05-31,1622419200,21047730572452
2021-06-01,1622505600,21047730572452
2021-06-02,1622592000,21047730572452
2021-06-03,1622678400,21047730572452
2021-06-04,1622764800,21047730572452
2021-06-05,1622851200,21047730572452
2021-06-06,1622937600,21047730572452
2021-06-07,1623024000,21047730572452
2021-06-08,1623110400,21047730572452
2021-06-09,1623196800,21047730572452
2021-06-10,1623283200,21047730572452
2021-06-11,1623369600,21047730572452
2021-06-12,1623456000,21047730572452
2021-06-13,1623542400,19932791027263
2021-06-14,1623628800,19932791027263
2021-06-15,1623715200,19932791027263
2021-06-16,1623801600,19932791027263
2021-06-17,1623888000,19932791027263
2021-06-18,1623974400,19932791027263
2021-06-19,1624060800,19932791027263
2021-06-20,1624147200,19932791027263
2021-06-21,1624233600,19932791027263
2021-06-22,1624320000,19932791027263
2021-06-23,1624406400,19932791027263
2021-06-24,1624492800,19932791027263
2021-06-25,1624579200,19932791027263
2021-06-26,1624665600,19932791027263
2021-06-27,1624752000,19932791027263
2021-06-28,1624838400,19932791027263
2021-06-29,1624924800,19932791027263
2021-06-30,1625011200,19932791027263
2021-07-01,1625097600,19932791027263
2021-07-02,1625184000,19932791027263
2021-07-03,1625270400,14363025673660
2021-07-04,1625356800,14363025673660
2021-07-05,1625443200,14363025673660
2021-07-06,1625529600,14363025673660
2021-07-07,1625616000,14363025673660
2021-07-08,1625702400,14363025673660
2021-07-09,1625788800,14363025673660
2021-07-10,1625875200,14363025673660
2021-07-11,1625961600,14363025673660
2021-07-12,1626048000,14363025673660
2021-07-13,1626134400,14363025673660
2021-07-14,1626220800,14363025673660
2021-07-15,1626307200,14363025673660
2021-07-16,1626393600,14363025673660
2021-07-17,1626480000,13672594272814
2021-07-18,1626566400,13672594272814
2021-07-19,1626652800,13672594272814
2021-07-20,1626739200,13672594272814
2021-07-21,1626825600,13672594272814
2021-07-22,1626912000,13672594272814
2021-07-23,1626998400,13672594272814
2021-07-24,1627084800,13672594272814
2021-07-25,1627171200,13672594272814
2021-07-26,1627257600,13672594272814
2021-07-27,1627344000,13672594272814
2021-07-28,1627430400,13672594272814
2021-07-29,1627516800,13672594272814
2021-07-30,1627603200,13672594272814
2021-07-31,1627689600,14496442856349
2021-08-01,1627776000,14496442856349
2021-08-02,1627862400,14496442856349
2021-08-03,1627948800,14496442856349
2021-08-04,1628035200,14496442856349
2021-08-05,1628121600,14496442856349
2021-08-06,1628208000,14496442856349
2021-08-07,1628294400,14496442856349
2021-08-08,1628380800,14496442856349
2021-08-09,1628467200,14496442856349
2021-08-10,1628553600,14496442856349
2021-08-11,1628640000,14496442856349
2021-08-12,1628726400,14496442856349
2021-08-13,1628812800,15556093717703
2021-08-14,1628899200,15556093717703
2021-08-15,1628985600,15556093717703
2021-08-16,1629072000,15556093717703
2021-08-17,1629158400,15556093717703
2021-08-18,1629244800,15556093717703
2021-08-19,1629331200,15556093717703
2021-08-20,1629417600,15556093717703
2021-08-21,1629504000,15556093717703
2021-08-22,1629590400,15556093717703
2021-08-23,1629676800,15556093717703
2021-08-24,1629763200,15556093717703
2021-08-25,1629849600,17615033039279
2021-08-26,1629936000,17615033039279
2021-08-27,1630022400,17615033039279
2021-08-28,1630108800,17615033039279
2021-08-29,1630195200,17615033039279
2021-08-30,1630281600,17615033039279
2021-08-31,1630368000,17615033039279
2021-09-01,1630454400,17615033039279
2021-09-02,1630540800,17615033039279
2021-09-03,1630627200,17615033039279
2021-09-04,1630713600,17615033039279
2021-09-05,1630800000,17615033039279
2021-09-06,1630886400,17615033039279
2021-09-07,1630972800,18415156832118
2021-09-08,1631059200,18415156832118
2021-09-09,1631145600,18415156832118
2021-09-10,1631232000,18415156832118
2021-09-11,1631318400,18415156832118
2021-09-12,1631404800,18415156832118
2021-09-13,1631491200,18415156832118
2021-09-14,1631577600,18415156832118
2021-09-15,1631664000,18415156832118
2021-09-16,1631750400,18415156832118
2021-09-17,1631836800,18415156832118
2021-09-18,1631923200,18415156832118
2021-09-19,1632009600,18415156832118
2021-09-20,1632096000,18415156832118
2021-09-21,1632182400,18997641161759
2021-09-22,1632268800,18997641161759
2021-09-23,1632355200,18997641161759
2021-09-24,1632441600,18997641161759
2021-09-25,1632528000,18997641161759
2021-09-26,1632614400,18997641161759
2021-09-27,1632700800,18997641161759
2021-09-28,1632787200,18997641161759
2021-09-29,1632873600,18997641161759
2021-09-30,1632960000,18997641161759
2021-10-01,1633046400,18997641161759
2021-10-02,1633132800,18997641161759
2021-10-03,1633219200,18997641161759
2021-10-04,1633305600,19893045048575
2021-10-05,1633392000,19893045048575
2021-10-06,1633478400,19893045048575
2021-10-07,1633564800,19893045048575
2021-10-08,1633651200,19893045048575
2021-10-09,1633737600,19893045048575
2021-10-10,1633824000,19893045048575
2021-10-11,1633910400,19893045048575
2021-10-12,1633996800,19893045048575
2021-10-13,1634083200,19893045048575
2021-10-14,1634169600,19893045048575
2021-10-15,1634256000,19893045048575
2021-10-16,1634342400,19893045048575
2021-10-17,1634428800,19893045048575
2021-10-18,1634515200,20082460130831
2021-10-19,1634601600,20082460130831
2021-10-20,1634688000,20082460130831
2021-10-21,1634774400,20082460130831
2021-10-22,1634860800,20082460130831
2021-10-23,1634947200,20082460130831
2021-10-24,1635033600,20082460130831
2021-10-25,1635120000,20082460130831
2021-10-26,1635206400,20082460130831
2021-10-27,1635292800,20082460130831
2021-10-28,1635379200,20082460130831
2021-10-29,1635465600,20082460130831
2021-10-30,1635552000,20082460130831
2021-10-31,1635638400,21659344833265
2021-11-01,1635724800,21659344833265
2021-11-02,1635811200,21659344833265
2021-11-03,1635897600,21659344833265
2021-11-04,1635984000,21659344833265
2021-11-05,1636070400,21659344833265
2021-11-06,1636156800,21659344833265
2021-11-07,1636243200,21659344833265
2021-11-08,1636329600,21659344833265
2021-11-09,1636416000,21659344833265
2021-11-10,1636502400,21659344833265
2021-11-11,1636588800,21659344833265
2021-11-12,1636675200,21659344833265
2021-11-13,1636761600,21659344833265
2021-11-14,1636848000,22674148233453
2021-11-15,1636934400,22674148233453
2021-11-16,1637020800,22674148233453
2021-11-17,1637107200,22674148233453
2021-11-18,1637193600,22674148233453
2021-11-19,1637280000,22674148233453
2021-11-20,1637366400,22674148233453
2021-11-21,1637452800,22674148233453
2021-11-22,1637539200,22674148233453
2021-11-23,1637625600,22674148233453
2021-11-24,1637712000,22674148233453
2021-11-25,1637798400,22674148233453
2021-11-26,1637884800,22674148233453
2021-11-27,1637971200,22674148233453
2021-11-28,1638057600,22335659268936
2021-11-29,1638144000,22335659268936
2021-11-30,1638230400,22335659268936
2021-12-01,1638316800,22335659268936
2021-12-02,1638403200,22335659268936
2021-12-03,1638489600,22335659268936
2021-12-04,1638576000,22335659268936
2021-12-05,1638662400,22335659268936
2021-12-06,1638748800,22335659268936
2021-12-07,1638835200,22335659268936
2021-12-08,1638921600,22335659268936
2021-12-09,1639008000,22335659268936
2021-12-10,1639094400,22335659268936
2021-12-11,1639180800,24195286980614
2021-12-12,1639267200,24195286980614
2021-12-13,1639353600,24195286980614
2021-12-14,1639440000,24195286980614
2021-12-15,1639526400,24195286980614
2021-12-16,1639612800,24195286980614
2021-12-17,1639699200,24195286980614
2021-12-18,1639785600,24195286980614
2021-12-19,1639872000,24195286980614
2021-12-20,1639958400,24195286980614
2021-12-21,1640044800,24195286980614
2021-12-22,1640131200,24195286980614
2021-12-23,1640217600,24195286980614
2021-12-24,1640304000,24195286980614
2021-12-25,1640390400,24272331996980
2021-12-26,1640476800,24272331996980
2021-12-27,1640563200,24272331996980
2021-12-28,1640649600,24272331996980
2021-12-29,1640736000,24272331996980
2021-12-30,1640822400,24272331996980
2021-12-31,1640908800,24272331996980
2022-01-01,1640995200,24272331996980
2022-01-02,1641081600,24272331996980
2022-01-03,1641168000,24272331996980
2022-01-04,1641254400,24272331996980
2022-01-05,1641340800,24272331996980
2022-01-06,1641427200,24272331996980
2022-01-07,1641513600,24272331996980
2022-01-08,1641600000,24371874614346
2022-01-09,1641686400,24371874614346
2022-01-10,1641772800,24371874614346
2022-01-11,1641859200,24371874614346
2022-01-12,1641945600,24371874614346
2022-01-13,1642032000,24371874614346
2022-01-14,1642118400,24371874614346
2022-01-15,1642204800,24371874614346
2022-01-16,1642291200,24371874614346
2022-01-17,1642377600,24371874614346
2022-01-18,1642464000,24371874614346
2022-01-19,1642550400,24371874614346
2022-01-20,1642636800,24371874614346
2022-01-21,1642723200,26643185256535
2022-01-22,1642809600,26643185256535
2022-01-23,1642896000,26643185256535
2022-01-24,1642982400,26643185256535
2022-01-25,1643068800,26643185256535
2022-01-26,1643155200,26643185256535
2022-01-27,1643241600,26643185256535
2022-01-28,1643328000,26643185256535
2022-01-29,1643414400,26643185256535
2022-01-30,1643500800,26643185256535
2022-01-31,1643587200,26643185256535
2022-02-01,1643673600,26643185256535
2022-02-02,1643760000,26643185256535
2022-02-03,1643846400,26643185256535
2022-02-04,1643932800,26690525287406
2022-02-05,1644019200,26690525287406
2022-02-06,1644105600,26690525287406
2022-02-07,1644192000,26690525287406
2022-02-08,1644278400,26690525287406
2022-02-09,1644364800,26690525287406
2022-02-10,1644451200,26690525287406
2022-02-11,1644537600,26690525287406
2022-02-12,1644624000,26690525287406
2022-02-13,1644710400,26690525287406
2022-02-14,1644796800,26690525287406
2022-02-15,1644883200,26690525287406
2022-02-16,1644969600,26690525287406
2022-02-17,1645056000,27967152532434
2022-02-18,1645142400,27967152532434
2022-02-19,1645228800,27967152532434
2022-02-20,1645315200,27967152532434
2022-02-21,1645401600,27967152532434
2022-02-22,1645488000,27967152532434
2022-02-23,1645574400,27967152532434
2022-02-24,1645660800,27967152532434
2022-02-25,1645747200,27967152532434
2022-02-26,1645833600,27967152532434
2022-02-27,1645920000,27967152532434
2022-02-28,1646006400,27967152532434
2022-03-01,1646092800,27967152532434
2022-03-02,1646179200,27967152532434
2022-03-03,1646265600,27550332084344
2022-03-04,1646352000,27550332084344
2022-03-05,1646438400,27550332084344
2022-03-06,1646524800,27550332084344
2022-03-07,1646611200,27550332084344
2022-03-08,1646697600,27550332084344
2022-03-09,1646784000,27550332084344
2022-03-10,1646870400,27550332084344
2022-03-11,1646956800,27550332084344
2022-03-12,1647043200,27550332084344
2022-03-13,1647129600,27550332084344
2022-03-14,1647216000,27550332084344
2022-03-15,1647302400,27550332084344
2022-03-16,1647388800,27550332084344
2022-03-17,1647475200,27452707696466
2022-03-18,1647561600,27452707696466
2022-03-19,1647648000,27452707696466
2022-03-20,1647734400,27452707696466
2022-03-21,1647820800,27452707696466
2022-03-22,1647907200,27452707696466
2022-03-23,1647993600,27452707696466
2022-03-24,1648080000,27452707696466
2022-03-25,1648166400,27452707696466
2022-03-26,1648252800,27452707696466
2022-03-27,1648339200,27452707696466
2022-03-28,1648425600,27452707696466
2022-03-29,1648512000,27452707696466
2022-03-30,1648598400,27452707696466
2022-03-31,1648684800,28587155782195
2022-04-01,1648771200,28587155782195
2022-04-02,1648857600,28587155782195
2022-04-03,1648944000,28587155782195
2022-04-04,1649030400,28587155782195
2022-04-05,1649116800,28587155782195
2022-04-06,1649203200,28587155782195
2022-04-07,1649289600,28587155782195
2022-04-08,1649376000,28587155782195
2022-04-09,1649462400,28587155782195
2022-04-10,1649548800,28587155782195
2022-04-11,1649635200,28587155782195
2022-04-12,1649721600,28587155782195
2022-04-13,1649808000,28587155782195
2022-04-14,1649894400,28225928151211
2022-04-15,1649980800,28225928151211
2022-04-16,1650067200,28225928151211
2022-04-17,1650153600,28225928151211
2022-04-18,1650240000,28225928151211
2022-04-19,1650326400,28225928151211
2022-04-20,1650412800,28225928151211
2022-04-21,1650499200,28225928151211
2022-04-22,1650585600,28225928151211
2022-04-23,1650672000,28225928151211
2022-04-24,1650758400,28225928151211
2022-04-25,1650844800,28225928151211
2022-04-26,1650931200,28225928151211
2022-04-27,1651017600,29794407589312
2022-04-28,1651104000,29794407589312
2022-04-29,1651190400,29794407589312
2022-04-30,1651276800,29794407589312
2022-05-01,1651363200,29794407589312
2022-05-02,1651449600,29794407589312
2022-05-03,1651536000,29794407589312
2022-05-04,1651622400,29794407589312
2022-05-05,1651708800,29794407589312
2022-05-06,1651795200,29794407589312
2022-05-07,1651881600,29794407589312
2022-05-08,1651968000,29794407589312
2022-05-09,1652054400,29794407589312
2022-05-10,1652140800,31251101365711
2022-05-11,1652227200,31251101365711
2022-05-12,1652313600,31251101365711
2022-05-13,1652400000,31251101365711
2022-05-14,1652486400,31251101365711
2022-05-15,1652572800,31251101365711
2022-05-16,1652659200,31251101365711
2022-05-17,1652745600,31251101365711
2022-05-18,1652832000,31251101365711
2022-05-19,1652918400,31251101365711
2022-05-20,1653004800,31251101365711
2022-05-21,1653091200,31251101365711
2022-05-22,1653177600,31251101365711
2022-05-23,1653264000,31251101365711
2022-05-24,1653350400,31251101365711
2022-05-25,1653436800,29897409688834
2022-05-26,1653523200,29897409688834
2022-05-27,1653609600,29897409688834
2022-05-28,1653696000,29897409688834
2022-05-29,1653782400,29897409688834
2022-05-30,1653868800,29897409688834
2022-05-31,1653955200,29897409688834
2022-06-01,1654041600,29897409688834
2022-06-02,1654128000,29897409688834
2022-06-03,1654214400,29897409688834
2022-06-04,1654300800,29897409688834
2022-06-05,1654387200,29897409688834
2022-06-06,1654473600,29897409688834
2022-06-07,1654560000,29897409688834
2022-06-08,1654646400,30283293547737
2022-06-09,1654732800,30283293547737
2022-06-10,1654819200,30283293547737
2022-06-11,1654905600,30283293547737
2022-06-12,1654992000,30283293547737
2022-06-13,1655078400,30283293547737
2022-06-14,1655164800,30283293547737
2022-06-15,1655251200,30283293547737
2022-06-16,1655337600,30283293547737
2022-06-17,1655424000,30283293547737
2022-06-18,1655510400,30283293547737
2022-06-19,1655596800,30283293547737
2022-06-20,1655683200,30283293547737
2022-06-21,1655769600,30283293547737
2022-06-22,1655856000,29570168636358
2022-06-23,1655942400,29570168636358
2022-06-24,1656028800,29570168636358
2022-06-25,1656115200,29570168636358
2022-06-26,1656201600,29570168636358
2022-06-27,1656288000,29570168636358
2022-06-28,1656374400,29570168636358
2022-06-29,1656460800,29570168636358
2022-06-30,1656547200,29570168636358
2022-07-01,1656633600,29570168636358
2022-07-02,1656720000,29570168636358
2022-07-03,1656806400,29570168636358
2022-07-04,1656892800,29570168636358
2022-07-05,1656979200,29570168636358
2022-07-06,1657065600,29152798808272
2022-07-07,1657152000,29152798808272
2022-07-08,1657238400,29152798808272
2022-07-09,1657324800,29152798808272
2022-07-10,1657411200,29152798808272
2022-07-11,1657497600,29152798808272
2022-07-12,1657584000,29152798808272
2022-07-13,1657670400,29152798808272
2022-07-14,1657756800,29152798808272
2022-07-15,1657843200,29152798808272
2022-07-16,1657929600,29152798808272
2022-07-17,1658016000,29152798808272
2022-07-18,1658102400,29152798808272
2022-07-19,1658188800,29152798808272
2022-07-20,1658275200,29152798808272
2022-07-21,1658361600,27692567959234
2022-07-22,1658448000,27692567959234
2022-07-23,1658534400,27692567959234
2022-07-24,1658620800,27692567959234
2022-07-25,1658707200,27692567959234
2022-07-26,1658793600,27692567959234
2022-07-27,1658880000,27692567959234
2022-07-28,1658966400,27692567959234
2022-07-29,1659052800,27692567959234
2022-07-30,1659139200,27692567959234
2022-07-31,1659225600,27692567959234
2022-08-01,1659312000,27692567959234
2022-08-02,1659398400,27692567959234
2022-08-03,1659484800,27692567959234
2022-08-04,1659571200,28174668481289
2022-08-05,1659657600,28174668481289
2022-08-06,1659744000,28174668481289
2022-08-07,1659830400,28174668481289
2022-08-08,1659916800,28174668481289
2022-08-09,1660003200,28174668481289
2022-08-10,1660089600,28174668481289
2022-08-11,1660176000,28174668481289
2022-08-12,1660262400,28174668481289
2022-08-13,1660348800,28174668481289
2022-08-14,1660435200,28174668481289
2022-08-15,1660521600,28174668481289
2022-08-16,1660608000,28174668481289
2022-08-17,1660694400,28174668481289
2022-08-18,1660780800,28351606743494
2022-08-19,1660867200,28351606743494
2022-08-20,1660953600,28351606743494
2022-08-21,1661040000,28351606743494
2022-08-22,1661126400,28351606743494
2022-08-23,1661212800,28351606743494
2022-08-24,1661299200,28351606743494
2022-08-25,1661385600,28351606743494
2022-08-26,1661472000,28351606743494
2022-08-27,1661558400,28351606743494
2022-08-28,1661644800,28351606743494
2022-08-29,1661731200,28351606743494
2022-08-30,1661817600,28351606743494
2022-08-31,1661904000,30977051760460
2022-09-01,1661990400,30977051760460
2022-09-02,1662076800,30977051760460
2022-09-03,1662163200,30977051760460
2022-09-04,1662249600,30977051760460
2022-09-05,1662336000,30977051760460
2022-09-06,1662422400,30977051760460
2022-09-07,1662508800,30977051760460
2022-09-08,1662595200,30977051760460
2022-09-09,1662681600,30977051760460
2022-09-10,1662768000,30977051760460
2022-09-11,1662854400,30977051760460
2022-09-12,1662940800,30977051760460
2022-09-13,1663027200,32045359565303
2022-09-14,1663113600,32045359565303
2022-09-15,1663200000,32045359565303
2022-09-16,1663286400,32045359565303
2022-09-17,1663372800,32045359565303
2022-09-18,1663459200,32045359565303
2022-09-19,1663545600,32045359565303
2022-09-20,1663632000,32045359565303
2022-09-21,1663718400,32045359565303
2022-09-22,1663804800,32045359565303
2022-09-23,1663891200,32045359565303
2022-09-24,1663977600,32045359565303
2022-09-25,1664064000,32045359565303
2022-09-26,1664150400,32045359565303
2022-09-27,1664236800,32045359565303
2022-09-28,1664323200,31360548173145
2022-09-29,1664409600,31360548173145
2022-09-30,1664496000,31360548173145
2022-10-01,1664582400,31360548173145
2022-10-02,1664668800,31360548173145
2022-10-03,1664755200,31360548173145
2022-10-04,1664841600,31360548173145
2022-10-05,1664928000,31360548173145
2022-10-06,1665014400,31360548173145
2022-10-07,1665100800,31360548173145
2022-10-08,1665187200,31360548173145
2022-10-09,1665273600,31360548173145
2022-10-10,1665360000,35610794164372
2022-10-11,1665446400,35610794164372
2022-10-12,1665532800,35610794164372
2022-10-13,1665619200,35610794164372
2022-10-14,1665705600,35610794164372
2022-10-15,1665792000,35610794164372
2022-10-16,1665878400,35610794164372
2022-10-17,1665964800,35610794164372
2022-10-18,1666051200,35610794164372
2022-10-19,1666137600,35610794164372
2022-10-20,1666224000,35610794164372
2022-10-21,1666310400,35610794164372
2022-10-22,1666396800,35610794164372
2022-10-23,1666483200,36835682546788
2022-10-24,1666569600,36835682546788
2022-10-25,1666656000,36835682546788
2022-10-26,1666742400,36835682546788
2022-10-27,1666828800,36835682546788
2022-10-28,1666915200,36835682546788
2022-10-29,1667001600,36835682546788
2022-10-30,1667088000,36835682546788
2022-10-31,1667174400,36835682546788
2022-11-01,1667260800,36835682546788
2022-11-02,1667347200,36835682546788
2022-11-03,1667433600,36835682546788
2022-11-04,1667520000,36835682546788
2022-11-05,1667606400,36835682546788
2022-11-06,1667692800,36835682546788
2022-11-07,1667779200,36762198818467
2022-11-08,1667865600,36762198818467
2022-11-09,1667952000,36762198818467
2022-11-10,1668038400,36762198818467
2022-11-11,1668124800,36762198818467
2022-11-12,1668211200,36762198818467
2022-11-13,1668297600,36762198818467
2022-11-14,1668384000,36762198818467
2022-11-15,1668470400,36762198818467
2022-11-16,1668556800,36762198818467
2022-11-17,1668643200,36762198818467
2022-11-18,1668729600,36762198818467
2022-11-19,1668816000,36762198818467
2022-11-20,1668902400,36950494067222
2022-11-21,1668988800,36950494067222
2022-11-22,1669075200,36950494067222
2022-11-23,1669161600,36950494067222
2022-11-24,1669248000,36950494067222
2022-11-25,1669334400,36950494067222
2022-11-26,1669420800,36950494067222
2022-11-27,1669507200,36950494067222
2022-11-28,1669593600,36950494067222
2022-11-29,1669680000,36950494067222
2022-11-30,1669766400,36950494067222
2022-12-01,1669852800,36950494067222
2022-12-02,1669939200,36950494067222
2022-12-03,1670025600,36950494067222
2022-12-04,1670112000,36950494067222
2022-12-05,1670198400,36950494067222
2022-12-06,1670284800,34244331613176
2022-12-07,1670371200,34244331613176
2022-12-08,1670457600,34244331613176
2022-12-09,1670544000,34244331613176
2022-12-10,1670630400,34244331613176
2022-12-11,1670716800,34244331613176
2022-12-12,1670803200,34244331613176
2022-12-13,1670889600,34244331613176
2022-12-14,1670976000,34244331613176
2022-12-15,1671062400,34244331613176
2022-12-16,1671148800,34244331613176
2022-12-17,1671235200,34244331613176
2022-12-18,1671321600,34244331613176
2022-12-19,1671408000,35364065900457
2022-12-20,1671494400,35364065900457
2022-12-21,1671580800,35364065900457
2022-12-22,1671667200,35364065900457
2022-12-23,1671753600,35364065900457
2022-12-24,1671840000,35364065900457
2022-12-25,1671926400,35364065900457
2022-12-26,1672012800,35364065900457
2022-12-27,1672099200,35364065900457
2022-12-28,1672185600,35364065900457
2022-12-29,1672272000,35364065900457
2022-12-30,1672358400,35364065900457
2022-12-31,1672444800,35364065900457
2023-01-01,1672531200,35364065900457
2023-01-02,1672617600,35364065900457
2023-01-03,1672704000,34093570325204
2023-01-04,1672790400,34093570325204
2023-01-05,1672876800,34093570325204
2023-01-06,1672963200,34093570325204
2023-01-07,1673049600,34093570325204
2023-01-08,1673136000,34093570325204
2023-01-09,1673222400,34093570325204
2023-01-10,1673308800,34093570325204
2023-01-11,1673395200,34093570325204
2023-01-12,1673481600,34093570325204
2023-01-13,1673568000,34093570325204
2023-01-14,1673654400,34093570325204
2023-01-15,1673740800,37590453655497
2023-01-16,1673827200,37590453655497
2023-01-17,1673913600,37590453655497
2023-01-18,1674000000,37590453655497
2023-01-19,1674086400,37590453655497
2023-01-20,1674172800,37590453655497
2023-01-21,1674259200,37590453655497
2023-01-22,1674345600,37590453655497
2023-01-23,1674432000,37590453655497
2023-01-24,1674518400,37590453655497
2023-01-25,1674604800,37590453655497
2023-01-26,1674691200,37590453655497
2023-01-27,1674777600,37590453655497
2023-01-28,1674864000,37590453655497
2023-01-29,1674950400,39350942467773
2023-01-30,1675036800,39350942467773
2023-01-31,1675123200,39350942467773
2023-02-01,1675209600,39350942467773
2023-02-02,1675296000,39350942467773
2023-02-03,1675382400,39350942467773
2023-02-04,1675468800,39350942467773
2023-02-05,1675555200,39350942467773
2023-02-06,1675641600,39350942467773
2023-02-07,1675728000,39350942467773
2023-02-08,1675814400,39350942467773
2023-02-09,1675900800,39350942467773
2023-02-10,1675987200,39350942467773
2023-02-11,1676073600,39350942467773
2023-02-12,1676160000,39156400059293
2023-02-13,1676246400,39156400059293
2023-02-14,1676332800,39156400059293
2023-02-15,1676419200,39156400059293
2023-02-16,1676505600,39156400059293
2023-02-17,1676592000,39156400059293
2023-02-18,1676678400,39156400059293
2023-02-19,1676764800,39156400059293
2023-02-20,1676851200,39156400059293
2023-02-21,1676937600,39156400059293
2023-02-22,1677024000,39156400059293
2023-02-23,1677110400,39156400059293
2023-02-24,1677196800,39156400059293
2023-02-25,1677283200,43053844193928
2023-02-26,1677369600,43053844193928
2023-02-27,1677456000,43053844193928
2023-02-28,1677542400,43053844193928
2023-03-01,1677628800,43053844193928
2023-03-02,1677715200,43053844193928
2023-03-03,1677801600,43053844193928
2023-03-04,1677888000,43053844193928
2023-03-05,1677974400,43053844193928
2023-03-06,1678060800,43053844193928
2023-03-07,1678147200,43053844193928
2023-03-08,1678233600,43053844193928
2023-03-09,1678320000,43053844193928
2023-03-10,1678406400,43551722213590
2023-03-11,1678492800,43551722213590
2023-03-12,1678579200,43551722213590
2023-03-13,1678665600,43551722213590
2023-03-14,1678752000,43551722213590
2023-03-15,1678838400,43551722213590
2023-03-16,1678924800,43551722213590
2023-03-17,1679011200,43551722213590
2023-03-18,1679097600,43551722213590
2023-03-19,1679184000,43551722213590
2023-03-20,1679270400,43551722213590
2023-03-21,1679356800,43551722213590
2023-03-22,1679443200,43551722213590
2023-03-23,1679529600,46843400286277
2023-03-24,1679616000,46843400286277
2023-03-25,1679702400,46843400286277
2023-03-26,1679788800,46843400286277
2023-03-27,1679875200,46843400286277
2023-03-28,1679961600,46843400286277
2023-03-29,1680048000,46843400286277
2023-03-30,1680134400,46843400286277
2023-03-31,1680220800,46843400286277
2023-04-01,1680307200,46843400286277
2023-04-02,1680393600,46843400286277
2023-04-03,1680480000,46843400286277
2023-04-04,1680566400,46843400286277
2023-04-05,1680652800,46843400286277
2023-04-06,1680739200,47887764338536
2023-04-07,1680825600,47887764338536
2023-04-08,1680912000,47887764338536
2023-04-09,1680998400,47887764338536
2023-04-10,1681084800,47887764338536
2023-04-11,1681171200,47887764338536
2023-04-12,1681257600,47887764338536
2023-04-13,1681344000,47887764338536
2023-04-14,1681430400,47887764338536
2023-04-15,1681516800,47887764338536
2023-04-16,1681603200,47887764338536
2023-04-17,1681689600,47887764338536
2023-04-18,1681776000,47887764338536
2023-04-19,1681862400,47887764338536
2023-04-20,1681948800,48712405953118
2023-04-21,1682035200,48712405953118
2023-04-22,1682121600,48712405953118
2023-04-23,1682208000,48712405953118
2023-04-24,1682294400,48712405953118
2023-04-25,1682380800,48712405953118
2023-04-26,1682467200,48712405953118
2023-04-27,1682553600,48712405953118
2023-04-28,1682640000,48712405953118
2023-04-29,1682726400,48712405953118
2023-04-30,1682812800,48712405953118
2023-05-01,1682899200,48712405953118
2023-05-02,1682985600,48712405953118
2023-05-03,1683072000,48712405953118
2023-05-04,1683158400,48005534313579
2023-05-05,1683244800,48005534313579
2023-05-06,1683331200,48005534313579
2023-05-07,1683417600,48005534313579
2023-05-08,1683504000,48005534313579
2023-05-09,1683590400,48005534313579
2023-05-10,1683676800,48005534313579
2023-05-11,1683763200,48005534313579
2023-05-12,1683849600,48005534313579
2023-05-13,1683936000,48005534313579
2023-05-14,1684022400,48005534313579
2023-05-15,1684108800,48005534313579
2023-05-16,1684195200,48005534313579
2023-05-17,1684281600,48005534313579
2023-05-18,1684368000,49549703178593
2023-05-19,1684454400,49549703178593
2023-05-20,1684540800,49549703178593
2023-05-21,1684627200,49549703178593
2023-05-22,1684713600,49549703178593
2023-05-23,1684800000,49549703178593
2023-05-24,1684886400,49549703178593
2023-05-25,1684972800,49549703178593
2023-05-26,1685059200,49549703178593
2023-05-27,1685145600,49549703178593
2023-05-28,1685232000,49549703178593
2023-05-29,1685318400,49549703178593
2023-05-30,1685404800,49549703178593
2023-05-31,1685491200,51234338863443
2023-06-01,1685577600,51234338863443
2023-06-02,1685664000,51234338863443
2023-06-03,1685750400,51234338863443
2023-06-04,1685836800,51234338863443
2023-06-05,1685923200,51234338863443
2023-06-06,1686009600,51234338863443
2023-06-07,1686096000,51234338863443
2023-06-08,1686182400,51234338863443
2023-06-09,1686268800,51234338863443
2023-06-10,1686355200,51234338863443
2023-06-11,1686441600,51234338863443
2023-06-12,1686528000,51234338863443
2023-06-13,1686614400,51234338863443
2023-06-14,1686700800,52350439455487
2023-06-15,1686787200,52350439455487
2023-06-16,1686873600,52350439455487
2023-06-17,1686960000,52350439455487
2023-06-18,1687046400,52350439455487
2023-06-19,1687132800,52350439455487
2023-06-20,1687219200,52350439455487
2023-06-21,1687305600,52350439455487
2023-06-22,1687392000,52350439455487
2023-06-23,1687478400,52350439455487
2023-06-24,1687564800,52350439455487
2023-06-25,1687651200,52350439455487
2023-06-26,1687737600,52350439455487
2023-06-27,1687824000,52350439455487
2023-06-28,1687910400,50646206431058
2023-06-29,1687996800,50646206431058
2023-06-30,1688083200,50646206431058
2023-07-01,1688169600,50646206431058
2023-07-02,1688256000,50646206431058
2023-07-03,1688342400,50646206431058
2023-07-04,1688428800,50646206431058
2023-07-05,1688515200,50646206431058
2023-07-06,1688601600,50646206431058
2023-07-07,1688688000,50646206431058
2023-07-08,1688774400,50646206431058
2023-07-09,1688860800,50646206431058
2023-07-10,1688947200,50646206431058
2023-07-11,1689033600,50646206431058
2023-07-12,1689120000,53911173001055
2023-07-13,1689206400,53911173001055
2023-07-14,1689292800,53911173001055
2023-07-15,1689379200,53911173001055
2023-07-16,1689465600,53911173001055
2023-07-17,1689552000,53911173001055
2023-07-18,1689638400,53911173001055
2023-07-19,1689724800,53911173001055
2023-07-20,1689811200,53911173001055
2023-07-21,1689897600,53911173001055
2023-07-22,1689984000,53911173001055
2023-07-23,1690070400,53911173001055
2023-07-24,1690156800,53911173001055
2023-07-25,1690243200,53911173001055
2023-07-26,1690329600,52328312063444
2023-07-27,1690416000,52328312063444
2023-07-28,1690502400,52328312063444
2023-07-29,1690588800,52328312063444
2023-07-30,1690675200,52328312063444
2023-07-31,1690761600,52328312063444
2023-08-01,1690848000,52328312063444
2023-08-02,1690934400,52328312063444
2023-08-03,1691020800,52328312063444
2023-08-04,1691107200,52328312063444
2023-08-05,1691193600,52328312063444
2023-08-06,1691280000,52328312063444
2023-08-07,1691366400,52328312063444
2023-08-08,1691452800,52328312063444
2023-08-09,1691539200,52391178981379
2023-08-10,1691625600,52391178981379
2023-08-11,1691712000,52391178981379
2023-08-12,1691798400,52391178981379
2023-08-13,1691884800,52391178981379
2023-08-14,1691971200,52391178981379
2023-08-15,1692057600,52391178981379
2023-08-16,1692144000,52391178981379
2023-08-17,1692230400,52391178981379
2023-08-18,1692316800,52391178981379
2023-08-19,1692403200,52391178981379
2023-08-20,1692489600,52391178981379
2023-08-21,1692576000,52391178981379
2023-08-22,1692662400,55621444139430
2023-08-23,1692748800,55621444139430
2023-08-24,1692835200,55621444139430
2023-08-25,1692921600,55621444139430
2023-08-26,1693008000,55621444139430
2023-08-27,1693094400,55621444139430
2023-08-28,1693180800,55621444139430
2023-08-29,1693267200,55621444139430
2023-08-30,1693353600,55621444139430
2023-08-31,1693440000,55621444139430
2023-09-01,1693526400,55621444139430
2023-09-02,1693612800,55621444139430
2023-09-03,1693699200,55621444139430
2023-09-04,1693785600,55621444139430
2023-09-05,1693872000,55621444139430
2023-09-06,1693958400,54150142369480
2023-09-07,1694044800,54150142369480
2023-09-08,1694131200,54150142369480
2023-09-09,1694217600,54150142369480
2023-09-10,1694304000,54150142369480
2023-09-11,1694390400,54150142369480
2023-09-12,1694476800,54150142369480
2023-09-13,1694563200,54150142369480
2023-09-14,1694649600,54150142369480
2023-09-15,1694736000,
2023-09-16,1694822400,
2023-09-17,1694908800,
2023-09-18,1694995200,
2023-09-19,1695081600,
2023-09-20,1695168000,
2023-09-21,1695254400,
2023-09-22,1695340800,
2023-09-23,1695427200,
2023-09-24,1695513600,
2023-09-25,1695600000,
2023-09-26,1695686400,
2023-09-27,1695772800,
2023-09-28,1695859200,
2023-09-29,1695945600,
2023-09-30,1696032000,
2023-10-01,1696118400,
2023-10-02,1696204800,
2023-10-03,1696291200,
2023-10-04,1696377600,
2023-10-05,1696464000,
2023-10-06,1696550400,
2023-10-07,1696636800,
2023-10-08,1696723200,57321508229258
2023-10-09,1696809600,57321508229258
2023-10-10,1696896000,57321508229258
2023-10-11,1696982400,57321508229258
2023-10-12,1697068800,57321508229258
2023-10-13,1697155200,57321508229258
2023-10-14,1697241600,57321508229258
2023-10-15,1697328000,57321508229258
2023-10-16,1697414400,61030681983176
2023-10-17,1697500800,61030681983176
2023-10-18,1697587200,61030681983176
2023-10-19,1697673600,61030681983176
2023-10-20,1697760000,61030681983176
2023-10-21,1697846400,61030681983176
2023-10-22,1697932800,61030681983176
2023-10-23,1698019200,61030681983176
2023-10-24,1698105600,61030681983176
2023-10-25,1698192000,61030681983176
2023-10-26,1698278400,61030681983176
2023-10-27,1698364800,61030681983176
2023-10-28,1698451200,61030681983176
2023-10-29,1698537600,61030681983176
2023-10-30,1698624000,62463471666733
2023-10-31,1698710400,62463471666733
2023-11-01,1698796800,62463471666733
2023-11-02,1698883200,62463471666733
2023-11-03,1698969600,62463471666733
2023-11-04,1699056000,62463471666733
2023-11-05,1699142400,62463471666733
2023-11-06,1699228800,62463471666733
2023-11-07,1699315200,62463471666733
2023-11-08,1699401600,62463471666733
2023-11-09,1699488000,62463471666733
2023-11-10,1699574400,62463471666733
2023-11-11,1699660800,62463471666733
2023-11-12,1699747200,64678587803497
2023-11-13,1699833600,64678587803497
2023-11-14,1699920000,64678587803497
2023-11-15,1700006400,64678587803497
2023-11-16,1700092800,64678587803497
2023-11-17,1700179200,64678587803497
2023-11-18,1700265600,64678587803497
2023-11-19,1700352000,64678587803497
2023-11-20,1700438400,64678587803497
2023-11-21,1700524800,64678587803497
2023-11-22,1700611200,64678587803497
2023-11-23,1700697600,64678587803497
2023-11-24,1700784000,64678587803497
2023-11-25,1700870400,67957790298898
2023-11-26,1700956800,67957790298898
2023-11-27,1701043200,67957790298898
2023-11-28,1701129600,67957790298898
2023-11-29,1701216000,67957790298898
2023-11-30,1701302400,67957790298898
2023-12-01,1701388800,67957790298898
2023-12-02,1701475200,67957790298898
2023-12-03,1701561600,67957790298898
2023-12-04,1701648000,67957790298898
2023-12-05,1701734400,67957790298898
2023-12-06,1701820800,67957790298898
2023-12-07,1701907200,67957790298898
2023-12-08,1701993600,67957790298898
2023-12-09,1702080000,67957790298898
2023-12-10,1702166400,67305906902031
2023-12-11,1702252800,67305906902031
2023-12-12,1702339200,67305906902031
2023-12-13,1702425600,67305906902031
2023-12-14,1702512000,67305906902031
2023-12-15,1702598400,67305906902031
2023-12-16,1702684800,67305906902031
2023-12-17,1702771200,67305906902031
2023-12-18,1702857600,67305906902031
2023-12-19,1702944000,67305906902031
2023-12-20,1703030400,67305906902031
2023-12-21,1703116800,67305906902031
2023-12-22,1703203200,67305906902031
2023-12-23,1703289600,72006146478567
2023-12-24,1703376000,72006146478567
2023-12-25,1703462400,72006146478567
2023-12-26,1703548800,72006146478567
2023-12-27,1703635200,72006146478567
2023-12-28,1703721600,72006146478567
2023-12-29,1703808000,72006146478567
2023-12-30,1703894400,72006146478567
2023-12-31,1703980800,72006146478567
2024-01-01,1704067200,72006146478567
2024-01-02,1704153600,72006146478567
2024-01-03,1704240000,72006146478567
2024-01-04,1704326400,72006146478567
2024-01-05,1704412800,72006146478567
2024-01-06,1704499200,73197634206448
2024-01-07,1704585600,73197634206448
2024-01-08,1704672000,73197634206448
2024-01-09,1704758400,73197634206448
2024-01-10,1704844800,73197634206448
2024-01-11,1704931200,73197634206448
2024-01-12,1705017600,73197634206448
2024-01-13,1705104000,73197634206448
2024-01-14,1705190400,73197634206448
2024-01-15,1705276800,73197634206448
2024-01-16,1705363200,73197634206448
2024-01-17,1705449600,73197634206448
2024-01-18,1705536000,73197634206448
2024-01-19,1705622400,73197634206448
2024-01-20,1705708800,70343519904867
2024-01-21,1705795200,70343519904867
2024-01-22,1705881600,70343519904867
2024-01-23,1705968000,70343519904867
2024-01-24,1706054400,70343519904867
2024-01-25,1706140800,70343519904867
2024-01-26,1706227200,70343519904867
2024-01-27,1706313600,70343519904867
2024-01-28,1706400000,70343519904867
2024-01-29,1706486400,70343519904867
2024-01-30,1706572800,70343519904867
2024-01-31,1706659200,70343519904867
2024-02-01,1706745600,70343519904867
2024-02-02,1706832000,75502165623894
2024-02-03,1706918400,75502165623894
2024-02-04,1707004800,75502165623894
2024-02-05,1707091200,75502165623894
2024-02-06,1707177600,75502165623894
2024-02-07,1707264000,75502165623894
2024-02-08,1707350400,75502165623894
2024-02-09,1707436800,75502165623894
2024-02-10,1707523200,75502165623894
2024-02-11,1707609600,75502165623894
2024-02-12,1707696000,75502165623894
2024-02-13,1707782400,75502165623894
2024-02-14,1707868800,75502165623894
2024-02-15,1707955200,81725299822043
2024-02-16,1708041600,81725299822043
2024-02-17,1708128000,81725299822043
2024-02-18,1708214400,81725299822043
2024-02-19,1708300800,81725299822043
2024-02-20,1708387200,81725299822043
2024-02-21,1708473600,81725299822043
2024-02-22,1708560000,81725299822043
2024-02-23,1708646400,81725299822043
2024-02-24,1708732800,81725299822043
2024-02-25,1708819200,81725299822043
2024-02-26,1708905600,81725299822043
2024-02-27,1708992000,81725299822043
2024-02-28,1709078400,81725299822043
2024-02-29,1709164800,81725299822043
2024-03-01,1709251200,79351228131137
2024-03-02,1709337600,79351228131137
2024-03-03,1709424000,79351228131137
2024-03-04,1709510400,79351228131137
2024-03-05,1709596800,79351228131137
2024-03-06,1709683200,79351228131137
2024-03-07,1709769600,79351228131137
2024-03-08,1709856000,79351228131137
2024-03-09,1709942400,79351228131137
2024-03-10,1710028800,79351228131137
2024-03-11,1710115200,79351228131137
2024-03-12,1710201600,79351228131137
2024-03-13,1710288000,79351228131137
2024-03-14,1710374400,83947913181362
2024-03-15,1710460800,83947913181362
2024-03-16,1710547200,83947913181362
2024-03-17,1710633600,83947913181362
2024-03-18,1710720000,83947913181362
2024-03-19,1710806400,83947913181362
2024-03-20,1710892800,83947913181362
2024-03-21,1710979200,83947913181362
2024-03-22,1711065600,83947913181362
2024-03-23,1711152000,83947913181362
2024-03-24,1711238400,83947913181362
2024-03-25,1711324800,83947913181362
2024-03-26,1711411200,83947913181362
2024-03-27,1711497600,83947913181362
2024-03-28,1711584000,83126997340025
2024-03-29,1711670400,83126997340025
2024-03-30,1711756800,83126997340025
2024-03-31,1711843200,83126997340025
2024-04-01,1711929600,83126997340025
2024-04-02,1712016000,83126997340025
2024-04-03,1712102400,83126997340025
2024-04-04,1712188800,83126997340025
2024-04-05,1712275200,83126997340025
2024-04-06,1712361600,83126997340025
2024-04-07,1712448000,83126997340025
2024-04-08,1712534400,83126997340025
2024-04-09,1712620800,83126997340025
2024-04-10,1712707200,86388558925171
2024-04-11,1712793600,86388558925171
2024-04-12,1712880000,86388558925171
2024-04-13,1712966400,86388558925171
2024-04-14,1713052800,86388558925171
2024-04-15,1713139200,86388558925171
2024-04-16,1713225600,86388558925171
2024-04-17,1713312000,86388558925171
2024-04-18,1713398400,86388558925171
2024-04-19,1713484800,86388558925171
2024-04-20,1713571200,86388558925171
2024-04-21,1713657600,86388558925171
2024-04-22,1713744000,86388558925171
2024-04-23,1713830400,86388558925171
2024-04-24,1713916800,88104191118793
2024-04-25,1714003200,88104191118793
2024-04-26,1714089600,88104191118793
2024-04-27,1714176000,88104191118793
2024-04-28,1714262400,88104191118793
2024-04-29,1714348800,88104191118793
2024-04-30,1714435200,88104191118793
2024-05-01,1714521600,88104191118793
2024-05-02,1714608000,88104191118793
2024-05-03,1714694400,88104191118793
2024-05-04,1714780800,88104191118793
2024-05-05,1714867200,88104191118793
2024-05-06,1714953600,88104191118793
2024-05-07,1715040000,88104191118793
2024-05-08,1715126400,88104191118793
2024-05-09,1715212800,83148355189240
2024-05-10,1715299200,83148355189240
2024-05-11,1715385600,83148355189240
2024-05-12,1715472000,83148355189240
2024-05-13,1715558400,83148355189240
2024-05-14,1715644800,83148355189240
2024-05-15,1715731200,83148355189240
2024-05-16,1715817600,83148355189240
2024-05-17,1715904000,83148355189240
2024-05-18,1715990400,83148355189240
2024-05-19,1716076800,83148355189240
2024-05-20,1716163200,83148355189240
2024-05-21,1716249600,83148355189240
2024-05-22,1716336000,83148355189240
2024-05-23,1716422400,84381461788831
2024-05-24,1716508800,84381461788831
2024-05-25,1716595200,84381461788831
2024-05-26,1716681600,84381461788831
2024-05-27,1716768000,84381461788831
2024-05-28,1716854400,84381461788831
2024-05-29,1716940800,84381461788831
2024-05-30,1717027200,84381461788831
2024-05-31,1717113600,84381461788831
2024-06-01,1717200000,84381461788831
2024-06-02,1717286400,84381461788831
2024-06-03,1717372800,84381461788831
2024-06-04,1717459200,84381461788831
2024-06-05,1717545600,84381461788831
2024-06-06,1717632000,83716654861185
2024-06-07,1717718400,83716654861185
2024-06-08,1717804800,83716654861185
2024-06-09,1717891200,83716654861185
2024-06-10,1717977600,83716654861185
2024-06-11,1718064000,83716654861185
2024-06-12,1718150400,83716654861185
2024-06-13,1718236800,83716654861185
2024-06-14,1718323200,83716654861185
2024-06-15,1718409600,83716654861185
2024-06-16,1718496000,83716654861185
2024-06-17,1718582400,83716654861185
2024-06-18,1718668800,83716654861185
2024-06-19,1718755200,83716654861185
2024-06-20,1718841600,83675262295060
2024-06-21,1718928000,83675262295060
2024-06-22,1719014400,83675262295060
2024-06-23,1719100800,83675262295060
2024-06-24,1719187200,83675262295060
2024-06-25,1719273600,83675262295060
2024-06-26,1719360000,83675262295060
2024-06-27,1719446400,83675262295060
2024-06-28,1719532800,83675262295060
2024-06-29,1719619200,83675262295060
2024-06-30,1719705600,83675262295060
2024-07-01,1719792000,83675262295060
2024-07-02,1719878400,83675262295060
2024-07-03,1719964800,83675262295060
2024-07-04,1720051200,83675262295060
2024-07-05,1720137600,79495195323031
2024-07-06,1720224000,79495195323031
2024-07-07,1720310400,79495195323031
2024-07-08,1720396800,79495195323031
2024-07-09,1720483200,79495195323031
2024-07-10,1720569600,79495195323031
2024-07-11,1720656000,79495195323031
2024-07-12,1720742400,79495195323031
2024-07-13,1720828800,79495195323031
2024-07-14,1720915200,79495195323031
2024-07-15,1721001600,79495195323031
2024-07-16,1721088000,79495195323031
2024-07-17,1721174400,79495195323031
2024-07-18,1721260800,82047728459933
2024-07-19,1721347200,82047728459933
2024-07-20,1721433600,82047728459933
2024-07-21,1721520000,82047728459933
2024-07-22,1721606400,82047728459933
2024-07-23,1721692800,82047728459933
2024-07-24,1721779200,82047728459933
2024-07-25,1721865600,82047728459933
2024-07-26,1721952000,82047728459933
2024-07-27,1722038400,82047728459933
2024-07-28,1722124800,82047728459933
2024-07-29,1722211200,82047728459933
2024-07-30,1722297600,82047728459933
2024-07-31,1722384000,90666502495566
2024-08-01,1722470400,90666502495566
2024-08-02,1722556800,90666502495566
2024-08-03,1722643200,90666502495566
2024-08-04,1722729600,90666502495566
2024-08-05,1722816000,90666502495566
2024-08-06,1722902400,90666502495566
2024-08-07,1722988800,90666502495566
2024-08-08,1723075200,90666502495566
2024-08-09,1723161600,90666502495566
2024-08-10,1723248000,90666502495566
2024-08-11,1723334400,90666502495566
2024-08-12,1723420800,90666502495566
2024-08-13,1723507200,90666502495566
2024-08-14,1723593600,86871474313762
2024-08-15,1723680000,86871474313762
2024-08-16,1723766400,86871474313762
2024-08-17,1723852800,86871474313762
2024-08-18,1723939200,86871474313762
2024-08-19,1724025600,86871474313762
2024-08-20,1724112000,86871474313762
2024-08-21,1724198400,86871474313762
2024-08-22,1724284800,86871474313762
2024-08-23,1724371200,86871474313762
2024-08-24,1724457600,86871474313762
2024-08-25,1724544000,86871474313762
2024-08-26,1724630400,86871474313762
2024-08-27,1724716800,86871474313762
2024-08-28,1724803200,89471664776971
2024-08-29,1724889600,89471664776971
2024-08-30,1724976000,89471664776971
2024-08-31,1725062400,89471664776971
2024-09-01,1725148800,89471664776971
2024-09-02,1725235200,89471664776971
2024-09-03,1725321600,89471664776971
2024-09-04,1725408000,89471664776971
2024-09-05,1725494400,89471664776971
2024-09-06,1725580800,89471664776971
2024-09-07,1725667200,89471664776971
2024-09-08,1725753600,89471664776971
2024-09-09,1725840000,89471664776971
2024-09-10,1725926400,89471664776971
2024-09-11,1726012800,92671576265161
2024-09-12,1726099200,92671576265161
2024-09-13,1726185600,92671576265161
2024-09-14,1726272000,92671576265161
2024-09-15,1726358400,92671576265161
2024-09-16,1726444800,92671576265161
2024-09-17,1726531200,92671576265161
2024-09-18,1726617600,92671576265161
2024-09-19,1726704000,92671576265161
2024-09-20,1726790400,92671576265161
2024-09-21,1726876800,92671576265161
2024-09-22,1726963200,92671576265161
2024-09-23,1727049600,92671576265161
2024-09-24,1727136000,92671576265161
2024-09-25,1727222400,88404402371000
2024-09-26,1727308800,88404402371000
2024-09-27,1727395200,88404402371000
2024-09-28,1727481600,88404402371000
2024-09-29,1727568000,88404402371000
2024-09-30,1727654400,88404402371000
2024-10-01,1727740800,88404402371000
2024-10-02,1727827200,88404402371000
2024-10-03,1727913600,88404402371000
2024-10-04,1728000000,88404402371000
2024-10-05,1728086400,88404402371000
2024-10-06,1728172800,88404402371000
2024-10-07,1728259200,88404402371000
2024-10-08,1728345600,88404402371000
2024-10-09,1728432000,92049594548485
2024-10-10,1728518400,92049594548485
2024-10-11,1728604800,92049594548485
2024-10-12,1728691200,92049594548485
2024-10-13,1728777600,92049594548485
2024-10-14,1728864000,92049594548485
2024-10-15,1728950400,92049594548485
2024-10-16,1729036800,92049594548485
2024-10-17,1729123200,92049594548485
2024-10-18,1729209600,92049594548485
2024-10-19,1729296000,92049594548485
2024-10-20,1729382400,92049594548485
2024-10-21,1729468800,92049594548485
2024-10-22,1729555200,95672703408224
2024-10-23,1729641600,95672703408224
2024-10-24,1729728000,95672703408224
2024-10-25,1729814400,95672703408224
2024-10-26,1729900800,95672703408224
2024-10-27,1729987200,95672703408224
2024-10-28,1730073600,95672703408224
2024-10-29,1730160000,95672703408224
2024-10-30,1730246400,95672703408224
2024-10-31,1730332800,95672703408224
2024-11-01,1730419200,95672703408224
2024-11-02,1730505600,95672703408224
2024-11-03,1730592000,95672703408224
2024-11-04,1730678400,101646843652785
2024-11-05,1730764800,101646843652785
2024-11-06,1730851200,101646843652785
2024-11-07,1730937600,101646843652785
2024-11-08,1731024000,101646843652785
2024-11-09,1731110400,101646843652785
2024-11-10,1731196800,101646843652785
2024-11-11,1731283200,101646843652785
2024-11-12,1731369600,101646843652785
2024-11-13,1731456000,101646843652785
2024-11-14,1731542400,101646843652785
2024-11-15,1731628800,101646843652785
2024-11-16,1731715200,101646843652785
2024-11-17,1731801600,101646843652785
2024-11-18,1731888000,102289407543324
2024-11-19,1731974400,102289407543324
2024-11-20,1732060800,102289407543324
2024-11-21,1732147200,102289407543324
2024-11-22,1732233600,102289407543324
2024-11-23,1732320000,102289407543324
2024-11-24,1732406400,102289407543324
2024-11-25,1732492800,102289407543324
2024-11-26,1732579200,102289407543324
2024-11-27,1732665600,102289407543324
2024-11-28,1732752000,102289407543324
2024-11-29,1732838400,102289407543324
2024-11-30,1732924800,102289407543324
2024-12-01,1733011200,102289407543324
2024-12-02,1733097600,103919634711492
2024-12-03,1733184000,103919634711492
2024-12-04,1733270400,103919634711492
2024-12-05,1733356800,103919634711492
2024-12-06,1733443200,103919634711492
2024-12-07,1733529600,103919634711492
2024-12-08,1733616000,103919634711492
2024-12-09,1733702400,103919634711492
2024-12-10,1733788800,103919634711492
2024-12-11,1733875200,103919634711492
2024-12-12,1733961600,103919634711492
2024-12-13,1734048000,103919634711492
2024-12-14,1734134400,103919634711492
2024-12-15,1734220800,103919634711492
2024-12-16,1734307200,108522647629298
2024-12-17,1734393600,108522647629298
2024-12-18,1734480000,108522647629298
2024-12-19,1734566400,108522647629298
2024-12-20,1734652800,108522647629298
2024-12-21,1734739200,108522647629298
2024-12-22,1734825600,108522647629298
2024-12-23,1734912000,108522647629298
2024-12-24,1734998400,108522647629298
2024-12-25,1735084800,108522647629298
2024-12-26,1735171200,108522647629298
2024-12-27,1735257600,108522647629298
2024-12-28,1735344000,108522647629298
2024-12-29,1735430400,109782075598905
2024-12-30,1735516800,109782075598905
2024-12-31,1735603200,109782075598905
2025-01-01,1735689600,109782075598905
2025-01-02,1735776000,109782075598905
2025-01-03,1735862400,109782075598905
2025-01-04,1735948800,109782075598905
2025-01-05,1736035200,109782075598905
2025-01-06,1736121600,109782075598905
2025-01-07,1736208000,109782075598905
2025-01-08,1736294400,109782075598905
2025-01-09,1736380800,109782075598905
2025-01-10,1736467200,109782075598905
2025-01-11,1736553600,109782075598905
2025-01-12,1736640000,110451907374650
2025-01-13,1736726400,110451907374650
2025-01-14,1736812800,110451907374650
2025-01-15,1736899200,110451907374650
2025-01-16,1736985600,110451907374650
2025-01-17,1737072000,110451907374650
2025-01-18,1737158400,110451907374650
2025-01-19,1737244800,110451907374650
2025-01-20,1737331200,110451907374650
2025-01-21,1737417600,110451907374650
2025-01-22,1737504000,110451907374650
2025-01-23,1737590400,110451907374650
2025-01-24,1737676800,110451907374650
2025-01-25,1737763200,110451907374650
2025-01-26,1737849600,110451907374650
2025-01-27,1737936000,108105433845147
2025-01-28,1738022400,108105433845147
2025-01-29,1738108800,108105433845147
2025-01-30,1738195200,108105433845147
2025-01-31,1738281600,108105433845147
2025-02-01,1738368000,108105433845147
2025-02-02,1738454400,108105433845147
2025-02-03,1738540800,108105433845147
2025-02-04,1738627200,108105433845147
2025-02-05,1738713600,108105433845147
2025-02-06,1738800000,108105433845147
2025-02-07,1738886400,108105433845147
2025-02-08,1738972800,108105433845147
2025-02-09,1739059200,114167270716408
2025-02-10,1739145600,114167270716408
2025-02-11,1739232000,114167270716408
2025-02-12,1739318400,114167270716408
2025-02-13,1739404800,114167270716408
2025-02-14,1739491200,114167270716408
2025-02-15,1739577600,114167270716408
2025-02-16,1739664000,114167270716408
2025-02-17,1739750400,114167270716408
2025-02-18,1739836800,114167270716408
2025-02-19,1739923200,114167270716408
2025-02-20,1740009600,114167270716408
2025-02-21,1740096000,114167270716408
2025-02-22,1740182400,114167270716408
2025-02-23,1740268800,110568428300953
2025-02-24,1740355200,110568428300953
2025-02-25,1740441600,110568428300953
2025-02-26,1740528000,110568428300953
2025-02-27,1740614400,110568428300953
2025-02-28,1740700800,110568428300953
2025-03-01,1740787200,110568428300953
2025-03-02,1740873600,110568428300953
2025-03-03,1740960000,110568428300953
2025-03-04,1741046400,110568428300953
2025-03-05,1741132800,110568428300953
2025-03-06,1741219200,110568428300953
2025-03-07,1741305600,110568428300953
2025-03-08,1741392000,110568428300953
2025-03-09,1741478400,112149504190349
2025-03-10,1741564800,112149504190349
2025-03-11,1741651200,112149504190349
2025-03-12,1741737600,112149504190349
2025-03-13,1741824000,112149504190349
2025-03-14,1741910400,112149504190349
2025-03-15,1741996800,112149504190349
2025-03-16,1742083200,112149504190349
2025-03-17,1742169600,112149504190349
2025-03-18,1742256000,112149504190349
2025-03-19,1742342400,112149504190349
2025-03-20,1742428800,112149504190349
2025-03-21,1742515200,112149504190349
2025-03-22,1742601600,112149504190349
2025-03-23,1742688000,113757508810854
2025-03-24,1742774400,113757508810854
2025-03-25,1742860800,113757508810854
2025-03-26,1742947200,113757508810854
2025-03-27,1743033600,113757508810854
2025-03-28,1743120000,113757508810854
2025-03-29,1743206400,113757508810854
2025-03-30,1743292800,113757508810854
2025-03-31,1743379200,113757508810854
2025-04-01,1743465600,113757508810854
2025-04-02,1743552000,113757508810854
2025-04-03,1743638400,113757508810854
2025-04-04,1743724800,113757508810854
2025-04-05,1743811200,121507793131898
2025-04-06,1743897600,121507793131898
2025-04-07,1743984000,121507793131898
2025-04-08,1744070400,121507793131898
2025-04-09,1744156800,121507793131898
2025-04-10,1744243200,121507793131898
2025-04-11,1744329600,121507793131898
2025-04-12,1744416000,121507793131898
2025-04-13,1744502400,121507793131898
2025-04-14,1744588800,121507793131898
2025-04-15,1744675200,121507793131898
2025-04-16,1744761600,121507793131898
2025-04-17,1744848000,121507793131898
2025-04-18,1744934400,121507793131898
2025-04-19,1745020800,123234387977051
2025-04-20,1745107200,123234387977051
2025-04-21,1745193600,123234387977051
2025-04-22,1745280000,123234387977051
2025-04-23,1745366400,123234387977051
2025-04-24,1745452800,123234387977051
2025-04-25,1745539200,123234387977051
2025-04-26,1745625600,123234387977051
2025-04-27,1745712000,123234387977051
2025-04-28,1745798400,123234387977051
2025-04-29,1745884800,123234387977051
2025-04-30,1745971200,123234387977051
2025-05-01,1746057600,123234387977051
2025-05-02,1746144000,123234387977051
2025-05-03,1746230400,119116256505724
2025-05-04,1746316800,119116256505724
2025-05-05,1746403200,119116256505724
2025-05-06,1746489600,119116256505724
2025-05-07,1746576000,119116256505724
2025-05-08,1746662400,119116256505724
2025-05-09,1746748800,119116256505724
2025-05-10,1746835200,119116256505724
2025-05-11,1746921600,119116256505724
2025-05-12,1747008000,119116256505724
2025-05-13,1747094400,119116256505724
2025-05-14,1747180800,119116256505724
2025-05-15,1747267200,119116256505724
2025-05-16,1747353600,119116256505724
2025-05-17,1747440000,121658450774825
2025-05-18,1747526400,121658450774825
2025-05-19,1747612800,121658450774825
2025-05-20,1747699200,121658450774825
2025-05-21,1747785600,121658450774825
2025-05-22,1747872000,121658450774825
2025-05-23,1747958400,121658450774825
2025-05-24,1748044800,121658450774825
2025-05-25,1748131200,121658450774825
2025-05-26,1748217600,121658450774825
2025-05-27,1748304000,121658450774825
2025-05-28,1748390400,121658450774825
2025-05-29,1748476800,121658450774825
2025-05-30,1748563200,126982285146989
2025-05-31,1748649600,126982285146989
2025-06-01,1748736000,126982285146989
2025-06-02,1748822400,126982285146989
2025-06-03,1748908800,126982285146989
2025-06-04,1748995200,126982285146989
2025-06-05,1749081600,126982285146989
2025-06-06,1749168000,126982285146989
2025-06-07,1749254400,126982285146989
2025-06-08,1749340800,126982285146989
2025-06-09,1749427200,126982285146989
2025-06-10,1749513600,126982285146989
2025-06-11,1749600000,126982285146989
2025-06-12,1749686400,126982285146989
2025-06-13,1749772800,126982285146989
2025-06-14,1749859200,126411437451912
2025-06-15,1749945600,126411437451912
2025-06-16,1750032000,126411437451912
2025-06-17,1750118400,126411437451912
2025-06-18,1750204800,126411437451912
2025-06-19,1750291200,126411437451912
2025-06-20,1750377600,126411437451912
2025-06-21,1750464000,126411437451912
2025-06-22,1750550400,126411437451912
2025-06-23,1750636800,126411437451912
2025-06-24,1750723200,126411437451912
2025-06-25,1750809600,126411437451912
2025-06-26,1750896000,126411437451912
2025-06-27,1750982400,126411437451912
2025-06-28,1751068800,126411437451912
2025-06-29,1751155200,116958512019762
2025-06-30,1751241600,116958512019762
