d,unixTs,hashprice
2017-01-01,1483228800,0.816846
2017-01-02,1483315200,0.849237
2017-01-03,1483401600,0.866148
2017-01-04,1483488000,0.987329
2017-01-05,1483574400,0.844867
2017-01-06,1483660800,0.750592
2017-01-07,1483747200,0.759246
2017-01-08,1483833600,0.753435
2017-01-09,1483920000,0.759168
2017-01-10,1484006400,0.754359
2017-01-11,1484092800,0.622996
2017-01-12,1484179200,0.631176
2017-01-13,1484265600,0.649691
2017-01-14,1484352000,0.637066
2017-01-15,1484438400,0.638871
2017-01-16,1484524800,0.651339
2017-01-17,1484611200,0.713078
2017-01-18,1484697600,0.695888
2017-01-19,1484784000,0.708644
2017-01-20,1484870400,0.697491
2017-01-21,1484956800,0.718475
2017-01-22,1485043200,0.707696
2017-01-23,1485129600,0.625947
2017-01-24,1485216000,0.611924
2017-01-25,1485302400,0.614508
2017-01-26,1485388800,0.623490
2017-01-27,1485475200,0.621058
2017-01-28,1485561600,0.628287
2017-01-29,1485648000,0.619287
2017-01-30,1485734400,0.634081
2017-01-31,1485820800,0.668882
2017-02-01,1485907200,0.672598
2017-02-02,1485993600,0.692552
2017-02-03,1486080000,0.705505
2017-02-04,1486166400,0.709267
2017-02-05,1486252800,0.646229
2017-02-06,1486339200,0.670539
2017-02-07,1486425600,0.683882
2017-02-08,1486512000,0.680545
2017-02-09,1486598400,0.633481
2017-02-10,1486684800,0.639327
2017-02-11,1486771200,0.642290
2017-02-12,1486857600,0.633936
2017-02-13,1486944000,0.636031
2017-02-14,1487030400,0.643413
2017-02-15,1487116800,0.651648
2017-02-16,1487203200,0.672115
2017-02-17,1487289600,0.685876
2017-02-18,1487376000,0.665173
2017-02-19,1487462400,0.650434
2017-02-20,1487548800,0.675013
2017-02-21,1487635200,0.706934
2017-02-22,1487721600,0.712303
2017-02-23,1487808000,0.755133
2017-02-24,1487894400,0.750523
2017-02-25,1487980800,0.716295
2017-02-26,1488067200,0.724255
2017-02-27,1488153600,0.756232
2017-02-28,1488240000,0.757539
2017-03-01,1488326400,0.790763
2017-03-02,1488412800,0.813114
2017-03-03,1488499200,0.826398
2017-03-04,1488585600,0.785226
2017-03-05,1488672000,0.778998
2017-03-06,1488758400,0.793626
2017-03-07,1488844800,0.768373
2017-03-08,1488931200,0.712333
2017-03-09,1489017600,0.734686
2017-03-10,1489104000,0.677976
2017-03-11,1489190400,0.717946
2017-03-12,1489276800,0.737366
2017-03-13,1489363200,0.759421
2017-03-14,1489449600,0.769469
2017-03-15,1489536000,0.779117
2017-03-16,1489622400,0.730931
2017-03-17,1489708800,0.646349
2017-03-18,1489795200,0.564952
2017-03-19,1489881600,0.594346
2017-03-20,1489968000,0.626919
2017-03-21,1490054400,0.670366
2017-03-22,1490140800,0.620990
2017-03-23,1490227200,0.613060
2017-03-24,1490313600,0.546206
2017-03-25,1490400000,0.568206
2017-03-26,1490486400,0.545715
2017-03-27,1490572800,0.618590
2017-03-28,1490659200,0.618511
2017-03-29,1490745600,0.617103
2017-03-30,1490832000,0.594116
2017-03-31,1490918400,0.613476
2017-04-01,1491004800,0.612266
2017-04-02,1491091200,0.606140
2017-04-03,1491177600,0.634939
2017-04-04,1491264000,0.648841
2017-04-05,1491350400,0.638147
2017-04-06,1491436800,0.673185
2017-04-07,1491523200,0.666921
2017-04-08,1491609600,0.655995
2017-04-09,1491696000,0.661614
2017-04-10,1491782400,0.675947
2017-04-11,1491868800,0.686072
2017-04-12,1491955200,0.685218
2017-04-13,1492041600,0.646847
2017-04-14,1492128000,0.642362
2017-04-15,1492214400,0.628079
2017-04-16,1492300800,0.616233
2017-04-17,1492387200,0.636330
2017-04-18,1492473600,0.650622
2017-04-19,1492560000,0.652782
2017-04-20,1492646400,0.675833
2017-04-21,1492732800,0.671130
2017-04-22,1492819200,0.661330
2017-04-23,1492905600,0.656087
2017-04-24,1492992000,0.682942
2017-04-25,1493078400,0.708399
2017-04-26,1493164800,0.708629
2017-04-27,1493251200,0.739482
2017-04-28,1493337600,0.744841
2017-04-29,1493424000,0.730928
2017-04-30,1493510400,0.735895
2017-05-01,1493596800,0.777674
2017-05-02,1493683200,0.802218
2017-05-03,1493769600,0.843041
2017-05-04,1493856000,0.849015
2017-05-05,1493942400,0.856793
2017-05-06,1494028800,0.864874
2017-05-07,1494115200,0.833011
2017-05-08,1494201600,0.925841
2017-05-09,1494288000,0.959097
2017-05-10,1494374400,0.936495
2017-05-11,1494460800,0.961267
2017-05-12,1494547200,0.892764
2017-05-13,1494633600,0.921425
2017-05-14,1494720000,0.922699
2017-05-15,1494806400,0.900591
2017-05-16,1494892800,0.958839
2017-05-17,1494979200,1.012972
2017-05-18,1495065600,1.039613
2017-05-19,1495152000,1.072333
2017-05-20,1495238400,1.092268
2017-05-21,1495324800,1.093062
2017-05-22,1495411200,1.144454
2017-05-23,1495497600,1.186401
2017-05-24,1495584000,1.269273
2017-05-25,1495670400,1.218778
2017-05-26,1495756800,1.198992
2017-05-27,1495843200,1.077682
2017-05-28,1495929600,1.131968
2017-05-29,1496016000,1.218165
2017-05-30,1496102400,1.155405
2017-05-31,1496188800,1.241109
2017-06-01,1496275200,1.284290
2017-06-02,1496361600,1.317816
2017-06-03,1496448000,1.318620
2017-06-04,1496534400,1.226250
2017-06-05,1496620800,1.226574
2017-06-06,1496707200,1.352356
2017-06-07,1496793600,1.325594
2017-06-08,1496880000,1.287753
2017-06-09,1496966400,1.287790
2017-06-10,1497052800,1.317203
2017-06-11,1497139200,1.318650
2017-06-12,1497225600,1.209078
2017-06-13,1497312000,1.274912
2017-06-14,1497398400,1.139626
2017-06-15,1497484800,1.093933
2017-06-16,1497571200,1.105744
2017-06-17,1497657600,1.146500
2017-06-18,1497744000,1.022763
2017-06-19,1497830400,1.101302
2017-06-20,1497916800,1.186741
2017-06-21,1498003200,1.178987
2017-06-22,1498089600,1.190646
2017-06-23,1498176000,1.112953
2017-06-24,1498262400,1.051756
2017-06-25,1498348800,1.037806
2017-06-26,1498435200,1.037820
2017-06-27,1498521600,1.093589
2017-06-28,1498608000,1.082009
2017-06-29,1498694400,1.104239
2017-06-30,1498780800,1.026404
2017-07-01,1498867200,0.956997
2017-07-02,1498953600,0.969640
2017-07-03,1499040000,1.024809
2017-07-04,1499126400,1.064677
2017-07-05,1499212800,1.036959
2017-07-06,1499299200,1.054222
2017-07-07,1499385600,1.000157
2017-07-08,1499472000,0.987297
2017-07-09,1499558400,0.969218
2017-07-10,1499644800,0.892325
2017-07-11,1499731200,0.903290
2017-07-12,1499817600,0.927236
2017-07-13,1499904000,0.920488
2017-07-14,1499990400,0.818236
2017-07-15,1500076800,0.769192
2017-07-16,1500163200,0.646826
2017-07-17,1500249600,0.767255
2017-07-18,1500336000,0.797752
2017-07-19,1500422400,0.781388
2017-07-20,1500508800,0.984079
2017-07-21,1500595200,0.940042
2017-07-22,1500681600,0.958369
2017-07-23,1500768000,0.910978
2017-07-24,1500854400,0.926575
2017-07-25,1500940800,0.872976
2017-07-26,1501027200,0.859278
2017-07-27,1501113600,0.868774
2017-07-28,1501200000,0.899072
2017-07-29,1501286400,0.853608
2017-07-30,1501372800,0.866933
2017-07-31,1501459200,0.924210
2017-08-01,1501545600,0.828947
2017-08-02,1501632000,0.841697
2017-08-03,1501718400,0.873955
2017-08-04,1501804800,0.879062
2017-08-05,1501891200,0.992819
2017-08-06,1501977600,0.992419
2017-08-07,1502064000,1.056777
2017-08-08,1502150400,1.078415
2017-08-09,1502236800,1.033254
2017-08-10,1502323200,1.044466
2017-08-11,1502409600,1.124887
2017-08-12,1502496000,1.186891
2017-08-13,1502582400,1.219867
2017-08-14,1502668800,1.356963
2017-08-15,1502755200,1.341550
2017-08-16,1502841600,1.444653
2017-08-17,1502928000,1.362241
2017-08-18,1503014400,1.320447
2017-08-19,1503100800,1.292577
2017-08-20,1503187200,1.262369
2017-08-21,1503273600,1.313480
2017-08-22,1503360000,1.447703
2017-08-23,1503446400,1.435503
2017-08-24,1503532800,1.596470
2017-08-25,1503619200,1.655149
2017-08-26,1503705600,1.617820
2017-08-27,1503792000,1.454350
2017-08-28,1503878400,1.537447
2017-08-29,1503964800,1.622121
2017-08-30,1504051200,1.540722
2017-08-31,1504137600,1.616215
2017-09-01,1504224000,1.628744
2017-09-02,1504310400,1.489479
2017-09-03,1504396800,1.470106
2017-09-04,1504483200,1.422845
2017-09-05,1504569600,1.405426
2017-09-06,1504656000,1.455334
2017-09-07,1504742400,1.409776
2017-09-08,1504828800,1.298179
2017-09-09,1504915200,1.262768
2017-09-10,1505001600,1.259874
2017-09-11,1505088000,1.231610
2017-09-12,1505174400,1.206195
2017-09-13,1505260800,1.118316
2017-09-14,1505347200,0.949893
2017-09-15,1505433600,1.085562
2017-09-16,1505520000,1.067971
2017-09-17,1505606400,1.056666
2017-09-18,1505692800,1.075063
2017-09-19,1505779200,0.973536
2017-09-20,1505865600,0.976539
2017-09-21,1505952000,0.874664
2017-09-22,1506038400,0.879431
2017-09-23,1506124800,0.901909
2017-09-24,1506211200,0.879047
2017-09-25,1506297600,0.976512
2017-09-26,1506384000,0.961816
2017-09-27,1506470400,1.036437
2017-09-28,1506556800,1.011360
2017-09-29,1506643200,0.998468
2017-09-30,1506729600,1.046281
2017-10-01,1506816000,1.071723
2017-10-02,1506902400,1.075760
2017-10-03,1506988800,1.026350
2017-10-04,1507075200,1.022089
2017-10-05,1507161600,1.065831
2017-10-06,1507248000,1.050364
2017-10-07,1507334400,1.045333
2017-10-08,1507420800,1.081386
2017-10-09,1507507200,1.147525
2017-10-10,1507593600,1.150374
2017-10-11,1507680000,1.169315
2017-10-12,1507766400,1.318011
2017-10-13,1507852800,1.464819
2017-10-14,1507939200,1.462580
2017-10-15,1508025600,1.285868
2017-10-16,1508112000,1.317440
2017-10-17,1508198400,1.295058
2017-10-18,1508284800,1.293120
2017-10-19,1508371200,1.300917
2017-10-20,1508457600,1.353908
2017-10-21,1508544000,1.375846
2017-10-22,1508630400,1.347735
2017-10-23,1508716800,1.344706
2017-10-24,1508803200,1.268380
2017-10-25,1508889600,1.278434
2017-10-26,1508976000,1.258477
2017-10-27,1509062400,1.127626
2017-10-28,1509148800,1.165930
2017-10-29,1509235200,1.222630
2017-10-30,1509321600,1.208382
2017-10-31,1509408000,1.266303
2017-11-01,1509494400,1.339564
2017-11-02,1509580800,1.400011
2017-11-03,1509667200,1.477244
2017-11-04,1509753600,1.493738
2017-11-05,1509840000,1.417955
2017-11-06,1509926400,1.389751
2017-11-07,1510012800,1.413689
2017-11-08,1510099200,1.482424
2017-11-09,1510185600,1.465546
2017-11-10,1510272000,1.425531
2017-11-11,1510358400,1.550172
2017-11-12,1510444800,1.707591
2017-11-13,1510531200,1.735087
2017-11-14,1510617600,1.686263
2017-11-15,1510704000,1.752161
2017-11-16,1510790400,1.827172
2017-11-17,1510876800,1.694357
2017-11-18,1510963200,1.676982
2017-11-19,1511049600,1.663738
2017-11-20,1511136000,1.749693
2017-11-21,1511222400,1.704391
2017-11-22,1511308800,1.732798
2017-11-23,1511395200,1.690448
2017-11-24,1511481600,1.708680
2017-11-25,1511568000,1.797838
2017-11-26,1511654400,1.913464
2017-11-27,1511740800,2.022193
2017-11-28,1511827200,2.087659
2017-11-29,1511913600,2.075360
2017-11-30,1512000000,2.107762
2017-12-01,1512086400,2.232527
2017-12-02,1512172800,2.233433
2017-12-03,1512259200,2.271069
2017-12-04,1512345600,2.377730
2017-12-05,1512432000,2.407967
2017-12-06,1512518400,2.761184
2017-12-07,1512604800,3.216156
2017-12-08,1512691200,3.429599
2017-12-09,1512777600,2.993282
2017-12-10,1512864000,2.987396
2017-12-11,1512950400,3.282181
2017-12-12,1513036800,3.520407
2017-12-13,1513123200,3.276549
2017-12-14,1513209600,3.364706
2017-12-15,1513296000,3.584833
2017-12-16,1513382400,3.877038
2017-12-17,1513468800,3.743206
2017-12-18,1513555200,3.485032
2017-12-19,1513641600,3.282106
2017-12-20,1513728000,3.405224
2017-12-21,1513814400,3.546569
2017-12-22,1513900800,3.403102
2017-12-23,1513987200,3.217249
2017-12-24,1514073600,2.738428
2017-12-25,1514160000,2.667379
2017-12-26,1514246400,2.970193
2017-12-27,1514332800,2.910107
2017-12-28,1514419200,2.716412
2017-12-29,1514505600,2.708724
2017-12-30,1514592000,2.450074
2017-12-31,1514678400,2.367633
2018-01-01,1514764800,2.189929
2018-01-02,1514851200,2.505301
2018-01-03,1514937600,2.701489
2018-01-04,1515024000,2.688414
2018-01-05,1515110400,3.085308
2018-01-06,1515196800,2.952706
2018-01-07,1515283200,2.839874
2018-01-08,1515369600,2.597781
2018-01-09,1515456000,2.550820
2018-01-10,1515542400,2.571961
2018-01-11,1515628800,2.210970
2018-01-12,1515715200,2.299186
2018-01-13,1515801600,2.140975
2018-01-14,1515888000,1.936241
2018-01-15,1515974400,1.950406
2018-01-16,1516060800,1.688803
2018-01-17,1516147200,1.666488
2018-01-18,1516233600,1.651173
2018-01-19,1516320000,1.597943
2018-01-20,1516406400,1.714336
2018-01-21,1516492800,1.479118
2018-01-22,1516579200,1.394812
2018-01-23,1516665600,1.384983
2018-01-24,1516752000,1.426961
2018-01-25,1516838400,1.260672
2018-01-26,1516924800,1.178418
2018-01-27,1517011200,1.187139
2018-01-28,1517097600,1.209574
2018-01-29,1517184000,1.159369
2018-01-30,1517270400,1.037067
2018-01-31,1517356800,1.081300
2018-02-01,1517443200,0.966448
2018-02-02,1517529600,0.959112
2018-02-03,1517616000,0.945787
2018-02-04,1517702400,0.836958
2018-02-05,1517788800,0.712368
2018-02-06,1517875200,0.800972
2018-02-07,1517961600,0.712518
2018-02-08,1518048000,0.758335
2018-02-09,1518134400,0.798759
2018-02-10,1518220800,0.780808
2018-02-11,1518307200,0.731626
2018-02-12,1518393600,0.805240
2018-02-13,1518480000,0.771331
2018-02-14,1518566400,0.851613
2018-02-15,1518652800,0.918352
2018-02-16,1518739200,0.917536
2018-02-17,1518825600,0.994607
2018-02-18,1518912000,0.934531
2018-02-19,1518998400,0.999436
2018-02-20,1519084800,0.978711
2018-02-21,1519171200,0.891426
2018-02-22,1519257600,0.842347
2018-02-23,1519344000,0.885294
2018-02-24,1519430400,0.851107
2018-02-25,1519516800,0.818412
2018-02-26,1519603200,0.885197
2018-02-27,1519689600,0.913063
2018-02-28,1519776000,0.885202
2018-03-01,1519862400,0.936296
2018-03-02,1519948800,0.940466
2018-03-03,1520035200,0.971796
2018-03-04,1520121600,0.975149
2018-03-05,1520208000,0.916718
2018-03-06,1520294400,0.831507
2018-03-07,1520380800,0.770085
2018-03-08,1520467200,0.725189
2018-03-09,1520553600,0.722781
2018-03-10,1520640000,0.688633
2018-03-11,1520726400,0.740387
2018-03-12,1520812800,0.710423
2018-03-13,1520899200,0.721912
2018-03-14,1520985600,0.641150
2018-03-15,1521072000,0.644530
2018-03-16,1521158400,0.649893
2018-03-17,1521244800,0.609156
2018-03-18,1521331200,0.616027
2018-03-19,1521417600,0.629902
2018-03-20,1521504000,0.658814
2018-03-21,1521590400,0.655496
2018-03-22,1521676800,0.642150
2018-03-23,1521763200,0.646982
2018-03-24,1521849600,0.632431
2018-03-25,1521936000,0.620512
2018-03-26,1522022400,0.601959
2018-03-27,1522108800,0.577238
2018-03-28,1522195200,0.584597
2018-03-29,1522281600,0.523485
2018-03-30,1522368000,0.502454
2018-03-31,1522454400,0.509044
2018-04-01,1522540800,0.493828
2018-04-02,1522627200,0.509202
2018-04-03,1522713600,0.538175
2018-04-04,1522800000,0.492123
2018-04-05,1522886400,0.492982
2018-04-06,1522972800,0.482843
2018-04-07,1523059200,0.499191
2018-04-08,1523145600,0.507319
2018-04-09,1523232000,0.488307
2018-04-10,1523318400,0.493740
2018-04-11,1523404800,0.502908
2018-04-12,1523491200,0.576879
2018-04-13,1523577600,0.576950
2018-04-14,1523664000,0.536169
2018-04-15,1523750400,0.552791
2018-04-16,1523836800,0.534618
2018-04-17,1523923200,0.523369
2018-04-18,1524009600,0.541375
2018-04-19,1524096000,0.548656
2018-04-20,1524182400,0.588912
2018-04-21,1524268800,0.588689
2018-04-22,1524355200,0.582590
2018-04-23,1524441600,0.593769
2018-04-24,1524528000,0.653428
2018-04-25,1524614400,0.615413
2018-04-26,1524700800,0.630047
2018-04-27,1524787200,0.589375
2018-04-28,1524873600,0.598564
2018-04-29,1524960000,0.598041
2018-04-30,1525046400,0.587895
2018-05-01,1525132800,0.576301
2018-05-02,1525219200,0.588082
2018-05-03,1525305600,0.622323
2018-05-04,1525392000,0.620504
2018-05-05,1525478400,0.621940
2018-05-06,1525564800,0.610683
2018-05-07,1525651200,0.595086
2018-05-08,1525737600,0.587573
2018-05-09,1525824000,0.589635
2018-05-10,1525910400,0.573091
2018-05-11,1525996800,0.523323
2018-05-12,1526083200,0.521943
2018-05-13,1526169600,0.534374
2018-05-14,1526256000,0.537493
2018-05-15,1526342400,0.525529
2018-05-16,1526428800,0.512795
2018-05-17,1526515200,0.505870
2018-05-18,1526601600,0.517658
2018-05-19,1526688000,0.507158
2018-05-20,1526774400,0.523619
2018-05-21,1526860800,0.517731
2018-05-22,1526947200,0.492884
2018-05-23,1527033600,0.463309
2018-05-24,1527120000,0.458287
2018-05-25,1527206400,0.439567
2018-05-26,1527292800,0.432446
2018-05-27,1527379200,0.432451
2018-05-28,1527465600,0.421886
2018-05-29,1527552000,0.441825
2018-05-30,1527638400,0.435043
2018-05-31,1527724800,0.441120
2018-06-01,1527811200,0.443208
2018-06-02,1527897600,0.449737
2018-06-03,1527984000,0.453157
2018-06-04,1528070400,0.440991
2018-06-05,1528156800,0.435332
2018-06-06,1528243200,0.393531
2018-06-07,1528329600,0.394659
2018-06-08,1528416000,0.390415
2018-06-09,1528502400,0.388678
2018-06-10,1528588800,0.346867
2018-06-11,1528675200,0.353612
2018-06-12,1528761600,0.336155
2018-06-13,1528848000,0.327786
2018-06-14,1528934400,0.342417
2018-06-15,1529020800,0.329508
2018-06-16,1529107200,0.333204
2018-06-17,1529193600,0.332188
2018-06-18,1529280000,0.344075
2018-06-19,1529366400,0.352796
2018-06-20,1529452800,0.368296
2018-06-21,1529539200,0.344382
2018-06-22,1529625600,0.310849
2018-06-23,1529712000,0.310516
2018-06-24,1529798400,0.308297
2018-06-25,1529884800,0.314721
2018-06-26,1529971200,0.307117
2018-06-27,1530057600,0.310522
2018-06-28,1530144000,0.294305
2018-06-29,1530230400,0.312484
2018-06-30,1530316800,0.319878
2018-07-01,1530403200,0.317890
2018-07-02,1530489600,0.324997
2018-07-03,1530576000,0.310481
2018-07-04,1530662400,0.312354
2018-07-05,1530748800,0.309986
2018-07-06,1530835200,0.312675
2018-07-07,1530921600,0.318552
2018-07-08,1531008000,0.316834
2018-07-09,1531094400,0.316053
2018-07-10,1531180800,0.299402
2018-07-11,1531267200,0.302616
2018-07-12,1531353600,0.291870
2018-07-13,1531440000,0.294264
2018-07-14,1531526400,0.295864
2018-07-15,1531612800,0.300291
2018-07-16,1531699200,0.319645
2018-07-17,1531785600,0.358928
2018-07-18,1531872000,0.363287
2018-07-19,1531958400,0.367454
2018-07-20,1532044800,0.360076
2018-07-21,1532131200,0.363510
2018-07-22,1532217600,0.361622
2018-07-23,1532304000,0.379405
2018-07-24,1532390400,0.413858
2018-07-25,1532476800,0.403077
2018-07-26,1532563200,0.388709
2018-07-27,1532649600,0.400871
2018-07-28,1532736000,0.401260
2018-07-29,1532822400,0.371106
2018-07-30,1532908800,0.350442
2018-07-31,1532995200,0.331064
2018-08-01,1533081600,0.324688
2018-08-02,1533168000,0.322992
2018-08-03,1533254400,0.316767
2018-08-04,1533340800,0.298274
2018-08-05,1533427200,0.299212
2018-08-06,1533513600,0.296082
2018-08-07,1533600000,0.286992
2018-08-08,1533686400,0.267627
2018-08-09,1533772800,0.280289
2018-08-10,1533859200,0.261743
2018-08-11,1533945600,0.257457
2018-08-12,1534032000,0.250185
2018-08-13,1534118400,0.249184
2018-08-14,1534204800,0.247263
2018-08-15,1534291200,0.249501
2018-08-16,1534377600,0.250629
2018-08-17,1534464000,0.261626
2018-08-18,1534550400,0.253925
2018-08-19,1534636800,0.257775
2018-08-20,1534723200,0.250764
2018-08-21,1534809600,0.258209
2018-08-22,1534896000,0.253458
2018-08-23,1534982400,0.259124
2018-08-24,1535068800,0.261173
2018-08-25,1535155200,0.255273
2018-08-26,1535241600,0.253255
2018-08-27,1535328000,0.259306
2018-08-28,1535414400,0.271411
2018-08-29,1535500800,0.266450
2018-08-30,1535587200,0.263665
2018-08-31,1535673600,0.266046
2018-09-01,1535760000,0.271526
2018-09-02,1535846400,0.274836
2018-09-03,1535932800,0.274291
2018-09-04,1536019200,0.279409
2018-09-05,1536105600,0.258653
2018-09-06,1536192000,0.246539
2018-09-07,1536278400,0.234236
2018-09-08,1536364800,0.223920
2018-09-09,1536451200,0.225880
2018-09-10,1536537600,0.228213
2018-09-11,1536624000,0.227852
2018-09-12,1536710400,0.229267
2018-09-13,1536796800,0.235126
2018-09-14,1536883200,0.235628
2018-09-15,1536969600,0.235801
2018-09-16,1537056000,0.234574
2018-09-17,1537142400,0.226459
2018-09-18,1537228800,0.229567
2018-09-19,1537315200,0.230739
2018-09-20,1537401600,0.234490
2018-09-21,1537488000,0.240364
2018-09-22,1537574400,0.237952
2018-09-23,1537660800,0.237512
2018-09-24,1537747200,0.233108
2018-09-25,1537833600,0.227794
2018-09-26,1537920000,0.229813
2018-09-27,1538006400,0.237941
2018-09-28,1538092800,0.236262
2018-09-29,1538179200,0.233847
2018-09-30,1538265600,0.233904
2018-10-01,1538352000,0.233263
2018-10-02,1538438400,0.232228
2018-10-03,1538524800,0.229966
2018-10-04,1538611200,0.225436
2018-10-05,1538697600,0.225026
2018-10-06,1538784000,0.223375
2018-10-07,1538870400,0.223093
2018-10-08,1538956800,0.225021
2018-10-09,1539043200,0.224507
2018-10-10,1539129600,0.222173
2018-10-11,1539216000,0.209690
2018-10-12,1539302400,0.211165
2018-10-13,1539388800,0.210611
2018-10-14,1539475200,0.210356
2018-10-15,1539561600,0.219833
2018-10-16,1539648000,0.220432
2018-10-17,1539734400,0.219657
2018-10-18,1539820800,0.219179
2018-10-19,1539907200,0.225664
2018-10-20,1539993600,0.226123
2018-10-21,1540080000,0.226161
2018-10-22,1540166400,0.226290
2018-10-23,1540252800,0.225892
2018-10-24,1540339200,0.227180
2018-10-25,1540425600,0.226474
2018-10-26,1540512000,0.226420
2018-10-27,1540598400,0.226095
2018-10-28,1540684800,0.226370
2018-10-29,1540771200,0.221613
2018-10-30,1540857600,0.221746
2018-10-31,1540944000,0.222542
2018-11-01,1541030400,0.224092
2018-11-02,1541116800,0.224474
2018-11-03,1541203200,0.223102
2018-11-04,1541289600,0.226633
2018-11-05,1541376000,0.226437
2018-11-06,1541462400,0.228152
2018-11-07,1541548800,0.230400
2018-11-08,1541635200,0.227372
2018-11-09,1541721600,0.224683
2018-11-10,1541808000,0.224590
2018-11-11,1541894400,0.223512
2018-11-12,1541980800,0.223622
2018-11-13,1542067200,0.221975
2018-11-14,1542153600,0.198261
2018-11-15,1542240000,0.198574
2018-11-16,1542326400,0.197590
2018-11-17,1542412800,0.210343
2018-11-18,1542499200,0.212394
2018-11-19,1542585600,0.185940
2018-11-20,1542672000,0.170076
2018-11-21,1542758400,0.178327
2018-11-22,1542844800,0.166882
2018-11-23,1542931200,0.165863
2018-11-24,1543017600,0.146381
2018-11-25,1543104000,0.152255
2018-11-26,1543190400,0.143693
2018-11-27,1543276800,0.145886
2018-11-28,1543363200,0.163452
2018-11-29,1543449600,0.165640
2018-11-30,1543536000,0.154993
2018-12-01,1543622400,0.159823
2018-12-02,1543708800,0.157446
2018-12-03,1543795200,0.160691
2018-12-04,1543881600,0.176438
2018-12-05,1543968000,0.167923
2018-12-06,1544054400,0.159076
2018-12-07,1544140800,0.153464
2018-12-08,1544227200,0.153642
2018-12-09,1544313600,0.159325
2018-12-10,1544400000,0.154223
2018-12-11,1544486400,0.151552
2018-12-12,1544572800,0.154693
2018-12-13,1544659200,0.147157
2018-12-14,1544745600,0.144431
2018-12-15,1544832000,0.143235
2018-12-16,1544918400,0.143787
2018-12-17,1545004800,0.157449
2018-12-18,1545091200,0.167121
2018-12-19,1545177600,0.185280
2018-12-20,1545264000,0.203553
2018-12-21,1545350400,0.192393
2018-12-22,1545436800,0.196907
2018-12-23,1545523200,0.195511
2018-12-24,1545609600,0.201409
2018-12-25,1545696000,0.186898
2018-12-26,1545782400,0.189028
2018-12-27,1545868800,0.177968
2018-12-28,1545955200,0.192771
2018-12-29,1546041600,0.189942
2018-12-30,1546128000,0.189513
2018-12-31,1546214400,0.177567
2019-01-01,1546300800,0.171461
2019-01-02,1546387200,0.176143
2019-01-03,1546473600,0.171035
2019-01-04,1546560000,0.173079
2019-01-05,1546646400,0.171052
2019-01-06,1546732800,0.182748
2019-01-07,1546819200,0.181532
2019-01-08,1546905600,0.180435
2019-01-09,1546992000,0.181357
2019-01-10,1547078400,0.164472
2019-01-11,1547164800,0.164334
2019-01-12,1547251200,0.163506
2019-01-13,1547337600,0.158310
2019-01-14,1547424000,0.158738
2019-01-15,1547510400,0.155062
2019-01-16,1547596800,0.156433
2019-01-17,1547683200,0.157917
2019-01-18,1547769600,0.156057
2019-01-19,1547856000,0.159229
2019-01-20,1547942400,0.152334
2019-01-21,1548028800,0.152725
2019-01-22,1548115200,0.154834
2019-01-23,1548201600,0.153692
2019-01-24,1548288000,0.154181
2019-01-25,1548374400,0.154393
2019-01-26,1548460800,0.153622
2019-01-27,1548547200,0.152558
2019-01-28,1548633600,0.150088
2019-01-29,1548720000,0.148667
2019-01-30,1548806400,0.150572
2019-01-31,1548892800,0.149804
2019-02-01,1548979200,0.151349
2019-02-02,1549065600,0.151291
2019-02-03,1549152000,0.148846
2019-02-04,1549238400,0.148891
2019-02-05,1549324800,0.149565
2019-02-06,1549411200,0.147181
2019-02-07,1549497600,0.146374
2019-02-08,1549584000,0.157836
2019-02-09,1549670400,0.158067
2019-02-10,1549756800,0.156425
2019-02-11,1549843200,0.150828
2019-02-12,1549929600,0.152097
2019-02-13,1550016000,0.151056
2019-02-14,1550102400,0.149955
2019-02-15,1550188800,0.150353
2019-02-16,1550275200,0.150447
2019-02-17,1550361600,0.151755
2019-02-18,1550448000,0.162862
2019-02-19,1550534400,0.164653
2019-02-20,1550620800,0.166868
2019-02-21,1550707200,0.165274
2019-02-22,1550793600,0.166880
2019-02-23,1550880000,0.172991
2019-02-24,1550966400,0.158294
2019-02-25,1551052800,0.161793
2019-02-26,1551139200,0.160005
2019-02-27,1551225600,0.160241
2019-02-28,1551312000,0.159604
2019-03-01,1551398400,0.160204
2019-03-02,1551484800,0.160139
2019-03-03,1551571200,0.158489
2019-03-04,1551657600,0.155701
2019-03-05,1551744000,0.161555
2019-03-06,1551830400,0.163375
2019-03-07,1551916800,0.163089
2019-03-08,1552003200,0.161986
2019-03-09,1552089600,0.164258
2019-03-10,1552176000,0.163511
2019-03-11,1552262400,0.162365
2019-03-12,1552348800,0.162716
2019-03-13,1552435200,0.163078
2019-03-14,1552521600,0.162692
2019-03-15,1552608000,0.164286
2019-03-16,1552694400,0.167096
2019-03-17,1552780800,0.165903
2019-03-18,1552867200,0.166324
2019-03-19,1552953600,0.167260
2019-03-20,1553040000,0.169348
2019-03-21,1553126400,0.167962
2019-03-22,1553212800,0.167281
2019-03-23,1553299200,0.166566
2019-03-24,1553385600,0.157850
2019-03-25,1553472000,0.156516
2019-03-26,1553558400,0.157875
2019-03-27,1553644800,0.162811
2019-03-28,1553731200,0.162289
2019-03-29,1553817600,0.166738
2019-03-30,1553904000,0.166422
2019-03-31,1553990400,0.165507
2019-04-01,1554076800,0.169193
2019-04-02,1554163200,0.204664
2019-04-03,1554249600,0.211309
2019-04-04,1554336000,0.210617
2019-04-05,1554422400,0.209689
2019-04-06,1554508800,0.208069
2019-04-07,1554595200,0.214079
2019-04-08,1554681600,0.222546
2019-04-09,1554768000,0.218625
2019-04-10,1554854400,0.221413
2019-04-11,1554940800,0.210371
2019-04-12,1555027200,0.210360
2019-04-13,1555113600,0.207548
2019-04-14,1555200000,0.210642
2019-04-15,1555286400,0.206854
2019-04-16,1555372800,0.213497
2019-04-17,1555459200,0.214569
2019-04-18,1555545600,0.215691
2019-04-19,1555632000,0.216701
2019-04-20,1555718400,0.216517
2019-04-21,1555804800,0.214615
2019-04-22,1555891200,0.222193
2019-04-23,1555977600,0.234207
2019-04-24,1556064000,0.228788
2019-04-25,1556150400,0.213639
2019-04-26,1556236800,0.213579
2019-04-27,1556323200,0.211610
2019-04-28,1556409600,0.208409
2019-04-29,1556496000,0.211018
2019-04-30,1556582400,0.218740
2019-05-01,1556668800,0.216739
2019-05-02,1556755200,0.219481
2019-05-03,1556841600,0.233575
2019-05-04,1556928000,0.229124
2019-05-05,1557014400,0.223427
2019-05-06,1557100800,0.222411
2019-05-07,1557187200,0.231185
2019-05-08,1557273600,0.235807
2019-05-09,1557360000,0.243960
2019-05-10,1557446400,0.257484
2019-05-11,1557532800,0.295795
2019-05-12,1557619200,0.273974
2019-05-13,1557705600,0.308524
2019-05-14,1557792000,0.319458
2019-05-15,1557878400,0.340611
2019-05-16,1557964800,0.331671
2019-05-17,1558051200,0.307875
2019-05-18,1558137600,0.291755
2019-05-19,1558224000,0.327555
2019-05-20,1558310400,0.327203
2019-05-21,1558396800,0.331609
2019-05-22,1558483200,0.311556
2019-05-23,1558569600,0.320320
2019-05-24,1558656000,0.329762
2019-05-25,1558742400,0.324315
2019-05-26,1558828800,0.342915
2019-05-27,1558915200,0.360578
2019-05-28,1559001600,0.357711
2019-05-29,1559088000,0.352582
2019-05-30,1559174400,0.336637
2019-05-31,1559260800,0.329263
2019-06-01,1559347200,0.312188
2019-06-02,1559433600,0.315533
2019-06-03,1559520000,0.313361
2019-06-04,1559606400,0.287161
2019-06-05,1559692800,0.283472
2019-06-06,1559779200,0.278258
2019-06-07,1559865600,0.285133
2019-06-08,1559952000,0.279823
2019-06-09,1560038400,0.266204
2019-06-10,1560124800,0.283782
2019-06-11,1560211200,0.283548
2019-06-12,1560297600,0.292885
2019-06-13,1560384000,0.293389
2019-06-14,1560470400,0.311942
2019-06-15,1560556800,0.313094
2019-06-16,1560643200,0.319960
2019-06-17,1560729600,0.339768
2019-06-18,1560816000,0.324424
2019-06-19,1560902400,0.329960
2019-06-20,1560988800,0.344511
2019-06-21,1561075200,0.368575
2019-06-22,1561161600,0.387169
2019-06-23,1561248000,0.379376
2019-06-24,1561334400,0.390796
2019-06-25,1561420800,0.424540
2019-06-26,1561507200,0.476175
2019-06-27,1561593600,0.394152
2019-06-28,1561680000,0.425916
2019-06-29,1561766400,0.397530
2019-06-30,1561852800,0.362676
2019-07-01,1561939200,0.358937
2019-07-02,1562025600,0.361201
2019-07-03,1562112000,0.395353
2019-07-04,1562198400,0.368318
2019-07-05,1562284800,0.360092
2019-07-06,1562371200,0.362934
2019-07-07,1562457600,0.371830
2019-07-08,1562544000,0.402358
2019-07-09,1562630400,0.380131
2019-07-10,1562716800,0.354161
2019-07-11,1562803200,0.328833
2019-07-12,1562889600,0.338210
2019-07-13,1562976000,0.322654
2019-07-14,1563062400,0.291728
2019-07-15,1563148800,0.313719
2019-07-16,1563235200,0.271052
2019-07-17,1563321600,0.278801
2019-07-18,1563408000,0.310528
2019-07-19,1563494400,0.305843
2019-07-20,1563580800,0.308046
2019-07-21,1563667200,0.299893
2019-07-22,1563753600,0.294011
2019-07-23,1563840000,0.282640
2019-07-24,1563926400,0.281129
2019-07-25,1564012800,0.284298
2019-07-26,1564099200,0.280535
2019-07-27,1564185600,0.268113
2019-07-28,1564272000,0.269023
2019-07-29,1564358400,0.270223
2019-07-30,1564444800,0.276681
2019-07-31,1564531200,0.287671
2019-08-01,1564617600,0.297654
2019-08-02,1564704000,0.299983
2019-08-03,1564790400,0.305275
2019-08-04,1564876800,0.309385
2019-08-05,1564963200,0.305843
2019-08-06,1565049600,0.294266
2019-08-07,1565136000,0.312938
2019-08-08,1565222400,0.312331
2019-08-09,1565308800,0.309231
2019-08-10,1565395200,0.290386
2019-08-11,1565481600,0.294982
2019-08-12,1565568000,0.295847
2019-08-13,1565654400,0.284045
2019-08-14,1565740800,0.260124
2019-08-15,1565827200,0.266619
2019-08-16,1565913600,0.268680
2019-08-17,1566000000,0.262635
2019-08-18,1566086400,0.263874
2019-08-19,1566172800,0.274356
2019-08-20,1566259200,0.272455
2019-08-21,1566345600,0.257054
2019-08-22,1566432000,0.257443
2019-08-23,1566518400,0.262700
2019-08-24,1566604800,0.254289
2019-08-25,1566691200,0.252161
2019-08-26,1566777600,0.260926
2019-08-27,1566864000,0.256127
2019-08-28,1566950400,0.244417
2019-08-29,1567036800,0.237978
2019-08-30,1567123200,0.240604
2019-08-31,1567209600,0.239873
2019-09-01,1567296000,0.231907
2019-09-02,1567382400,0.246016
2019-09-03,1567468800,0.252570
2019-09-04,1567555200,0.252369
2019-09-05,1567641600,0.251391
2019-09-06,1567728000,0.245674
2019-09-07,1567814400,0.248478
2019-09-08,1567900800,0.245323
2019-09-09,1567987200,0.245543
2019-09-10,1568073600,0.239317
2019-09-11,1568160000,0.240317
2019-09-12,1568246400,0.246464
2019-09-13,1568332800,0.240021
2019-09-14,1568419200,0.221579
2019-09-15,1568505600,0.220079
2019-09-16,1568592000,0.220074
2019-09-17,1568678400,0.219651
2019-09-18,1568764800,0.218235
2019-09-19,1568851200,0.221455
2019-09-20,1568937600,0.218775
2019-09-21,1569024000,0.213497
2019-09-22,1569110400,0.214640
2019-09-23,1569196800,0.209611
2019-09-24,1569283200,0.185815
2019-09-25,1569369600,0.181943
2019-09-26,1569456000,0.171516
2019-09-27,1569542400,0.164716
2019-09-28,1569628800,0.163509
2019-09-29,1569715200,0.160909
2019-09-30,1569801600,0.167473
2019-10-01,1569888000,0.168145
2019-10-02,1569974400,0.168118
2019-10-03,1570060800,0.166042
2019-10-04,1570147200,0.163322
2019-10-05,1570233600,0.162000
2019-10-06,1570320000,0.156149
2019-10-07,1570406400,0.164177
2019-10-08,1570492800,0.163598
2019-10-09,1570579200,0.172448
2019-10-10,1570665600,0.170232
2019-10-11,1570752000,0.162534
2019-10-12,1570838400,0.162866
2019-10-13,1570924800,0.161764
2019-10-14,1571011200,0.163648
2019-10-15,1571097600,0.159924
2019-10-16,1571184000,0.157190
2019-10-17,1571270400,0.158182
2019-10-18,1571356800,0.155760
2019-10-19,1571443200,0.155272
2019-10-20,1571529600,0.160112
2019-10-21,1571616000,0.160420
2019-10-22,1571702400,0.156840
2019-10-23,1571788800,0.145370
2019-10-24,1571875200,0.139369
2019-10-25,1571961600,0.162342
2019-10-26,1572048000,0.174491
2019-10-27,1572134400,0.179679
2019-10-28,1572220800,0.175103
2019-10-29,1572307200,0.176833
2019-10-30,1572393600,0.171980
2019-10-31,1572480000,0.171876
2019-11-01,1572566400,0.174077
2019-11-02,1572652800,0.173588
2019-11-03,1572739200,0.171661
2019-11-04,1572825600,0.178084
2019-11-05,1572912000,0.175521
2019-11-06,1572998400,0.175810
2019-11-07,1573084800,0.173965
2019-11-08,1573171200,0.178284
2019-11-09,1573257600,0.176880
2019-11-10,1573344000,0.180858
2019-11-11,1573430400,0.174961
2019-11-12,1573516800,0.176777
2019-11-13,1573603200,0.176710
2019-11-14,1573689600,0.173294
2019-11-15,1573776000,0.169910
2019-11-16,1573862400,0.169636
2019-11-17,1573948800,0.169977
2019-11-18,1574035200,0.164428
2019-11-19,1574121600,0.163406
2019-11-20,1574208000,0.162127
2019-11-21,1574294400,0.152769
2019-11-22,1574380800,0.144382
2019-11-23,1574467200,0.143401
2019-11-24,1574553600,0.135971
2019-11-25,1574640000,0.141323
2019-11-26,1574726400,0.142458
2019-11-27,1574812800,0.148704
2019-11-28,1574899200,0.146013
2019-11-29,1574985600,0.153051
2019-11-30,1575072000,0.149039
2019-12-01,1575158400,0.145526
2019-12-02,1575244800,0.143907
2019-12-03,1575331200,0.143441
2019-12-04,1575417600,0.141809
2019-12-05,1575504000,0.145605
2019-12-06,1575590400,0.149162
2019-12-07,1575676800,0.148033
2019-12-08,1575763200,0.148169
2019-12-09,1575849600,0.145087
2019-12-10,1575936000,0.143007
2019-12-11,1576022400,0.142646
2019-12-12,1576108800,0.142369
2019-12-13,1576195200,0.143203
2019-12-14,1576281600,0.139161
2019-12-15,1576368000,0.140703
2019-12-16,1576454400,0.135928
2019-12-17,1576540800,0.130716
2019-12-18,1576627200,0.144610
2019-12-19,1576713600,0.141387
2019-12-20,1576800000,0.141323
2019-12-21,1576886400,0.139692
2019-12-22,1576972800,0.146131
2019-12-23,1577059200,0.143719
2019-12-24,1577145600,0.142073
2019-12-25,1577232000,0.140780
2019-12-26,1577318400,0.141006
2019-12-27,1577404800,0.141912
2019-12-28,1577491200,0.142890
2019-12-29,1577577600,0.144477
2019-12-30,1577664000,0.141479
2019-12-31,1577750400,0.140319
2020-01-01,1577836800,0.138732
2020-01-02,1577923200,0.127578
2020-01-03,1578009600,0.134356
2020-01-04,1578096000,0.134590
2020-01-05,1578182400,0.134640
2020-01-06,1578268800,0.143238
2020-01-07,1578355200,0.150005
2020-01-08,1578441600,0.149446
2020-01-09,1578528000,0.144629
2020-01-10,1578614400,0.150732
2020-01-11,1578700800,0.147648
2020-01-12,1578787200,0.149913
2020-01-13,1578873600,0.149504
2020-01-14,1578960000,0.162633
2020-01-15,1579046400,0.152412
2020-01-16,1579132800,0.150144
2020-01-17,1579219200,0.153530
2020-01-18,1579305600,0.153610
2020-01-19,1579392000,0.149101
2020-01-20,1579478400,0.148348
2020-01-21,1579564800,0.150178
2020-01-22,1579651200,0.148775
2020-01-23,1579737600,0.143922
2020-01-24,1579824000,0.144528
2020-01-25,1579910400,0.142795
2020-01-26,1579996800,0.146752
2020-01-27,1580083200,0.153440
2020-01-28,1580169600,0.155458
2020-01-29,1580256000,0.152935
2020-01-30,1580342400,0.156179
2020-01-31,1580428800,0.154020
2020-02-01,1580515200,0.153972
2020-02-02,1580601600,0.153255
2020-02-03,1580688000,0.152668
2020-02-04,1580774400,0.151109
2020-02-05,1580860800,0.158509
2020-02-06,1580947200,0.160989
2020-02-07,1581033600,0.162170
2020-02-08,1581120000,0.163088
2020-02-09,1581206400,0.166771
2020-02-10,1581292800,0.163486
2020-02-11,1581379200,0.169444
2020-02-12,1581465600,0.171182
2020-02-13,1581552000,0.168805
2020-02-14,1581638400,0.170861
2020-02-15,1581724800,0.162811
2020-02-16,1581811200,0.162977
2020-02-17,1581897600,0.158601
2020-02-18,1581984000,0.167602
2020-02-19,1582070400,0.158624
2020-02-20,1582156800,0.158192
2020-02-21,1582243200,0.158858
2020-02-22,1582329600,0.158004
2020-02-23,1582416000,0.162842
2020-02-24,1582502400,0.158084
2020-02-25,1582588800,0.153637
2020-02-26,1582675200,0.145343
2020-02-27,1582761600,0.144629
2020-02-28,1582848000,0.143904
2020-02-29,1582934400,0.140826
2020-03-01,1583020800,0.139598
2020-03-02,1583107200,0.146415
2020-03-03,1583193600,0.144232
2020-03-04,1583280000,0.143786
2020-03-05,1583366400,0.148917
2020-03-06,1583452800,0.150568
2020-03-07,1583539200,0.145837
2020-03-08,1583625600,0.132761
2020-03-09,1583712000,0.124929
2020-03-10,1583798400,0.122189
2020-03-11,1583884800,0.123081
2020-03-12,1583971200,0.077743
2020-03-13,1584057600,0.090116
2020-03-14,1584144000,0.080769
2020-03-15,1584230400,0.083713
2020-03-16,1584316800,0.079320
2020-03-17,1584403200,0.085638
2020-03-18,1584489600,0.085887
2020-03-19,1584576000,0.099088
2020-03-20,1584662400,0.099247
2020-03-21,1584748800,0.096500
2020-03-22,1584835200,0.090554
2020-03-23,1584921600,0.102084
2020-03-24,1585008000,0.105694
2020-03-25,1585094400,0.105743
2020-03-26,1585180800,0.124027
2020-03-27,1585267200,0.119786
2020-03-28,1585353600,0.114553
2020-03-29,1585440000,0.107931
2020-03-30,1585526400,0.118001
2020-03-31,1585612800,0.117953
2020-04-01,1585699200,0.121790
2020-04-02,1585785600,0.124349
2020-04-03,1585872000,0.123947
2020-04-04,1585958400,0.125030
2020-04-05,1586044800,0.123495
2020-04-06,1586131200,0.133681
2020-04-07,1586217600,0.131458
2020-04-08,1586304000,0.130112
2020-04-09,1586390400,0.126252
2020-04-10,1586476800,0.118407
2020-04-11,1586563200,0.118437
2020-04-12,1586649600,0.120070
2020-04-13,1586736000,0.118186
2020-04-14,1586822400,0.118799
2020-04-15,1586908800,0.114614
2020-04-16,1586995200,0.123608
2020-04-17,1587081600,0.122955
2020-04-18,1587168000,0.125311
2020-04-19,1587254400,0.123194
2020-04-20,1587340800,0.118384
2020-04-21,1587427200,0.111660
2020-04-22,1587513600,0.114050
2020-04-23,1587600000,0.120737
2020-04-24,1587686400,0.120659
2020-04-25,1587772800,0.120698
2020-04-26,1587859200,0.122585
2020-04-27,1587945600,0.124501
2020-04-28,1588032000,0.124179
2020-04-29,1588118400,0.142136
2020-04-30,1588204800,0.145115
2020-05-01,1588291200,0.147984
2020-05-02,1588377600,0.146726
2020-05-03,1588464000,0.144033
2020-05-04,1588550400,0.144674
2020-05-05,1588636800,0.145586
2020-05-06,1588723200,0.149855
2020-05-07,1588809600,0.163761
2020-05-08,1588896000,0.163291
2020-05-09,1588982400,0.157033
2020-05-10,1589068800,0.140059
2020-05-11,1589155200,0.128057
2020-05-12,1589241600,0.076978
2020-05-13,1589328000,0.083759
2020-05-14,1589414400,0.092244
2020-05-15,1589500800,0.087701
2020-05-16,1589587200,0.083402
2020-05-17,1589673600,0.087358
2020-05-18,1589760000,0.091990
2020-05-19,1589846400,0.095436
2020-05-20,1589932800,0.099848
2020-05-21,1590019200,0.094081
2020-05-22,1590105600,0.093341
2020-05-23,1590192000,0.086848
2020-05-24,1590278400,0.080672
2020-05-25,1590364800,0.082793
2020-05-26,1590451200,0.080642
2020-05-27,1590537600,0.083211
2020-05-28,1590624000,0.088126
2020-05-29,1590710400,0.087535
2020-05-30,1590796800,0.086098
2020-05-31,1590883200,0.083540
2020-06-01,1590969600,0.092614
2020-06-02,1591056000,0.088703
2020-06-03,1591142400,0.087503
2020-06-04,1591228800,0.091089
2020-06-05,1591315200,0.092726
2020-06-06,1591401600,0.090779
2020-06-07,1591488000,0.091646
2020-06-08,1591574400,0.093122
2020-06-09,1591660800,0.092674
2020-06-10,1591747200,0.093962
2020-06-11,1591833600,0.087780
2020-06-12,1591920000,0.089063
2020-06-13,1592006400,0.088467
2020-06-14,1592092800,0.086872
2020-06-15,1592179200,0.089965
2020-06-16,1592265600,0.088056
2020-06-17,1592352000,0.079340
2020-06-18,1592438400,0.079217
2020-06-19,1592524800,0.078028
2020-06-20,1592611200,0.077096
2020-06-21,1592697600,0.075962
2020-06-22,1592784000,0.080347
2020-06-23,1592870400,0.080075
2020-06-24,1592956800,0.077589
2020-06-25,1593043200,0.077057
2020-06-26,1593129600,0.075364
2020-06-27,1593216000,0.073602
2020-06-28,1593302400,0.074066
2020-06-29,1593388800,0.075865
2020-06-30,1593475200,0.076368
2020-07-01,1593561600,0.078120
2020-07-02,1593648000,0.076389
2020-07-03,1593734400,0.076004
2020-07-04,1593820800,0.075059
2020-07-05,1593907200,0.074102
2020-07-06,1593993600,0.077235
2020-07-07,1594080000,0.076731
2020-07-08,1594166400,0.079017
2020-07-09,1594252800,0.077398
2020-07-10,1594339200,0.077518
2020-07-11,1594425600,0.076098
2020-07-12,1594512000,0.075846
2020-07-13,1594598400,0.073047
2020-07-14,1594684800,0.071746
2020-07-15,1594771200,0.071790
2020-07-16,1594857600,0.072303
2020-07-17,1594944000,0.073347
2020-07-18,1595030400,0.072609
2020-07-19,1595116800,0.070624
2020-07-20,1595203200,0.072442
2020-07-21,1595289600,0.077172
2020-07-22,1595376000,0.079993
2020-07-23,1595462400,0.080691
2020-07-24,1595548800,0.077708
2020-07-25,1595635200,0.077341
2020-07-26,1595721600,0.077560
2020-07-27,1595808000,0.091045
2020-07-28,1595894400,0.098708
2020-07-29,1595980800,0.098666
2020-07-30,1596067200,0.100802
2020-07-31,1596153600,0.099769
2020-08-01,1596240000,0.100750
2020-08-02,1596326400,0.092840
2020-08-03,1596412800,0.094629
2020-08-04,1596499200,0.094075
2020-08-05,1596585600,0.102552
2020-08-06,1596672000,0.105108
2020-08-07,1596758400,0.098980
2020-08-08,1596844800,0.095324
2020-08-09,1596931200,0.092937
2020-08-10,1597017600,0.102283
2020-08-11,1597104000,0.097817
2020-08-12,1597190400,0.096716
2020-08-13,1597276800,0.097905
2020-08-14,1597363200,0.096134
2020-08-15,1597449600,0.093980
2020-08-16,1597536000,0.094048
2020-08-17,1597622400,0.101232
2020-08-18,1597708800,0.104949
2020-08-19,1597795200,0.102141
2020-08-20,1597881600,0.100485
2020-08-21,1597968000,0.097700
2020-08-22,1598054400,0.095723
2020-08-23,1598140800,0.091738
2020-08-24,1598227200,0.092522
2020-08-25,1598313600,0.090715
2020-08-26,1598400000,0.092179
2020-08-27,1598486400,0.093243
2020-08-28,1598572800,0.090883
2020-08-29,1598659200,0.088088
2020-08-30,1598745600,0.090514
2020-08-31,1598832000,0.092079
2020-09-01,1598918400,0.096748
2020-09-02,1599004800,0.093510
2020-09-03,1599091200,0.085876
2020-09-04,1599177600,0.088800
2020-09-05,1599264000,0.082237
2020-09-06,1599350400,0.078784
2020-09-07,1599436800,0.081427
2020-09-08,1599523200,0.079471
2020-09-09,1599609600,0.081502
2020-09-10,1599696000,0.083299
2020-09-11,1599782400,0.083277
2020-09-12,1599868800,0.079765
2020-09-13,1599955200,0.078481
2020-09-14,1600041600,0.082637
2020-09-15,1600128000,0.084377
2020-09-16,1600214400,0.085761
2020-09-17,1600300800,0.084323
2020-09-18,1600387200,0.084549
2020-09-19,1600473600,0.084227
2020-09-20,1600560000,0.074171
2020-09-21,1600646400,0.072739
2020-09-22,1600732800,0.074814
2020-09-23,1600819200,0.073857
2020-09-24,1600905600,0.076571
2020-09-25,1600992000,0.074526
2020-09-26,1601078400,0.073079
2020-09-27,1601164800,0.072753
2020-09-28,1601251200,0.074922
2020-09-29,1601337600,0.077230
2020-09-30,1601424000,0.076881
2020-10-01,1601510400,0.078391
2020-10-02,1601596800,0.078626
2020-10-03,1601683200,0.073746
2020-10-04,1601769600,0.073495
2020-10-05,1601856000,0.078209
2020-10-06,1601942400,0.078762
2020-10-07,1602028800,0.077475
2020-10-08,1602115200,0.078284
2020-10-09,1602201600,0.081104
2020-10-10,1602288000,0.079829
2020-10-11,1602374400,0.078512
2020-10-12,1602460800,0.081306
2020-10-13,1602547200,0.079764
2020-10-14,1602633600,0.080369
2020-10-15,1602720000,0.081036
2020-10-16,1602806400,0.078689
2020-10-17,1602892800,0.075712
2020-10-18,1602979200,0.075827
2020-10-19,1603065600,0.078688
2020-10-20,1603152000,0.081526
2020-10-21,1603238400,0.092649
2020-10-22,1603324800,0.097639
2020-10-23,1603411200,0.095393
2020-10-24,1603497600,0.090550
2020-10-25,1603584000,0.089173
2020-10-26,1603670400,0.096331
2020-10-27,1603756800,0.113170
2020-10-28,1603843200,0.113830
2020-10-29,1603929600,0.117507
2020-10-30,1604016000,0.118184
2020-10-31,1604102400,0.118254
2020-11-01,1604188800,0.106184
2020-11-02,1604275200,0.116499
2020-11-03,1604361600,0.131239
2020-11-04,1604448000,0.127735
2020-11-05,1604534400,0.150723
2020-11-06,1604620800,0.144977
2020-11-07,1604707200,0.128023
2020-11-08,1604793600,0.128671
2020-11-09,1604880000,0.128739
2020-11-10,1604966400,0.134253
2020-11-11,1605052800,0.131407
2020-11-12,1605139200,0.134847
2020-11-13,1605225600,0.136433
2020-11-14,1605312000,0.128234
2020-11-15,1605398400,0.125137
2020-11-16,1605484800,0.133777
2020-11-17,1605571200,0.138112
2020-11-18,1605657600,0.139095
2020-11-19,1605744000,0.141117
2020-11-20,1605830400,0.142866
2020-11-21,1605916800,0.139576
2020-11-22,1606003200,0.135947
2020-11-23,1606089600,0.139687
2020-11-24,1606176000,0.150788
2020-11-25,1606262400,0.147488
2020-11-26,1606348800,0.135762
2020-11-27,1606435200,0.132910
2020-11-28,1606521600,0.134118
2020-11-29,1606608000,0.130905
2020-11-30,1606694400,0.142930
2020-12-01,1606780800,0.142656
2020-12-02,1606867200,0.145909
2020-12-03,1606953600,0.146710
2020-12-04,1607040000,0.137535
2020-12-05,1607126400,0.135423
2020-12-06,1607212800,0.133953
2020-12-07,1607299200,0.135221
2020-12-08,1607385600,0.130078
2020-12-09,1607472000,0.132174
2020-12-10,1607558400,0.130787
2020-12-11,1607644800,0.128323
2020-12-12,1607731200,0.130784
2020-12-13,1607817600,0.130891
2020-12-14,1607904000,0.138461
2020-12-15,1607990400,0.141367
2020-12-16,1608076800,0.157294
2020-12-17,1608163200,0.184773
2020-12-18,1608249600,0.186172
2020-12-19,1608336000,0.179360
2020-12-20,1608422400,0.170814
2020-12-21,1608508800,0.180273
2020-12-22,1608595200,0.183865
2020-12-23,1608681600,0.180233
2020-12-24,1608768000,0.181289
2020-12-25,1608854400,0.182420
2020-12-26,1608940800,0.193158
2020-12-27,1609027200,0.195270
2020-12-28,1609113600,0.201560
2020-12-29,1609200000,0.204386
2020-12-30,1609286400,0.214473
2020-12-31,1609372800,0.216936
2021-01-01,1609459200,0.208982
2021-01-02,1609545600,0.235267
2021-01-03,1609632000,0.244314
2021-01-04,1609718400,0.236755
2021-01-05,1609804800,0.256669
2021-01-06,1609891200,0.276459
2021-01-07,1609977600,0.296090
2021-01-08,1610064000,0.316119
2021-01-09,1610150400,0.293651
2021-01-10,1610236800,0.255493
2021-01-11,1610323200,0.245923
2021-01-12,1610409600,0.242030
2021-01-13,1610496000,0.260388
2021-01-14,1610582400,0.275055
2021-01-15,1610668800,0.257792
2021-01-16,1610755200,0.241784
2021-01-17,1610841600,0.237143
2021-01-18,1610928000,0.244276
2021-01-19,1611014400,0.244456
2021-01-20,1611100800,0.240105
2021-01-21,1611187200,0.217694
2021-01-22,1611273600,0.227395
2021-01-23,1611360000,0.208777
2021-01-24,1611446400,0.207623
2021-01-25,1611532800,0.218273
2021-01-26,1611619200,0.213181
2021-01-27,1611705600,0.200468
2021-01-28,1611792000,0.221678
2021-01-29,1611878400,0.243009
2021-01-30,1611964800,0.241116
2021-01-31,1612051200,0.222054
2021-02-01,1612137600,0.238446
2021-02-02,1612224000,0.247726
2021-02-03,1612310400,0.259843
2021-02-04,1612396800,0.261332
2021-02-05,1612483200,0.261275
2021-02-06,1612569600,0.257513
2021-02-07,1612656000,0.248661
2021-02-08,1612742400,0.307668
2021-02-09,1612828800,0.332811
2021-02-10,1612915200,0.314750
2021-02-11,1613001600,0.345803
2021-02-12,1613088000,0.341880
2021-02-13,1613174400,0.316797
2021-02-14,1613260800,0.319677
2021-02-15,1613347200,0.318107
2021-02-16,1613433600,0.334083
2021-02-17,1613520000,0.357193
2021-02-18,1613606400,0.355119
2021-02-19,1613692800,0.381979
2021-02-20,1613779200,0.375568
2021-02-21,1613865600,0.376166
2021-02-22,1613952000,0.362215
2021-02-23,1614038400,0.346089
2021-02-24,1614124800,0.340606
2021-02-25,1614211200,0.319430
2021-02-26,1614297600,0.312250
2021-02-27,1614384000,0.293539
2021-02-28,1614470400,0.289026
2021-03-01,1614556800,0.331256
2021-03-02,1614643200,0.320559
2021-03-03,1614729600,0.334659
2021-03-04,1614816000,0.319738
2021-03-05,1614902400,0.316880
2021-03-06,1614988800,0.310435
2021-03-07,1615075200,0.322373
2021-03-08,1615161600,0.334251
2021-03-09,1615248000,0.359841
2021-03-10,1615334400,0.367575
2021-03-11,1615420800,0.385233
2021-03-12,1615507200,0.377829
2021-03-13,1615593600,0.406033
2021-03-14,1615680000,0.382746
2021-03-15,1615766400,0.369421
2021-03-16,1615852800,0.370272
2021-03-17,1615939200,0.387018
2021-03-18,1616025600,0.387689
2021-03-19,1616112000,0.381632
2021-03-20,1616198400,0.363325
2021-03-21,1616284800,0.351455
2021-03-22,1616371200,0.341028
2021-03-23,1616457600,0.339706
2021-03-24,1616544000,0.328432
2021-03-25,1616630400,0.322480
2021-03-26,1616716800,0.344991
2021-03-27,1616803200,0.343716
2021-03-28,1616889600,0.338494
2021-03-29,1616976000,0.360227
2021-03-30,1617062400,0.373148
2021-03-31,1617148800,0.372771
2021-04-01,1617235200,0.372376
2021-04-02,1617321600,0.354220
2021-04-03,1617408000,0.342575
2021-04-04,1617494400,0.339431
2021-04-05,1617580800,0.350673
2021-04-06,1617667200,0.352779
2021-04-07,1617753600,0.337430
2021-04-08,1617840000,0.349938
2021-04-09,1617926400,0.353347
2021-04-10,1618012800,0.354076
2021-04-11,1618099200,0.348269
2021-04-12,1618185600,0.358830
2021-04-13,1618272000,0.384849
2021-04-14,1618358400,0.396724
2021-04-15,1618444800,0.391873
2021-04-16,1618531200,0.401950
2021-04-17,1618617600,0.413848
2021-04-18,1618704000,0.384354
2021-04-19,1618790400,0.404278
2021-04-20,1618876800,0.414980
2021-04-21,1618963200,0.404454
2021-04-22,1619049600,0.367947
2021-04-23,1619136000,0.358129
2021-04-24,1619222400,0.317778
2021-04-25,1619308800,0.295068
2021-04-26,1619395200,0.356101
2021-04-27,1619481600,0.346570
2021-04-28,1619568000,0.337191
2021-04-29,1619654400,0.338915
2021-04-30,1619740800,0.357146
2021-05-01,1619827200,0.353862
2021-05-02,1619913600,0.370322
2021-05-03,1620000000,0.384974
2021-05-04,1620086400,0.356012
2021-05-05,1620172800,0.385584
2021-05-06,1620259200,0.380304
2021-05-07,1620345600,0.383730
2021-05-08,1620432000,0.387533
2021-05-09,1620518400,0.376656
2021-05-10,1620604800,0.372122
2021-05-11,1620691200,0.371495
2021-05-12,1620777600,0.333302
2021-05-13,1620864000,0.284543
2021-05-14,1620950400,0.272889
2021-05-15,1621036800,0.255118
2021-05-16,1621123200,0.245935
2021-05-17,1621209600,0.240542
2021-05-18,1621296000,0.238066
2021-05-19,1621382400,0.219154
2021-05-20,1621468800,0.243417
2021-05-21,1621555200,0.222394
2021-05-22,1621641600,0.214719
2021-05-23,1621728000,0.193600
2021-05-24,1621814400,0.218100
2021-05-25,1621900800,0.213602
2021-05-26,1621987200,0.216580
2021-05-27,1622073600,0.210892
2021-05-28,1622160000,0.195263
2021-05-29,1622246400,0.184996
2021-05-30,1622332800,0.221373
2021-05-31,1622419200,0.234761
2021-06-01,1622505600,0.230400
2021-06-02,1622592000,0.235835
2021-06-03,1622678400,0.246734
2021-06-04,1622764800,0.231587
2021-06-05,1622851200,0.219006
2021-06-06,1622937600,0.218616
2021-06-07,1623024000,0.210041
2021-06-08,1623110400,0.207243
2021-06-09,1623196800,0.233405
2021-06-10,1623283200,0.233399
2021-06-11,1623369600,0.235977
2021-06-12,1623456000,0.221981
2021-06-13,1623542400,0.241852
2021-06-14,1623628800,0.267139
2021-06-15,1623715200,0.265730
2021-06-16,1623801600,0.253487
2021-06-17,1623888000,0.249088
2021-06-18,1623974400,0.234730
2021-06-19,1624060800,0.232291
2021-06-20,1624147200,0.232241
2021-06-21,1624233600,0.212928
2021-06-22,1624320000,0.221539
2021-06-23,1624406400,0.230492
2021-06-24,1624492800,0.234367
2021-06-25,1624579200,0.213090
2021-06-26,1624665600,0.211834
2021-06-27,1624752000,0.233702
2021-06-28,1624838400,0.237296
2021-06-29,1624924800,0.248798
2021-06-30,1625011200,0.246084
2021-07-01,1625097600,0.236876
2021-07-02,1625184000,0.236931
2021-07-03,1625270400,0.302605
2021-07-04,1625356800,0.327868
2021-07-05,1625443200,0.313843
2021-07-06,1625529600,0.314575
2021-07-07,1625616000,0.311536
2021-07-08,1625702400,0.296949
2021-07-09,1625788800,0.306380
2021-07-10,1625875200,0.299994
2021-07-11,1625961600,0.306830
2021-07-12,1626048000,0.300971
2021-07-13,1626134400,0.296328
2021-07-14,1626220800,0.293654
2021-07-15,1626307200,0.285356
2021-07-16,1626393600,0.280471
2021-07-17,1626480000,0.280769
2021-07-18,1626566400,0.295537
2021-07-19,1626652800,0.289159
2021-07-20,1626739200,0.279941
2021-07-21,1626825600,0.300204
2021-07-22,1626912000,0.301300
2021-07-23,1626998400,0.314582
2021-07-24,1627084800,0.318397
2021-07-25,1627171200,0.326180
2021-07-26,1627257600,0.351171
2021-07-27,1627344000,0.365191
2021-07-28,1627430400,0.373149
2021-07-29,1627516800,0.374169
2021-07-30,1627603200,0.389560
2021-07-31,1627689600,0.370417
2021-08-01,1627776000,0.350184
2021-08-02,1627862400,0.345974
2021-08-03,1627948800,0.336115
2021-08-04,1628035200,0.351059
2021-08-05,1628121600,0.360445
2021-08-06,1628208000,0.376399
2021-08-07,1628294400,0.389567
2021-08-08,1628380800,0.385270
2021-08-09,1628467200,0.407050
2021-08-10,1628553600,0.399852
2021-08-11,1628640000,0.401807
2021-08-12,1628726400,0.390459
2021-08-13,1628812800,0.400808
2021-08-14,1628899200,0.384938
2021-08-15,1628985600,0.383674
2021-08-16,1629072000,0.378001
2021-08-17,1629158400,0.366656
2021-08-18,1629244800,0.369689
2021-08-19,1629331200,0.382129
2021-08-20,1629417600,0.404298
2021-08-21,1629504000,0.400712
2021-08-22,1629590400,0.403561
2021-08-23,1629676800,0.405458
2021-08-24,1629763200,0.393403
2021-08-25,1629849600,0.378292
2021-08-26,1629936000,0.341029
2021-08-27,1630022400,0.354789
2021-08-28,1630108800,0.352762
2021-08-29,1630195200,0.352580
2021-08-30,1630281600,0.341363
2021-08-31,1630368000,0.342429
2021-09-01,1630454400,0.354521
2021-09-02,1630540800,0.360041
2021-09-03,1630627200,0.362798
2021-09-04,1630713600,0.360683
2021-09-05,1630800000,0.373166
2021-09-06,1630886400,0.381773
2021-09-07,1630972800,0.340716
2021-09-08,1631059200,0.320571
2021-09-09,1631145600,0.322222
2021-09-10,1631232000,0.310920
2021-09-11,1631318400,0.311221
2021-09-12,1631404800,0.318265
2021-09-13,1631491200,0.311863
2021-09-14,1631577600,0.325663
2021-09-15,1631664000,0.335185
2021-09-16,1631750400,0.332729
2021-09-17,1631836800,0.327616
2021-09-18,1631923200,0.333039
2021-09-19,1632009600,0.325044
2021-09-20,1632096000,0.296635
2021-09-21,1632182400,0.278334
2021-09-22,1632268800,0.293180
2021-09-23,1632355200,0.301035
2021-09-24,1632441600,0.288053
2021-09-25,1632528000,0.285456
2021-09-26,1632614400,0.288204
2021-09-27,1632700800,0.285058
2021-09-28,1632787200,0.276739
2021-09-29,1632873600,0.278087
2021-09-30,1632960000,0.293763
2021-10-01,1633046400,0.324117
2021-10-02,1633132800,0.319239
2021-10-03,1633219200,0.322479
2021-10-04,1633305600,0.330023
2021-10-05,1633392000,0.330654
2021-10-06,1633478400,0.358400
2021-10-07,1633564800,0.350281
2021-10-08,1633651200,0.350113
2021-10-09,1633737600,0.353135
2021-10-10,1633824000,0.350209
2021-10-11,1633910400,0.370203
2021-10-12,1633996800,0.363286
2021-10-13,1634083200,0.368214
2021-10-14,1634169600,0.369573
2021-10-15,1634256000,0.397477
2021-10-16,1634342400,0.392255
2021-10-17,1634428800,0.392849
2021-10-18,1634515200,0.397858
2021-10-19,1634601600,0.408673
2021-10-20,1634688000,0.422059
2021-10-21,1634774400,0.398975
2021-10-22,1634860800,0.386445
2021-10-23,1634947200,0.388228
2021-10-24,1635033600,0.384611
2021-10-25,1635120000,0.399510
2021-10-26,1635206400,0.383650
2021-10-27,1635292800,0.371220
2021-10-28,1635379200,0.384347
2021-10-29,1635465600,0.395381
2021-10-30,1635552000,0.390677
2021-10-31,1635638400,0.383815
2021-11-01,1635724800,0.360270
2021-11-02,1635811200,0.372404
2021-11-03,1635897600,0.371419
2021-11-04,1635984000,0.362678
2021-11-05,1636070400,0.360495
2021-11-06,1636156800,0.360719
2021-11-07,1636243200,0.369592
2021-11-08,1636329600,0.400004
2021-11-09,1636416000,0.398861
2021-11-10,1636502400,0.383329
2021-11-11,1636588800,0.382926
2021-11-12,1636675200,0.378389
2021-11-13,1636761600,0.377779
2021-11-14,1636848000,0.367195
2021-11-15,1636934400,0.358268
2021-11-16,1637020800,0.339148
2021-11-17,1637107200,0.338311
2021-11-18,1637193600,0.319097
2021-11-19,1637280000,0.326820
2021-11-20,1637366400,0.335844
2021-11-21,1637452800,0.330948
2021-11-22,1637539200,0.317169
2021-11-23,1637625600,0.324268
2021-11-24,1637712000,0.321391
2021-11-25,1637798400,0.333191
2021-11-26,1637884800,0.303578
2021-11-27,1637971200,0.305775
2021-11-28,1638057600,0.323296
2021-11-29,1638144000,0.330152
2021-11-30,1638230400,0.326537
2021-12-01,1638316800,0.329503
2021-12-02,1638403200,0.324627
2021-12-03,1638489600,0.305972
2021-12-04,1638576000,0.281826
2021-12-05,1638662400,0.283342
2021-12-06,1638748800,0.287992
2021-12-07,1638835200,0.287874
2021-12-08,1638921600,0.287170
2021-12-09,1639008000,0.273004
2021-12-10,1639094400,0.270237
2021-12-11,1639180800,0.265667
2021-12-12,1639267200,0.262432
2021-12-13,1639353600,0.246855
2021-12-14,1639440000,0.254120
2021-12-15,1639526400,0.257023
2021-12-16,1639612800,0.251232
2021-12-17,1639699200,0.244189
2021-12-18,1639785600,0.246293
2021-12-19,1639872000,0.245491
2021-12-20,1639958400,0.246975
2021-12-21,1640044800,0.258074
2021-12-22,1640131200,0.255956
2021-12-23,1640217600,0.266594
2021-12-24,1640304000,0.267243
2021-12-25,1640390400,0.264683
2021-12-26,1640476800,0.265596
2021-12-27,1640563200,0.266939
2021-12-28,1640649600,0.252185
2021-12-29,1640736000,0.245098
2021-12-30,1640822400,0.249888
2021-12-31,1640908800,0.244643
2022-01-01,1640995200,0.248463
2022-01-02,1641081600,0.247561
2022-01-03,1641168000,0.243922
2022-01-04,1641254400,0.241204
2022-01-05,1641340800,0.229460
2022-01-06,1641427200,0.227015
2022-01-07,1641513600,0.218540
2022-01-08,1641600000,0.218225
2022-01-09,1641686400,0.217933
2022-01-10,1641772800,0.218522
2022-01-11,1641859200,0.223413
2022-01-12,1641945600,0.229672
2022-01-13,1642032000,0.221970
2022-01-14,1642118400,0.224445
2022-01-15,1642204800,0.224498
2022-01-16,1642291200,0.224009
2022-01-17,1642377600,0.219723
2022-01-18,1642464000,0.221338
2022-01-19,1642550400,0.217293
2022-01-20,1642636800,0.212255
2022-01-21,1642723200,0.176193
2022-01-22,1642809600,0.167293
2022-01-23,1642896000,0.172684
2022-01-24,1642982400,0.175185
2022-01-25,1643068800,0.176355
2022-01-26,1643155200,0.176332
2022-01-27,1643241600,0.177168
2022-01-28,1643328000,0.180583
2022-01-29,1643414400,0.182057
2022-01-30,1643500800,0.181363
2022-01-31,1643587200,0.184206
2022-02-01,1643673600,0.185767
2022-02-02,1643760000,0.176550
2022-02-03,1643846400,0.176923
2022-02-04,1643932800,0.196952
2022-02-05,1644019200,0.199118
2022-02-06,1644105600,0.201656
2022-02-07,1644192000,0.210287
2022-02-08,1644278400,0.211222
2022-02-09,1644364800,0.212648
2022-02-10,1644451200,0.209889
2022-02-11,1644537600,0.203229
2022-02-12,1644624000,0.200727
2022-02-13,1644710400,0.200537
2022-02-14,1644796800,0.203251
2022-02-15,1644883200,0.212081
2022-02-16,1644969600,0.209717
2022-02-17,1645056000,0.188498
2022-02-18,1645142400,0.181996
2022-02-19,1645228800,0.181550
2022-02-20,1645315200,0.174433
2022-02-21,1645401600,0.168920
2022-02-22,1645488000,0.173317
2022-02-23,1645574400,0.169186
2022-02-24,1645660800,0.174282
2022-02-25,1645747200,0.179193
2022-02-26,1645833600,0.177097
2022-02-27,1645920000,0.170692
2022-02-28,1646006400,0.196047
2022-03-01,1646092800,0.203321
2022-03-02,1646179200,0.204344
2022-03-03,1646265600,0.196120
2022-03-04,1646352000,0.181583
2022-03-05,1646438400,0.182351
2022-03-06,1646524800,0.177240
2022-03-07,1646611200,0.176210
2022-03-08,1646697600,0.178753
2022-03-09,1646784000,0.194150
2022-03-10,1646870400,0.182479
2022-03-11,1646956800,0.179432
2022-03-12,1647043200,0.179178
2022-03-13,1647129600,0.173770
2022-03-14,1647216000,0.182920
2022-03-15,1647302400,0.181666
2022-03-16,1647388800,0.189557
2022-03-17,1647475200,0.189120
2022-03-18,1647561600,0.193914
2022-03-19,1647648000,0.194763
2022-03-20,1647734400,0.190384
2022-03-21,1647820800,0.189947
2022-03-22,1647907200,0.196352
2022-03-23,1647993600,0.198059
2022-03-24,1648080000,0.204032
2022-03-25,1648166400,0.205749
2022-03-26,1648252800,0.205524
2022-03-27,1648339200,0.216213
2022-03-28,1648425600,0.218602
2022-03-29,1648512000,0.219708
2022-03-30,1648598400,0.218710
2022-03-31,1648684800,0.205986
2022-04-01,1648771200,0.207938
2022-04-02,1648857600,0.205028
2022-04-03,1648944000,0.206683
2022-04-04,1649030400,0.207838
2022-04-05,1649116800,0.203444
2022-04-06,1649203200,0.192505
2022-04-07,1649289600,0.193823
2022-04-08,1649376000,0.188297
2022-04-09,1649462400,0.189271
2022-04-10,1649548800,0.187312
2022-04-11,1649635200,0.176095
2022-04-12,1649721600,0.178273
2022-04-13,1649808000,0.183513
2022-04-14,1649894400,0.179397
2022-04-15,1649980800,0.182094
2022-04-16,1650067200,0.181473
2022-04-17,1650153600,0.177796
2022-04-18,1650240000,0.183701
2022-04-19,1650326400,0.187029
2022-04-20,1650412800,0.186014
2022-04-21,1650499200,0.182081
2022-04-22,1650585600,0.179289
2022-04-23,1650672000,0.177762
2022-04-24,1650758400,0.177072
2022-04-25,1650844800,0.182587
2022-04-26,1650931200,0.171818
2022-04-27,1651017600,0.172910
2022-04-28,1651104000,0.170025
2022-04-29,1651190400,0.165274
2022-04-30,1651276800,0.160912
2022-05-01,1651363200,0.163508
2022-05-02,1651449600,0.164464
2022-05-03,1651536000,0.160775
2022-05-04,1651622400,0.169671
2022-05-05,1651708800,0.157502
2022-05-06,1651795200,0.155022
2022-05-07,1651881600,0.152123
2022-05-08,1651968000,0.145510
2022-05-09,1652054400,0.131262
2022-05-10,1652140800,0.132768
2022-05-11,1652227200,0.118635
2022-05-12,1652313600,0.120954
2022-05-13,1652400000,0.121720
2022-05-14,1652486400,0.124364
2022-05-15,1652572800,0.128114
2022-05-16,1652659200,0.122747
2022-05-17,1652745600,0.124950
2022-05-18,1652832000,0.118074
2022-05-19,1652918400,0.124418
2022-05-20,1653004800,0.120104
2022-05-21,1653091200,0.119975
2022-05-22,1653177600,0.123930
2022-05-23,1653264000,0.118895
2022-05-24,1653350400,0.121877
2022-05-25,1653436800,0.123874
2022-05-26,1653523200,0.125800
2022-05-27,1653609600,0.122778
2022-05-28,1653696000,0.123713
2022-05-29,1653782400,0.125069
2022-05-30,1653868800,0.135291
2022-05-31,1653955200,0.135910
2022-06-01,1654041600,0.128231
2022-06-02,1654128000,0.131462
2022-06-03,1654214400,0.127268
2022-06-04,1654300800,0.127092
2022-06-05,1654387200,0.127066
2022-06-06,1654473600,0.133562
2022-06-07,1654560000,0.132644
2022-06-08,1654646400,0.127406
2022-06-09,1654732800,0.126207
2022-06-10,1654819200,0.122488
2022-06-11,1654905600,0.119103
2022-06-12,1654992000,0.112781
2022-06-13,1655078400,0.095876
2022-06-14,1655164800,0.094223
2022-06-15,1655251200,0.095798
2022-06-16,1655337600,0.087027
2022-06-17,1655424000,0.087744
2022-06-18,1655510400,0.080585
2022-06-19,1655596800,0.086362
2022-06-20,1655683200,0.087003
2022-06-21,1655769600,0.087431
2022-06-22,1655856000,0.085225
2022-06-23,1655942400,0.091118
2022-06-24,1656028800,0.092348
2022-06-25,1656115200,0.092573
2022-06-26,1656201600,0.090898
2022-06-27,1656288000,0.089746
2022-06-28,1656374400,0.087508
2022-06-29,1656460800,0.086551
2022-06-30,1656547200,0.083509
2022-07-01,1656633600,0.084024
2022-07-02,1656720000,0.083014
2022-07-03,1656806400,0.082768
2022-07-04,1656892800,0.087376
2022-07-05,1656979200,0.088139
2022-07-06,1657065600,0.090179
2022-07-07,1657152000,0.095719
2022-07-08,1657238400,0.096355
2022-07-09,1657324800,0.094827
2022-07-10,1657411200,0.091023
2022-07-11,1657497600,0.087903
2022-07-12,1657584000,0.084920
2022-07-13,1657670400,0.089937
2022-07-14,1657756800,0.092201
2022-07-15,1657843200,0.092461
2022-07-16,1657929600,0.093190
2022-07-17,1658016000,0.091647
2022-07-18,1658102400,0.098915
2022-07-19,1658188800,0.103884
2022-07-20,1658275200,0.103648
2022-07-21,1658361600,0.104015
2022-07-22,1658448000,0.105779
2022-07-23,1658534400,0.103457
2022-07-24,1658620800,0.103974
2022-07-25,1658707200,0.099050
2022-07-26,1658793600,0.097552
2022-07-27,1658880000,0.105243
2022-07-28,1658966400,0.110189
2022-07-29,1659052800,0.110544
2022-07-30,1659139200,0.108878
2022-07-31,1659225600,0.107323
2022-08-01,1659312000,0.107692
2022-08-02,1659398400,0.106230
2022-08-03,1659484800,0.105345
2022-08-04,1659571200,0.103987
2022-08-05,1659657600,0.105928
2022-08-06,1659744000,0.103973
2022-08-07,1659830400,0.104487
2022-08-08,1659916800,0.108099
2022-08-09,1660003200,0.106088
2022-08-10,1660089600,0.109003
2022-08-11,1660176000,0.109057
2022-08-12,1660262400,0.110789
2022-08-13,1660348800,0.110467
2022-08-14,1660435200,0.109505
2022-08-15,1660521600,0.108746
2022-08-16,1660608000,0.107865
2022-08-17,1660694400,0.106147
2022-08-18,1660780800,0.104930
2022-08-19,1660867200,0.093841
2022-08-20,1660953600,0.094678
2022-08-21,1661040000,0.096410
2022-08-22,1661126400,0.095568
2022-08-23,1661212800,0.096515
2022-08-24,1661299200,0.096048
2022-08-25,1661385600,0.096762
2022-08-26,1661472000,0.090720
2022-08-27,1661558400,0.089729
2022-08-28,1661644800,0.087909
2022-08-29,1661731200,0.090907
2022-08-30,1661817600,0.088971
2022-08-31,1661904000,0.084081
2022-09-01,1661990400,0.082986
2022-09-02,1662076800,0.082829
2022-09-03,1662163200,0.081589
2022-09-04,1662249600,0.081831
2022-09-05,1662336000,0.081551
2022-09-06,1662422400,0.077816
2022-09-07,1662508800,0.079567
2022-09-08,1662595200,0.079980
2022-09-09,1662681600,0.088311
2022-09-10,1662768000,0.089240
2022-09-11,1662854400,0.089029
2022-09-12,1662940800,0.091993
2022-09-13,1663027200,0.082853
2022-09-14,1663113600,0.081140
2022-09-15,1663200000,0.078737
2022-09-16,1663286400,0.079351
2022-09-17,1663372800,0.080145
2022-09-18,1663459200,0.077173
2022-09-19,1663545600,0.077989
2022-09-20,1663632000,0.075188
2022-09-21,1663718400,0.073786
2022-09-22,1663804800,0.077397
2022-09-23,1663891200,0.077237
2022-09-24,1663977600,0.075139
2022-09-25,1664064000,0.074574
2022-09-26,1664150400,0.076512
2022-09-27,1664236800,0.076565
2022-09-28,1664323200,0.079050
2022-09-29,1664409600,0.079641
2022-09-30,1664496000,0.079183
2022-10-01,1664582400,0.078220
2022-10-02,1664668800,0.076944
2022-10-03,1664755200,0.079636
2022-10-04,1664841600,0.082369
2022-10-05,1664928000,0.081487
2022-10-06,1665014400,0.080818
2022-10-07,1665100800,0.079092
2022-10-08,1665187200,0.078315
2022-10-09,1665273600,0.078371
2022-10-10,1665360000,0.071651
2022-10-11,1665446400,0.067847
2022-10-12,1665532800,0.068372
2022-10-13,1665619200,0.069595
2022-10-14,1665705600,0.068729
2022-10-15,1665792000,0.067985
2022-10-16,1665878400,0.068633
2022-10-17,1665964800,0.070018
2022-10-18,1666051200,0.069601
2022-10-19,1666137600,0.068718
2022-10-20,1666224000,0.068156
2022-10-21,1666310400,0.068509
2022-10-22,1666396800,0.068540
2022-10-23,1666483200,0.069530
2022-10-24,1666569600,0.066949
2022-10-25,1666656000,0.070160
2022-10-26,1666742400,0.072699
2022-10-27,1666828800,0.070624
2022-10-28,1666915200,0.071650
2022-10-29,1667001600,0.072154
2022-10-30,1667088000,0.071442
2022-10-31,1667174400,0.070968
2022-11-01,1667260800,0.071050
2022-11-02,1667347200,0.070323
2022-11-03,1667433600,0.070195
2022-11-04,1667520000,0.073961
2022-11-05,1667606400,0.073912
2022-11-06,1667692800,0.072591
2022-11-07,1667779200,0.071600
2022-11-08,1667865600,0.064705
2022-11-09,1667952000,0.055383
2022-11-10,1668038400,0.061566
2022-11-11,1668124800,0.059329
2022-11-12,1668211200,0.058276
2022-11-13,1668297600,0.056947
2022-11-14,1668384000,0.058594
2022-11-15,1668470400,0.059801
2022-11-16,1668556800,0.059128
2022-11-17,1668643200,0.059374
2022-11-18,1668729600,0.059795
2022-11-19,1668816000,0.058751
2022-11-20,1668902400,0.056716
2022-11-21,1668988800,0.055368
2022-11-22,1669075200,0.056949
2022-11-23,1669161600,0.058224
2022-11-24,1669248000,0.058325
2022-11-25,1669334400,0.058249
2022-11-26,1669420800,0.057895
2022-11-27,1669507200,0.057093
2022-11-28,1669593600,0.056610
2022-11-29,1669680000,0.057550
2022-11-30,1669766400,0.060329
2022-12-01,1669852800,0.059458
2022-12-02,1669939200,0.060279
2022-12-03,1670025600,0.059071
2022-12-04,1670112000,0.059364
2022-12-05,1670198400,0.059071
2022-12-06,1670284800,0.064141
2022-12-07,1670371200,0.062869
2022-12-08,1670457600,0.064196
2022-12-09,1670544000,0.063818
2022-12-10,1670630400,0.063642
2022-12-11,1670716800,0.063329
2022-12-12,1670803200,0.064036
2022-12-13,1670889600,0.066097
2022-12-14,1670976000,0.066468
2022-12-15,1671062400,0.065168
2022-12-16,1671148800,0.062262
2022-12-17,1671235200,0.062785
2022-12-18,1671321600,0.062357
2022-12-19,1671408000,0.060891
2022-12-20,1671494400,0.061337
2022-12-21,1671580800,0.060818
2022-12-22,1671667200,0.061012
2022-12-23,1671753600,0.060937
2022-12-24,1671840000,0.061729
2022-12-25,1671926400,0.060737
2022-12-26,1672012800,0.061364
2022-12-27,1672099200,0.061317
2022-12-28,1672185600,0.059944
2022-12-29,1672272000,0.060487
2022-12-30,1672358400,0.060291
2022-12-31,1672444800,0.059485
2023-01-01,1672531200,0.059475
2023-01-02,1672617600,0.059869
2023-01-03,1672704000,0.062174
2023-01-04,1672790400,0.063154
2023-01-05,1672876800,0.062937
2023-01-06,1672963200,0.063259
2023-01-07,1673049600,0.063029
2023-01-08,1673136000,0.063355
2023-01-09,1673222400,0.064095
2023-01-10,1673308800,0.064967
2023-01-11,1673395200,0.066683
2023-01-12,1673481600,0.070797
2023-01-13,1673568000,0.074502
2023-01-14,1673654400,0.078468
2023-01-15,1673740800,0.076251
2023-01-16,1673827200,0.071644
2023-01-17,1673913600,0.071794
2023-01-18,1674000000,0.070525
2023-01-19,1674086400,0.071730
2023-01-20,1674172800,0.077677
2023-01-21,1674259200,0.077672
2023-01-22,1674345600,0.077078
2023-01-23,1674432000,0.077865
2023-01-24,1674518400,0.077219
2023-01-25,1674604800,0.078170
2023-01-26,1674691200,0.077912
2023-01-27,1674777600,0.078351
2023-01-28,1674864000,0.077781
2023-01-29,1674950400,0.077464
2023-01-30,1675036800,0.073834
2023-01-31,1675123200,0.075859
2023-02-01,1675209600,0.077719
2023-02-02,1675296000,0.076882
2023-02-03,1675382400,0.077184
2023-02-04,1675468800,0.076325
2023-02-05,1675555200,0.074461
2023-02-06,1675641600,0.074150
2023-02-07,1675728000,0.076190
2023-02-08,1675814400,0.074838
2023-02-09,1675900800,0.071173
2023-02-10,1675987200,0.071140
2023-02-11,1676073600,0.071544
2023-02-12,1676160000,0.071073
2023-02-13,1676246400,0.071743
2023-02-14,1676332800,0.073307
2023-02-15,1676419200,0.080749
2023-02-16,1676505600,0.078355
2023-02-17,1676592000,0.081032
2023-02-18,1676678400,0.080576
2023-02-19,1676764800,0.079472
2023-02-20,1676851200,0.081132
2023-02-21,1676937600,0.079667
2023-02-22,1677024000,0.079204
2023-02-23,1677110400,0.078154
2023-02-24,1677196800,0.076077
2023-02-25,1677283200,0.069280
2023-02-26,1677369600,0.069722
2023-02-27,1677456000,0.070451
2023-02-28,1677542400,0.069677
2023-03-01,1677628800,0.070567
2023-03-02,1677715200,0.070413
2023-03-03,1677801600,0.066981
2023-03-04,1677888000,0.066600
2023-03-05,1677974400,0.066643
2023-03-06,1678060800,0.067401
2023-03-07,1678147200,0.066352
2023-03-08,1678233600,0.065394
2023-03-09,1678320000,0.062628
2023-03-10,1678406400,0.061983
2023-03-11,1678492800,0.060991
2023-03-12,1678579200,0.065059
2023-03-13,1678665600,0.071592
2023-03-14,1678752000,0.074449
2023-03-15,1678838400,0.073024
2023-03-16,1678924800,0.075176
2023-03-17,1679011200,0.082970
2023-03-18,1679097600,0.080538
2023-03-19,1679184000,0.083867
2023-03-20,1679270400,0.082802
2023-03-21,1679356800,0.083997
2023-03-22,1679443200,0.081746
2023-03-23,1679529600,0.084146
2023-03-24,1679616000,0.076948
2023-03-25,1679702400,0.076225
2023-03-26,1679788800,0.077133
2023-03-27,1679875200,0.074828
2023-03-28,1679961600,0.075572
2023-03-29,1680048000,0.078455
2023-03-30,1680134400,0.077361
2023-03-31,1680220800,0.079438
2023-04-01,1680307200,0.079165
2023-04-02,1680393600,0.077547
2023-04-03,1680480000,0.077347
2023-04-04,1680566400,0.077932
2023-04-05,1680652800,0.078492
2023-04-06,1680739200,0.077092
2023-04-07,1680825600,0.075577
2023-04-08,1680912000,0.075179
2023-04-09,1680998400,0.075845
2023-04-10,1681084800,0.080181
2023-04-11,1681171200,0.081926
2023-04-12,1681257600,0.080525
2023-04-13,1681344000,0.082007
2023-04-14,1681430400,0.082546
2023-04-15,1681516800,0.081339
2023-04-16,1681603200,0.081226
2023-04-17,1681689600,0.079049
2023-04-18,1681776000,0.081270
2023-04-19,1681862400,0.077460
2023-04-20,1681948800,0.075375
2023-04-21,1682035200,0.072279
2023-04-22,1682121600,0.073073
2023-04-23,1682208000,0.072312
2023-04-24,1682294400,0.072762
2023-04-25,1682380800,0.075511
2023-04-26,1682467200,0.076291
2023-04-27,1682553600,0.079981
2023-04-28,1682640000,0.079569
2023-04-29,1682726400,0.079148
2023-04-30,1682812800,0.079668
2023-05-01,1682899200,0.077039
2023-05-02,1682985600,0.084864
2023-05-03,1683072000,0.085219
2023-05-04,1683158400,0.084492
2023-05-05,1683244800,0.091603
2023-05-06,1683331200,0.090492
2023-05-07,1683417600,0.111907
2023-05-08,1683504000,0.125901
2023-05-09,1683590400,0.106052
2023-05-10,1683676800,0.094850
2023-05-11,1683763200,0.085154
2023-05-12,1683849600,0.083762
2023-05-13,1683936000,0.078945
2023-05-14,1684022400,0.075953
2023-05-15,1684108800,0.078420
2023-05-16,1684195200,0.079174
2023-05-17,1684281600,0.078421
2023-05-18,1684368000,0.076924
2023-05-19,1684454400,0.076799
2023-05-20,1684540800,0.075616
2023-05-21,1684627200,0.073099
2023-05-22,1684713600,0.073504
2023-05-23,1684800000,0.074126
2023-05-24,1684886400,0.071791
2023-05-25,1684972800,0.073710
2023-05-26,1685059200,0.074793
2023-05-27,1685145600,0.072721
2023-05-28,1685232000,0.075762
2023-05-29,1685318400,0.075398
2023-05-30,1685404800,0.076251
2023-05-31,1685491200,0.073879
2023-06-01,1685577600,0.071301
2023-06-02,1685664000,0.071789
2023-06-03,1685750400,0.070077
2023-06-04,1685836800,0.069327
2023-06-05,1685923200,0.067661
2023-06-06,1686009600,0.072774
2023-06-07,1686096000,0.071988
2023-06-08,1686182400,0.069728
2023-06-09,1686268800,0.069465
2023-06-10,1686355200,0.066689
2023-06-11,1686441600,0.065753
2023-06-12,1686528000,0.066367
2023-06-13,1686614400,0.066056
2023-06-14,1686700800,0.063897
2023-06-15,1686787200,0.064131
2023-06-16,1686873600,0.066293
2023-06-17,1686960000,0.066538
2023-06-18,1687046400,0.065316
2023-06-19,1687132800,0.066616
2023-06-20,1687219200,0.070954
2023-06-21,1687305600,0.076570
2023-06-22,1687392000,0.075562
2023-06-23,1687478400,0.077400
2023-06-24,1687564800,0.076053
2023-06-25,1687651200,0.075410
2023-06-26,1687737600,0.075237
2023-06-27,1687824000,0.076366
2023-06-28,1687910400,0.075763
2023-06-29,1687996800,0.078659
2023-06-30,1688083200,0.078354
2023-07-01,1688169600,0.078180
2023-07-02,1688256000,0.077630
2023-07-03,1688342400,0.079652
2023-07-04,1688428800,0.078413
2023-07-05,1688515200,0.077345
2023-07-06,1688601600,0.076112
2023-07-07,1688688000,0.076607
2023-07-08,1688774400,0.076122
2023-07-09,1688860800,0.075812
2023-07-10,1688947200,0.076738
2023-07-11,1689033600,0.077558
2023-07-12,1689120000,0.072767
2023-07-13,1689206400,0.075276
2023-07-14,1689292800,0.072534
2023-07-15,1689379200,0.071986
2023-07-16,1689465600,0.071687
2023-07-17,1689552000,0.071700
2023-07-18,1689638400,0.070912
2023-07-19,1689724800,0.071141
2023-07-20,1689811200,0.071492
2023-07-21,1689897600,0.072056
2023-07-22,1689984000,0.073194
2023-07-23,1690070400,0.072057
2023-07-24,1690156800,0.069905
2023-07-25,1690243200,0.069569
2023-07-26,1690329600,0.070859
2023-07-27,1690416000,0.071880
2023-07-28,1690502400,0.072058
2023-07-29,1690588800,0.071931
2023-07-30,1690675200,0.071429
2023-07-31,1690761600,0.071558
2023-08-01,1690848000,0.072357
2023-08-02,1690934400,0.071536
2023-08-03,1691020800,0.071903
2023-08-04,1691107200,0.071901
2023-08-05,1691193600,0.071315
2023-08-06,1691280000,0.070927
2023-08-07,1691366400,0.071849
2023-08-08,1691452800,0.074242
2023-08-09,1691539200,0.072941
2023-08-10,1691625600,0.072790
2023-08-11,1691712000,0.072289
2023-08-12,1691798400,0.071889
2023-08-13,1691884800,0.071400
2023-08-14,1691971200,0.071781
2023-08-15,1692057600,0.071207
2023-08-16,1692144000,0.070204
2023-08-17,1692230400,0.065246
2023-08-18,1692316800,0.064081
2023-08-19,1692403200,0.063779
2023-08-20,1692489600,0.063749
2023-08-21,1692576000,0.063715
2023-08-22,1692662400,0.062114
2023-08-23,1692748800,0.061093
2023-08-24,1692835200,0.060253
2023-08-25,1692921600,0.060126
2023-08-26,1693008000,0.059878
2023-08-27,1693094400,0.060054
2023-08-28,1693180800,0.060366
2023-08-29,1693267200,0.063910
2023-08-30,1693353600,0.063213
2023-08-31,1693440000,0.060392
2023-09-01,1693526400,0.059956
2023-09-02,1693612800,0.059882
2023-09-03,1693699200,0.059868
2023-09-04,1693785600,0.059719
2023-09-05,1693872000,0.060143
2023-09-06,1693958400,0.061827
2023-09-07,1694044800,0.062969
2023-09-08,1694131200,0.062746
2023-09-09,1694217600,0.062187
2023-09-10,1694304000,0.063046
2023-09-11,1694390400,0.060272
2023-09-12,1694476800,0.062171
2023-09-13,1694563200,0.062960
2023-09-14,1694649600,0.063526
2023-09-15,1694736000,0.063642
2023-09-16,1694822400,0.063364
2023-09-17,1694908800,0.063416
2023-09-18,1694995200,0.065148
2023-09-19,1695081600,0.064529
2023-09-20,1695168000,0.062793
2023-09-21,1695254400,0.061702
2023-09-22,1695340800,0.061884
2023-09-23,1695427200,0.061557
2023-09-24,1695513600,0.060200
2023-09-25,1695600000,0.059978
2023-09-26,1695686400,0.059552
2023-09-27,1695772800,0.059872
2023-09-28,1695859200,0.061390
2023-09-29,1695945600,0.061076
2023-09-30,1696032000,0.060885
2023-10-01,1696118400,0.062828
2023-10-02,1696204800,0.062363
2023-10-03,1696291200,0.061952
2023-10-04,1696377600,0.062990
2023-10-05,1696464000,0.061932
2023-10-06,1696550400,0.063913
2023-10-07,1696636800,0.063716
2023-10-08,1696723200,0.062290
2023-10-09,1696809600,0.061742
2023-10-10,1696896000,0.061154
2023-10-11,1696982400,0.060139
2023-10-12,1697068800,0.060081
2023-10-13,1697155200,0.060362
2023-10-14,1697241600,0.059773
2023-10-15,1697328000,0.060170
2023-10-16,1697414400,0.061642
2023-10-17,1697500800,0.059703
2023-10-18,1697587200,0.059604
2023-10-19,1697673600,0.060387
2023-10-20,1697760000,0.062638
2023-10-21,1697846400,0.062673
2023-10-22,1697932800,0.062558
2023-10-23,1698019200,0.069129
2023-10-24,1698105600,0.073226
2023-10-25,1698192000,0.074269
2023-10-26,1698278400,0.072625
2023-10-27,1698364800,0.071615
2023-10-28,1698451200,0.071572
2023-10-29,1698537600,0.072368
2023-10-30,1698624000,0.070939
2023-10-31,1698710400,0.071047
2023-11-01,1698796800,0.073004
2023-11-02,1698883200,0.071959
2023-11-03,1698969600,0.072674
2023-11-04,1699056000,0.076018
2023-11-05,1699142400,0.075621
2023-11-06,1699228800,0.077105
2023-11-07,1699315200,0.078967
2023-11-08,1699401600,0.081303
2023-11-09,1699488000,0.094437
2023-11-10,1699574400,0.087795
2023-11-11,1699660800,0.082942
2023-11-12,1699747200,0.082106
2023-11-13,1699833600,0.081080
2023-11-14,1699920000,0.077361
2023-11-15,1700006400,0.084421
2023-11-16,1700092800,0.094734
2023-11-17,1700179200,0.089442
2023-11-18,1700265600,0.095231
2023-11-19,1700352000,0.086587
2023-11-20,1700438400,0.085415
2023-11-21,1700524800,0.082563
2023-11-22,1700611200,0.085448
2023-11-23,1700697600,0.089857
2023-11-24,1700784000,0.080068
2023-11-25,1700870400,0.080234
2023-11-26,1700956800,0.075561
2023-11-27,1701043200,0.076540
2023-11-28,1701129600,0.075940
2023-11-29,1701216000,0.075134
2023-11-30,1701302400,0.075844
2023-12-01,1701388800,0.078213
2023-12-02,1701475200,0.078962
2023-12-03,1701561600,0.084090
2023-12-04,1701648000,0.089727
2023-12-05,1701734400,0.104763
2023-12-06,1701820800,0.108302
2023-12-07,1701907200,0.099090
2023-12-08,1701993600,0.096655
2023-12-09,1702080000,0.092658
2023-12-10,1702166400,0.091815
2023-12-11,1702252800,0.087694
2023-12-12,1702339200,0.087429
2023-12-13,1702425600,0.097470
2023-12-14,1702512000,0.110396
2023-12-15,1702598400,0.110297
2023-12-16,1702684800,0.126051
2023-12-17,1702771200,0.122241
2023-12-18,1702857600,0.110154
2023-12-19,1702944000,0.112177
2023-12-20,1703030400,0.119964
2023-12-21,1703116800,0.118401
2023-12-22,1703203200,0.107034
2023-12-23,1703289600,0.093753
2023-12-24,1703376000,0.087758
2023-12-25,1703462400,0.091014
2023-12-26,1703548800,0.088547
2023-12-27,1703635200,0.101713
2023-12-28,1703721600,0.097029
2023-12-29,1703808000,0.089876
2023-12-30,1703894400,0.095070
2023-12-31,1703980800,0.100970
2024-01-01,1704067200,0.093789
2024-01-02,1704153600,0.091889
2024-01-03,1704240000,0.085764
2024-01-04,1704326400,0.086544
2024-01-05,1704412800,0.087544
2024-01-06,1704499200,0.082835
2024-01-07,1704585600,0.083079
2024-01-08,1704672000,0.094136
2024-01-09,1704758400,0.088356
2024-01-10,1704844800,0.088413
2024-01-11,1704931200,0.087196
2024-01-12,1705017600,0.080974
2024-01-13,1705104000,0.083364
2024-01-14,1705190400,0.091707
2024-01-15,1705276800,0.084615
2024-01-16,1705363200,0.086130
2024-01-17,1705449600,0.083398
2024-01-18,1705536000,0.080501
2024-01-19,1705622400,0.078724
2024-01-20,1705708800,0.078449
2024-01-21,1705795200,0.080388
2024-01-22,1705881600,0.076027
2024-01-23,1705968000,0.077601
2024-01-24,1706054400,0.076245
2024-01-25,1706140800,0.075388
2024-01-26,1706227200,0.079158
2024-01-27,1706313600,0.079390
2024-01-28,1706400000,0.079259
2024-01-29,1706486400,0.081635
2024-01-30,1706572800,0.081153
2024-01-31,1706659200,0.080800
2024-02-01,1706745600,0.081442
2024-02-02,1706832000,0.079065
2024-02-03,1706918400,0.085200
2024-02-04,1707004800,0.077963
2024-02-05,1707091200,0.075675
2024-02-06,1707177600,0.075320
2024-02-07,1707264000,0.079106
2024-02-08,1707350400,0.080137
2024-02-09,1707436800,0.082647
2024-02-10,1707523200,0.083038
2024-02-11,1707609600,0.082917
2024-02-12,1707696000,0.088307
2024-02-13,1707782400,0.087330
2024-02-14,1707868800,0.091634
2024-02-15,1707955200,0.087265
2024-02-16,1708041600,0.083361
2024-02-17,1708128000,0.081942
2024-02-18,1708214400,0.082840
2024-02-19,1708300800,0.082432
2024-02-20,1708387200,0.083401
2024-02-21,1708473600,0.082516
2024-02-22,1708560000,0.081556
2024-02-23,1708646400,0.080531
2024-02-24,1708732800,0.081768
2024-02-25,1708819200,0.081477
2024-02-26,1708905600,0.087265
2024-02-27,1708992000,0.093060
2024-02-28,1709078400,0.102369
2024-02-29,1709164800,0.102932
2024-03-01,1709251200,0.105085
2024-03-02,1709337600,0.103525
2024-03-03,1709424000,0.104697
2024-03-04,1709510400,0.119180
2024-03-05,1709596800,0.111135
2024-03-06,1709683200,0.112720
2024-03-07,1709769600,0.111189
2024-03-08,1709856000,0.113658
2024-03-09,1709942400,0.112884
2024-03-10,1710028800,0.113578
2024-03-11,1710115200,0.118859
2024-03-12,1710201600,0.118107
2024-03-13,1710288000,0.119879
2024-03-14,1710374400,0.112729
2024-03-15,1710460800,0.108824
2024-03-16,1710547200,0.102099
2024-03-17,1710633600,0.105105
2024-03-18,1710720000,0.106307
2024-03-19,1710806400,0.097128
2024-03-20,1710892800,0.105212
2024-03-21,1710979200,0.103082
2024-03-22,1711065600,0.099313
2024-03-23,1711152000,0.098744
2024-03-24,1711238400,0.102795
2024-03-25,1711324800,0.108505
2024-03-26,1711411200,0.108922
2024-03-27,1711497600,0.107414
2024-03-28,1711584000,0.110147
2024-03-29,1711670400,0.109179
2024-03-30,1711756800,0.108586
2024-03-31,1711843200,0.111308
2024-04-01,1711929600,0.108615
2024-04-02,1712016000,0.101500
2024-04-03,1712102400,0.103166
2024-04-04,1712188800,0.106281
2024-04-05,1712275200,0.104979
2024-04-06,1712361600,0.106503
2024-04-07,1712448000,0.107086
2024-04-08,1712534400,0.112199
2024-04-09,1712620800,0.109821
2024-04-10,1712707200,0.114212
2024-04-11,1712793600,0.115447
2024-04-12,1712880000,0.115284
2024-04-13,1712966400,0.103772
2024-04-14,1713052800,0.102651
2024-04-15,1713139200,0.108748
2024-04-16,1713225600,0.101181
2024-04-17,1713312000,0.101951
2024-04-18,1713398400,0.103362
2024-04-19,1713484800,0.109257
2024-04-20,1713571200,0.187504
2024-04-21,1713657600,0.083535
2024-04-22,1713744000,0.074776
2024-04-23,1713830400,0.089274
2024-04-24,1713916800,0.070135
2024-04-25,1714003200,0.057353
2024-04-26,1714089600,0.055462
2024-04-27,1714176000,0.051715
2024-04-28,1714262400,0.050343
2024-04-29,1714348800,0.050647
2024-04-30,1714435200,0.047690
2024-05-01,1714521600,0.045299
2024-05-02,1714608000,0.045468
2024-05-03,1714694400,0.048802
2024-05-04,1714780800,0.050403
2024-05-05,1714867200,0.058700
2024-05-06,1714953600,0.049916
2024-05-07,1715040000,0.048716
2024-05-08,1715126400,0.046875
2024-05-09,1715212800,0.049715
2024-05-10,1715299200,0.049254
2024-05-11,1715385600,0.049365
2024-05-12,1715472000,0.048896
2024-05-13,1715558400,0.050295
2024-05-14,1715644800,0.048927
2024-05-15,1715731200,0.052685
2024-05-16,1715817600,0.051857
2024-05-17,1715904000,0.052881
2024-05-18,1715990400,0.052890
2024-05-19,1716076800,0.051799
2024-05-20,1716163200,0.055794
2024-05-21,1716249600,0.056596
2024-05-22,1716336000,0.054549
2024-05-23,1716422400,0.053518
2024-05-24,1716508800,0.053495
2024-05-25,1716595200,0.053779
2024-05-26,1716681600,0.052882
2024-05-27,1716768000,0.054689
2024-05-28,1716854400,0.053081
2024-05-29,1716940800,0.055018
2024-05-30,1717027200,0.056086
2024-05-31,1717113600,0.057588
2024-06-01,1717200000,0.055483
2024-06-02,1717286400,0.054519
2024-06-03,1717372800,0.055892
2024-06-04,1717459200,0.057001
2024-06-05,1717545600,0.060963
2024-06-06,1717632000,0.061310
2024-06-07,1717718400,0.089933
2024-06-08,1717804800,0.066204
2024-06-09,1717891200,0.060283
2024-06-10,1717977600,0.060068
2024-06-11,1718064000,0.056308
2024-06-12,1718150400,0.056540
2024-06-13,1718236800,0.056447
2024-06-14,1718323200,0.056103
2024-06-15,1718409600,0.054970
2024-06-16,1718496000,0.053619
2024-06-17,1718582400,0.053192
2024-06-18,1718668800,0.052609
2024-06-19,1718755200,0.052505
2024-06-20,1718841600,0.052397
2024-06-21,1718928000,0.051182
2024-06-22,1719014400,0.050390
2024-06-23,1719100800,0.049578
2024-06-24,1719187200,0.047146
2024-06-25,1719273600,0.049260
2024-06-26,1719360000,0.048002
2024-06-27,1719446400,0.048355
2024-06-28,1719532800,0.047227
2024-06-29,1719619200,0.047241
2024-06-30,1719705600,0.048834
2024-07-01,1719792000,0.049189
2024-07-02,1719878400,0.048416
2024-07-03,1719964800,0.046757
2024-07-04,1720051200,0.044806
2024-07-05,1720137600,0.046365
2024-07-06,1720224000,0.047443
2024-07-07,1720310400,0.045652
2024-07-08,1720396800,0.046129
2024-07-09,1720483200,0.047119
2024-07-10,1720569600,0.047390
2024-07-11,1720656000,0.046582
2024-07-12,1720742400,0.046959
2024-07-13,1720828800,0.048827
2024-07-14,1720915200,0.049454
2024-07-15,1721001600,0.052619
2024-07-16,1721088000,0.052864
2024-07-17,1721174400,0.052204
2024-07-18,1721260800,0.051260
2024-07-19,1721347200,0.052509
2024-07-20,1721433600,0.052474
2024-07-21,1721520000,0.053168
2024-07-22,1721606400,0.052967
2024-07-23,1721692800,0.051587
2024-07-24,1721779200,0.051239
2024-07-25,1721865600,0.051416
2024-07-26,1721952000,0.053125
2024-07-27,1722038400,0.053257
2024-07-28,1722124800,0.053150
2024-07-29,1722211200,0.052235
2024-07-30,1722297600,0.051771
2024-07-31,1722384000,0.047430
2024-08-01,1722470400,0.046165
2024-08-02,1722556800,0.043627
2024-08-03,1722643200,0.042881
2024-08-04,1722729600,0.041081
2024-08-05,1722816000,0.038414
2024-08-06,1722902400,0.039571
2024-08-07,1722988800,0.039008
2024-08-08,1723075200,0.043902
2024-08-09,1723161600,0.043004
2024-08-10,1723248000,0.042882
2024-08-11,1723334400,0.041329
2024-08-12,1723420800,0.041987
2024-08-13,1723507200,0.042696
2024-08-14,1723593600,0.041661
2024-08-15,1723680000,0.042434
2024-08-16,1723766400,0.043488
2024-08-17,1723852800,0.043667
2024-08-18,1723939200,0.043190
2024-08-19,1724025600,0.043960
2024-08-20,1724112000,0.043665
2024-08-21,1724198400,0.045061
2024-08-22,1724284800,0.052475
2024-08-23,1724371200,0.047265
2024-08-24,1724457600,0.047051
2024-08-25,1724544000,0.047472
2024-08-26,1724630400,0.046494
2024-08-27,1724716800,0.043847
2024-08-28,1724803200,0.042861
2024-08-29,1724889600,0.042522
2024-08-30,1724976000,0.042300
2024-08-31,1725062400,0.042005
2024-09-01,1725148800,0.040874
2024-09-02,1725235200,0.042179
2024-09-03,1725321600,0.041230
2024-09-04,1725408000,0.041445
2024-09-05,1725494400,0.040307
2024-09-06,1725580800,0.038462
2024-09-07,1725667200,0.038486
2024-09-08,1725753600,0.039013
2024-09-09,1725840000,0.040757
2024-09-10,1725926400,0.041188
2024-09-11,1726012800,0.039806
2024-09-12,1726099200,0.040119
2024-09-13,1726185600,0.041870
2024-09-14,1726272000,0.041341
2024-09-15,1726358400,0.040624
2024-09-16,1726444800,0.040176
2024-09-17,1726531200,0.041565
2024-09-18,1726617600,0.042273
2024-09-19,1726704000,0.043854
2024-09-20,1726790400,0.043746
2024-09-21,1726876800,0.043587
2024-09-22,1726963200,0.043659
2024-09-23,1727049600,0.043702
2024-09-24,1727136000,0.044313
2024-09-25,1727222400,0.043898
2024-09-26,1727308800,0.047260
2024-09-27,1727395200,0.047965
2024-09-28,1727481600,0.047922
2024-09-29,1727568000,0.047385
2024-09-30,1727654400,0.045761
2024-10-01,1727740800,0.043973
2024-10-02,1727827200,0.043760
2024-10-03,1727913600,0.043876
2024-10-04,1728000000,0.044741
2024-10-05,1728086400,0.045230
2024-10-06,1728172800,0.045579
2024-10-07,1728259200,0.045776
2024-10-08,1728345600,0.045402
2024-10-09,1728432000,0.043358
2024-10-10,1728518400,0.043281
2024-10-11,1728604800,0.047117
2024-10-12,1728691200,0.047451
2024-10-13,1728777600,0.045289
2024-10-14,1728864000,0.047820
2024-10-15,1728950400,0.048126
2024-10-16,1729036800,0.052704
2024-10-17,1729123200,0.050704
2024-10-18,1729209600,0.049423
2024-10-19,1729296000,0.048013
2024-10-20,1729382400,0.048313
2024-10-21,1729468800,0.047612
2024-10-22,1729555200,0.048218
2024-10-23,1729641600,0.045994
2024-10-24,1729728000,0.049570
2024-10-25,1729814400,0.046702
2024-10-26,1729900800,0.045031
2024-10-27,1729987200,0.045410
2024-10-28,1730073600,0.046555
2024-10-29,1730160000,0.048874
2024-10-30,1730246400,0.048463
2024-10-31,1730332800,0.052379
2024-11-01,1730419200,0.046463
2024-11-02,1730505600,0.046219
2024-11-03,1730592000,0.045745
2024-11-04,1730678400,0.044911
2024-11-05,1730764800,0.043632
2024-11-06,1730851200,0.047629
2024-11-07,1730937600,0.047644
2024-11-08,1731024000,0.048152
2024-11-09,1731110400,0.048983
2024-11-10,1731196800,0.050848
2024-11-11,1731283200,0.057069
2024-11-12,1731369600,0.056786
2024-11-13,1731456000,0.058867
2024-11-14,1731542400,0.057306
2024-11-15,1731628800,0.061297
2024-11-16,1731715200,0.058042
2024-11-17,1731801600,0.056636
2024-11-18,1731888000,0.057948
2024-11-19,1731974400,0.059328
2024-11-20,1732060800,0.060619
2024-11-21,1732147200,0.063437
2024-11-22,1732233600,0.063447
2024-11-23,1732320000,0.061905
2024-11-24,1732406400,0.061533
2024-11-25,1732492800,0.058628
2024-11-26,1732579200,0.058704
2024-11-27,1732665600,0.060399
2024-11-28,1732752000,0.060688
2024-11-29,1732838400,0.061919
2024-11-30,1732924800,0.060438
2024-12-01,1733011200,0.062488
2024-12-02,1733097600,0.061145
2024-12-03,1733184000,0.059896
2024-12-04,1733270400,0.061373
2024-12-05,1733356800,0.060393
2024-12-06,1733443200,0.062663
2024-12-07,1733529600,0.062927
2024-12-08,1733616000,0.063007
2024-12-09,1733702400,0.060694
2024-12-10,1733788800,0.060536
2024-12-11,1733875200,0.063922
2024-12-12,1733961600,0.063079
2024-12-13,1734048000,0.062952
2024-12-14,1734134400,0.062792
2024-12-15,1734220800,0.064647
2024-12-16,1734307200,0.063039
2024-12-17,1734393600,0.063304
2024-12-18,1734480000,0.059939
2024-12-19,1734566400,0.059407
2024-12-20,1734652800,0.058357
2024-12-21,1734739200,0.057568
2024-12-22,1734825600,0.056054
2024-12-23,1734912000,0.056307
2024-12-24,1734998400,0.058457
2024-12-25,1735084800,0.058416
2024-12-26,1735171200,0.056441
2024-12-27,1735257600,0.055334
2024-12-28,1735344000,0.055789
2024-12-29,1735430400,0.054805
2024-12-30,1735516800,0.053715
2024-12-31,1735603200,0.054280
2025-01-01,1735689600,0.054661
2025-01-02,1735776000,0.056062
2025-01-03,1735862400,0.056954
2025-01-04,1735948800,0.056978
2025-01-05,1736035200,0.057033
2025-01-06,1736121600,0.059451
2025-01-07,1736208000,0.056491
2025-01-08,1736294400,0.055471
2025-01-09,1736380800,0.053682
2025-01-10,1736467200,0.055106
2025-01-11,1736553600,0.054875
2025-01-12,1736640000,0.054446
2025-01-13,1736726400,0.054746
2025-01-14,1736812800,0.055713
2025-01-15,1736899200,0.058008
2025-01-16,1736985600,0.057990
2025-01-17,1737072000,0.060469
2025-01-18,1737158400,0.060316
2025-01-19,1737244800,0.058241
2025-01-20,1737331200,0.059956
2025-01-21,1737417600,0.061775
2025-01-22,1737504000,0.060040
2025-01-23,1737590400,0.060234
2025-01-24,1737676800,0.060506
2025-01-25,1737763200,0.060451
2025-01-26,1737849600,0.059111
2025-01-27,1737936000,0.059819
2025-01-28,1738022400,0.059436
2025-01-29,1738108800,0.061003
2025-01-30,1738195200,0.061716
2025-01-31,1738281600,0.060238
2025-02-01,1738368000,0.058976
2025-02-02,1738454400,0.057140
2025-02-03,1738540800,0.059836
2025-02-04,1738627200,0.057628
2025-02-05,1738713600,0.056804
2025-02-06,1738800000,0.056796
2025-02-07,1738886400,0.056602
2025-02-08,1738972800,0.056684
2025-02-09,1739059200,0.054438
2025-02-10,1739145600,0.054196
2025-02-11,1739232000,0.053455
2025-02-12,1739318400,0.054428
2025-02-13,1739404800,0.053762
2025-02-14,1739491200,0.054174
2025-02-15,1739577600,0.054140
2025-02-16,1739664000,0.053456
2025-02-17,1739750400,0.053506
2025-02-18,1739836800,0.053111
2025-02-19,1739923200,0.053924
2025-02-20,1740009600,0.054885
2025-02-21,1740096000,0.053642
2025-02-22,1740182400,0.053967
2025-02-23,1740268800,0.054825
2025-02-24,1740355200,0.053967
2025-02-25,1740441600,0.051727
2025-02-26,1740528000,0.048807
2025-02-27,1740614400,0.048976
2025-02-28,1740700800,0.048564
2025-03-01,1740787200,0.049393
2025-03-02,1740873600,0.054406
2025-03-03,1740960000,0.049700
2025-03-04,1741046400,0.050222
2025-03-05,1741132800,0.052111
2025-03-06,1741219200,0.051797
2025-03-07,1741305600,0.049844
2025-03-08,1741392000,0.049489
2025-03-09,1741478400,0.046020
2025-03-10,1741564800,0.044774
2025-03-11,1741651200,0.047038
2025-03-12,1741737600,0.047386
2025-03-13,1741824000,0.045972
2025-03-14,1741910400,0.047726
2025-03-15,1741996800,0.047854
2025-03-16,1742083200,0.046659
2025-03-17,1742169600,0.047599
2025-03-18,1742256000,0.046807
2025-03-19,1742342400,0.049189
2025-03-20,1742428800,0.047746
2025-03-21,1742515200,0.047639
2025-03-22,1742601600,0.047969
2025-03-23,1742688000,0.048251
2025-03-24,1742774400,0.048880
2025-03-25,1742860800,0.049696
2025-03-26,1742947200,0.048945
2025-03-27,1743033600,0.048736
2025-03-28,1743120000,0.047190
2025-03-29,1743206400,0.046014
2025-03-30,1743292800,0.045772
2025-03-31,1743379200,0.046055
2025-04-01,1743465600,0.047577
2025-04-02,1743552000,0.046005
2025-04-03,1743638400,0.046377
2025-04-04,1743724800,0.046753
2025-04-05,1743811200,0.045288
2025-04-06,1743897600,0.040697
2025-04-07,1743984000,0.041768
2025-04-08,1744070400,0.040084
2025-04-09,1744156800,0.043392
2025-04-10,1744243200,0.041632
2025-04-11,1744329600,0.043842
2025-04-12,1744416000,0.044655
2025-04-13,1744502400,0.043570
2025-04-14,1744588800,0.044367
2025-04-15,1744675200,0.043841
2025-04-16,1744761600,0.044087
2025-04-17,1744848000,0.044501
2025-04-18,1744934400,0.044230
2025-04-19,1745020800,0.044249
2025-04-20,1745107200,0.044039
2025-04-21,1745193600,0.045290
2025-04-22,1745280000,0.048324
2025-04-23,1745366400,0.049324
2025-04-24,1745452800,0.048829
2025-04-25,1745539200,0.048994
2025-04-26,1745625600,0.048825
2025-04-27,1745712000,0.048441
2025-04-28,1745798400,0.049228
2025-04-29,1745884800,0.048661
2025-04-30,1745971200,0.048839
2025-05-01,1746057600,0.049816
2025-05-02,1746144000,0.049957
2025-05-03,1746230400,0.049599
2025-05-04,1746316800,0.050196
2025-05-05,1746403200,0.050534
2025-05-06,1746489600,0.051649
2025-05-07,1746576000,0.051988
2025-05-08,1746662400,0.055106
2025-05-09,1746748800,0.055178
2025-05-10,1746835200,0.055711
2025-05-11,1746921600,0.055273
2025-05-12,1747008000,0.055914
2025-05-13,1747094400,0.055775
2025-05-14,1747180800,0.055528
2025-05-15,1747267200,0.055396
2025-05-16,1747353600,0.056255
2025-05-17,1747440000,0.054850
2025-05-18,1747526400,0.055425
2025-05-19,1747612800,0.055427
2025-05-20,1747699200,0.056104
2025-05-21,1747785600,0.057683
2025-05-22,1747872000,0.058600
2025-05-23,1747958400,0.056138
2025-05-24,1748044800,0.056414
2025-05-25,1748131200,0.056774
2025-05-26,1748217600,0.057102
2025-05-27,1748304000,0.057099
2025-05-28,1748390400,0.056622
2025-05-29,1748476800,0.055223
2025-05-30,1748563200,0.054306
2025-05-31,1748649600,0.052251
2025-06-01,1748736000,0.052790
2025-06-02,1748822400,0.053023
2025-06-03,1748908800,0.052790
2025-06-04,1748995200,0.052482
2025-06-05,1749081600,0.050928
2025-06-06,1749168000,0.052233
2025-06-07,1749254400,0.052705
2025-06-08,1749340800,0.052707
2025-06-09,1749427200,0.055176
2025-06-10,1749513600,0.055030
2025-06-11,1749600000,0.054374
2025-06-12,1749686400,0.053030
2025-06-13,1749772800,0.053248
2025-06-14,1749859200,0.052765
2025-06-15,1749945600,0.052802
2025-06-16,1750032000,0.053918
2025-06-17,1750118400,0.052899
2025-06-18,1750204800,0.052959
2025-06-19,1750291200,0.052742
2025-06-20,1750377600,0.051926
2025-06-21,1750464000,0.050902
2025-06-22,1750550400,0.050590
2025-06-23,1750636800,0.053253
2025-06-24,1750723200,0.053581
2025-06-25,1750809600,0.053935
2025-06-26,1750896000,0.054043
2025-06-27,1750982400,0.053901
2025-06-28,1751068800,0.053842
2025-06-29,1751155200,0.057940
2025-06-30,1751241600,0.058146
