d,unixTs,hashrate
2020-01-01,1577836800,112929774.50
2020-01-02,1577923200,96717718.31
2020-01-03,1578009600,115924073.72
2020-01-04,1578096000,115238132.46
2020-01-05,1578182400,111808426.13
2020-01-06,1578268800,92602070.72
2020-01-07,1578355200,120725662.57
2020-01-08,1578441600,97403659.58
2020-01-09,1578528000,107692778.55
2020-01-10,1578614400,102205248.43
2020-01-11,1578700800,111808426.13
2020-01-12,1578787200,103577130.96
2020-01-13,1578873600,98089600.84
2020-01-14,1578960000,99850250.97
2020-01-15,1579046400,110915119.37
2020-01-16,1579132800,116791417.08
2020-01-17,1579219200,116791417.08
2020-01-18,1579305600,96958912.29
2020-01-19,1579392000,110180582.15
2020-01-20,1579478400,111649656.58
2020-01-21,1579564800,112384193.79
2020-01-22,1579651200,114587805.44
2020-01-23,1579737600,116791417.08
2020-01-24,1579824000,111649656.58
2020-01-25,1579910400,120464103.15
2020-01-26,1579996800,105038821.65
2020-01-27,1580083200,94755300.65
2020-01-28,1580169600,107492950.69
2020-01-29,1580256000,123011831.71
2020-01-30,1580342400,119936535.92
2020-01-31,1580428800,110710648.54
2020-02-01,1580515200,116092416.18
2020-02-02,1580601600,109941824.59
2020-02-03,1580688000,113785944.33
2020-02-04,1580774400,101484761.16
2020-02-05,1580860800,122243007.76
2020-02-06,1580947200,103791233.01
2020-02-07,1581033600,106866528.80
2020-02-08,1581120000,106866528.80
2020-02-09,1581206400,117630064.08
2020-02-10,1581292800,93796521.68
2020-02-11,1581379200,114210895.75
2020-02-12,1581465600,109742275.19
2020-02-13,1581552000,108969442.27
2020-02-14,1581638400,104332444.72
2020-02-15,1581724800,109742275.19
2020-02-16,1581811200,109742275.19
2020-02-17,1581897600,121334769.05
2020-02-18,1581984000,115924938.58
2020-02-19,1582070400,108969442.27
2020-02-20,1582156800,97376948.41
2020-02-21,1582243200,119016270.28
2020-02-22,1582329600,114379272.73
2020-02-23,1582416000,109742275.19
2020-02-24,1582502400,108969442.27
2020-02-25,1582588800,111005384.34
2020-02-26,1582675200,104700775.43
2020-02-27,1582761600,113169220.50
2020-02-28,1582848000,121637665.57
2020-02-29,1582934400,107010351.36
2020-03-01,1583020800,136264979.78
2020-03-02,1583107200,114708937.78
2020-03-03,1583193600,117788372.36
2020-03-04,1583280000,128566393.36
2020-03-05,1583366400,125486958.78
2020-03-06,1583452800,119328089.64
2020-03-07,1583539200,120867806.93
2020-03-08,1583625600,121637665.57
2020-03-09,1583712000,120142063.45
2020-03-10,1583798400,108616241.39
2020-03-11,1583884800,97919187.32
2020-03-12,1583971200,124250397.35
2020-03-13,1584057600,102856289.20
2020-03-14,1584144000,105324840.14
2020-03-15,1584230400,97919187.32
2020-03-16,1584316800,97919187.32
2020-03-17,1584403200,101210588.57
2020-03-18,1584489600,82285031.36
2020-03-19,1584576000,88044983.55
2020-03-20,1584662400,89690684.18
2020-03-21,1584748800,102033438.88
2020-03-22,1584835200,104501989.82
2020-03-23,1584921600,92159235.12
2020-03-24,1585008000,108616241.39
2020-03-25,1585094400,75702228.85
2020-03-26,1585180800,111836546.40
2020-03-27,1585267200,107197274.86
2020-03-28,1585353600,93365368.43
2020-03-29,1585440000,104430893.58
2020-03-30,1585526400,101664512.29
2020-03-31,1585612800,109963656.15
2020-04-01,1585699200,105814084.22
2020-04-02,1585785600,105814084.22
2020-04-03,1585872000,91290582.46
2020-04-04,1585958400,108580465.51
2020-04-05,1586044800,121029181.30
2020-04-06,1586131200,88524201.18
2020-04-07,1586217600,116188014.05
2020-04-08,1586304000,103260704.52
2020-04-09,1586390400,112650577.83
2020-04-10,1586476800,119234053.15
2020-04-11,1586563200,116308064.12
2020-04-12,1586649600,111919080.57
2020-04-13,1586736000,125086031.22
2020-04-14,1586822400,122891539.45
2020-04-15,1586908800,123623036.71
2020-04-16,1586995200,112650577.83
2020-04-17,1587081600,92900151.84
2020-04-18,1587168000,115576566.86
2020-04-19,1587254400,111187583.31
2020-04-20,1587340800,117771058.64
2020-04-21,1587427200,116039619.81
2020-04-22,1587513600,103923467.23
2020-04-23,1587600000,112649865.25
2020-04-24,1587686400,114236483.07
2020-04-25,1587772800,107890011.78
2020-04-26,1587859200,108683320.69
2020-04-27,1587945600,111856556.34
2020-04-28,1588032000,122169572.17
2020-04-29,1588118400,115029791.98
2020-04-30,1588204800,107096702.87
2020-05-01,1588291200,111856556.34
2020-05-02,1588377600,117409718.71
2020-05-03,1588464000,133275896.91
2020-05-04,1588550400,125342807.81
2020-05-05,1588636800,126330903.88
2020-05-06,1588723200,123288445.66
2020-05-07,1588809600,117684425.40
2020-05-08,1588896000,109678682.17
2020-05-09,1588982400,108878107.85
2020-05-10,1589068800,136097634.81
2020-05-11,1589155200,125690168.62
2020-05-12,1589241600,116883851.08
2020-05-13,1589328000,95268344.37
2020-05-14,1589414400,91265472.76
2020-05-15,1589500800,100071790.30
2020-05-16,1589587200,100872364.63
2020-05-17,1589673600,81658580.89
2020-05-18,1589760000,102473513.27
2020-05-19,1589846400,92066047.08
2020-05-20,1589932800,86731596.76
2020-05-21,1590019200,98579623.70
2020-05-22,1590105600,83529299.47
2020-05-23,1590192000,89549429.17
2020-05-24,1590278400,87291880.53
2020-05-25,1590364800,94064526.43
2020-05-26,1590451200,93312010.22
2020-05-27,1590537600,103847237.18
2020-05-28,1590624000,98579623.70
2020-05-29,1590710400,95569558.86
2020-05-30,1590796800,117392528.99
2020-05-31,1590883200,112877431.72
2020-06-01,1590969600,100837172.34
2020-06-02,1591056000,97074591.28
2020-06-03,1591142400,104599753.40
2020-06-04,1591228800,108319274.22
2020-06-05,1591315200,122192367.73
2020-06-06,1591401600,133797229.46
2020-06-07,1591488000,108539589.21
2020-06-08,1591574400,110587505.99
2020-06-09,1591660800,109222228.13
2020-06-10,1591747200,111952783.84
2020-06-11,1591833600,126288201.28
2020-06-12,1591920000,111270144.91
2020-06-13,1592006400,107856950.28
2020-06-14,1592092800,116048617.39
2020-06-15,1592179200,94204171.77
2020-06-16,1592265600,106884937.54
2020-06-17,1592352000,108283617.57
2020-06-18,1592438400,96513659.14
2020-06-19,1592524800,112206937.05
2020-06-20,1592611200,107498953.68
2020-06-21,1592697600,114560928.74
2020-06-22,1592784000,112206937.05
2020-06-23,1592870400,123976895.48
2020-06-24,1592956800,109068281.47
2020-06-25,1593043200,110637609.26
2020-06-26,1593129600,128684878.86
2020-06-27,1593216000,108283617.57
2020-06-28,1593302400,117699584.32
2020-06-29,1593388800,113776264.84
2020-06-30,1593475200,115344545.22
2020-07-01,1593561600,127111309.04
2020-07-02,1593648000,128680584.46
2020-07-03,1593734400,127895946.75
2020-07-04,1593820800,123188120.49
2020-07-05,1593907200,127895946.75
2020-07-06,1593993600,120834207.36
2020-07-07,1594080000,126326671.33
2020-07-08,1594166400,118480294.23
2020-07-09,1594252800,128680584.46
2020-07-10,1594339200,126326671.33
2020-07-11,1594425600,122403482.78
2020-07-12,1594512000,119264931.94
2020-07-13,1594598400,121474836.13
2020-07-14,1594684800,124167138.54
2020-07-15,1594771200,118993507.77
2020-07-16,1594857600,117268964.18
2020-07-17,1594944000,101748071.86
2020-07-18,1595030400,112095333.41
2020-07-19,1595116800,112957605.20
2020-07-20,1595203200,121580323.16
2020-07-21,1595289600,107783974.43
2020-07-22,1595376000,124167138.54
2020-07-23,1595462400,117268964.18
2020-07-24,1595548800,138825759.06
2020-07-25,1595635200,122442594.95
2020-07-26,1595721600,136238943.68
2020-07-27,1595808000,128082098.08
2020-07-28,1595894400,121437040.40
2020-07-29,1595980800,123949530.89
2020-07-30,1596067200,113062072.09
2020-07-31,1596153600,128137015.04
2020-08-01,1596240000,114737065.75
2020-08-02,1596326400,118087053.07
2020-08-03,1596412800,135674486.51
2020-08-04,1596499200,121437040.40
2020-08-05,1596585600,108037091.11
2020-08-06,1596672000,130649505.53
2020-08-07,1596758400,127299518.21
2020-08-08,1596844800,118924549.90
2020-08-09,1596931200,130649505.53
2020-08-10,1597017600,114926419.50
2020-08-11,1597104000,129741892.84
2020-08-12,1597190400,132269332.31
2020-08-13,1597276800,123844534.08
2020-08-14,1597363200,140694130.55
2020-08-15,1597449600,131426852.49
2020-08-16,1597536000,128056933.19
2020-08-17,1597622400,105309977.96
2020-08-18,1597708800,117947175.31
2020-08-19,1597795200,116262215.66
2020-08-20,1597881600,123002054.25
2020-08-21,1597968000,130584372.67
2020-08-22,1598054400,114577256.02
2020-08-23,1598140800,132269332.31
2020-08-24,1598227200,128593100.90
2020-08-25,1598313600,111720008.70
2020-08-26,1598400000,123939384.65
2020-08-27,1598486400,112592821.26
2020-08-28,1598572800,142268448.57
2020-08-29,1598659200,127430634.92
2020-08-30,1598745600,110847196.13
2020-08-31,1598832000,130921885.19
2020-09-01,1598918400,134413135.46
2020-09-02,1599004800,125685009.78
2020-09-03,1599091200,112592821.26
2020-09-04,1599177600,117829696.67
2020-09-05,1599264000,123066572.08
2020-09-06,1599350400,130921885.19
2020-09-07,1599436800,151709442.07
2020-09-08,1599523200,133652505.33
2020-09-09,1599609600,128478859.96
2020-09-10,1599696000,136239328.01
2020-09-11,1599782400,118993843.45
2020-09-12,1599868800,146586618.75
2020-09-13,1599955200,139688424.92
2020-09-14,1600041600,151760264.12
2020-09-15,1600128000,134514779.56
2020-09-16,1600214400,133652505.33
2020-09-17,1600300800,153484812.57
2020-09-18,1600387200,142275247.61
2020-09-19,1600473600,128478859.96
2020-09-20,1600560000,135654384.58
2020-09-21,1600646400,139219832.76
2020-09-22,1600732800,123857644.32
2020-09-23,1600819200,136339422.43
2020-09-24,1600905600,131538738.54
2020-09-25,1600992000,162263115.42
2020-09-26,1601078400,144020516.65
2020-09-27,1601164800,145940790.20
2020-09-28,1601251200,123857644.32
2020-09-29,1601337600,135379285.65
2020-09-30,1601424000,149781337.31
2020-10-01,1601510400,119056960.43
2020-10-02,1601596800,130578601.76
2020-10-03,1601683200,144980653.43
2020-10-04,1601769600,151587945.75
2020-10-05,1601856000,134303836.43
2020-10-06,1601942400,124710705.26
2020-10-07,1602028800,144856280.72
2020-10-08,1602115200,155408725.01
2020-10-09,1602201600,136222462.67
2020-10-10,1602288000,137181775.78
2020-10-11,1602374400,134303836.43
2020-10-12,1602460800,142937654.49
2020-10-13,1602547200,159245977.48
2020-10-14,1602633600,142937654.49
2020-10-15,1602720000,144856280.72
2020-10-16,1602806400,148693533.19
2020-10-17,1602892800,152593470.69
2020-10-18,1602979200,119288755.70
2020-10-19,1603065600,124259120.52
2020-10-20,1603152000,143146506.84
2020-10-21,1603238400,129229485.34
2020-10-22,1603324800,136187996.09
2020-10-23,1603411200,130223558.30
2020-10-24,1603497600,151099090.55
2020-10-25,1603584000,116306536.81
2020-10-26,1603670400,109348026.06
2020-10-27,1603756800,98413223.45
2020-10-28,1603843200,99407296.42
2020-10-29,1603929600,107359880.13
2020-10-30,1604016000,110342099.02
2020-10-31,1604102400,112330244.95
2020-11-01,1604188800,124259120.52
2020-11-02,1604275200,94436931.60
2020-11-03,1604361600,123534519.48
2020-11-04,1604448000,132689483.09
2020-11-05,1604534400,122675182.48
2020-11-06,1604620800,127682332.79
2020-11-07,1604707200,121840657.43
2020-11-08,1604793600,115164457.02
2020-11-09,1604880000,154387134.42
2020-11-10,1604966400,122675182.48
2020-11-11,1605052800,122675182.48
2020-11-12,1605139200,133524008.14
2020-11-13,1605225600,115998982.34
2020-11-14,1605312000,118502557.09
2020-11-15,1605398400,125178757.63
2020-11-16,1605484800,135735925.23
2020-11-17,1605571200,137334451.15
2020-11-18,1605657600,147831351.57
2020-11-19,1605744000,119839616.50
2020-11-20,1605830400,146956610.27
2020-11-21,1605916800,147831351.57
2020-11-22,1606003200,152205060.20
2020-11-23,1606089600,128587033.62
2020-11-24,1606176000,118964874.64
2020-11-25,1606262400,135584967.56
2020-11-26,1606348800,131211259.21
2020-11-27,1606435200,134710225.69
2020-11-28,1606521600,134710225.69
2020-11-29,1606608000,135787629.28
2020-11-30,1606694400,107610727.92
2020-12-01,1606780800,144750713.66
2020-12-02,1606867200,124752259.80
2020-12-03,1606953600,149512250.29
2020-12-04,1607040000,137132255.05
2020-12-05,1607126400,137132255.05
2020-12-06,1607212800,129513796.43
2020-12-07,1607299200,142846099.01
2020-12-08,1607385600,137132255.05
2020-12-09,1607472000,132370718.72
2020-12-10,1607558400,123799952.47
2020-12-11,1607644800,131418411.08
2020-12-12,1607731200,125704567.12
2020-12-13,1607817600,148342069.04
2020-12-14,1607904000,134574370.80
2020-12-15,1607990400,129933875.83
2020-12-16,1608076800,132718173.76
2020-12-17,1608163200,119724785.59
2020-12-18,1608249600,145711560.75
2020-12-19,1608336000,146639659.57
2020-12-20,1608422400,140142965.92
2020-12-21,1608508800,126221478.78
2020-12-22,1608595200,132718173.76
2020-12-23,1608681600,142927263.41
2020-12-24,1608768000,116940488.25
2020-12-25,1608854400,133646272.28
2020-12-26,1608940800,127149578.49
2020-12-27,1609027200,137344635.42
2020-12-28,1609113600,147934525.67
2020-12-29,1609200000,140537799.39
2020-12-30,1609286400,159029615.09
2020-12-31,1609372800,153482070.68
2021-01-01,1609459200,137764026.73
2021-01-02,1609545600,139613208.60
2021-01-03,1609632000,146085344.10
2021-01-04,1609718400,159954206.03
2021-01-05,1609804800,145160753.61
2021-01-06,1609891200,163652569.02
2021-01-07,1609977600,155331252.40
2021-01-08,1610064000,136839436.24
2021-01-09,1610150400,134307072.20
2021-01-10,1610236800,162879650.92
2021-01-11,1610323200,157757649.32
2021-01-12,1610409600,151611247.73
2021-01-13,1610496000,155708849.34
2021-01-14,1610582400,150586847.08
2021-01-15,1610668800,158782049.81
2021-01-16,1610755200,150586846.59
2021-01-17,1610841600,136245242.43
2021-01-18,1610928000,148538046.44
2021-01-19,1611014400,152635647.72
2021-01-20,1611100800,144440445.16
2021-01-21,1611187200,132147640.82
2021-01-22,1611273600,144440445.16
2021-01-23,1611360000,160859266.69
2021-01-24,1611446400,143884925.72
2021-01-25,1611532800,144920068.40
2021-01-26,1611619200,166658079.05
2021-01-27,1611705600,146990355.43
2021-01-28,1611792000,150095785.48
2021-01-29,1611878400,157341788.91
2021-01-30,1611964800,140779494.68
2021-01-31,1612051200,149060642.13
2021-02-01,1612137600,123182058.43
2021-02-02,1612224000,158376932.26
2021-02-03,1612310400,155271502.22
2021-02-04,1612396800,165622935.53
2021-02-05,1612483200,174939225.67
2021-02-06,1612569600,169173097.29
2021-02-07,1612656000,166219497.49
2021-02-08,1612742400,172612555.62
2021-02-09,1612828800,152367873.85
2021-02-10,1612915200,152367873.85
2021-02-11,1613001600,137450738.22
2021-02-12,1613088000,151302363.40
2021-02-13,1613174400,167285007.95
2021-02-14,1613260800,157695421.52
2021-02-15,1613347200,161957460.28
2021-02-16,1613433600,128926662.25
2021-02-17,1613520000,147040324.65
2021-02-18,1613606400,145974815.72
2021-02-19,1613692800,163253417.21
2021-02-20,1613779200,157667240.26
2021-02-21,1613865600,152267677.59
2021-02-22,1613952000,143628376.07
2021-02-23,1614038400,137148899.93
2021-02-24,1614124800,171706104.45
2021-02-25,1614211200,168466365.60
2021-02-26,1614297600,150107852.21
2021-02-27,1614384000,169546279.07
2021-02-28,1614470400,141468550.69
2021-03-01,1614556800,140388638.78
2021-03-02,1614643200,154427502.97
2021-03-03,1614729600,164146716.40
2021-03-04,1614816000,138228813.40
2021-03-05,1614902400,160906977.55
2021-03-06,1614988800,162185767.01
2021-03-07,1615075200,155665152.08
2021-03-08,1615161600,165260949.11
2021-03-09,1615248000,149267953.54
2021-03-10,1615334400,158863750.58
2021-03-11,1615420800,140738357.03
2021-03-12,1615507200,159929951.10
2021-03-13,1615593600,152466553.58
2021-03-14,1615680000,167393348.62
2021-03-15,1615766400,157797551.59
2021-03-16,1615852800,158863750.58
2021-03-17,1615939200,145003154.52
2021-03-18,1616025600,162062350.61
2021-03-19,1616112000,158461331.28
2021-03-20,1616198400,167389188.35
2021-03-21,1616284800,169563074.09
2021-03-22,1616371200,164128360.51
2021-03-23,1616457600,174997789.24
2021-03-24,1616544000,165215304.17
2021-03-25,1616630400,167389188.35
2021-03-26,1616716800,147824218.20
2021-03-27,1616803200,172823903.50
2021-03-28,1616889600,172823903.50
2021-03-29,1616976000,164128360.51
2021-03-30,1617062400,158693646.93
2021-03-31,1617148800,170650017.75
2021-04-01,1617235200,157606703.27
2021-04-02,1617321600,160833893.91
2021-04-03,1617408000,150672055.36
2021-04-04,1617494400,167924581.38
2021-04-05,1617580800,179426264.29
2021-04-06,1617667200,165624244.47
2021-04-07,1617753600,180576433.57
2021-04-08,1617840000,154122561.56
2021-04-09,1617926400,174825592.12
2021-04-10,1618012800,180576433.57
2021-04-11,1618099200,166774412.10
2021-04-12,1618185600,165624244.47
2021-04-13,1618272000,163323907.56
2021-04-14,1618358400,155272729.19
2021-04-15,1618444800,198624496.43
2021-04-16,1618531200,120743465.94
2021-04-17,1618617600,106676264.94
2021-04-18,1618704000,145361065.15
2021-04-19,1618790400,113709865.44
2021-04-20,1618876800,150050132.15
2021-04-21,1618963200,118398932.44
2021-04-22,1619049600,167634132.55
2021-04-23,1619136000,158255998.56
2021-04-24,1619222400,169978664.36
2021-04-25,1619308800,165289599.05
2021-04-26,1619395200,133638399.34
2021-04-27,1619481600,166461864.96
2021-04-28,1619568000,166461864.96
2021-04-29,1619654400,143016531.65
2021-04-30,1619740800,169978664.36
2021-05-01,1619827200,158215613.46
2021-05-02,1619913600,189527186.17
2021-05-03,1620000000,181331416.76
2021-05-04,1620086400,185429300.73
2021-05-05,1620172800,160841991.03
2021-05-06,1620259200,174160117.98
2021-05-07,1620345600,176209059.23
2021-05-08,1620432000,175184588.60
2021-05-09,1620518400,190551658.27
2021-05-10,1620604800,184404830.11
2021-05-11,1620691200,176209059.23
2021-05-12,1620777600,176209059.23
2021-05-13,1620864000,186999513.86
2021-05-14,1620950400,166839066.08
2021-05-15,1621036800,153143321.72
2021-05-16,1621123200,164348930.58
2021-05-17,1621209600,150653186.22
2021-05-18,1621296000,124506764.34
2021-05-19,1621382400,155633457.22
2021-05-20,1621468800,139447577.35
2021-05-21,1621555200,136957441.85
2021-05-22,1621641600,144427848.36
2021-05-23,1621728000,148163050.71
2021-05-24,1621814400,156878524.07
2021-05-25,1621900800,153143321.72
2021-05-26,1621987200,151898253.07
2021-05-27,1622073600,145672915.21
2021-05-28,1622160000,148163050.71
2021-05-29,1622246400,144427848.36
2021-05-30,1622332800,150864303.40
2021-05-31,1622419200,147526659.52
2021-06-01,1622505600,148572947.22
2021-06-02,1622592000,173683868.40
2021-06-03,1622678400,153804388.69
2021-06-04,1622764800,137063775.07
2021-06-05,1622851200,137063775.07
2021-06-06,1622937600,156943254.78
2021-06-07,1623024000,139156351.96
2021-06-08,1623110400,155896965.58
2021-06-09,1623196800,131832333.59
2021-06-10,1623283200,123462026.03
2021-06-11,1623369600,109860278.50
2021-06-12,1623456000,138110064.27
2021-06-13,1623542400,136447345.90
2021-06-14,1623628800,133766696.22
2021-06-15,1623715200,129803238.24
2021-06-16,1623801600,121876323.70
2021-06-17,1623888000,128812374.45
2021-06-18,1623974400,122867187.48
2021-06-19,1624060800,102059035.21
2021-06-20,1624147200,104040764.20
2021-06-21,1624233600,104040764.20
2021-06-22,1624320000,90168661.26
2021-06-23,1624406400,100077306.22
2021-06-24,1624492800,104040764.20
2021-06-25,1624579200,108995085.97
2021-06-26,1624665600,88186933.70
2021-06-27,1624752000,57470136.47
2021-06-28,1624838400,87196068.49
2021-06-29,1624924800,89177797.48
2021-06-30,1625011200,87196068.49
2021-07-01,1625097600,95122984.45
2021-07-02,1625184000,89177797.48
2021-07-03,1625270400,97321703.03
2021-07-04,1625356800,82108835.96
2021-07-05,1625443200,94246664.36
2021-07-06,1625529600,101386562.69
2021-07-07,1625616000,87820755.45
2021-07-08,1625702400,99244593.40
2021-07-09,1625788800,93532673.91
2021-07-10,1625875200,114952370.97
2021-07-11,1625961600,89248735.32
2021-07-12,1626048000,89962724.75
2021-07-13,1626134400,97102623.08
2021-07-14,1626220800,121378279.88
2021-07-15,1626307200,91390704.62
2021-07-16,1626393600,107098482.18
2021-07-17,1626480000,101825980.89
2021-07-18,1626566400,97872242.09
2021-07-19,1626652800,115543619.57
2021-07-20,1626739200,82919538.22
2021-07-21,1626825600,98551910.00
2021-07-22,1626912000,103989257.22
2021-07-23,1626998400,91755226.96
2021-07-24,1627084800,104668925.13
2021-07-25,1627171200,103989257.22
2021-07-26,1627257600,101950252.50
2021-07-27,1627344000,115543619.57
2021-07-28,1627430400,106707930.83
2021-07-29,1627516800,108746935.55
2021-07-30,1627603200,112824945.96
2021-07-31,1627689600,112670630.57
2021-08-01,1627776000,110975800.33
2021-08-02,1627862400,103048958.34
2021-08-03,1627948800,121785131.92
2021-08-04,1628035200,98004602.83
2021-08-05,1628121600,115299533.17
2021-08-06,1628208000,114578911.55
2021-08-07,1628294400,120343887.64
2021-08-08,1628380800,113858288.89
2021-08-09,1628467200,109534557.09
2021-08-10,1628553600,118902643.36
2021-08-11,1628640000,105931445.86
2021-08-12,1628726400,108813934.43
2021-08-13,1628812800,108438697.16
2021-08-14,1628899200,126820808.67
2021-08-15,1628985600,140740165.71
2021-08-16,1629072000,124500916.20
2021-08-17,1629158400,133007188.96
2021-08-18,1629244800,104395177.77
2021-08-19,1629331200,119087831.92
2021-08-20,1629417600,123727617.97
2021-08-21,1629504000,131460594.72
2021-08-22,1629590400,126820808.67
2021-08-23,1629676800,152339630.27
2021-08-24,1629763200,119087831.92
2021-08-25,1629849600,131199199.27
2021-08-26,1629936000,127844614.26
2021-08-27,1630022400,127844614.26
2021-08-28,1630108800,123466374.33
2021-08-29,1630195200,136601094.12
2021-08-30,1630281600,118212485.66
2021-08-31,1630368000,126093318.04
2021-09-01,1630454400,119963781.88
2021-09-02,1630540800,130471557.97
2021-09-03,1630627200,129595910.48
2021-09-04,1630713600,135725446.64
2021-09-05,1630800000,143606279.01
2021-09-06,1630886400,150611462.65
2021-09-07,1630972800,134093473.52
2021-09-08,1631059200,129989982.27
2021-09-09,1631145600,125412870.51
2021-09-10,1631232000,124497447.36
2021-09-11,1631318400,135482517.18
2021-09-12,1631404800,134567094.04
2021-09-13,1631491200,145552163.85
2021-09-14,1631577600,153790965.55
2021-09-15,1631664000,129989982.27
2021-09-16,1631750400,124497447.36
2021-09-17,1631836800,134567094.04
2021-09-18,1631923200,141890473.91
2021-09-19,1632009600,146467585.68
2021-09-20,1632096000,150129275.62
2021-09-21,1632182400,114073685.15
2021-09-22,1632268800,126546634.44
2021-09-23,1632355200,155822347.19
2021-09-24,1632441600,139767924.24
2021-09-25,1632528000,135990412.48
2021-09-26,1632614400,131268523.46
2021-09-27,1632700800,146378569.15
2021-09-28,1632787200,143545436.01
2021-09-29,1632873600,122769122.68
2021-09-30,1632960000,161488614.83
2021-10-01,1633046400,132212900.72
2021-10-02,1633132800,177543039.13
2021-10-03,1633219200,141656680.12
2021-10-04,1633305600,147634521.78
2021-10-05,1633392000,162177735.99
2021-10-06,1633478400,129544410.62
2021-10-07,1633564800,139433297.74
2021-10-08,1633651200,118666635.50
2021-10-09,1633737600,148333295.44
2021-10-10,1633824000,157233293.14
2021-10-11,1633910400,144377740.59
2021-10-12,1633996800,132511077.47
2021-10-13,1634083200,167122178.84
2021-10-14,1634169600,135477742.90
2021-10-15,1634256000,139433297.74
2021-10-16,1634342400,131522188.05
2021-10-17,1634428800,158222181.14
2021-10-18,1634515200,146581499.01
2021-10-19,1634601600,154737198.89
2021-10-20,1634688000,148747371.36
2021-10-21,1634774400,147749067.49
2021-10-22,1634860800,157732111.93
2021-10-23,1634947200,144754153.01
2021-10-24,1635033600,152740589.71
2021-10-25,1635120000,181691420.60
2021-10-26,1635206400,149745676.67
2021-10-27,1635292800,156733808.06
2021-10-28,1635379200,152740589.71
2021-10-29,1635465600,170710070.86
2021-10-30,1635552000,154737198.89
2021-10-31,1635638400,140567236.29
2021-11-01,1635724800,159350397.35
2021-11-02,1635811200,170117315.38
2021-11-03,1635897600,173347392.03
2021-11-04,1635984000,153966938.34
2021-11-05,1636070400,166887240.28
2021-11-06,1636156800,165810547.55
2021-11-07,1636243200,164733856.36
2021-11-08,1636329600,145353402.67
2021-11-09,1636416000,163657165.18
2021-11-10,1636502400,160427088.53
2021-11-11,1636588800,170117315.38
2021-11-12,1636675200,152890245.60
2021-11-13,1636761600,164733856.36
2021-11-14,1636848000,175346393.04
2021-11-15,1636934400,170197841.19
2021-11-16,1637020800,169070703.89
2021-11-17,1637107200,167943564.96
2021-11-18,1637193600,162307875.21
2021-11-19,1637280000,154417909.24
2021-11-20,1637366400,163435012.51
2021-11-21,1637452800,148782219.49
2021-11-22,1637539200,158926461.69
2021-11-23,1637625600,148782219.49
2021-11-24,1637712000,176960669.86
2021-11-25,1637798400,146527943.26
2021-11-26,1637884800,148782219.49
2021-11-27,1637971200,161180737.91
2021-11-28,1638057600,155140985.09
2021-11-29,1638144000,158774565.89
2021-11-30,1638230400,148781761.09
2021-12-01,1638316800,152112695.49
2021-12-02,1638403200,172098305.09
2021-12-03,1638489600,186532356.83
2021-12-04,1638576000,172098305.09
2021-12-05,1638662400,184311733.36
2021-12-06,1638748800,190973602.16
2021-12-07,1638835200,170987992.56
2021-12-08,1638921600,186532356.83
2021-12-09,1639008000,180980797.36
2021-12-10,1639094400,173208616.03
2021-12-11,1639180800,176623989.86
2021-12-12,1639267200,168385593.16
2021-12-13,1639353600,169588348.36
2021-12-14,1639440000,178007627.84
2021-12-15,1639526400,169588348.36
2021-12-16,1639612800,138316737.36
2021-12-17,1639699200,179210381.31
2021-12-18,1639785600,153952542.86
2021-12-19,1639872000,179210381.31
2021-12-20,1639958400,173196610.50
2021-12-21,1640044800,193643433.34
2021-12-22,1640131200,178007627.84
2021-12-23,1640217600,182818645.18
2021-12-24,1640304000,181615889.98
2021-12-25,1640390400,177168715.85
2021-12-26,1640476800,161682279.30
2021-12-27,1640563200,178574457.27
2021-12-28,1640649600,161682279.30
2021-12-29,1640736000,174954703.60
2021-12-30,1640822400,143583516.20
2021-12-31,1640908800,179781040.66
2022-01-01,1640995200,207532476.14
2022-01-02,1641081600,190640298.18
2022-01-03,1641168000,168921783.15
2022-01-04,1641254400,177367872.13
2022-01-05,1641340800,180987625.80
2022-01-06,1641427200,176161288.74
2022-01-07,1641513600,168921783.15
2022-01-08,1641600000,174267690.69
2022-01-09,1641686400,170826077.22
2022-01-10,1641772800,172037608.91
2022-01-11,1641859200,191422128.05
2022-01-12,1641945600,168403012.11
2022-01-13,1642032000,216864310.84
2022-01-14,1642118400,192633661.48
2022-01-15,1642204800,201114388.49
2022-01-16,1642291200,212018180.62
2022-01-17,1642377600,195056726.59
2022-01-18,1642464000,164768413.57
2022-01-19,1642550400,209595115.51
2022-01-20,1642636800,204748985.29
2022-01-21,1642723200,176007153.47
2022-01-22,1642809600,177474950.52
2022-01-23,1642896000,186746029.76
2022-01-24,1642982400,198665989.07
2022-01-25,1643068800,201314869.13
2022-01-26,1643155200,172177190.40
2022-01-27,1643241600,173501629.48
2022-01-28,1643328000,203963747.28
2022-01-29,1643414400,197341548.09
2022-01-30,1643500800,193368228.95
2022-01-31,1643587200,189394909.82
2022-02-01,1643673600,203963747.28
2022-02-02,1643760000,202639308.20
2022-02-03,1643846400,194692668.03
2022-02-04,1643932800,172457231.40
2022-02-05,1644019200,157888392.03
2022-02-06,1644105600,206979739.90
2022-02-07,1644192000,180443875.52
2022-02-08,1644278400,204326153.27
2022-02-09,1644364800,185751048.78
2022-02-10,1644451200,195038601.03
2022-02-11,1644537600,188404635.41
2022-02-12,1644624000,248110329.79
2022-02-13,1644710400,209633326.53
2022-02-14,1644796800,202999360.91
2022-02-15,1644883200,232188811.93
2022-02-16,1644969600,206979739.90
2022-02-17,1645056000,213573837.40
2022-02-18,1645142400,186294129.77
2022-02-19,1645228800,207147948.84
2022-02-20,1645315200,200196675.82
2022-02-21,1645401600,171001327.93
2022-02-22,1645488000,211318714.25
2022-02-23,1645574400,208538204.64
2022-02-24,1645660800,183513620.16
2022-02-25,1645747200,186294129.77
2022-02-26,1645833600,173781837.53
2022-02-27,1645920000,189074637.38
2022-02-28,1646006400,214099221.86
2022-03-01,1646092800,225221260.29
2022-03-02,1646179200,189074637.38
2022-03-03,1646265600,204804563.21
2022-03-04,1646352000,190365287.08
2022-03-05,1646438400,168452736.32
2022-03-06,1646524800,179409010.72
2022-03-07,1646611200,202691097.01
2022-03-08,1646697600,202691097.01
2022-03-09,1646784000,188995751.55
2022-03-10,1646870400,198582492.39
2022-03-11,1646956800,188995751.55
2022-03-12,1647043200,213647371.41
2022-03-13,1647129600,206799699.66
2022-03-14,1647216000,209538768.75
2022-03-15,1647302400,190365287.08
2022-03-16,1647388800,212277837.85
2022-03-17,1647475200,217498770.49
2022-03-18,1647561600,195149455.61
2022-03-19,1647648000,211525632.97
2022-03-20,1647734400,210160950.38
2022-03-21,1647820800,208796269.75
2022-03-22,1647907200,203337543.31
2022-03-23,1647993600,197878816.87
2022-03-24,1648080000,195149455.61
2022-03-25,1648166400,212890313.60
2022-03-26,1648252800,219713722.64
2022-03-27,1648339200,178773276.28
2022-03-28,1648425600,216984359.42
2022-03-29,1648512000,206066906.53
2022-03-30,1648598400,184232002.72
2022-03-31,1648684800,194529355.78
2022-04-01,1648771200,200371606.97
2022-04-02,1648857600,191845154.95
2022-04-03,1648944000,197529456.30
2022-04-04,1649030400,224529884.60
2022-04-05,1649116800,206055906.26
2022-04-06,1649203200,213161283.96
2022-04-07,1649289600,196108379.94
2022-04-08,1649376000,190424080.64
2022-04-09,1649462400,217424508.95
2022-04-10,1649548800,198950530.61
2022-04-11,1649635200,194687305.62
2022-04-12,1649721600,217424508.95
2022-04-13,1649808000,198950530.61
2022-04-14,1649894400,194402491.26
2022-04-15,1649980800,221692722.38
2022-04-16,1650067200,188017879.76
2022-04-17,1650153600,231514551.65
2022-04-18,1650240000,188017879.76
2022-04-19,1650326400,173986693.64
2022-04-20,1650412800,224498959.61
2022-04-21,1650499200,237127026.10
2022-04-22,1650585600,189420997.36
2022-04-23,1650672000,228708314.43
2022-04-24,1650758400,239933263.32
2022-04-25,1650844800,227305196.83
2022-04-26,1650931200,196436589.40
2022-04-27,1651017600,243520196.03
2022-04-28,1651104000,195503621.29
2022-04-29,1651190400,222163205.92
2022-04-30,1651276800,222163205.92
2022-05-01,1651363200,247341701.32
2022-05-02,1651449600,236974085.32
2022-05-03,1651536000,222163205.92
2022-05-04,1651622400,216238853.31
2022-05-05,1651708800,232530821.92
2022-05-06,1651795200,210314500.69
2022-05-07,1651881600,211795589.91
2022-05-08,1651968000,229568645.62
2022-05-09,1652054400,229568645.62
2022-05-10,1652140800,227185770.44
2022-05-11,1652227200,225257596.90
2022-05-12,1652313600,209722591.14
2022-05-13,1652400000,236132103.61
2022-05-14,1652486400,219043595.94
2022-05-15,1652572800,189527081.87
2022-05-16,1652659200,254774110.97
2022-05-17,1652745600,228364598.50
2022-05-18,1652832000,208169091.46
2022-05-19,1652918400,189527081.87
2022-05-20,1653004800,198848086.66
2022-05-21,1653091200,209722591.14
2022-05-22,1653177600,189527081.87
2022-05-23,1653264000,248560107.77
2022-05-24,1653350400,186420080.27
2022-05-25,1653436800,219464677.39
2022-05-26,1653523200,209555370.57
2022-05-27,1653609600,205096744.25
2022-05-28,1653696000,219958828.41
2022-05-29,1653782400,221445035.76
2022-05-30,1653868800,228876076.77
2022-05-31,1653955200,216986411.58
2022-06-01,1654041600,202124327.42
2022-06-02,1654128000,185776038.06
2022-06-03,1654214400,212527787.40
2022-06-04,1654300800,206582953.74
2022-06-05,1654387200,216986411.58
2022-06-06,1654473600,222931245.24
2022-06-07,1654560000,240765744.09
2022-06-08,1654646400,266501680.45
2022-06-09,1654732800,219787040.62
2022-06-10,1654819200,221292430.34
2022-06-11,1654905600,231830164.92
2022-06-12,1654992000,191184616.35
2022-06-13,1655078400,200216961.20
2022-06-14,1655164800,219787040.62
2022-06-15,1655251200,248389462.72
2022-06-16,1655337600,179141492.06
2022-06-17,1655424000,162582194.25
2022-06-18,1655510400,234840946.53
2022-06-19,1655596800,200216961.20
2022-06-20,1655683200,198711571.48
2022-06-21,1655769600,225808603.85
2022-06-22,1655856000,193096459.39
2022-06-23,1655942400,223431041.44
2022-06-24,1656028800,189622395.51
2022-06-25,1656115200,221961099.21
2022-06-26,1656201600,202851865.01
2022-06-27,1656288000,199911982.66
2022-06-28,1656374400,214611394.40
2022-06-29,1656460800,221961099.21
2022-06-30,1656547200,251359920.56
2022-07-01,1656633600,196972102.43
2022-07-02,1656720000,202851865.01
2022-07-03,1656806400,227840863.90
2022-07-04,1656892800,210201571.94
2022-07-05,1656979200,173453043.66
2022-07-06,1657065600,186599522.89
2022-07-07,1657152000,227523378.27
2022-07-08,1657238400,214480636.87
2022-07-09,1657324800,194191928.48
2022-07-10,1657411200,221726603.85
2022-07-11,1657497600,178250799.87
2022-07-12,1657584000,218828216.64
2022-07-13,1657670400,159411284.05
2022-07-14,1657756800,179699992.43
2022-07-15,1657843200,205785475.24
2022-07-16,1657929600,214480636.87
2022-07-17,1658016000,179699992.43
2022-07-18,1658102400,189844346.62
2022-07-19,1658188800,199988700.82
2022-07-20,1658275200,182598379.64
2022-07-21,1658361600,198824710.57
2022-07-22,1658448000,181711863.30
2022-07-23,1658534400,211997172.20
2022-07-24,1658620800,216126988.58
2022-07-25,1658707200,195477912.62
2022-07-26,1658793600,220256802.98
2022-07-27,1658880000,227139827.64
2022-07-28,1658966400,194101308.48
2022-07-29,1659052800,200984333.14
2022-07-30,1659139200,177582046.92
2022-07-31,1659225600,209243963.92
2022-08-01,1659312000,187218281.84
2022-08-02,1659398400,213373778.32
2022-08-03,1659484800,199607727.02
2022-08-04,1659571200,183293576.20
2022-08-05,1659657600,210085555.71
2022-08-06,1659744000,225491829.97
2022-08-07,1659830400,222690689.01
2022-08-08,1659916800,201682132.84
2022-08-09,1660003200,200281563.37
2022-08-10,1660089600,207284414.75
2022-08-11,1660176000,196079850.92
2022-08-12,1660262400,215687835.61
2022-08-13,1660348800,194679281.45
2022-08-14,1660435200,186275858.58
2022-08-15,1660521600,203082702.31
2022-08-16,1660608000,207284414.75
2022-08-17,1660694400,180673576.66
2022-08-18,1660780800,202447354.28
2022-08-19,1660867200,250867150.56
2022-08-20,1660953600,209995535.88
2022-08-21,1661040000,205767438.51
2022-08-22,1661126400,204358071.37
2022-08-23,1661212800,242410953.79
2022-08-24,1661299200,205767438.51
2022-08-25,1661385600,224089197.17
2022-08-26,1661472000,248048418.30
2022-08-27,1661558400,204358071.37
2022-08-28,1661644800,226907929.42
2022-08-29,1661731200,221270464.91
2022-08-30,1661817600,228317294.54
2022-08-31,1661904000,220515247.03
2022-09-01,1661990400,212503107.42
2022-09-02,1662076800,198644209.06
2022-09-03,1662163200,226362005.78
2022-09-04,1662249600,258699436.76
2022-09-05,1662336000,235601272.09
2022-09-06,1662422400,218662618.29
2022-09-07,1662508800,224822129.17
2022-09-08,1662595200,195564453.62
2022-09-09,1662681600,226362005.78
2022-09-10,1662768000,241760782.96
2022-09-11,1662854400,281797599.21
2022-09-12,1662940800,235601272.09
2022-09-13,1663027200,212237771.67
2022-09-14,1663113600,202308898.96
2022-09-15,1663200000,234168568.50
2022-09-16,1663286400,203901883.69
2022-09-17,1663372800,270807189.96
2022-09-18,1663459200,245319452.49
2022-09-19,1663545600,207087850.88
2022-09-20,1663632000,242133487.60
2022-09-21,1663718400,224610669.24
2022-09-22,1663804800,203901883.69
2022-09-23,1663891200,215052767.69
2022-09-24,1663977600,232575586.05
2022-09-25,1664064000,234168568.50
2022-09-26,1664150400,238947520.42
2022-09-27,1664236800,205494866.14
2022-09-28,1664323200,234113533.83
2022-09-29,1664409600,222928607.67
2022-09-30,1664496000,263461080.37
2022-10-01,1664582400,282168375.28
2022-10-02,1664668800,244753785.45
2022-10-03,1664755200,240076960.04
2022-10-04,1664841600,254107431.79
2022-10-05,1664928000,272814728.95
2022-10-06,1665014400,247871668.31
2022-10-07,1665100800,266578963.23
2022-10-08,1665187200,272814728.95
2022-10-09,1665273600,246312725.76
2022-10-10,1665360000,282818946.67
2022-10-11,1665446400,277924882.77
2022-10-12,1665532800,242520438.89
2022-10-13,1665619200,253141772.82
2022-10-14,1665705600,276154659.17
2022-10-15,1665792000,269073772.44
2022-10-16,1665878400,254911993.87
2022-10-17,1665964800,265533327.80
2022-10-18,1666051200,251371549.23
2022-10-19,1666137600,267303548.84
2022-10-20,1666224000,256682214.91
2022-10-21,1666310400,276154659.17
2022-10-22,1666396800,240750215.30
2022-10-23,1666483200,274810664.85
2022-10-24,1666569600,249031191.58
2022-10-25,1666656000,223395628.20
2022-10-26,1666742400,283822315.56
2022-10-27,1666828800,247200081.04
2022-10-28,1666915200,291146762.99
2022-10-29,1667001600,261848975.90
2022-10-30,1667088000,247200081.04
2022-10-31,1667174400,316782326.36
2022-11-01,1667260800,263680086.44
2022-11-02,1667347200,223395628.20
2022-11-03,1667433600,300302320.96
2022-11-04,1667520000,236213409.89
2022-11-05,1667606400,276497868.13
2022-11-06,1667692800,250862304.75
2022-11-07,1667779200,263168681.01
2022-11-08,1667865600,297875785.75
2022-11-09,1667952000,272291362.92
2022-11-10,1668038400,268636444.99
2022-11-11,1668124800,244879482.44
2022-11-12,1668211200,305185621.59
2022-11-13,1668297600,235742186.32
2022-11-14,1668384000,224777435.18
2022-11-15,1668470400,283256116.69
2022-11-16,1668556800,274118823.19
2022-11-17,1668643200,252189315.65
2022-11-18,1668729600,254016775.93
2022-11-19,1668816000,268636444.99
2022-11-20,1668902400,272422405.82
2022-11-21,1668988800,236949653.09
2022-11-22,1669075200,231439196.90
2022-11-23,1669161600,258991483.13
2022-11-24,1669248000,236949653.09
2022-11-25,1669334400,225928740.71
2022-11-26,1669420800,200213272.33
2022-11-27,1669507200,249807385.96
2022-11-28,1669593600,255317844.79
2022-11-29,1669680000,240623291.43
2022-11-30,1669766400,253481024.30
2022-12-01,1669852800,281033310.52
2022-12-02,1669939200,229602379.05
2022-12-03,1670025600,240623291.43
2022-12-04,1670112000,257154662.64
2022-12-05,1670198400,268175577.66
2022-12-06,1670284800,230616963.69
2022-12-07,1670371200,292794731.65
2022-12-08,1670457600,284283257.40
2022-12-09,1670544000,258748834.67
2022-12-10,1670630400,262153422.41
2022-12-11,1670716800,250237357.98
2022-12-12,1670803200,243428180.05
2022-12-13,1670889600,280878667.22
2022-12-14,1670976000,251939654.30
2022-12-15,1671062400,236618999.68
2022-12-16,1671148800,221298345.06
2022-12-17,1671235200,234916703.36
2022-12-18,1671321600,246832767.79
2022-12-19,1671408000,234239565.53
2022-12-20,1671494400,246114014.59
2022-12-21,1671580800,251387888.03
2022-12-22,1671667200,237324228.90
2022-12-23,1671753600,232050357.99
2022-12-24,1671840000,156458196.47
2022-12-25,1671926400,247871973.25
2022-12-26,1672012800,226776484.55
2022-12-27,1672099200,202165083.60
2022-12-28,1672185600,295336819.03
2022-12-29,1672272000,247871973.25
2022-12-30,1672358400,277757245.11
2022-12-31,1672444800,274241330.33
2023-01-01,1672531200,272483374.20
2023-01-02,1672617600,274241330.33
2023-01-03,1672704000,261567697.33
2023-01-04,1672790400,242356483.10
2023-01-05,1672876800,266083690.58
2023-01-06,1672963200,305064103.23
2023-01-07,1673049600,260999287.23
2023-01-08,1673136000,259304487.75
2023-01-09,1673222400,257609688.26
2023-01-10,1673308800,286421296.65
2023-01-11,1673395200,249135683.49
2023-01-12,1673481600,255914886.33
2023-01-13,1673568000,269473292.00
2023-01-14,1673654400,289810898.07
2023-01-15,1673740800,281119760.75
2023-01-16,1673827200,274688842.35
2023-01-17,1673913600,291506526.63
2023-01-18,1674000000,261608421.54
2023-01-19,1674086400,270951578.88
2023-01-20,1674172800,246659370.34
2023-01-21,1674259200,257871158.07
2023-01-22,1674345600,282163369.29
2023-01-23,1674432000,295243790.10
2023-01-24,1674518400,241053473.79
2023-01-25,1674604800,327010528.27
2023-01-26,1674691200,289637896.24
2023-01-27,1674777600,287769263.16
2023-01-28,1674864000,313930107.47
2023-01-29,1674950400,311438925.90
2023-01-30,1675036800,269948141.58
2023-01-31,1675123200,224956785.12
2023-02-01,1675209600,267991996.87
2023-02-02,1675296000,283641162.98
2023-02-03,1675382400,260167412.40
2023-02-04,1675468800,266035849.34
2023-02-05,1675555200,297334187.21
2023-02-06,1675641600,289509602.74
2023-02-07,1675728000,277772726.04
2023-02-08,1675814400,269948141.58
2023-02-09,1675900800,316895645.56
2023-02-10,1675987200,287553455.22
2023-02-11,1676073600,289509602.74
2023-02-12,1676160000,315851203.96
2023-02-13,1676246400,303650130.99
2023-02-14,1676332800,299757180.27
2023-02-15,1676419200,317275457.12
2023-02-16,1676505600,348419062.88
2023-02-17,1676592000,321168407.84
2023-02-18,1676678400,327007835.32
2023-02-19,1676764800,315328983.16
2023-02-20,1676851200,286131854.15
2023-02-21,1676937600,325061358.56
2023-02-22,1677024000,272506528.03
2023-02-23,1677110400,332847260.00
2023-02-24,1677196800,262774152.63
2023-02-25,1677283200,228809606.14
2023-02-26,1677369600,359556659.21
2023-02-27,1677456000,299630547.80
2023-02-28,1677542400,293209894.22
2023-03-01,1677628800,363837095.96
2023-03-02,1677715200,308191421.30
2023-03-03,1677801600,359556659.21
2023-03-04,1677888000,325313168.30
2023-03-05,1677974400,331733821.88
2023-03-06,1678060800,282508803.89
2023-03-07,1678147200,353136002.55
2023-03-08,1678233600,284649020.72
2023-03-09,1678320000,288929457.47
2023-03-10,1678406400,291688415.56
2023-03-11,1678492800,357219694.88
2023-03-12,1678579200,348559825.89
2023-03-13,1678665600,339899953.78
2023-03-14,1678752000,316085307.04
2023-03-15,1678838400,318250273.51
2023-03-16,1678924800,290105693.83
2023-03-17,1679011200,318250273.51
2023-03-18,1679097600,350724792.36
2023-03-19,1679184000,320415243.10
2023-03-20,1679270400,333405048.14
2023-03-21,1679356800,313920337.45
2023-03-22,1679443200,344229889.84
2023-03-23,1679529600,398970829.73
2023-03-24,1679616000,377232885.49
2023-03-25,1679702400,337646717.01
2023-03-26,1679788800,335318120.44
2023-03-27,1679875200,344632513.42
2023-03-28,1679961600,312032141.34
2023-03-29,1680048000,342303913.50
2023-03-30,1680134400,360932699.46
2023-03-31,1680220800,328332327.38
2023-04-01,1680307200,326003727.46
2023-04-02,1680393600,346961109.99
2023-04-03,1680480000,305046344.93
2023-04-04,1680566400,377232885.49
2023-04-05,1680652800,323675130.89
2023-04-06,1680739200,375586794.88
2023-04-07,1680825600,338032941.79
2023-04-08,1680912000,349935509.41
2023-04-09,1680998400,347554997.26
2023-04-10,1681084800,292803183.44
2023-04-11,1681171200,366599104.77
2023-04-12,1681257600,380882187.98
2023-04-13,1681344000,338032941.79
2023-04-14,1681430400,333271914.05
2023-04-15,1681516800,376121160.24
2023-04-16,1681603200,295183695.60
2023-04-17,1681689600,368979620.35
2023-04-18,1681776000,395165271.18
2023-04-19,1681862400,330891401.90
2023-04-20,1681948800,319518832.83
2023-04-21,1682035200,351118489.41
2023-04-22,1682121600,360804517.53
2023-04-23,1682208000,355961503.47
2023-04-24,1682294400,341432464.79
2023-04-25,1682380800,302688355.83
2023-04-26,1682467200,314795889.23
2023-04-27,1682553600,314795889.23
2023-04-28,1682640000,355961503.47
2023-04-29,1682726400,331746436.68
2023-04-30,1682812800,358383012.24
2023-05-01,1682899200,440714244.22
2023-05-02,1682985600,312374380.45
2023-05-03,1683072000,341432464.79
2023-05-04,1683158400,351712781.63
2023-05-05,1683244800,283977798.86
2023-05-06,1683331200,355568839.35
2023-05-07,1683417600,331705160.33
2023-05-08,1683504000,326932423.84
2023-05-09,1683590400,360341575.84
2023-05-10,1683676800,405682570.78
2023-05-11,1683763200,360341575.84
2023-05-12,1683849600,336477896.82
2023-05-13,1683936000,346023366.37
2023-05-14,1684022400,415228040.33
2023-05-15,1684108800,350796102.86
2023-05-16,1684195200,365114312.33
2023-05-17,1684281600,381818888.33
2023-05-18,1684368000,345151895.57
2023-05-19,1684454400,369469366.94
2023-05-20,1684540800,322669911.98
2023-05-21,1684627200,371932494.47
2023-05-22,1684713600,354690591.13
2023-05-23,1684800000,379321880.61
2023-05-24,1684886400,347301205.00
2023-05-25,1684972800,371932494.47
2023-05-26,1685059200,376858753.08
2023-05-27,1685145600,357153718.66
2023-05-28,1685232000,394100656.42
2023-05-29,1685318400,399026915.02
2023-05-30,1685404800,379321880.61
2023-05-31,1685491200,350148490.61
2023-06-01,1685577600,336187210.72
2023-06-02,1685664000,417687139.48
2023-06-03,1685750400,331093464.71
2023-06-04,1685836800,376937175.10
2023-06-05,1685923200,351468445.07
2023-06-06,1686009600,384577792.27
2023-06-07,1686096000,343827827.89
2023-06-08,1686182400,392218409.45
2023-06-09,1686268800,430421502.66
2023-06-10,1686355200,392218409.45
2023-06-11,1686441600,415140264.64
2023-06-12,1686528000,399859030.29
2023-06-13,1686614400,374390300.26
2023-06-14,1686700800,312665624.10
2023-06-15,1686787200,385148461.00
2023-06-16,1686873600,398160232.47
2023-06-17,1686960000,364329623.65
2023-06-18,1687046400,392955523.13
2023-06-19,1687132800,369534332.98
2023-06-20,1687219200,353920204.97
2023-06-21,1687305600,314884890.56
2023-06-22,1687392000,356522561.51
2023-06-23,1687478400,325294309.24
2023-06-24,1687564800,379943751.66
2023-06-25,1687651200,398160232.47
2023-06-26,1687737600,379943751.66
2023-06-27,1687824000,364329623.65
2023-06-28,1687910400,280122385.03
2023-06-29,1687996800,367574940.70
2023-06-30,1688083200,397786578.42
2023-07-01,1688169600,334845664.39
2023-07-02,1688256000,430515854.74
2023-07-03,1688342400,344916211.51
2023-07-04,1688428800,354986758.62
2023-07-05,1688515200,392751304.87
2023-07-06,1688601600,349951485.07
2023-07-07,1688688000,440586401.85
2023-07-08,1688774400,448139310.38
2023-07-09,1688860800,425480581.18
2023-07-10,1688947200,387716031.31
2023-07-11,1689033600,339880937.95
2023-07-12,1689120000,383801277.42
2023-07-13,1689206400,321592672.23
2023-07-14,1689292800,369831573.25
2023-07-15,1689379200,369831573.25
2023-07-16,1689465600,415390537.05
2023-07-17,1689552000,364471694.93
2023-07-18,1689638400,434150109.24
2023-07-19,1689724800,396630964.86
2023-07-20,1689811200,343032185.51
2023-07-21,1689897600,300153162.80
2023-07-22,1689984000,359111820.47
2023-07-23,1690070400,393951023.77
2023-07-24,1690156800,401990843.18
2023-07-25,1690243200,369831573.25
2023-07-26,1690329600,380796719.35
2023-07-27,1690416000,358973120.02
2023-07-28,1690502400,364175629.44
2023-07-29,1690588800,343365595.50
2023-07-30,1690675200,437010757.57
2023-07-31,1690761600,366776886.02
2023-08-01,1690848000,361574376.60
2023-08-02,1690934400,400593191.63
2023-08-03,1691020800,392789429.38
2023-08-04,1691107200,314751795.57
2023-08-05,1691193600,400593191.63
2023-08-06,1691280000,426605738.73
2023-08-07,1691366400,379783157.70
2023-08-08,1691452800,325156814.41
2023-08-09,1691539200,421665740.35
2023-08-10,1691625600,330756211.77
2023-08-11,1691712000,393261324.22
2023-08-12,1691798400,434931397.94
2023-08-13,1691884800,351591250.51
2023-08-14,1691971200,445348917.31
2023-08-15,1692057600,445348917.31
2023-08-16,1692144000,424513878.57
2023-08-17,1692230400,406283221.56
2023-08-18,1692316800,362008769.87
2023-08-19,1692403200,364613147.84
2023-08-20,1692489600,421909500.61
2023-08-21,1692576000,429722638.26
2023-08-22,1692662400,381739775.70
2023-08-23,1692748800,392623891.48
2023-08-24,1692835200,384329021.85
2023-08-25,1692921600,373269193.02
2023-08-26,1693008000,378799107.44
2023-08-27,1693094400,320735012.07
2023-08-28,1693180800,326264922.50
2023-08-29,1693267200,436863202.80
2023-08-30,1693353600,348384580.16
2023-08-31,1693440000,398153805.89
2023-09-01,1693526400,417508504.35
2023-09-02,1693612800,420273463.54
2023-09-03,1693699200,436863202.80
2023-09-04,1693785600,411978589.93
2023-09-05,1693872000,342854665.74
2023-09-06,1693958400,364053703.25
2023-09-07,1694044800,393005454.37
2023-09-08,1694131200,358011817.20
2023-09-09,1694217600,406464544.40
2023-09-10,1694304000,395697270.83
2023-09-11,1694390400,427999091.54
2023-09-12,1694476800,379546364.34
2023-09-13,1694563200,395697270.83
2023-09-14,1694649600,436074544.78
2023-09-15,1694736000,506061819.12
2023-09-16,1694822400,417231817.97
2023-09-17,1694908800,401080907.61
2023-09-18,1694995200,419923634.42
2023-09-19,1695081600,386415687.75
2023-09-20,1695168000,414558854.20
2023-09-21,1695254400,391843298.76
2023-09-22,1695340800,366288300.92
2023-09-23,1695427200,442953294.42
2023-09-24,1695513600,414558854.20
2023-09-25,1695600000,411719407.73
2023-09-26,1695686400,386164409.89
2023-09-27,1695772800,445792740.90
2023-09-28,1695859200,414558854.20
2023-09-29,1695945600,417398296.59
2023-09-30,1696032000,391843298.76
2023-10-01,1696118400,400361634.09
2023-10-02,1696204800,445792740.90
2023-10-03,1696291200,466801497.00
2023-10-04,1696377600,373280258.57
2023-10-05,1696464000,401774937.15
2023-10-06,1696550400,455914820.29
2023-10-07,1696636800,487258964.67
2023-10-08,1696723200,421721210.10
2023-10-09,1696809600,444516948.86
2023-10-10,1696896000,461613756.00
2023-10-11,1696982400,455914820.29
2023-10-12,1697068800,470162157.53
2023-10-13,1697155200,393226531.52
2023-10-14,1697241600,416022274.39
2023-10-15,1697328000,475861093.24
2023-10-16,1697414400,417078811.48
2023-10-17,1697500800,491483968.44
2023-10-18,1697587200,439908488.33
2023-10-19,1697673600,424739231.02
2023-10-20,1697760000,406536123.99
2023-10-21,1697846400,455077750.02
2023-10-22,1697932800,464179303.53
2023-10-23,1698019200,476314711.13
2023-10-24,1698105600,382265308.79
2023-10-25,1698192000,436874638.62
2023-10-26,1698278400,455077750.02
2023-10-27,1698364800,467213153.25
2023-10-28,1698451200,485416264.64
2023-10-29,1698537600,415637677.50
2023-10-30,1698624000,482896145.82
2023-10-31,1698710400,481286783.37
2023-11-01,1698796800,462656325.77
2023-11-02,1698883200,447130946.67
2023-11-03,1698969600,422290336.54
2023-11-04,1699056000,521652772.61
2023-11-05,1699142400,506127389.04
2023-11-06,1699228800,394344652.37
2023-11-07,1699315200,412975109.97
2023-11-08,1699401600,462656325.77
2023-11-09,1699488000,444025872.64
2023-11-10,1699574400,478181704.87
2023-11-11,1699660800,496812162.47
2023-11-12,1699747200,506634196.25
2023-11-13,1699833600,389037995.74
2023-11-14,1699920000,443696223.84
2023-11-15,1700006400,475848126.80
2023-11-16,1700092800,475848126.80
2023-11-17,1700179200,482278507.39
2023-11-18,1700265600,479063314.78
2023-11-19,1700352000,546582308.68
2023-11-20,1700438400,533721547.50
2023-11-21,1700524800,488708887.98
2023-11-22,1700611200,456556985.02
2023-11-23,1700697600,472632934.19
2023-11-24,1700784000,540151928.09
2023-11-25,1700870400,511704247.86
2023-11-26,1700956800,493217212.10
2023-11-27,1701043200,439166011.38
2023-11-28,1701129600,496595410.02
2023-11-29,1701216000,459435208.61
2023-11-30,1701302400,452678812.77
2023-12-01,1701388800,570915812.84
2023-12-02,1701475200,429031407.90
2023-12-03,1701561600,557403011.45
2023-12-04,1701648000,523621012.82
2023-12-05,1701734400,466191609.31
2023-12-06,1701820800,459435208.61
2023-12-07,1701907200,388493008.57
2023-12-08,1701993600,456057010.69
2023-12-09,1702080000,530377413.51
2023-12-10,1702166400,469156589.98
2023-12-11,1702252800,528635574.13
2023-12-12,1702339200,481794448.29
2023-12-13,1702425600,498523421.11
2023-12-14,1702512000,488486038.38
2023-12-15,1702598400,545364546.96
2023-12-16,1702684800,508560808.67
2023-12-17,1702771200,501869218.57
2023-12-18,1702857600,562093524.61
2023-12-19,1702944000,542018754.32
2023-12-20,1703030400,485140240.92
2023-12-21,1703116800,488486038.38
2023-12-22,1703203200,562093524.61
2023-12-23,1703289600,561495983.99
2023-12-24,1703376000,612085087.55
2023-12-25,1703462400,497542850.09
2023-12-26,1703548800,497542850.09
2023-12-27,1703635200,461748397.66
2023-12-28,1703721600,433112840.87
2023-12-29,1703808000,540496187.85
2023-12-30,1703894400,519019516.39
2023-12-31,1703980800,558393411.49
2024-01-01,1704067200,554813968.82
2024-01-02,1704153600,468907288.15
2024-01-03,1704240000,565552301.97
2024-01-04,1704326400,608505644.89
2024-01-05,1704412800,493963402.27
2024-01-06,1704499200,509355148.23
2024-01-07,1704585600,429363545.32
2024-01-08,1704672000,447556920.06
2024-01-09,1704758400,553078470.49
2024-01-10,1704844800,483943659.06
2024-01-11,1704931200,629490625.53
2024-01-12,1705017600,611297256.03
2024-01-13,1705104000,578549188.84
2024-01-14,1705190400,465750289.56
2024-01-15,1705276800,414808852.87
2024-01-16,1705363200,454834268.91
2024-01-17,1705449600,440279571.22
2024-01-18,1705536000,516691726.25
2024-01-19,1705622400,480304987.26
2024-01-20,1705708800,512668948.52
2024-01-21,1705795200,489551346.64
2024-01-22,1705881600,559487254.03
2024-01-23,1705968000,538506480.30
2024-01-24,1706054400,524519302.85
2024-01-25,1706140800,632919954.51
2024-01-26,1706227200,531512894.10
2024-01-27,1706313600,597952003.34
2024-01-28,1706400000,559487254.03
2024-01-29,1706486400,545500071.54
2024-01-30,1706572800,503538529.13
2024-01-31,1706659200,458080188.57
2024-02-01,1706745600,535009687.20
2024-02-02,1706832000,677399664.68
2024-02-03,1706918400,566738184.03
2024-02-04,1707004800,581751117.27
2024-02-05,1707091200,585504347.88
2024-02-06,1707177600,638049614.24
2024-02-07,1707264000,600517281.13
2024-02-08,1707350400,517946153.69
2024-02-09,1707436800,623036680.99
2024-02-10,1707523200,570491420.04
2024-02-11,1707609600,514192923.08
2024-02-12,1707696000,671828711.33
2024-02-13,1707782400,506686456.46
2024-02-14,1707868800,521699389.70
2024-02-15,1707955200,606890743.63
2024-02-16,1708041600,544386619.02
2024-02-17,1708128000,609388005.41
2024-02-18,1708214400,491572990.76
2024-02-19,1708300800,552511787.20
2024-02-20,1708387200,572824725.20
2024-02-21,1708473600,560636961.23
2024-02-22,1708560000,548449203.11
2024-02-23,1708646400,645951285.61
2024-02-24,1708732800,556574377.14
2024-02-25,1708819200,666264217.76
2024-02-26,1708905600,540324029.08
2024-02-27,1708992000,524073681.02
2024-02-28,1709078400,605325415.47
2024-02-29,1709164800,540324029.08
2024-03-01,1709251200,607463923.13
2024-03-02,1709337600,500960507.60
2024-03-03,1709424000,611408497.24
2024-03-04,1709510400,508849650.12
2024-03-05,1709596800,658743346.69
2024-03-06,1709683200,552239931.16
2024-03-07,1709769600,710022770.25
2024-03-08,1709856000,607463923.13
2024-03-09,1709942400,642965061.65
2024-03-10,1710028800,564073647.78
2024-03-11,1710115200,670577063.32
2024-03-12,1710201600,556184505.26
2024-03-13,1710288000,631131350.70
2024-03-14,1710374400,580862770.29
2024-03-15,1710460800,529980319.01
2024-03-16,1710547200,600922569.47
2024-03-17,1710633600,609268716.93
2024-03-18,1710720000,600922569.47
2024-03-19,1710806400,655172524.99
2024-03-20,1710892800,621787935.13
2024-03-21,1710979200,500768805.89
2024-03-22,1711065600,563364908.88
2024-03-23,1711152000,650999448.25
2024-03-24,1711238400,709422480.52
2024-03-25,1711324800,550845690.68
2024-03-26,1711411200,559191838.15
2024-03-27,1711497600,567537979.61
2024-03-28,1711584000,630471212.22
2024-03-29,1711670400,595046224.98
2024-03-30,1711756800,640501145.61
2024-03-31,1711843200,566120367.49
2024-04-01,1711929600,619839819.67
2024-04-02,1712016000,611575288.11
2024-04-03,1712102400,586781693.42
2024-04-04,1712188800,570252630.29
2024-04-05,1712275200,611575288.11
2024-04-06,1712361600,640501145.61
2024-04-07,1712448000,702485129.36
2024-04-08,1712534400,652897939.98
2024-04-09,1712620800,603310756.55
2024-04-10,1712707200,627214744.59
2024-04-11,1712793600,566860611.60
2024-04-12,1712880000,584038201.02
2024-04-13,1712966400,704281364.05
2024-04-14,1713052800,674220574.84
2024-04-15,1713139200,605510198.61
2024-04-16,1713225600,708575759.86
2024-04-17,1713312000,588332603.01
2024-04-18,1713398400,622687788.03
2024-04-19,1713484800,648454181.43
2024-04-20,1713571200,558271813.80
2024-04-21,1713657600,601215796.62
2024-04-22,1713744000,652748583.43
2024-04-23,1713830400,721458959.65
2024-04-24,1713916800,672198686.54
2024-04-25,1714003200,626294685.53
2024-04-26,1714089600,582497851.07
2024-04-27,1714176000,613155632.04
2024-04-28,1714262400,613155632.04
2024-04-29,1714348800,573738484.18
2024-04-30,1714435200,617535318.64
2024-05-01,1714521600,578118170.78
2024-05-02,1714608000,635054046.12
2024-05-03,1714694400,564979117.28
2024-05-04,1714780800,617535318.64
2024-05-05,1714867200,608775951.75
2024-05-06,1714953600,534321336.31
2024-05-07,1715040000,534321336.31
2024-05-08,1715126400,556219750.39
2024-05-09,1715212800,612635655.65
2024-05-10,1715299200,599332434.93
2024-05-11,1715385600,657199019.74
2024-05-12,1715472000,545599186.54
2024-05-13,1715558400,607599089.91
2024-05-14,1715644800,562132490.53
2024-05-15,1715731200,582799130.94
2024-05-16,1715817600,586932455.45
2024-05-17,1715904000,640665709.80
2024-05-18,1715990400,529065876.59
2024-05-19,1716076800,636532379.34
2024-05-20,1716163200,644799034.31
2024-05-21,1716249600,570399145.50
2024-05-22,1716336000,632399054.82
2024-05-23,1716422400,706501036.65
2024-05-24,1716508800,671140034.09
2024-05-25,1716595200,671140034.09
2024-05-26,1716681600,704697038.51
2024-05-27,1716768000,515938903.74
2024-05-28,1716854400,562079781.80
2024-05-29,1716940800,574663655.44
2024-05-30,1717027200,515938903.74
2024-05-31,1717113600,620804533.50
2024-06-01,1717200000,591442157.65
2024-06-02,1717286400,587247529.07
2024-06-03,1717372800,658556160.45
2024-06-04,1717459200,562079781.80
2024-06-05,1717545600,515938903.74
2024-06-06,1717632000,554745618.72
2024-06-07,1717718400,590944002.30
2024-06-08,1717804800,715791324.87
2024-06-09,1717891200,636721355.30
2024-06-10,1717977600,578459271.84
2024-06-11,1718064000,511874032.73
2024-06-12,1718150400,607590313.57
2024-06-13,1718236800,603428732.75
2024-06-14,1718323200,532681918.83
2024-06-15,1718409600,557651385.74
2024-06-16,1718496000,678337127.50
2024-06-17,1718582400,582620846.66
2024-06-18,1718668800,632559780.48
2024-06-19,1718755200,570136116.20
2024-06-20,1718841600,553312848.26
2024-06-21,1718928000,582332777.67
2024-06-22,1719014400,632247019.86
2024-06-23,1719100800,465866224.53
2024-06-24,1719187200,632247019.86
2024-06-25,1719273600,515780460.74
2024-06-26,1719360000,503301903.18
2024-06-27,1719446400,540737581.83
2024-06-28,1719532800,561535179.75
2024-06-29,1719619200,653044617.78
2024-06-30,1719705600,503301903.18
2024-07-01,1719792000,586492300.85
2024-07-02,1719878400,615608939.13
2024-07-03,1719964800,603130375.59
2024-07-04,1720051200,582332777.67
2024-07-05,1720137600,480652547.19
2024-07-06,1720224000,652035051.07
2024-07-07,1720310400,557193592.62
2024-07-08,1720396800,628324689.31
2024-07-09,1720483200,608566046.91
2024-07-10,1720569600,537434950.22
2024-07-11,1720656000,553241861.86
2024-07-12,1720742400,592759140.96
2024-07-13,1720828800,608566046.91
2024-07-14,1720915200,659938506.89
2024-07-15,1721001600,604614321.85
2024-07-16,1721088000,580903954.39
2024-07-17,1721174400,628324689.31
2024-07-18,1721260800,515736551.87
2024-07-19,1721347200,599556359.57
2024-07-20,1721433600,672971424.24
2024-07-21,1721520000,689285884.36
2024-07-22,1721606400,730072034.67
2024-07-23,1721692800,689285884.36
2024-07-24,1721779200,571006057.29
2024-07-25,1721865600,664814194.18
2024-07-26,1721952000,652578352.03
2024-07-27,1722038400,628106661.84
2024-07-28,1722124800,603634977.53
2024-07-29,1722211200,725993416.70
2024-07-30,1722297600,611792207.59
2024-07-31,1722384000,615358184.02
2024-08-01,1722470400,630987878.52
2024-08-02,1722556800,563382038.56
2024-08-03,1722643200,608452598.53
2024-08-04,1722729600,644509051.70
2024-08-05,1722816000,703100778.36
2024-08-06,1722902400,630987878.52
2024-08-07,1722988800,549860865.38
2024-08-08,1723075200,581410258.66
2024-08-09,1723161600,585917318.55
2024-08-10,1723248000,581410258.66
2024-08-11,1723334400,725636064.84
2024-08-12,1723420800,617466711.83
2024-08-13,1723507200,671551385.09
2024-08-14,1723593600,593799520.59
2024-08-15,1723680000,690944705.11
2024-08-16,1723766400,613213425.71
2024-08-17,1723852800,643442255.90
2024-08-18,1723939200,673671086.08
2024-08-19,1724025600,561392574.85
2024-08-20,1724112000,647760663.76
2024-08-21,1724198400,634805446.38
2024-08-22,1724284800,690944705.11
2024-08-23,1724371200,708218324.14
2024-08-24,1724457600,660715874.92
2024-08-25,1724544000,574347786.01
2024-08-26,1724630400,578666193.87
2024-08-27,1724716800,613213425.71
2024-08-28,1724803200,704440301.01
2024-08-29,1724889600,587091198.73
2024-08-30,1724976000,631567801.69
2024-08-31,1725062400,653806103.17
2024-09-01,1725148800,631567801.69
2024-09-02,1725235200,742759315.48
2024-09-03,1725321600,662701425.04
2024-09-04,1725408000,671596746.91
2024-09-05,1725494400,689387390.65
2024-09-06,1725580800,644910781.29
2024-09-07,1725667200,702730370.26
2024-09-08,1725753600,742759315.48
2024-09-09,1725840000,644910781.29
2024-09-10,1725926400,609329500.21
2024-09-11,1726012800,496254188.96
2024-09-12,1726099200,700222817.51
2024-09-13,1726185600,566627674.52
2024-09-14,1726272000,640335338.47
2024-09-15,1726358400,695616084.78
2024-09-16,1726444800,575841133.34
2024-09-17,1726531200,691009358.68
2024-09-18,1726617600,635728605.74
2024-09-19,1726704000,562020941.79
2024-09-20,1726790400,667975708.31
2024-09-21,1726876800,621908420.82
2024-09-22,1726963200,626515146.92
2024-09-23,1727049600,672582441.04
2024-09-24,1727136000,667975708.31
2024-09-25,1727222400,655944699.44
2024-09-26,1727308800,571298869.59
2024-09-27,1727395200,602061115.63
2024-09-28,1727481600,566904259.39
2024-09-29,1727568000,681164035.84
2024-09-30,1727654400,602061115.63
2024-10-01,1727740800,689953249.90
2024-10-02,1727827200,681164035.84
2024-10-03,1727913600,694347853.77
2024-10-04,1728000000,742688527.93
2024-10-05,1728086400,663585607.72
2024-10-06,1728172800,667980217.92
2024-10-07,1728259200,681164035.84
2024-10-08,1728345600,733899313.87
2024-10-09,1728432000,575872986.87
2024-10-10,1728518400,709250576.20
2024-10-11,1728604800,640613421.54
2024-10-12,1728691200,654340856.42
2024-10-13,1728777600,631461800.48
2024-10-14,1728864000,636037614.30
2024-10-15,1728950400,713826383.43
2024-10-16,1729036800,645189235.36
2024-10-17,1729123200,718402197.26
2024-10-18,1729209600,622310179.42
2024-10-19,1729296000,791615159.16
2024-10-20,1729382400,791615159.16
2024-10-21,1729468800,782463538.10
2024-10-22,1729555200,639026240.62
2024-10-23,1729641600,718143297.51
2024-10-24,1729728000,699119632.46
2024-10-25,1729814400,727655130.04
2024-10-26,1729900800,694363719.62
2024-10-27,1729987200,765702460.15
2024-10-28,1730073600,798993870.56
2024-10-29,1730160000,746678795.09
2024-10-30,1730246400,803749783.40
2024-10-31,1730332800,751434707.93
2024-11-01,1730419200,727655130.04
2024-11-02,1730505600,670584141.73
2024-11-03,1730592000,627780898.79
2024-11-04,1730678400,722003987.10
2024-11-05,1730764800,702351990.31
2024-11-06,1730851200,773092476.76
2024-11-07,1730937600,788251150.35
2024-11-08,1731024000,717510663.90
2024-11-09,1731110400,702351990.31
2024-11-10,1731196800,747828018.35
2024-11-11,1731283200,687193309.44
2024-11-12,1731369600,737722233.54
2024-11-13,1731456000,697299094.26
2024-11-14,1731542400,641717281.40
2024-11-15,1731628800,757933803.17
2024-11-16,1731715200,793304046.40
2024-11-17,1731801600,757933803.17
2024-11-18,1731888000,789337179.17
2024-11-19,1731974400,889845956.74
2024-11-20,1732060800,747470599.86
2024-11-21,1732147200,732216100.21
2024-11-22,1732233600,727131269.43
2024-11-23,1732320000,701707093.59
2024-11-24,1732406400,681367763.17
2024-11-25,1732492800,859336950.13
2024-11-26,1732579200,706791931.69
2024-11-27,1732665600,676282925.07
2024-11-28,1732752000,722046431.34
2024-11-29,1732838400,615264919.16
2024-11-30,1732924800,833912781.61
2024-12-01,1733011200,803403774.99
2024-12-02,1733097600,649987948.11
2024-12-03,1733184000,811042072.28
2024-12-04,1733270400,759383337.53
2024-12-05,1733356800,800710325.33
2024-12-06,1733443200,702558733.03
2024-12-07,1733529600,733553973.88
2024-12-08,1733616000,754217467.78
2024-12-09,1733702400,862700799.59
2024-12-10,1733788800,795544448.14
2024-12-11,1733875200,733553973.88
2024-12-12,1733961600,764549214.73
2024-12-13,1734048000,878198423.73
2024-12-14,1734134400,821373819.23
2024-12-15,1734220800,707724610.23
2024-12-16,1734307200,797498864.71
2024-12-17,1734393600,733677846.69
2024-12-18,1734480000,776835370.74
2024-12-19,1734566400,782230057.36
2024-12-20,1734652800,814598200.40
2024-12-21,1734739200,782230057.36
2024-12-22,1734825600,836176962.42
2024-12-23,1734912000,749861922.09
2024-12-24,1734998400,712099092.43
2024-12-25,1735084800,814598200.40
2024-12-26,1735171200,706704398.04
2024-12-27,1735257600,852361030.06
2024-12-28,1735344000,771440684.12
2024-12-29,1735430400,853362734.12
2024-12-30,1735516800,867710158.60
2024-12-31,1735603200,703991256.01
2025-01-01,1735689600,764021519.25
2025-01-02,1735776000,911368526.87
2025-01-03,1735862400,774936113.28
2025-01-04,1735948800,813137188.45
2025-01-05,1736035200,851338263.63
2025-01-06,1736121600,725820444.07
2025-01-07,1736208000,731277745.01
2025-01-08,1736294400,682162075.81
2025-01-09,1736380800,829509083.43
2025-01-10,1736467200,774936113.28
2025-01-11,1736553600,753106925.22
2025-01-12,1736640000,939920313.70
2025-01-13,1736726400,702796045.26
2025-01-14,1736812800,845551487.38
2025-01-15,1736899200,763192581.20
2025-01-16,1736985600,702796045.26
2025-01-17,1737072000,823589117.14
2025-01-18,1737158400,713777234.33
2025-01-19,1737244800,823589117.14
2025-01-20,1737331200,834570306.21
2025-01-21,1737417600,730249013.98
2025-01-22,1737504000,823589117.14
2025-01-23,1737590400,746720793.64
2025-01-24,1737676800,768683171.78
2025-01-25,1737763200,702796045.26
2025-01-26,1737849600,752211392.13
2025-01-27,1737936000,841019046.86
2025-01-28,1738022400,795344640.92
2025-01-29,1738108800,832962291.91
2025-01-30,1738195200,779222784.97
2025-01-31,1738281600,671743786.55
2025-02-01,1738368000,988806850.46
2025-02-02,1738454400,918945495.29
2025-02-03,1738540800,822214390.53
2025-02-04,1738627200,703987482.98
2025-02-05,1738713600,773848838.14
2025-02-06,1738800000,779222784.97
2025-02-07,1738886400,929693396.68
2025-02-08,1738972800,859832041.52
2025-02-09,1739059200,796800432.70
2025-02-10,1739145600,788864729.43
2025-02-11,1739232000,703735439.56
2025-02-12,1739318400,754813011.85
2025-02-13,1739404800,896695156.19
2025-02-14,1739491200,862643446.78
2025-02-15,1739577600,908045728.72
2025-02-16,1739664000,856968156.43
2025-02-17,1739750400,777514156.90
2025-02-18,1739836800,794540011.61
2025-02-19,1739923200,715086012.08
2025-02-20,1740009600,737787157.14
2025-02-21,1740096000,732111866.79
2025-02-22,1740182400,788864729.43
2025-02-23,1740268800,727639381.14
2025-02-24,1740355200,714530231.60
2025-02-25,1740441600,807968795.72
2025-02-26,1740528000,862932663.95
2025-02-27,1740614400,824457960.14
2025-02-28,1740700800,857436273.17
2025-03-01,1740787200,791479639.20
2025-03-02,1740873600,692544684.30
2025-03-03,1740960000,824457960.14
2025-03-04,1741046400,802472412.85
2025-03-05,1741132800,736515778.89
2025-03-06,1741219200,934385688.69
2025-03-07,1741305600,780486865.56
2025-03-08,1741392000,753004935.40
2025-03-09,1741478400,878405393.01
2025-03-10,1741564800,858547238.62
2025-03-11,1741651200,769347526.04
2025-03-12,1741737600,852972260.10
2025-03-13,1741824000,886422155.32
2025-03-14,1741910400,791647456.19
2025-03-15,1741996800,735897638.84
2025-03-16,1742083200,808372399.79
2025-03-17,1742169600,780497491.11
2025-03-18,1742256000,791647456.19
2025-03-19,1742342400,847397281.57
2025-03-20,1742428800,791647456.19
2025-03-21,1742515200,808372399.79
2025-03-22,1742601600,836247316.50
2025-03-23,1742688000,876971228.91
2025-03-24,1742774400,870857127.43
2025-03-25,1742860800,842582547.06
2025-03-26,1742947200,859547301.80
2025-03-27,1743033600,836927634.25
2025-03-28,1743120000,870857127.43
2025-03-29,1743206400,797343220.10
2025-03-30,1743292800,774723552.55
2025-03-31,1743379200,836927634.25
2025-04-01,1743465600,763413718.78
2025-04-02,1743552000,972645623.27
2025-04-03,1743638400,859547301.80
2025-04-04,1743724800,1017884958.37
2025-04-05,1743811200,950907688.45
2025-04-06,1743897600,875826844.14
2025-04-07,1743984000,875826844.14
2025-04-08,1744070400,924148329.28
2025-04-09,1744156800,791264253.86
2025-04-10,1744243200,869786662.85
2025-04-11,1744329600,893947405.42
2025-04-12,1744416000,869786662.85
2025-04-13,1744502400,1038911843.43
2025-04-14,1744588800,899987586.71
2025-04-15,1744675200,869786662.85
2025-04-16,1744761600,893947405.42
2025-04-17,1744848000,924148329.28
2025-04-18,1744934400,821465177.72
2025-04-19,1745020800,847825370.56
2025-04-20,1745107200,753499805.38
2025-04-21,1745193600,771877846.40
2025-04-22,1745280000,949532272.35
2025-04-23,1745366400,698365673.49
2025-04-24,1745452800,863768069.15
2025-04-25,1745539200,882146110.17
2025-04-26,1745625600,814759948.00
2025-04-27,1745712000,827011978.29
2025-04-28,1745798400,863768069.15
2025-04-29,1745884800,894398140.46
2025-04-30,1745971200,808633937.27
2025-05-01,1746057600,827011978.29
2025-05-02,1746144000,974036332.92
2025-05-03,1746230400,998934428.30
2025-05-04,1746316800,823060872.61
2025-05-05,1746403200,1036227716.82
2025-05-06,1746489600,817139566.65
2025-05-07,1746576000,894116484.51
2025-05-08,1746662400,941486898.12
2025-05-09,1746748800,828982170.05
2025-05-10,1746835200,888195187.07
2025-05-11,1746921600,882273881.10
2025-05-12,1747008000,858588674.30
2025-05-13,1747094400,769769161.56
2025-05-14,1747180800,852667376.86
2025-05-15,1747267200,864509980.26
2025-05-16,1747353600,805296963.24
2025-05-17,1747440000,853949349.72
2025-05-18,1747526400,979723251.30
2025-05-19,1747612800,852722092.00
2025-05-20,1747699200,895055811.76
2025-05-21,1747785600,870865112.27
2025-05-22,1747872000,907151161.51
2025-05-23,1747958400,937389531.53
2025-05-24,1748044800,852722092.00
2025-05-25,1748131200,913198832.03
2025-05-26,1748217600,925294181.78
2025-05-27,1748304000,852722092.00
2025-05-28,1748390400,991818601.05
2025-05-29,1748476800,961580231.03
2025-05-30,1748563200,938712777.74
2025-05-31,1748649600,1016284108.93
2025-06-01,1748736000,839539042.16
2025-06-02,1748822400,839539042.16
2025-06-03,1748908800,908974603.13
2025-06-04,1748995200,795352777.74
2025-06-05,1749081600,845851370.84
2025-06-06,1749168000,845851370.84
2025-06-07,1749254400,902662283.54
2025-06-08,1749340800,965785515.83
2025-06-09,1749427200,883725306.58
2025-06-10,1749513600,1066782692.94
2025-06-11,1749600000,890037635.26
2025-06-12,1749686400,934223899.68
2025-06-13,1749772800,915286922.72
2025-06-14,1749859200,949074580.58
2025-06-15,1749945600,854616739.02
2025-06-16,1750032000,917456210.45
2025-06-17,1750118400,741505699.50
2025-06-18,1750204800,879752527.59
2025-06-19,1750291200,798061219.26
2025-06-20,1750377600,948875941.64
2025-06-21,1750464000,886036479.26
2025-06-22,1750550400,672382294.50
2025-06-23,1750636800,672382294.50
2025-06-24,1750723200,735221756.88
2025-06-25,1750809600,898604373.54
2025-06-26,1750896000,986579624.49
2025-06-27,1750982400,722653862.59
2025-06-28,1751068800,911172258.78
2025-06-29,1751155200,992910582.83
2025-06-30,1751241600,843035675.64
