d,unixTs,investorPrice
2020-01-01,1577836800,4691.64829445186
2020-01-02,1577923200,4675.913452675732
2020-01-03,1578009600,4677.060252310616
2020-01-04,1578096000,4675.380624599625
2020-01-05,1578182400,4674.721201756819
2020-01-06,1578268800,4677.870798825573
2020-01-07,1578355200,4681.443333307154
2020-01-08,1578441600,4683.313853268473
2020-01-09,1578528000,4685.113612670727
2020-01-10,1578614400,4688.408727756006
2020-01-11,1578700800,4688.148568830339
2020-01-12,1578787200,4689.053731228592
2020-01-13,1578873600,4690.075197120181
2020-01-14,1578960000,4706.392015950888
2020-01-15,1579046400,4714.928651087399
2020-01-16,1579132800,4719.0887485469975
2020-01-17,1579219200,4723.843062892975
2020-01-18,1579305600,4725.331565631583
2020-01-19,1579392000,4724.2242440688415
2020-01-20,1579478400,4723.145422209733
2020-01-21,1579564800,4724.3226718406295
2020-01-22,1579651200,4724.29836552641
2020-01-23,1579737600,4723.408079653229
2020-01-24,1579824000,4725.110928564239
2020-01-25,1579910400,4725.111006265543
2020-01-26,1579996800,4726.091689964621
2020-01-27,1580083200,4729.795697181787
2020-01-28,1580169600,4736.429632470972
2020-01-29,1580256000,4746.296021381863
2020-01-30,1580342400,4755.725710245997
2020-01-31,1580428800,4765.068297240001
2020-02-01,1580515200,4766.530194029143
2020-02-02,1580601600,4765.462694421183
2020-02-03,1580688000,4768.522727571143
2020-02-04,1580774400,4769.454663631619
2020-02-05,1580860800,4774.741415975737
2020-02-06,1580947200,4789.5194925843
2020-02-07,1581033600,4811.010283880665
2020-02-08,1581120000,4818.249645852771
2020-02-09,1581206400,4823.815272686727
2020-02-10,1581292800,4837.942148653557
2020-02-11,1581379200,4848.806216333007
2020-02-12,1581465600,4855.541087749126
2020-02-13,1581552000,4861.201514799425
2020-02-14,1581638400,4866.801329121774
2020-02-15,1581724800,4865.584672190494
2020-02-16,1581811200,4867.283479645791
2020-02-17,1581897600,4866.106800433182
2020-02-18,1581984000,4880.840973997311
2020-02-19,1582070400,4880.22674272942
2020-02-20,1582156800,4878.804907771091
2020-02-21,1582243200,4880.114816311542
2020-02-22,1582329600,4880.796285047208
2020-02-23,1582416000,4883.767795790931
2020-02-24,1582502400,4884.196580642396
2020-02-25,1582588800,4889.814883054057
2020-02-26,1582675200,4883.544973972659
2020-02-27,1582761600,4879.265930964535
2020-02-28,1582848000,4877.5360337785
2020-02-29,1582934400,4875.103561460551
2020-03-01,1583020800,4872.601593908038
2020-03-02,1583107200,4875.135265990885
2020-03-03,1583193600,4875.961740763746
2020-03-04,1583280000,4860.829415605331
2020-03-05,1583366400,4861.629743306533
2020-03-06,1583452800,4863.220128335301
2020-03-07,1583539200,4861.794066541133
2020-03-08,1583625600,4856.742684494046
2020-03-09,1583712000,4845.864908446674
2020-03-10,1583798400,4839.031287423553
2020-03-11,1583884800,4823.8557523281825
2020-03-12,1583971200,4702.384976624316
2020-03-13,1584057600,4664.907433159897
2020-03-14,1584144000,4645.826603564838
2020-03-15,1584230400,4639.209059234574
2020-03-16,1584316800,4615.5569422805775
2020-03-17,1584403200,4606.337319722434
2020-03-18,1584489600,4602.0461343627485
2020-03-19,1584576000,4606.203620938518
2020-03-20,1584662400,4596.20723431594
2020-03-21,1584748800,4595.160876734512
2020-03-22,1584835200,4593.326401333281
2020-03-23,1584921600,4594.641398253738
2020-03-24,1585008000,4603.644426625088
2020-03-25,1585094400,4601.694749218276
2020-03-26,1585180800,4602.325915863121
2020-03-27,1585267200,4597.982202649094
2020-03-28,1585353600,4594.34562425583
2020-03-29,1585440000,4588.335074936208
2020-03-30,1585526400,4586.43534666155
2020-03-31,1585612800,4583.179699817164
2020-04-01,1585699200,4566.779589924883
2020-04-02,1585785600,4566.579328521129
2020-04-03,1585872000,4565.385217441791
2020-04-04,1585958400,4565.202937523651
2020-04-05,1586044800,4564.7552703417305
2020-04-06,1586131200,4572.941082614223
2020-04-07,1586217600,4570.185891898496
2020-04-08,1586304000,4572.742290324493
2020-04-09,1586390400,4573.1201185964655
2020-04-10,1586476800,4550.503874902028
2020-04-11,1586563200,4549.3655013294365
2020-04-12,1586649600,4549.00273785972
2020-04-13,1586736000,4546.858423133764
2020-04-14,1586822400,4545.732121051608
2020-04-15,1586908800,4542.242321785605
2020-04-16,1586995200,4543.339740119239
2020-04-17,1587081600,4542.991969165538
2020-04-18,1587168000,4543.788954117644
2020-04-19,1587254400,4543.071214149606
2020-04-20,1587340800,4538.661148069138
2020-04-21,1587427200,4536.741449811567
2020-04-22,1587513600,4537.677016673164
2020-04-23,1587600000,4542.237291256261
2020-04-24,1587686400,4544.999311757743
2020-04-25,1587772800,4545.667062263819
2020-04-26,1587859200,4546.720299704367
2020-04-27,1587945600,4557.14545550986
2020-04-28,1588032000,4557.964528994311
2020-04-29,1588118400,4600.138117882665
2020-04-30,1588204800,4613.06436083149
2020-05-01,1588291200,4621.7770446286595
2020-05-02,1588377600,4625.900614174626
2020-05-03,1588464000,4628.773357567196
2020-05-04,1588550400,4632.687591832976
2020-05-05,1588636800,4636.508222835154
2020-05-06,1588723200,4648.808726394515
2020-05-07,1588809600,4687.519483216236
2020-05-08,1588896000,4698.808408494238
2020-05-09,1588982400,4698.4950108842895
2020-05-10,1589068800,4694.26644646439
2020-05-11,1589155200,4688.00085719819
2020-05-12,1589241600,4687.720727020164
2020-05-13,1589328000,4697.105183079463
2020-05-14,1589414400,4706.273499526476
2020-05-15,1589500800,4707.415148354854
2020-05-16,1589587200,4708.701674103206
2020-05-17,1589673600,4711.811872438273
2020-05-18,1589760000,4722.158449636973
2020-05-19,1589846400,4729.802894194114
2020-05-20,1589932800,4730.60957660605
2020-05-21,1590019200,4727.048685582648
2020-05-22,1590105600,4726.797298332235
2020-05-23,1590192000,4727.916944479966
2020-05-24,1590278400,4725.975617932317
2020-05-25,1590364800,4722.058766088357
2020-05-26,1590451200,4720.921517529171
2020-05-27,1590537600,4724.359437190074
2020-05-28,1590624000,4727.915936640802
2020-05-29,1590710400,4730.135526737678
2020-05-30,1590796800,4732.522664060795
2020-05-31,1590883200,4732.413721568094
2020-06-01,1590969600,4751.559312505505
2020-06-02,1591056000,4749.376254064744
2020-06-03,1591142400,4752.926324724507
2020-06-04,1591228800,4758.400206554049
2020-06-05,1591315200,4758.92282856373
2020-06-06,1591401600,4760.536771849968
2020-06-07,1591488000,4761.964723239883
2020-06-08,1591574400,4771.52294343626
2020-06-09,1591660800,4774.834135971297
2020-06-10,1591747200,4778.310438101688
2020-06-11,1591833600,4774.356128441609
2020-06-12,1591920000,4775.6893974735285
2020-06-13,1592006400,4776.242517684792
2020-06-14,1592092800,4776.489371019156
2020-06-15,1592179200,4778.2724858317215
2020-06-16,1592265600,4780.8132314853265
2020-06-17,1592352000,4781.079437082438
2020-06-18,1592438400,4794.965874929413
2020-06-19,1592524800,4793.961372181527
2020-06-20,1592611200,4794.839468731285
2020-06-21,1592697600,4795.614780759822
2020-06-22,1592784000,4800.586315395118
2020-06-23,1592870400,4803.127619030918
2020-06-24,1592956800,4799.844380945159
2020-06-25,1593043200,4798.316071267748
2020-06-26,1593129600,4812.741472172442
2020-06-27,1593216000,4811.8301301364745
2020-06-28,1593302400,4811.814839588924
2020-06-29,1593388800,4812.9239849531195
2020-06-30,1593475200,4815.069361846038
2020-07-01,1593561600,4816.180425947579
2020-07-02,1593648000,4815.340526923309
2020-07-03,1593734400,4815.307236732574
2020-07-04,1593820800,4815.602539472983
2020-07-05,1593907200,4815.357251445511
2020-07-06,1593993600,4817.862424529181
2020-07-07,1594080000,4818.403451183663
2020-07-08,1594166400,4826.402992192519
2020-07-09,1594252800,4827.158550658831
2020-07-10,1594339200,4827.790929050738
2020-07-11,1594425600,4827.837637956922
2020-07-12,1594512000,4828.231919480098
2020-07-13,1594598400,4828.266027558723
2020-07-14,1594684800,4830.826249052717
2020-07-15,1594771200,4832.563048729008
2020-07-16,1594857600,4832.34550314917
2020-07-17,1594944000,4831.95279241582
2020-07-18,1595030400,4832.0299611863875
2020-07-19,1595116800,4833.157217172936
2020-07-20,1595203200,4832.888169207366
2020-07-21,1595289600,4835.1284380474235
2020-07-22,1595376000,4839.407615098519
2020-07-23,1595462400,4843.2917716708835
2020-07-24,1595548800,4845.200019116981
2020-07-25,1595635200,4848.018338835017
2020-07-26,1595721600,4851.985845386555
2020-07-27,1595808000,4878.011785610974
2020-07-28,1595894400,4894.95628882425
2020-07-29,1595980800,4905.769878265461
2020-07-30,1596067200,4916.058506373941
2020-07-31,1596153600,4927.199022882494
2020-08-01,1596240000,4936.591134498856
2020-08-02,1596326400,4939.560878974488
2020-08-03,1596412800,4958.423163347492
2020-08-04,1596499200,4963.5448910247005
2020-08-05,1596585600,4980.668602401056
2020-08-06,1596672000,5003.856045992379
2020-08-07,1596758400,5021.189647120627
2020-08-08,1596844800,5033.30771560891
2020-08-09,1596931200,5040.435904532051
2020-08-10,1597017600,5048.615523832293
2020-08-11,1597104000,5056.756011620873
2020-08-12,1597190400,5063.229694035225
2020-08-13,1597276800,5072.463638127969
2020-08-14,1597363200,5080.990807420444
2020-08-15,1597449600,5086.197789314602
2020-08-16,1597536000,5090.723223623639
2020-08-17,1597622400,5112.393773704583
2020-08-18,1597708800,5117.165106527933
2020-08-19,1597795200,5119.985484763882
2020-08-20,1597881600,5126.170605322738
2020-08-21,1597968000,5130.159221509813
2020-08-22,1598054400,5132.575735501403
2020-08-23,1598140800,5134.302347225199
2020-08-24,1598227200,5140.548205680947
2020-08-25,1598313600,5142.185951198069
2020-08-26,1598400000,5145.778009627408
2020-08-27,1598486400,5147.332367623452
2020-08-28,1598572800,5154.050350140521
2020-08-29,1598659200,5154.284210159328
2020-08-30,1598745600,5159.147363631751
2020-08-31,1598832000,5166.5156940609895
2020-09-01,1598918400,5179.475886353199
2020-09-02,1599004800,5180.75241580615
2020-09-03,1599091200,5170.142685219662
2020-09-04,1599177600,5171.125113977457
2020-09-05,1599264000,5166.928969602431
2020-09-06,1599350400,5166.392068485785
2020-09-07,1599436800,5165.056127098344
2020-09-08,1599523200,5162.071630586384
2020-09-09,1599609600,5160.853616455512
2020-09-10,1599696000,5161.187750588791
2020-09-11,1599782400,5160.476910207882
2020-09-12,1599868800,5159.772076490473
2020-09-13,1599955200,5159.378453736908
2020-09-14,1600041600,5161.957568382913
2020-09-15,1600128000,5166.12014339563
2020-09-16,1600214400,5173.709305289258
2020-09-17,1600300800,5176.963204216696
2020-09-18,1600387200,5181.283115740592
2020-09-19,1600473600,5186.44413595954
2020-09-20,1600560000,5188.133246396921
2020-09-21,1600646400,5184.197546562684
2020-09-22,1600732800,5189.514369802749
2020-09-23,1600819200,5185.753607498623
2020-09-24,1600905600,5189.533242123081
2020-09-25,1600992000,5192.555692100651
2020-09-26,1601078400,5194.440339233661
2020-09-27,1601164800,5195.261457005097
2020-09-28,1601251200,5196.338152842941
2020-09-29,1601337600,5206.722634086539
2020-09-30,1601424000,5207.848747143534
2020-10-01,1601510400,5207.098122451428
2020-10-02,1601596800,5207.526884568267
2020-10-03,1601683200,5207.462320443523
2020-10-04,1601769600,5208.538891245154
2020-10-05,1601856000,5211.297150988867
2020-10-06,1601942400,5211.225687642709
2020-10-07,1602028800,5214.434252737811
2020-10-08,1602115200,5219.379924739232
2020-10-09,1602201600,5225.6393459136125
2020-10-10,1602288000,5229.25907926304
2020-10-11,1602374400,5233.214740180119
2020-10-12,1602460800,5239.1183130164345
2020-10-13,1602547200,5243.223526527017
2020-10-14,1602633600,5249.10603990709
2020-10-15,1602720000,5254.90430167907
2020-10-16,1602806400,5256.217066382949
2020-10-17,1602892800,5257.469653649459
2020-10-18,1602979200,5259.56640421034
2020-10-19,1603065600,5277.872741516967
2020-10-20,1603152000,5289.524101067406
2020-10-21,1603238400,5314.785705386403
2020-10-22,1603324800,5366.489973334331
2020-10-23,1603411200,5381.364521017245
2020-10-24,1603497600,5394.504346564807
2020-10-25,1603584000,5400.925503029649
2020-10-26,1603670400,5407.375356202151
2020-10-27,1603756800,5430.481767829906
2020-10-28,1603843200,5442.493985868759
2020-10-29,1603929600,5458.617492032112
2020-10-30,1604016000,5467.414224024384
2020-10-31,1604102400,5478.787085333305
2020-11-01,1604188800,5489.304780413569
2020-11-02,1604275200,5507.08428824398
2020-11-03,1604361600,5606.399207114272
2020-11-04,1604448000,5626.261254247355
2020-11-05,1604534400,5686.876997598911
2020-11-06,1604620800,5715.785510010491
2020-11-07,1604707200,5718.972144023808
2020-11-08,1604793600,5749.894789607858
2020-11-09,1604880000,5766.778297824065
2020-11-10,1604966400,5781.742116898472
2020-11-11,1605052800,5801.002930347833
2020-11-12,1605139200,5830.369766602467
2020-11-13,1605225600,5852.17515918824
2020-11-14,1605312000,5862.793926474843
2020-11-15,1605398400,5869.3955707621235
2020-11-16,1605484800,5891.064439252604
2020-11-17,1605571200,5937.2878775230365
2020-11-18,1605657600,6005.06181600502
2020-11-19,1605744000,6026.211923698435
2020-11-20,1605830400,6099.387628776203
2020-11-21,1605916800,6131.909146648449
2020-11-22,1606003200,6145.600056990006
2020-11-23,1606089600,6175.883850749379
2020-11-24,1606176000,6221.939156179729
2020-11-25,1606262400,6241.899271468481
2020-11-26,1606348800,6259.256402195637
2020-11-27,1606435200,6276.371449518858
2020-11-28,1606521600,6286.90849666364
2020-11-29,1606608000,6300.821975810731
2020-11-30,1606694400,6357.487128826808
2020-12-01,1606780800,6389.488245777405
2020-12-02,1606867200,6428.3944105152605
2020-12-03,1606953600,6459.279989351665
2020-12-04,1607040000,6474.027236242972
2020-12-05,1607126400,6483.841165665962
2020-12-06,1607212800,6494.041080277296
2020-12-07,1607299200,6513.662369641463
2020-12-08,1607385600,6524.372243578143
2020-12-09,1607472000,6560.289590402686
2020-12-10,1607558400,6570.765752658399
2020-12-11,1607644800,6582.882504647244
2020-12-12,1607731200,6605.406165583524
2020-12-13,1607817600,6662.808829732074
2020-12-14,1607904000,6682.88068942412
2020-12-15,1607990400,6709.792997444908
2020-12-16,1608076800,6789.433484227164
2020-12-17,1608163200,6912.054007627819
2020-12-18,1608249600,7050.288808885648
2020-12-19,1608336000,7089.0676938221
2020-12-20,1608422400,7134.043876666196
2020-12-21,1608508800,7169.547121597163
2020-12-22,1608595200,7268.590659717784
2020-12-23,1608681600,7346.902118309302
2020-12-24,1608768000,7424.830521105007
2020-12-25,1608854400,7448.140492653037
2020-12-26,1608940800,7505.865802626879
2020-12-27,1609027200,7584.077032561232
2020-12-28,1609113600,7784.604409319804
2020-12-29,1609200000,7925.367555508361
2020-12-30,1609286400,8028.8545942915425
2020-12-31,1609372800,8105.668026974066
2021-01-01,1609459200,8203.51788837912
2021-01-02,1609545600,8387.93563104781
2021-01-03,1609632000,8552.520770843808
2021-01-04,1609718400,8676.452657022723
2021-01-05,1609804800,8837.832829518384
2021-01-06,1609891200,9030.639542915404
2021-01-07,1609977600,9332.054471669197
2021-01-08,1610064000,9612.651991294832
2021-01-09,1610150400,9793.554937054147
2021-01-10,1610236800,9872.145800679873
2021-01-11,1610323200,9944.514975267675
2021-01-12,1610409600,9987.997853677462
2021-01-13,1610496000,10077.375834395407
2021-01-14,1610582400,10189.20753748572
2021-01-15,1610668800,10247.189498367896
2021-01-16,1610755200,10282.0094434263
2021-01-17,1610841600,10311.545546520569
2021-01-18,1610928000,10381.681133489134
2021-01-19,1611014400,10417.760215781827
2021-01-20,1611100800,10446.313375128957
2021-01-21,1611187200,10435.121690208958
2021-01-22,1611273600,10455.615759497967
2021-01-23,1611360000,10467.472372188007
2021-01-24,1611446400,10476.349807570981
2021-01-25,1611532800,10491.63356676939
2021-01-26,1611619200,10508.681072133848
2021-01-27,1611705600,10562.763018767986
2021-01-28,1611792000,10632.080282637215
2021-01-29,1611878400,10710.304534893015
2021-01-30,1611964800,10743.823591479095
2021-01-31,1612051200,10777.297716810479
2021-02-01,1612137600,10801.913248544197
2021-02-02,1612224000,10860.354586625797
2021-02-03,1612310400,10917.690744244463
2021-02-04,1612396800,10988.220660289882
2021-02-05,1612483200,11092.67177813529
2021-02-06,1612569600,11149.93628587525
2021-02-07,1612656000,11209.437630368218
2021-02-08,1612742400,11400.879146360223
2021-02-09,1612828800,11651.442365911198
2021-02-10,1612915200,11787.806019898306
2021-02-11,1613001600,11918.966320518042
2021-02-12,1613088000,12056.10305326703
2021-02-13,1613174400,12083.879867817379
2021-02-14,1613260800,12135.208195805222
2021-02-15,1613347200,12280.366335730594
2021-02-16,1613433600,12372.43397146075
2021-02-17,1613520000,12530.885102098167
2021-02-18,1613606400,12687.197844402606
2021-02-19,1613692800,13037.894948964064
2021-02-20,1613779200,13162.835476323093
2021-02-21,1613865600,13282.283393040394
2021-02-22,1613952000,13385.39623325619
2021-02-23,1614038400,13512.665042134147
2021-02-24,1614124800,13631.881660860618
2021-02-25,1614211200,13717.0598482818
2021-02-26,1614297600,13821.323187606582
2021-02-27,1614384000,13791.850467136972
2021-02-28,1614470400,13811.586228160411
2021-03-01,1614556800,13913.02049398115
2021-03-02,1614643200,13966.478932587701
2021-03-03,1614729600,14026.583536397606
2021-03-04,1614816000,14056.382387936957
2021-03-05,1614902400,14112.91740164732
2021-03-06,1614988800,14140.19523937022
2021-03-07,1615075200,14173.323403772887
2021-03-08,1615161600,14264.205006190079
2021-03-09,1615248000,14358.946154302974
2021-03-10,1615334400,14459.666759291687
2021-03-11,1615420800,14635.055746405651
2021-03-12,1615507200,14761.27645212967
2021-03-13,1615593600,14873.660326495688
2021-03-14,1615680000,14954.583033575449
2021-03-15,1615766400,15020.953126229044
2021-03-16,1615852800,15104.619437677835
2021-03-17,1615939200,15200.874125212216
2021-03-18,1616025600,15243.446681558364
2021-03-19,1616112000,15285.001013488212
2021-03-20,1616198400,15333.538984467727
2021-03-21,1616284800,15374.603574735305
2021-03-22,1616371200,15422.406524982922
2021-03-23,1616457600,15529.927867211118
2021-03-24,1616544000,15575.686745645711
2021-03-25,1616630400,15641.352201296377
2021-03-26,1616716800,15744.240100976389
2021-03-27,1616803200,15794.58429275449
2021-03-28,1616889600,15824.984749783975
2021-03-29,1616976000,15899.061085314861
2021-03-30,1617062400,15993.877666748063
2021-03-31,1617148800,16062.332236210184
2021-04-01,1617235200,16168.705854440193
2021-04-02,1617321600,16238.762819645543
2021-04-03,1617408000,16251.510939107893
2021-04-04,1617494400,16279.478217681353
2021-04-05,1617580800,16326.407651092548
2021-04-06,1617667200,16614.48006892925
2021-04-07,1617753600,16645.673287773472
2021-04-08,1617840000,16701.901715237935
2021-04-09,1617926400,16738.690335506242
2021-04-10,1618012800,16825.00161585566
2021-04-11,1618099200,16863.921878048786
2021-04-12,1618185600,16941.567180033155
2021-04-13,1618272000,17077.892016998754
2021-04-14,1618358400,17223.006001361297
2021-04-15,1618444800,17337.307412466613
2021-04-16,1618531200,17386.037033128934
2021-04-17,1618617600,17432.760796728897
2021-04-18,1618704000,17641.402596403765
2021-04-19,1618790400,17658.79714744522
2021-04-20,1618876800,17693.54919467871
2021-04-21,1618963200,17695.41813898489
2021-04-22,1619049600,17725.71153419227
2021-04-23,1619136000,17737.403652601253
2021-04-24,1619222400,17769.8503639386
2021-04-25,1619308800,17765.679533839077
2021-04-26,1619395200,17836.597952962635
2021-04-27,1619481600,17922.797420330997
2021-04-28,1619568000,17953.957270483028
2021-04-29,1619654400,18017.472486515693
2021-04-30,1619740800,18123.253796884106
2021-05-01,1619827200,18152.389534818896
2021-05-02,1619913600,18175.77436362841
2021-05-03,1620000000,18222.359955763142
2021-05-04,1620086400,18244.6896875997
2021-05-05,1620172800,18307.486033557096
2021-05-06,1620259200,18400.047289117305
2021-05-07,1620345600,18517.660250534187
2021-05-08,1620432000,18548.36668576248
2021-05-09,1620518400,18591.53405314973
2021-05-10,1620604800,18614.93548038769
2021-05-11,1620691200,18644.252030521595
2021-05-12,1620777600,18671.800894986212
2021-05-13,1620864000,18670.668204091602
2021-05-14,1620950400,18674.786901702915
2021-05-15,1621036800,18666.33099667113
2021-05-16,1621123200,18656.113990158028
2021-05-17,1621209600,18598.45872437875
2021-05-18,1621296000,18573.57880687458
2021-05-19,1621382400,18427.642471298455
2021-05-20,1621468800,18380.069868445447
2021-05-21,1621555200,18327.947816348882
2021-05-22,1621641600,18289.9659490947
2021-05-23,1621728000,18263.52738394396
2021-05-24,1621814400,18315.333041551694
2021-05-25,1621900800,18284.91650849646
2021-05-26,1621987200,18294.813720949536
2021-05-27,1622073600,18272.547954216796
2021-05-28,1622160000,18230.278133871983
2021-05-29,1622246400,18209.351397403665
2021-05-30,1622332800,18225.64713376576
2021-05-31,1622419200,18228.805542825754
2021-06-01,1622505600,18242.89564097714
2021-06-02,1622592000,18233.498858276824
2021-06-03,1622678400,18260.810575853142
2021-06-04,1622764800,18230.23472905067
2021-06-05,1622851200,18211.291060577576
2021-06-06,1622937600,18200.26544785639
2021-06-07,1623024000,18160.513127234582
2021-06-08,1623110400,18108.70773304486
2021-06-09,1623196800,18158.960607863966
2021-06-10,1623283200,18143.56971449067
2021-06-11,1623369600,18151.23030958532
2021-06-12,1623456000,18139.431643120668
2021-06-13,1623542400,18155.59686654602
2021-06-14,1623628800,18192.873460117524
2021-06-15,1623715200,18207.335953796173
2021-06-16,1623801600,18199.52157344368
2021-06-17,1623888000,18176.331020187397
2021-06-18,1623974400,18155.236618730098
2021-06-19,1624060800,18147.30026459473
2021-06-20,1624147200,18144.022125061314
2021-06-21,1624233600,18078.536247866105
2021-06-22,1624320000,18060.953641844855
2021-06-23,1624406400,18057.37805644655
2021-06-24,1624492800,18061.544238051203
2021-06-25,1624579200,17868.877612442076
2021-06-26,1624665600,17850.766500695423
2021-06-27,1624752000,17867.01621155503
2021-06-28,1624838400,17863.453553390627
2021-06-29,1624924800,17865.367937878404
2021-06-30,1625011200,17857.75036118148
2021-07-01,1625097600,17832.651718334135
2021-07-02,1625184000,17782.1857025919
2021-07-03,1625270400,17784.062636692965
2021-07-04,1625356800,17788.66701604065
2021-07-05,1625443200,17781.18448507681
2021-07-06,1625529600,17775.980040297927
2021-07-07,1625616000,17775.069872265198
2021-07-08,1625702400,17754.585908666744
2021-07-09,1625788800,17759.814141201827
2021-07-10,1625875200,17755.973979917846
2021-07-11,1625961600,17757.4168183389
2021-07-12,1626048000,17762.167018884782
2021-07-13,1626134400,17746.987699457248
2021-07-14,1626220800,17733.393278906646
2021-07-15,1626307200,17706.51529927712
2021-07-16,1626393600,17685.74961919353
2021-07-17,1626480000,17762.316185902248
2021-07-18,1626566400,17753.743744304036
2021-07-19,1626652800,17738.967241703107
2021-07-20,1626739200,17729.015351412236
2021-07-21,1626825600,17735.845059659867
2021-07-22,1626912000,17744.898821540144
2021-07-23,1626998400,17706.091347359834
2021-07-24,1627084800,17709.6553514743
2021-07-25,1627171200,17713.07663427331
2021-07-26,1627257600,17798.801829794553
2021-07-27,1627344000,17942.14838953667
2021-07-28,1627430400,18031.74881164103
2021-07-29,1627516800,18262.418296612308
2021-07-30,1627603200,18297.932005330505
2021-07-31,1627689600,18307.11349020212
2021-08-01,1627776000,18302.33652888583
2021-08-02,1627862400,18305.81143666756
2021-08-03,1627948800,18294.395049626713
2021-08-04,1628035200,18310.12396945641
2021-08-05,1628121600,18327.653737935438
2021-08-06,1628208000,18363.884472473255
2021-08-07,1628294400,18385.95747494525
2021-08-08,1628380800,18396.945895700013
2021-08-09,1628467200,18452.6029367784
2021-08-10,1628553600,18481.366433409294
2021-08-11,1628640000,18502.56242995831
2021-08-12,1628726400,18515.367443056355
2021-08-13,1628812800,18557.362719496676
2021-08-14,1628899200,18601.76320714703
2021-08-15,1628985600,18610.892312334312
2021-08-16,1629072000,18626.2745595534
2021-08-17,1629158400,18631.158096621784
2021-08-18,1629244800,18655.510254829842
2021-08-19,1629331200,18687.734877469233
2021-08-20,1629417600,18737.045651557353
2021-08-21,1629504000,18758.71778031322
2021-08-22,1629590400,18778.246612844487
2021-08-23,1629676800,18826.48397340802
2021-08-24,1629763200,18831.3957071455
2021-08-25,1629849600,18927.44737844749
2021-08-26,1629936000,18954.58139566753
2021-08-27,1630022400,18975.951439767985
2021-08-28,1630108800,18988.509191524725
2021-08-29,1630195200,18997.599539960458
2021-08-30,1630281600,19006.12140365312
2021-08-31,1630368000,19025.394943598705
2021-09-01,1630454400,19064.516015215704
2021-09-02,1630540800,19098.521327512786
2021-09-03,1630627200,19124.43031791789
2021-09-04,1630713600,19143.215555022827
2021-09-05,1630800000,19162.03144906789
2021-09-06,1630886400,19195.908162427
2021-09-07,1630972800,19162.238178517277
2021-09-08,1631059200,19162.24547913295
2021-09-09,1631145600,19197.524672964468
2021-09-10,1631232000,19186.726157291014
2021-09-11,1631318400,19190.34861069513
2021-09-12,1631404800,19201.07398805355
2021-09-13,1631491200,19193.87800712663
2021-09-14,1631577600,19227.043200512857
2021-09-15,1631664000,19280.184417954624
2021-09-16,1631750400,19298.076684451775
2021-09-17,1631836800,19307.695589263138
2021-09-18,1631923200,19320.006876904652
2021-09-19,1632009600,19323.70435829334
2021-09-20,1632096000,19270.87025000339
2021-09-21,1632182400,19230.67957810909
2021-09-22,1632268800,19257.440034079653
2021-09-23,1632355200,19272.68259103711
2021-09-24,1632441600,19254.27376144845
2021-09-25,1632528000,19252.61602579005
2021-09-26,1632614400,19394.751205144996
2021-09-27,1632700800,19393.473097817467
2021-09-28,1632787200,19375.332775890634
2021-09-29,1632873600,19372.704246782298
2021-09-30,1632960000,19400.95664707931
2021-10-01,1633046400,19467.368883939336
2021-10-02,1633132800,19497.325617033686
2021-10-03,1633219200,19510.126092482078
2021-10-04,1633305600,19550.08930200377
2021-10-05,1633392000,19613.64266094477
2021-10-06,1633478400,19773.813523281216
2021-10-07,1633564800,19840.09369184461
2021-10-08,1633651200,19872.33246581128
2021-10-09,1633737600,19899.9210976301
2021-10-10,1633824000,19929.92986573418
2021-10-11,1633910400,19991.47505475766
2021-10-12,1633996800,20047.604770061604
2021-10-13,1634083200,20103.88653612053
2021-10-14,1634169600,20166.478394098995
2021-10-15,1634256000,20283.295355991348
2021-10-16,1634342400,20324.182306756855
2021-10-17,1634428800,20352.84098117501
2021-10-18,1634515200,20509.34414364909
2021-10-19,1634601600,20611.648553922696
2021-10-20,1634688000,20754.905458082005
2021-10-21,1634774400,20819.292570776684
2021-10-22,1634860800,20831.647004913102
2021-10-23,1634947200,20850.32531079385
2021-10-24,1635033600,20901.76782826432
2021-10-25,1635120000,21000.75030910708
2021-10-26,1635206400,21023.312723502568
2021-10-27,1635292800,21016.190682439323
2021-10-28,1635379200,21072.501167405702
2021-10-29,1635465600,21136.651089286377
2021-10-30,1635552000,21155.295513118464
2021-10-31,1635638400,21255.70683683953
2021-11-01,1635724800,21304.898474929243
2021-11-02,1635811200,21448.46091240582
2021-11-03,1635897600,21531.898475893857
2021-11-04,1635984000,21541.67501617088
2021-11-05,1636070400,21593.176421729302
2021-11-06,1636156800,21620.912790215698
2021-11-07,1636243200,21642.84651162988
2021-11-08,1636329600,21796.569925916854
2021-11-09,1636416000,21880.63611041573
2021-11-10,1636502400,21927.801152409174
2021-11-11,1636588800,21981.339974065977
2021-11-12,1636675200,22301.844094310552
2021-11-13,1636761600,22320.30937941025
2021-11-14,1636848000,22338.516665688938
2021-11-15,1636934400,22390.80653751682
2021-11-16,1637020800,22422.751378527173
2021-11-17,1637107200,22455.253756284994
2021-11-18,1637193600,22400.51495994168
2021-11-19,1637280000,22414.616308958462
2021-11-20,1637366400,22437.40963332776
2021-11-21,1637452800,22441.758862481907
2021-11-22,1637539200,22408.080618112566
2021-11-23,1637625600,22426.39903541308
2021-11-24,1637712000,22437.625692618487
2021-11-25,1637798400,22623.363690996157
2021-11-26,1637884800,22556.598845528468
2021-11-27,1637971200,22552.312891290625
2021-11-28,1638057600,22579.015938919973
2021-11-29,1638144000,22625.227573343873
2021-11-30,1638230400,22636.526948489118
2021-12-01,1638316800,22673.027372364217
2021-12-02,1638403200,22667.95410771597
2021-12-03,1638489600,22629.509036358842
2021-12-04,1638576000,22531.051389880056
2021-12-05,1638662400,22518.52414639246
2021-12-06,1638748800,22500.288709090844
2021-12-07,1638835200,22554.07229440789
2021-12-08,1638921600,22547.150209794298
2021-12-09,1639008000,22501.389981059972
2021-12-10,1639094400,22482.59603884829
2021-12-11,1639180800,22499.49015540102
2021-12-12,1639267200,22502.98370991744
2021-12-13,1639353600,22468.132568127196
2021-12-14,1639440000,22492.22798274888
2021-12-15,1639526400,22501.67564300698
2021-12-16,1639612800,22493.601634222698
2021-12-17,1639699200,22463.712175069682
2021-12-18,1639785600,22466.228465851822
2021-12-19,1639872000,22465.416075880963
2021-12-20,1639958400,22453.959992396
2021-12-21,1640044800,22476.6162617342
2021-12-22,1640131200,22479.753485984966
2021-12-23,1640217600,22516.19477639575
2021-12-24,1640304000,22530.370222915317
2021-12-25,1640390400,22524.27057615418
2021-12-26,1640476800,22533.89569179547
2021-12-27,1640563200,22540.286454339584
2021-12-28,1640649600,22507.541653176882
2021-12-29,1640736000,22483.042468874508
2021-12-30,1640822400,22489.82446065781
2021-12-31,1640908800,22483.726476440865
2022-01-01,1640995200,22489.114082853164
2022-01-02,1641081600,22486.70681515309
2022-01-03,1641168000,22475.332032711372
2022-01-04,1641254400,22450.358797239085
2022-01-05,1641340800,22413.911404920873
2022-01-06,1641427200,22390.01992703949
2022-01-07,1641513600,22339.472245386507
2022-01-08,1641600000,22328.54436132646
2022-01-09,1641686400,22322.893937347126
2022-01-10,1641772800,22311.4477021198
2022-01-11,1641859200,22305.07550319247
2022-01-12,1641945600,22323.04700604681
2022-01-13,1642032000,22303.3160753094
2022-01-14,1642118400,22300.083715456305
2022-01-15,1642204800,22300.539125447005
2022-01-16,1642291200,22300.658703483914
2022-01-17,1642377600,22275.4532539499
2022-01-18,1642464000,22265.884541668176
2022-01-19,1642550400,22227.62031459708
2022-01-20,1642636800,22195.01176738346
2022-01-21,1642723200,22047.127725840422
2022-01-22,1642809600,22004.744362833946
2022-01-23,1642896000,21999.795619776618
2022-01-24,1642982400,21969.770827273533
2022-01-25,1643068800,21962.652771020577
2022-01-26,1643155200,21944.55034526602
2022-01-27,1643241600,21928.570285305217
2022-01-28,1643328000,21901.3812468389
2022-01-29,1643414400,21860.89630000613
2022-01-30,1643500800,21838.344729109387
2022-01-31,1643587200,21834.381777724848
2022-02-01,1643673600,21962.37909792641
2022-02-02,1643760000,21937.52030470178
2022-02-03,1643846400,21923.582190467092
2022-02-04,1643932800,21969.54470057234
2022-02-05,1644019200,21978.09641832074
2022-02-06,1644105600,21984.48981831131
2022-02-07,1644192000,22020.901964436056
2022-02-08,1644278400,22040.29170614237
2022-02-09,1644364800,22055.210741331117
2022-02-10,1644451200,22061.936465462633
2022-02-11,1644537600,22064.935144863593
2022-02-12,1644624000,22071.71257402211
2022-02-13,1644710400,22071.84047381303
2022-02-14,1644796800,22072.86148030319
2022-02-15,1644883200,22104.673558290116
2022-02-16,1644969600,22109.73179684049
2022-02-17,1645056000,22067.62730623979
2022-02-18,1645142400,22050.46481324838
2022-02-19,1645228800,22047.135012712788
2022-02-20,1645315200,22030.305636572713
2022-02-21,1645401600,21998.596389129092
2022-02-22,1645488000,21995.846069039628
2022-02-23,1645574400,21987.590852789526
2022-02-24,1645660800,21986.772298898097
2022-02-25,1645747200,21985.87544897216
2022-02-26,1645833600,21976.172038563553
2022-02-27,1645920000,21960.059905833077
2022-02-28,1646006400,22065.160316490324
2022-03-01,1646092800,22096.919533370274
2022-03-02,1646179200,22105.394073850995
2022-03-03,1646265600,22114.130204814206
2022-03-04,1646352000,22061.169103209908
2022-03-05,1646438400,22059.743201472054
2022-03-06,1646524800,22052.508085249447
2022-03-07,1646611200,22036.65925116737
2022-03-08,1646697600,22017.80490324239
2022-03-09,1646784000,22062.75269668443
2022-03-10,1646870400,22081.54626040497
2022-03-11,1646956800,22052.724508211853
2022-03-12,1647043200,22050.989779863557
2022-03-13,1647129600,22043.778848985094
2022-03-14,1647216000,22053.47943626732
2022-03-15,1647302400,22043.6266952389
2022-03-16,1647388800,22072.965805414304
2022-03-17,1647475200,22052.010022180646
2022-03-18,1647561600,22065.849048278167
2022-03-19,1647648000,22072.544724507698
2022-03-20,1647734400,22068.48178004108
2022-03-21,1647820800,22069.520918931103
2022-03-22,1647907200,22090.885891099853
2022-03-23,1647993600,22104.9012116675
2022-03-24,1648080000,22128.448821260812
2022-03-25,1648166400,22248.20710709403
2022-03-26,1648252800,22252.716120498753
2022-03-27,1648339200,22288.71351251909
2022-03-28,1648425600,22351.280451453225
2022-03-29,1648512000,22399.809087782603
2022-03-30,1648598400,22417.50870221136
2022-03-31,1648684800,22399.051644408137
2022-04-01,1648771200,22423.60393237196
2022-04-02,1648857600,22420.19955446061
2022-04-03,1648944000,22431.672145904136
2022-04-04,1649030400,22448.011244122335
2022-04-05,1649116800,22445.684354469126
2022-04-06,1649203200,22406.374898275106
2022-04-07,1649289600,22402.166661927226
2022-04-08,1649376000,22376.658648439497
2022-04-09,1649462400,22378.455607880023
2022-04-10,1649548800,22371.69572692153
2022-04-11,1649635200,22327.5941123778
2022-04-12,1649721600,22356.101783625276
2022-04-13,1649808000,22363.19220254661
2022-04-14,1649894400,22376.790235976765
2022-04-15,1649980800,22379.836521444973
2022-04-16,1650067200,22375.861554954423
2022-04-17,1650153600,22369.852159192462
2022-04-18,1650240000,22372.73834210601
2022-04-19,1650326400,22381.581560554187
2022-04-20,1650412800,22383.5776340886
2022-04-21,1650499200,22422.117187366755
2022-04-22,1650585600,22397.629294696537
2022-04-23,1650672000,22394.088859184718
2022-04-24,1650758400,22390.04508106588
2022-04-25,1650844800,22388.06026031291
2022-04-26,1650931200,22345.257413972697
2022-04-27,1651017600,22345.728135769292
2022-04-28,1651104000,22346.13400333745
2022-04-29,1651190400,22321.52521577368
2022-04-30,1651276800,22301.677364198604
2022-05-01,1651363200,22304.138050941445
2022-05-02,1651449600,22267.168629249005
2022-05-03,1651536000,22230.922890937734
2022-05-04,1651622400,22250.25285139883
2022-05-05,1651708800,22202.51843940298
2022-05-06,1651795200,22175.953341155062
2022-05-07,1651881600,22163.108817019573
2022-05-08,1651968000,22133.696521691458
2022-05-09,1652054400,21974.72516416445
2022-05-10,1652140800,21921.50007961682
2022-05-11,1652227200,21769.32472577436
2022-05-12,1652313600,21710.091290303677
2022-05-13,1652400000,21662.575428291635
2022-05-14,1652486400,21700.986432407633
2022-05-15,1652572800,21706.431278619017
2022-05-16,1652659200,21677.899877240103
2022-05-17,1652745600,21659.619868366426
2022-05-18,1652832000,21619.495799539705
2022-05-19,1652918400,21597.50818122048
2022-05-20,1653004800,21560.446603926997
2022-05-21,1653091200,21553.83067831226
2022-05-22,1653177600,21557.18706891273
2022-05-23,1653264000,21520.34934304133
2022-05-24,1653350400,21516.56584232234
2022-05-25,1653436800,21503.79524670619
2022-05-26,1653523200,21480.175910900878
2022-05-27,1653609600,21437.16853390935
2022-05-28,1653696000,21436.041031221303
2022-05-29,1653782400,21437.56945793461
2022-05-30,1653868800,21452.595226132125
2022-05-31,1653955200,21473.346740211677
2022-06-01,1654041600,21428.210364913833
2022-06-02,1654128000,21377.654857432637
2022-06-03,1654214400,21350.92042592098
2022-06-04,1654300800,21327.280910043304
2022-06-05,1654387200,21320.424577130805
2022-06-06,1654473600,21312.086090708603
2022-06-07,1654560000,21283.52803261805
2022-06-08,1654646400,21266.436472625115
2022-06-09,1654732800,21233.081507402898
2022-06-10,1654819200,21209.165486844817
2022-06-11,1654905600,21181.937302751885
2022-06-12,1654992000,21148.69625327081
2022-06-13,1655078400,20895.692229606695
2022-06-14,1655164800,20728.825116808785
2022-06-15,1655251200,20625.45955000022
2022-06-16,1655337600,20522.197133465193
2022-06-17,1655424000,20431.219850856374
2022-06-18,1655510400,20344.87276713389
2022-06-19,1655596800,20342.470314416834
2022-06-20,1655683200,20322.08325598233
2022-06-21,1655769600,20281.091329600175
2022-06-22,1655856000,20235.146064962464
2022-06-23,1655942400,20228.88416391559
2022-06-24,1656028800,20206.555602392793
2022-06-25,1656115200,20211.243126719746
2022-06-26,1656201600,20204.23778399477
2022-06-27,1656288000,20173.09602862646
2022-06-28,1656374400,20148.439030750666
2022-06-29,1656460800,20123.57473020061
2022-06-30,1656547200,20042.212717182505
2022-07-01,1656633600,20005.50742689771
2022-07-02,1656720000,19993.263224376205
2022-07-03,1656806400,19977.370812803645
2022-07-04,1656892800,19978.460623312974
2022-07-05,1656979200,19967.411240806086
2022-07-06,1657065600,19925.467998383614
2022-07-07,1657152000,19924.20673284944
2022-07-08,1657238400,19913.5647881263
2022-07-09,1657324800,19878.924612353134
2022-07-10,1657411200,19869.959772602746
2022-07-11,1657497600,19793.56043166636
2022-07-12,1657584000,19772.506173940936
2022-07-13,1657670400,19770.38046537493
2022-07-14,1657756800,19750.7403500765
2022-07-15,1657843200,19668.2397593291
2022-07-16,1657929600,19668.50630576926
2022-07-17,1658016000,19662.872169563627
2022-07-19,1658188800,19641.6245958352
2022-07-20,1658275200,19648.194512316863
2022-07-21,1658361600,19608.18404548077
2022-07-22,1658448000,19565.401459470526
2022-07-23,1658534400,19549.687955626167
2022-07-24,1658620800,19544.304827770316
2022-07-25,1658707200,19514.090996558563
2022-07-26,1658793600,19495.37821342963
2022-07-27,1658880000,19507.24868302063
2022-07-28,1658966400,19518.387536788025
2022-07-29,1659052800,19517.08458143864
2022-07-30,1659139200,19515.04982792882
2022-07-31,1659225600,19506.961155644523
2022-08-01,1659312000,19507.936468339107
2022-08-02,1659398400,19496.938231618562
2022-08-03,1659484800,19489.618212267265
2022-08-04,1659571200,19470.363621791214
2022-08-05,1659657600,19471.271610707718
2022-08-06,1659744000,19469.04803354359
2022-08-07,1659830400,19467.91337504188
2022-08-08,1659916800,19470.457850813844
2022-08-09,1660003200,19440.445870301763
2022-08-10,1660089600,19455.141355200714
2022-08-11,1660176000,19449.517555066235
2022-08-12,1660262400,19455.81004489113
2022-08-13,1660348800,19454.444798203152
2022-08-14,1660435200,19451.098192360365
2022-08-15,1660521600,19442.15491812011
2022-08-16,1660608000,19439.44505900762
2022-08-17,1660694400,19424.809547490084
2022-08-18,1660780800,19419.848927998355
2022-08-19,1660867200,19372.605868236555
2022-08-20,1660953600,19366.722688795748
2022-08-21,1661040000,19365.24845909608
2022-08-22,1661126400,19350.95420939402
2022-08-23,1661212800,19342.974770840057
2022-08-24,1661299200,19333.452607000043
2022-08-25,1661385600,19323.76252109096
2022-08-26,1661472000,19302.86801080201
2022-08-27,1661558400,19288.805015961483
2022-08-28,1661644800,19285.368502307763
2022-08-29,1661731200,19285.555979440785
2022-08-30,1661817600,19256.444731432508
2022-08-31,1661904000,19245.976174816187
2022-09-01,1661990400,19232.613162786172
2022-09-02,1662076800,19213.67275172335
2022-09-03,1662163200,19209.18521585652
2022-09-04,1662249600,19210.80150558666
2022-09-05,1662336000,19203.086181491177
2022-09-06,1662422400,19170.515528625132
2022-09-07,1662508800,19160.744599015354
2022-09-08,1662595200,19148.073549747387
2022-09-09,1662681600,19161.843211147312
2022-09-10,1662768000,19162.50407297183
2022-09-11,1662854400,19157.424875907545
2022-09-12,1662940800,19159.727884098742
2022-09-13,1663027200,19088.67752564448
2022-09-14,1663113600,19065.740180914865
2022-09-15,1663200000,19034.936507940103
2022-09-16,1663286400,19027.450796832196
2022-09-17,1663372800,19023.794218185
2022-09-18,1663459200,19014.459720799627
2022-09-19,1663545600,18999.382198221494
2022-09-20,1663632000,18980.728900891718
2022-09-21,1663718400,18961.488371859425
2022-09-22,1663804800,18960.96930863853
2022-09-23,1663891200,18954.74766333586
2022-09-24,1663977600,18949.57756600725
2022-09-25,1664064000,18942.70681927539
2022-09-26,1664150400,18938.587289498482
2022-09-27,1664236800,18922.018621365558
2022-09-28,1664323200,18907.490654298977
2022-09-29,1664409600,18898.599877197063
2022-09-30,1664496000,18882.385539602637
2022-10-01,1664582400,18877.894921374107
2022-10-02,1664668800,18871.78918641209
2022-10-03,1664755200,18869.77246426127
2022-10-04,1664841600,18868.07964808566
2022-10-05,1664928000,18860.57290641201
2022-10-06,1665014400,18852.25987084379
2022-10-07,1665100800,18840.259987399902
2022-10-08,1665187200,18829.933705676696
2022-10-09,1665273600,18826.900846589175
2022-10-10,1665360000,18816.158750146307
2022-10-11,1665446400,18807.023233422948
2022-10-12,1665532800,18783.91084575527
2022-10-13,1665619200,18778.41812465411
2022-10-14,1665705600,18770.07217330619
2022-10-15,1665792000,18766.347747552827
2022-10-16,1665878400,18762.77648785154
2022-10-17,1665964800,18743.187687758895
2022-10-18,1666051200,18753.903123351574
2022-10-19,1666137600,18741.05201844122
2022-10-20,1666224000,18733.147432738526
2022-10-21,1666310400,18727.438851207156
2022-10-22,1666396800,18712.15283046546
2022-10-23,1666483200,18711.168080051302
2022-10-24,1666569600,18707.511736926
2022-10-25,1666656000,18712.72900890891
2022-10-26,1666742400,18722.27255586204
2022-10-27,1666828800,18718.407313197724
2022-10-28,1666915200,18716.85755204537
2022-10-29,1667001600,18715.978589974588
2022-10-30,1667088000,18709.624055640557
2022-10-31,1667174400,18703.772008543005
2022-11-01,1667260800,18696.827823384065
2022-11-02,1667347200,18688.61723425284
2022-11-03,1667433600,18684.675921480648
2022-11-04,1667520000,18714.416786095295
2022-11-05,1667606400,18710.164306461615
2022-11-06,1667692800,18704.433685985907
2022-11-07,1667779200,18647.679237952278
2022-11-08,1667865600,18603.073908946062
2022-11-09,1667952000,18474.297349552653
2022-11-10,1668038400,18458.044081847955
2022-11-11,1668124800,18422.683814683376
2022-11-12,1668211200,18369.612112401035
2022-11-13,1668297600,18353.969328805513
2022-11-14,1668384000,18321.71707737632
2022-11-15,1668470400,18284.55710968975
2022-11-16,1668556800,18235.890905039156
2022-11-17,1668643200,18148.57560780308
2022-11-18,1668729600,17923.283591828094
2022-11-19,1668816000,17912.489143915773
2022-11-20,1668902400,17895.231032617554
2022-11-21,1668988800,17856.209375816597
2022-11-22,1669075200,17830.23811642118
2022-11-23,1669161600,17839.40040919717
2022-11-24,1669248000,17827.552188193866
2022-11-25,1669334400,17810.656125770565
2022-11-26,1669420800,17800.881884999708
2022-11-27,1669507200,17784.183800910836
2022-11-28,1669593600,17767.482164071334
2022-11-29,1669680000,17757.117131128176
2022-11-30,1669766400,17748.90058125566
2022-12-01,1669852800,17738.366073782574
2022-12-02,1669939200,17725.10572209717
2022-12-03,1670025600,17718.698097714692
2022-12-04,1670112000,17707.828397317997
2022-12-05,1670198400,17636.484157781233
2022-12-06,1670284800,17629.6446405114
2022-12-07,1670371200,17624.22948791551
2022-12-08,1670457600,17615.301476581586
2022-12-09,1670544000,17596.175704872247
2022-12-10,1670630400,17594.67064815568
2022-12-11,1670716800,17587.251353376167
2022-12-12,1670803200,17580.062725668467
2022-12-13,1670889600,17573.33154522072
2022-12-14,1670976000,17554.88330852735
2022-12-15,1671062400,17547.127503571006
2022-12-16,1671148800,17531.793617459174
2022-12-17,1671235200,17525.330307491702
2022-12-18,1671321600,17521.522313636957
2022-12-19,1671408000,17489.784712928493
2022-12-20,1671494400,17485.70551981948
2022-12-21,1671580800,17469.842035826696
2022-12-22,1671667200,17461.844069499817
2022-12-23,1671753600,17452.12601197311
2022-12-24,1671840000,17448.246904768523
2022-12-25,1671926400,17437.050256347717
2022-12-26,1672012800,17433.738808514492
2022-12-27,1672099200,17422.63037790518
2022-12-28,1672185600,17392.332493017355
2022-12-29,1672272000,17373.10850958558
2022-12-30,1672358400,17365.27882385827
2022-12-31,1672444800,17322.18887382416
2023-01-01,1672531200,17318.905564207813
2023-01-02,1672617600,17315.60853726261
2023-01-03,1672704000,17306.120483444258
2023-01-04,1672790400,17294.63994910569
2023-01-05,1672876800,17286.57815037254
2023-01-06,1672963200,17275.52625341858
2023-01-07,1673049600,17271.26212421045
2023-01-08,1673136000,17267.00482732031
2023-01-09,1673222400,17264.053732008022
2023-01-10,1673308800,17253.77740000314
2023-01-11,1673395200,17238.586535084924
2023-01-12,1673481600,17248.857272863435
2023-01-13,1673568000,17264.43817445313
2023-01-14,1673654400,17276.178345416534
2023-01-15,1673740800,17277.933776942627
2023-01-16,1673827200,17285.705522076365
2023-01-17,1673913600,17294.0619245768
2023-01-18,1674000000,17290.002963230272
2023-01-19,1674086400,17284.769553909107
2023-01-20,1674172800,17305.547731966584
2023-01-21,1674259200,17311.847552296804
2023-01-22,1674345600,17318.058555058036
2023-01-23,1674432000,17320.617442679595
2023-01-24,1674518400,17323.383395997484
2023-01-25,1674604800,17332.245340737983
2023-01-26,1674691200,17320.130066959617
2023-01-27,1674777600,17307.294451525948
2023-01-28,1674864000,17308.614547869118
2023-01-29,1674950400,17315.151675771976
2023-01-30,1675036800,17313.781639826313
2023-01-31,1675123200,17320.87561626615
2023-02-01,1675209600,17344.969076707424
2023-02-02,1675296000,17348.52456911684
2023-02-03,1675382400,17353.74260860232
2023-02-04,1675468800,17360.024104424916
2023-02-05,1675555200,17358.413562261896
2023-02-06,1675641600,17358.228908989026
2023-02-07,1675728000,17361.917206146714
2023-02-08,1675814400,17362.92700512811
2023-02-09,1675900800,17354.28564734754
2023-02-10,1675987200,17346.76342838993
2023-02-11,1676073600,17345.55965029129
2023-02-12,1676160000,17342.48496189886
2023-02-13,1676246400,17339.379471644253
2023-02-14,1676332800,17340.123155983405
2023-02-15,1676419200,17358.711015931298
2023-02-16,1676505600,17362.847371129166
2023-02-17,1676592000,17374.117998153622
2023-02-18,1676678400,17375.737276039054
2023-02-19,1676764800,17377.07053863094
2023-02-20,1676851200,17381.671543563843
2023-02-21,1676937600,17382.59312154479
2023-02-22,1677024000,17377.51229416553
2023-02-23,1677110400,17379.183400573394
2023-02-24,1677196800,17371.6037370296
2023-02-25,1677283200,17370.90602992922
2023-02-26,1677369600,17369.74267149054
2023-02-27,1677456000,17359.001211189832
2023-02-28,1677542400,17348.28284718152
2023-03-01,1677628800,17340.20761909062
2023-03-02,1677715200,17337.210920307378
2023-03-03,1677801600,17327.52059123348
2023-03-04,1677888000,17326.32573125074
2023-03-05,1677974400,17313.36226535268
2023-03-06,1678060800,17307.916445346826
2023-03-07,1678147200,17237.602741061313
2023-03-08,1678233600,17230.041530326733
2023-03-09,1678320000,17209.1565133542
2023-03-10,1678406400,17224.731127510622
2023-03-17,1679011200,17331.929992455207
2023-03-18,1679097600,17336.175377229858
2023-03-19,1679184000,17350.37012548856
2023-03-20,1679270400,17366.041028782787
2023-03-21,1679356800,17385.407725502067
2023-03-22,1679443200,17390.90241720073
2023-03-23,1679529600,17421.69294685982
2023-03-24,1679616000,17425.905045478008
2023-03-25,1679702400,17437.71054786463
2023-03-27,1679875200,17461.31009123637
2023-03-28,1679961600,17467.209660882378
2023-03-29,1680048000,17483.13154390096
2023-03-30,1680134400,17175.380341028158
2023-03-31,1680220800,17196.268069110105
2023-04-01,1680307200,17203.136813159854
2023-04-02,1680393600,17204.259423856853
2023-04-03,1680480000,17208.28184563938
2023-04-04,1680566400,17213.32044268288
2023-04-05,1680652800,17217.218096675602
2023-04-06,1680739200,17220.939954089565
2023-04-07,1680825600,17224.835894325613
2023-04-08,1680912000,17225.796564210093
2023-04-09,1680998400,17243.93087440731
2023-04-10,1681084800,17262.24148349246
2023-04-11,1681171200,17280.17098902519
2023-04-12,1681257600,17292.671196668052
2023-04-13,1681344000,17305.33198278391
2023-04-14,1681430400,17317.9916064915
2023-04-15,1681516800,17322.91027359761
2023-04-16,1681603200,17328.17275513098
2023-04-17,1681689600,17333.15426617713
2023-04-18,1681776000,17338.019379130033
2023-04-19,1681862400,17343.159194458574
2023-04-20,1681948800,17341.162368105088
2023-04-21,1682035200,17339.087085750605
2023-04-22,1682121600,17340.858708867185
2023-04-23,1682208000,17343.275083374996
2023-04-24,1682294400,17344.759611255016
2023-04-25,1682380800,17346.374321207728
2023-04-26,1682467200,17353.209593771222
2023-04-27,1682553600,17362.222033745496
2023-04-28,1682640000,17375.274092717977
2023-04-29,1682726400,17376.779158670877
2023-04-30,1682812800,17377.770770215553
2023-05-01,1682899200,17371.55169891191
2023-05-02,1682985600,17377.44082547645
2023-05-03,1683072000,17410.80739786237
2023-05-04,1683158400,17414.385412468066
2023-05-05,1683244800,17418.170538300237
2023-05-06,1683331200,17451.418260451414
2023-05-07,1683417600,17484.441437583162
2023-05-08,1683504000,17517.209551857533
2023-05-09,1683590400,17511.845144111714
2023-05-10,1683676800,17507.509068133233
2023-05-11,1683763200,17501.91134455388
2023-05-12,1683849600,17501.50307995304
2023-05-13,1683936000,17499.89765082196
2023-05-14,1684022400,17500.709078741984
2023-05-15,1684108800,17520.96414867829
2023-05-16,1684195200,17526.196200760834
2023-05-17,1684281600,17524.38280204251
2023-05-18,1684368000,17522.708305097283
2023-05-19,1684454400,17518.524767000767
2023-05-20,1684540800,17519.04963319196
2023-05-21,1684627200,17517.882915667436
2023-05-22,1684713600,17544.51759743236
2023-05-23,1684800000,17547.570885799934
2023-05-24,1684886400,17541.9629303718
2023-05-25,1684972800,17555.395581423763
2023-05-26,1685059200,17554.425645977197
2023-05-27,1685145600,17553.80814428564
2023-05-28,1685232000,17560.917669140337
2023-05-29,1685318400,17563.831604067287
2023-05-30,1685404800,17570.34299631156
2023-05-31,1685491200,17569.86494414527
2023-06-01,1685577600,17570.973604835635
2023-06-02,1685664000,17574.548708892213
2023-06-03,1685750400,17573.365299376797
2023-06-04,1685836800,17572.01311820354
2023-06-05,1685923200,17561.311623338253
2023-06-06,1686009600,17573.04358062672
2023-06-07,1686096000,17568.177404235812
2023-06-08,1686182400,17567.952718368742
2023-06-09,1686268800,17566.842838491724
2023-06-10,1686355200,17560.373322416162
2023-06-11,1686441600,17556.912268180487
2023-06-12,1686528000,17552.296234379435
2023-06-13,1686614400,17548.696623452615
2023-06-14,1686700800,17543.721183963837
2023-06-15,1686787200,17539.700426868407
2023-06-16,1686873600,17543.440013596242
2023-06-17,1686960000,17541.764369961464
2023-06-18,1687046400,17546.57168995793
2023-06-19,1687132800,17537.448901835858
2023-06-20,1687219200,17544.622729525123
2023-06-21,1687305600,17566.488341664503
2023-06-22,1687392000,17588.142782882067
2023-06-23,1687478400,17608.86494851558
2023-06-24,1687564800,17618.09631507488
2023-06-25,1687651200,17623.673804977738
2023-06-26,1687737600,17633.49688087919
2023-06-27,1687824000,17652.399872786813
2023-06-28,1687910400,17671.627851254194
2023-06-29,1687996800,17672.32832654136
2023-06-30,1688083200,17687.108824257317
2023-07-01,1688169600,17714.458791530516
2023-07-02,1688256000,17718.192418762752
2023-07-03,1688342400,17729.05952862749
2023-07-04,1688428800,17732.272995022315
2023-07-05,1688515200,17735.028662713226
2023-07-06,1688601600,17708.285745099914
2023-07-07,1688688000,17712.97826723635
2023-07-08,1688774400,17713.727448932914
2023-07-09,1688860800,17715.03096706349
2023-07-10,1688947200,17720.219105975546
2023-07-11,1689033600,17730.517794140855
2023-07-12,1689120000,17735.845574895266
2023-07-13,1689206400,17742.99976894333
2023-07-14,1689292800,17742.099847678397
2023-07-15,1689379200,17742.03951658942
2023-07-16,1689465600,17742.553930392834
2023-07-17,1689552000,17736.68650639991
2023-07-18,1689638400,17741.80448143372
2023-07-19,1689724800,17746.413523744824
2023-07-20,1689811200,17751.202631377233
2023-07-21,1689897600,17745.59037587885
2023-07-22,1689984000,17744.53750654477
2023-07-23,1690070400,17743.387810445125
2023-07-26,1690329600,17740.14143709955
2023-07-27,1690416000,17719.300913570274
2023-07-28,1690502400,17648.27851699563
2023-07-29,1690588800,17648.788487798687
2023-07-30,1690675200,17645.485370198563
2023-07-31,1690761600,17642.435965115306
2023-08-01,1690848000,17639.506829540907
2023-08-02,1690934400,17636.326302807727
2023-08-03,1691020800,17636.15503752358
2023-08-04,1691107200,17636.43643987374
2023-08-05,1691193600,17629.78914622717
2023-08-06,1691280000,17623.112638190672
2023-08-07,1691366400,17621.67800080926
2023-08-08,1691452800,17622.516422856686
2023-08-09,1691539200,17626.759289472444
2023-08-10,1691625600,17626.412144801197
2023-08-11,1691712000,17628.82070881275
2023-08-12,1691798400,17630.663594603888
2023-08-13,1691884800,17632.318539283056
2023-08-14,1691971200,17633.636359026903
2023-08-15,1692057600,17633.85009041931
2023-08-16,1692144000,17632.444443470253
2023-08-17,1692230400,17623.0914231998
2023-08-18,1692316800,17603.495683973873
2023-08-19,1692403200,17599.05072177883
2023-08-20,1692489600,17591.3772365412
2023-08-21,1692576000,17583.845480701042
2023-08-22,1692662400,17576.314450367496
2023-08-23,1692748800,17568.784145436246
2023-08-24,1692835200,17561.254565801464
2023-08-25,1692921600,17553.80460834874
2023-08-26,1693008000,17550.844277794804
2023-08-27,1693094400,17551.9101245645
2023-08-28,1693180800,17547.13617516255
2023-08-29,1693267200,17534.85855118035
2023-08-30,1693353600,17535.97365136387
2023-08-31,1693440000,17531.57615781547
2023-09-01,1693526400,17522.077806147274
2023-09-02,1693612800,17519.371911946204
2023-09-03,1693699200,17516.383410333514
2023-09-04,1693785600,17513.17128972397
2023-09-05,1693872000,17506.87553363176
2023-09-06,1693958400,17501.62697971862
2023-09-07,1694044800,17497.61026831764
2023-09-08,1694131200,17495.743771359015
2023-09-09,1694217600,17492.13439559289
2023-09-10,1694304000,17487.317635156705
2023-09-11,1694390400,17482.514270176933
2023-09-12,1694476800,17479.485592476314
2023-09-13,1694563200,17478.040206343805
2023-09-14,1694649600,17483.541469589236
2023-09-15,1694736000,17484.42328664876
2023-09-16,1694822400,17483.883071790417
2023-09-17,1694908800,17483.42271506909
2023-09-18,1694995200,17501.0657724885
2023-09-19,1695081600,17515.77572901274
2023-09-20,1695168000,17501.18931795444
2023-09-21,1695254400,17498.40241704782
2023-09-22,1695340800,17496.735116812564
2023-09-23,1695427200,17495.422128463983
2023-09-24,1695513600,17494.458322357506
2023-09-25,1695600000,17503.310435692543
2023-09-26,1695686400,17489.52756864539
2023-09-27,1695772800,17486.52679349975
2023-09-28,1695859200,17486.647311863708
2023-09-29,1695945600,17489.455043332116
2023-09-30,1696032000,17491.232090024707
2023-10-01,1696118400,17491.91629923079
2023-10-02,1696204800,17497.64838642531
2023-10-03,1696291200,17498.0180480915
2023-10-04,1696377600,17502.73930455782
2023-10-05,1696464000,17500.41081248959
2023-10-06,1696550400,17518.055148045532
2023-10-07,1696636800,17509.833598579524
2023-10-08,1696723200,17510.119286284433
2023-10-09,1696809600,17514.770598960647
2023-10-10,1696896000,17512.27507028277
2023-10-11,1696982400,17510.913936106565
2023-10-12,1697068800,17518.678580750555
2023-10-13,1697155200,17515.9659441853
2023-10-14,1697241600,17524.486633493485
2023-10-15,1697328000,17525.137246031947
2023-10-16,1697414400,17536.516465316785
2023-10-17,1697500800,17539.37620734465
2023-10-18,1697587200,17542.71550848641
2023-10-19,1697673600,17538.463231045287
2023-10-20,1697760000,17546.093738264753
2023-10-21,1697846400,17555.31946469176
2023-10-22,1697932800,17554.754957018253
2023-10-23,1698019200,17612.820121932396
2023-10-24,1698105600,17666.703497181774
2023-10-25,1698192000,17696.771415148454
2023-10-26,1698278400,17731.841689511184
2023-10-27,1698364800,17743.036108863093
2023-10-28,1698451200,17752.324030984964
2023-10-29,1698537600,17761.36515024045
2023-10-30,1698624000,17775.9481680321
2023-10-31,1698710400,17793.695678626842
2023-11-01,1698796800,17831.1501754944
2023-11-02,1698883200,17847.406046664342
2023-11-03,1698969600,17864.50357595376
2023-11-04,1699056000,17872.658974758746
2023-11-05,1699142400,17880.576141752983
2023-11-06,1699228800,17888.727594690376
2023-11-07,1699315200,17908.19274679804
2023-11-08,1699401600,17924.99286502998
2023-11-09,1699488000,17976.973464778497
2023-11-10,1699574400,18005.682263179766
2023-11-11,1699660800,18011.97301373028
2023-11-12,1699747200,18017.3046323769
2023-11-13,1699833600,18025.290320605767
2023-11-14,1699920000,18026.06904947512
2023-11-15,1700006400,18059.839117916323
2023-11-16,1700092800,18064.83665881459
2023-11-17,1700179200,18075.23540214887
2023-11-18,1700265600,18079.353858206054
2023-11-19,1700352000,18094.20357464896
2023-11-20,1700438400,18108.824371095543
2023-11-21,1700524800,18123.561349002026
2023-11-22,1700611200,18139.66877385308
2023-11-23,1700697600,18155.891054681728
2023-11-24,1700784000,18169.25561769977
2023-11-25,1700870400,18174.3358797779
2023-11-26,1700956800,18179.65624569877
2023-11-27,1701043200,18183.99739921164
2023-11-28,1701129600,18203.656742171843
2023-11-29,1701216000,18223.164134476458
2023-11-30,1701302400,18225.085933281036
2023-12-01,1701388800,18255.907437985985
2023-12-02,1701475200,18269.292644112018
2023-12-03,1701561600,18282.949210276558
2023-12-04,1701648000,18353.170616553838
2023-12-05,1701734400,18408.040966071294
2023-12-06,1701820800,18469.85433710255
2023-12-07,1701907200,18500.915084535834
2023-12-08,1701993600,18525.603277870094
2023-12-09,1702080000,18549.879555062857
2023-12-10,1702166400,18559.75175629768
2023-12-11,1702252800,18569.925991705957
2023-12-12,1702339200,18612.587037597932
2023-12-13,1702425600,18636.048220287263
2023-12-14,1702512000,18653.62135752703
2023-12-15,1702598400,18679.791151303343
2023-12-16,1702684800,18693.509216440172
2023-12-17,1702771200,18694.77541876136
2023-12-18,1702857600,18729.415620717016
2023-12-19,1702944000,18748.50279965506
2023-12-20,1703030400,18783.996489253368
2023-12-21,1703116800,18803.84863525299
2023-12-22,1703203200,18830.05053181038
2023-12-23,1703289600,18841.14854644981
2023-12-24,1703376000,18863.341854644546
2023-12-25,1703462400,18871.70730889615
2023-12-26,1703548800,18898.087925276937
2023-12-27,1703635200,18967.51889521375
2023-12-28,1703721600,18980.94906801262
2023-12-29,1703808000,19004.790243562937
2023-12-30,1703894400,19016.018832752346
2023-12-31,1703980800,19025.12406306372
2024-01-01,1704067200,19040.722707868903
2024-01-02,1704153600,19079.131625752696
2024-01-03,1704240000,19097.31825790398
2024-01-04,1704326400,19287.498417845833
2024-01-05,1704412800,19316.942613361098
2024-01-06,1704499200,19324.92577974465
2024-01-07,1704585600,19331.25925326852
2024-01-08,1704672000,19374.63380771569
2024-01-09,1704758400,19415.03071921104
2024-01-10,1704844800,19450.427424603186
2024-01-11,1704931200,19485.039188128456
2024-01-12,1705017600,19465.548793222584
2024-01-13,1705104000,19468.640751656112
2024-01-14,1705190400,19468.760609654284
2024-01-15,1705276800,19476.959310922983
2024-01-16,1705363200,19584.787761164793
2024-01-17,1705449600,19592.987720505113
2024-01-18,1705536000,19631.255997248365
2024-01-19,1705622400,19646.012062981554
2024-01-20,1705708800,19647.272287366723
2024-01-21,1705795200,19648.237235891294
2024-01-22,1705881600,19638.928367669734
2024-01-23,1705968000,19649.06031102304
2024-01-24,1706054400,19692.910908497903
2024-01-25,1706140800,19708.6682785058
2024-01-26,1706227200,19730.153466681564
2024-01-27,1706313600,19737.78805191588
2024-01-28,1706400000,19741.197385503277
2024-01-29,1706486400,19762.073174414905
2024-01-30,1706572800,19808.739094528784
2024-01-31,1706659200,19841.775748492943
2024-02-01,1706745600,19851.76427880964
2024-02-02,1706832000,19863.48696310008
2024-02-03,1706918400,19864.22271198957
2024-02-04,1707004800,19867.889924458523
2024-02-05,1707091200,19877.922058725726
2024-02-06,1707177600,19908.582620852132
2024-02-07,1707264000,19931.24280917975
2024-02-08,1707350400,19960.759231188895
2024-02-09,1707436800,20000.327889782977
2024-02-10,1707523200,20019.355866930127
2024-02-11,1707609600,20036.794083678215
2024-02-12,1707696000,20097.307699661073
2024-02-13,1707782400,20129.417202080498
2024-02-14,1707868800,20193.697746100454
2024-02-15,1707955200,20299.48693021868
2024-02-16,1708041600,
2024-02-17,1708128000,
2024-02-18,1708214400,
2024-02-19,1708300800,
2024-02-20,1708387200,
2024-02-21,1708473600,
2024-02-22,1708560000,
2024-02-23,1708646400,20578.173834853136
2024-02-24,1708732800,
2024-02-25,1708819200,
2024-02-26,1708905600,
2024-02-27,1708992000,
2024-02-28,1709078400,
2024-02-29,1709164800,
2024-03-01,1709251200,
2024-03-02,1709337600,
2024-03-03,1709424000,21503.94053862192
2024-03-04,1709510400,
2024-03-05,1709596800,
2024-03-06,1709683200,
2024-03-07,1709769600,
2024-03-08,1709856000,
2024-03-09,1709942400,
2024-03-10,1710028800,
2024-03-11,1710115200,
2024-03-12,1710201600,
2024-03-13,1710288000,
2024-03-14,1710374400,
2024-03-15,1710460800,
2024-03-16,1710547200,
2024-03-17,1710633600,
2024-03-18,1710720000,
2024-03-19,1710806400,
2024-03-20,1710892800,
2024-03-21,1710979200,
2024-03-22,1711065600,
2024-03-23,1711152000,
2024-03-24,1711238400,
2024-03-25,1711324800,
2024-03-26,1711411200,
2024-03-27,1711497600,
2024-03-28,1711584000,
2024-03-29,1711670400,
2024-03-30,1711756800,
2024-03-31,1711843200,
2024-04-01,1711929600,
2024-04-02,1712016000,
2024-04-03,1712102400,
2024-04-04,1712188800,25100.83996888732
2024-04-05,1712275200,
2024-04-06,1712361600,
2024-04-07,1712448000,
2024-04-08,1712534400,
2024-04-09,1712620800,
2024-04-10,1712707200,
2024-04-11,1712793600,
2024-04-12,1712880000,
2024-04-13,1712966400,
2024-04-14,1713052800,
2024-04-15,1713139200,
2024-04-16,1713225600,
2024-04-17,1713312000,
2024-04-18,1713398400,
2024-04-19,1713484800,
2024-04-20,1713571200,
2024-04-21,1713657600,
2024-04-22,1713744000,
2024-04-23,1713830400,
2024-04-24,1713916800,25588.881409933998
2024-04-25,1714003200,
2024-04-26,1714089600,
2024-04-27,1714176000,
2024-04-29,1714348800,25664.708381753342
2024-04-30,1714435200,
2024-05-01,1714521600,
2024-05-02,1714608000,
2024-05-03,1714694400,
2024-05-04,1714780800,
2024-05-05,1714867200,
2024-05-06,1714953600,
2024-05-07,1715040000,
2024-05-08,1715126400,
2024-05-09,1715212800,
2024-05-10,1715299200,
2024-05-11,1715385600,
2024-05-12,1715472000,
2024-05-13,1715558400,
2024-05-14,1715644800,25784.01965196759
2024-05-15,1715731200,
2024-05-16,1715817600,25918.597400063732
2024-05-17,1715904000,
2024-05-18,1715990400,
2024-05-19,1716076800,
2024-05-20,1716163200,
2024-05-21,1716249600,
2024-05-22,1716336000,26144.740195201673
2024-05-23,1716422400,
2024-05-24,1716508800,
2024-05-25,1716595200,
2024-05-26,1716681600,
2024-05-27,1716768000,
2024-05-28,1716854400,
2024-05-29,1716940800,
2024-05-30,1717027200,
2024-05-31,1717113600,
2024-06-01,1717200000,
2024-06-02,1717286400,
2024-06-03,1717372800,
2024-06-04,1717459200,
2024-06-05,1717545600,
2024-06-06,1717632000,27070.167913431458
2024-06-07,1717718400,
2024-06-08,1717804800,
2024-06-09,1717891200,
2024-06-10,1717977600,
2024-06-11,1718064000,
2024-06-12,1718150400,
2024-06-13,1718236800,
2024-06-14,1718323200,27241.289986754768
2024-06-15,1718409600,
2024-06-16,1718496000,
2024-06-17,1718582400,
2024-06-18,1718668800,
2024-06-19,1718755200,27285.549351892965
2024-06-20,1718841600,
2024-06-21,1718928000,
2024-06-22,1719014400,
2024-06-23,1719100800,
2024-06-24,1719187200,
2024-06-25,1719273600,
2024-06-26,1719360000,
2024-06-27,1719446400,
2024-06-28,1719532800,
2024-06-29,1719619200,
2024-06-30,1719705600,
2024-07-01,1719792000,
2024-07-02,1719878400,
2024-07-03,1719964800,
2024-07-04,1720051200,
2024-07-05,1720137600,
2024-07-06,1720224000,
2024-07-07,1720310400,
2024-07-08,1720396800,
2024-07-09,1720483200,
2024-07-10,1720569600,
2024-07-11,1720656000,
2024-07-12,1720742400,
2024-07-13,1720828800,
2024-07-14,1720915200,
2024-07-15,1721001600,
2024-07-16,1721088000,
2024-07-17,1721174400,
2024-07-18,1721260800,
2024-07-19,1721347200,
2024-07-20,1721433600,
2024-07-21,1721520000,
2024-07-22,1721606400,
2024-07-23,1721692800,
2024-07-24,1721779200,
2024-07-25,1721865600,
2024-07-26,1721952000,
2024-07-27,1722038400,
2024-07-28,1722124800,
2024-07-29,1722211200,
2024-07-30,1722297600,
2024-07-31,1722384000,
2024-08-01,1722470400,
2024-08-02,1722556800,
2024-08-03,1722643200,
2024-08-04,1722729600,
2024-08-05,1722816000,
2024-08-06,1722902400,
2024-08-07,1722988800,
2024-08-08,1723075200,
2024-08-09,1723161600,
2024-08-10,1723248000,
2024-08-11,1723334400,
2024-08-12,1723420800,
2024-08-13,1723507200,
2024-08-14,1723593600,
2024-08-15,1723680000,
2024-08-16,1723766400,
2024-08-17,1723852800,
2024-08-18,1723939200,
2024-08-19,1724025600,
2024-08-20,1724112000,
2024-08-21,1724198400,
2024-08-22,1724284800,
2024-08-23,1724371200,
2024-08-24,1724457600,
2024-08-25,1724544000,
2024-08-26,1724630400,
2024-08-27,1724716800,
2024-08-28,1724803200,
2024-08-29,1724889600,
2024-08-30,1724976000,
2024-08-31,1725062400,
2024-09-01,1725148800,
2024-09-02,1725235200,
2024-09-03,1725321600,28119.310997647757
2024-09-04,1725408000,28130.50682440108
2024-09-05,1725494400,28107.68681914276
2024-09-06,1725580800,
2024-09-07,1725667200,
2024-09-08,1725753600,
2024-09-09,1725840000,
2024-09-10,1725926400,
2024-09-11,1726012800,
2024-09-12,1726099200,
2024-09-13,1726185600,
2024-09-14,1726272000,
2024-09-15,1726358400,
2024-09-16,1726444800,
2024-09-17,1726531200,
2024-09-18,1726617600,
2024-09-19,1726704000,
2024-09-20,1726790400,
2024-09-21,1726876800,
2024-09-22,1726963200,
2024-09-23,1727049600,
2024-09-24,1727136000,
2024-09-25,1727222400,
2024-09-26,1727308800,
2024-09-27,1727395200,
2024-09-28,1727481600,
2024-09-29,1727568000,
2024-09-30,1727654400,
2024-10-01,1727740800,
2024-10-02,1727827200,
2024-10-03,1727913600,
2024-10-04,1728000000,
2024-10-05,1728086400,
2024-10-06,1728172800,
2024-10-07,1728259200,
2024-10-08,1728345600,
2024-10-09,1728432000,
2024-10-10,1728518400,
2024-10-11,1728604800,
2024-10-12,1728691200,
2024-10-13,1728777600,
2024-10-14,1728864000,
2024-10-15,1728950400,
2024-10-16,1729036800,
2024-10-17,1729123200,
2024-10-18,1729209600,
2024-10-19,1729296000,
2024-10-20,1729382400,
2024-10-21,1729468800,
2024-10-22,1729555200,
2024-10-23,1729641600,
2024-10-24,1729728000,
2024-10-25,1729814400,
2024-10-26,1729900800,
2024-10-27,1729987200,
2024-10-28,1730073600,
2024-10-29,1730160000,
2024-10-30,1730246400,
2024-10-31,1730332800,
2024-11-01,1730419200,
2024-11-02,1730505600,
2024-11-03,1730592000,
2024-11-04,1730678400,
2024-11-05,1730764800,
2024-11-06,1730851200,
2024-11-07,1730937600,
2024-11-08,1731024000,
2024-11-09,1731110400,
2024-11-10,1731196800,
2024-11-11,1731283200,
2024-11-12,1731369600,
2024-11-13,1731456000,
2024-11-14,1731542400,
2024-11-15,1731628800,31382.50058009849
2024-11-16,1731715200,
2024-11-17,1731801600,31462.494186289896
2024-11-18,1731888000,
2024-11-19,1731974400,
2024-11-20,1732060800,
2024-11-21,1732147200,
2024-11-22,1732233600,
2024-11-23,1732320000,
2024-11-24,1732406400,
2024-11-25,1732492800,
2024-11-26,1732579200,
2024-11-27,1732665600,
2024-11-28,1732752000,
2024-11-29,1732838400,
2024-11-30,1732924800,
2024-12-01,1733011200,
2024-12-02,1733097600,
2024-12-03,1733184000,
2024-12-04,1733270400,
2024-12-05,1733356800,
2024-12-06,1733443200,
2024-12-07,1733529600,
2024-12-08,1733616000,
2024-12-09,1733702400,
2024-12-10,1733788800,
2024-12-11,1733875200,
2024-12-12,1733961600,
2024-12-13,1734048000,
2024-12-14,1734134400,
2024-12-15,1734220800,
2024-12-16,1734307200,
2024-12-17,1734393600,
2024-12-18,1734480000,
2024-12-19,1734566400,
2024-12-20,1734652800,
2024-12-21,1734739200,
2024-12-22,1734825600,
2024-12-23,1734912000,
2024-12-24,1734998400,
2024-12-25,1735084800,
2024-12-26,1735171200,
2024-12-27,1735257600,
2024-12-28,1735344000,
2024-12-29,1735430400,
2024-12-30,1735516800,
2024-12-31,1735603200,
2025-01-01,1735689600,
2025-01-02,1735776000,
2025-01-03,1735862400,
2025-01-04,1735948800,
2025-01-05,1736035200,
2025-01-06,1736121600,
2025-01-07,1736208000,
2025-01-08,1736294400,
2025-01-09,1736380800,
2025-01-10,1736467200,
2025-01-11,1736553600,
2025-01-12,1736640000,
2025-01-13,1736726400,
2025-01-14,1736812800,
2025-01-15,1736899200,
2025-01-16,1736985600,
2025-01-17,1737072000,
2025-01-18,1737158400,
2025-01-19,1737244800,38292.25706505169
2025-01-20,1737331200,38369.419736248194
2025-01-21,1737417600,
2025-01-22,1737504000,
2025-01-23,1737590400,
2025-01-24,1737676800,
2025-01-25,1737763200,
2025-01-26,1737849600,
2025-01-27,1737936000,
2025-01-28,1738022400,
2025-01-29,1738108800,
2025-01-30,1738195200,
2025-01-31,1738281600,
2025-02-01,1738368000,
2025-02-02,1738454400,
2025-02-03,1738540800,
2025-02-04,1738627200,
2025-02-05,1738713600,
2025-02-06,1738800000,39408.08460705732
2025-02-07,1738886400,
2025-02-08,1738972800,
2025-02-09,1739059200,
2025-02-10,1739145600,
2025-02-11,1739232000,
2025-02-12,1739318400,
2025-02-13,1739404800,
2025-02-14,1739491200,
2025-02-15,1739577600,
2025-02-16,1739664000,
2025-02-17,1739750400,
2025-02-18,1739836800,
2025-02-19,1739923200,
2025-02-20,1740009600,
2025-02-21,1740096000,
2025-02-22,1740182400,
2025-02-23,1740268800,
2025-02-24,1740355200,
2025-02-25,1740441600,
2025-02-26,1740528000,
2025-02-27,1740614400,
2025-02-28,1740700800,
2025-03-01,1740787200,
2025-03-02,1740873600,
2025-03-03,1740960000,
2025-03-04,1741046400,
2025-03-05,1741132800,
2025-03-06,1741219200,
2025-03-07,1741305600,
2025-03-08,1741392000,
2025-03-09,1741478400,
2025-03-10,1741564800,
2025-03-11,1741651200,
2025-03-12,1741737600,
2025-03-13,1741824000,
2025-03-14,1741910400,
2025-03-15,1741996800,
2025-03-16,1742083200,
2025-03-17,1742169600,
2025-03-18,1742256000,
2025-03-19,1742342400,
2025-03-20,1742428800,
2025-03-21,1742515200,
2025-03-22,1742601600,
2025-03-23,1742688000,
2025-03-24,1742774400,
2025-03-25,1742860800,
2025-03-26,1742947200,
2025-03-27,1743033600,
2025-03-28,1743120000,
2025-03-29,1743206400,
2025-03-30,1743292800,39976.40436266141
2025-03-31,1743379200,
2025-04-01,1743465600,
2025-04-02,1743552000,
2025-04-03,1743638400,
2025-04-04,1743724800,
2025-04-05,1743811200,
2025-04-06,1743897600,
2025-04-07,1743984000,
2025-04-08,1744070400,
2025-04-09,1744156800,
2025-04-10,1744243200,
2025-04-11,1744329600,
2025-04-12,1744416000,
2025-04-13,1744502400,
2025-04-14,1744588800,
2025-04-15,1744675200,
2025-04-16,1744761600,
2025-04-17,1744848000,
2025-04-18,1744934400,
2025-04-19,1745020800,
2025-04-20,1745107200,
2025-04-21,1745193600,
2025-04-22,1745280000,
2025-04-23,1745366400,
2025-04-24,1745452800,
2025-04-25,1745539200,
2025-04-26,1745625600,
2025-04-27,1745712000,
2025-04-28,1745798400,
2025-04-29,1745884800,
2025-04-30,1745971200,
2025-05-01,1746057600,
2025-05-02,1746144000,
2025-05-03,1746230400,
2025-05-04,1746316800,
2025-05-05,1746403200,
2025-05-06,1746489600,
2025-05-07,1746576000,
2025-05-08,1746662400,
2025-05-09,1746748800,
2025-05-10,1746835200,
2025-05-11,1746921600,
2025-05-12,1747008000,
2025-05-13,1747094400,
2025-05-14,1747180800,41575.97872787068
2025-05-15,1747267200,
2025-05-16,1747353600,
2025-05-17,1747440000,
2025-05-18,1747526400,
2025-05-19,1747612800,
2025-05-20,1747699200,
2025-05-21,1747785600,
2025-05-22,1747872000,
2025-05-23,1747958400,
2025-05-24,1748044800,
2025-05-25,1748131200,
2025-05-26,1748217600,
2025-05-27,1748304000,
2025-05-28,1748390400,
2025-05-29,1748476800,
2025-05-30,1748563200,
2025-05-31,1748649600,
2025-06-01,1748736000,
2025-06-02,1748822400,
2025-06-03,1748908800,
2025-06-04,1748995200,
2025-06-05,1749081600,
2025-06-06,1749168000,
2025-06-07,1749254400,
2025-06-08,1749340800,
2025-06-09,1749427200,
2025-06-10,1749513600,
2025-06-11,1749600000,
2025-06-12,1749686400,
2025-06-13,1749772800,
2025-06-14,1749859200,
2025-06-15,1749945600,
2025-06-16,1750032000,
2025-06-17,1750118400,
2025-06-18,1750204800,
2025-06-19,1750291200,
2025-06-20,1750377600,
2025-06-21,1750464000,
2025-06-22,1750550400,
2025-06-23,1750636800,
2025-06-24,1750723200,
2025-06-25,1750809600,
2025-06-26,1750896000,
2025-06-27,1750982400,
2025-06-28,1751068800,
2025-06-29,1751155200,
2025-06-30,1751241600,
