d,unixTs,lthMvrv
2017-01-01,1483228800,3.052
2017-01-02,1483315200,3.170
2017-01-03,1483401600,3.197
2017-01-04,1483488000,3.353
2017-01-05,1483574400,3.272
2017-01-06,1483660800,2.900
2017-01-07,1483747200,2.697
2017-01-08,1483833600,2.835
2017-01-09,1483920000,2.782
2017-01-10,1484006400,2.812
2017-01-11,1484092800,2.634
2017-01-12,1484179200,2.441
2017-01-13,1484265600,2.519
2017-01-14,1484352000,2.583
2017-01-15,1484438400,2.552
2017-01-16,1484524800,2.583
2017-01-17,1484611200,2.728
2017-01-18,1484697600,2.752
2017-01-19,1484784000,2.774
2017-01-20,1484870400,2.780
2017-01-21,1484956800,2.851
2017-01-22,1485043200,2.867
2017-01-23,1485129600,2.860
2017-01-24,1485216000,2.825
2017-01-25,1485302400,2.786
2017-01-26,1485388800,2.812
2017-01-27,1485475200,2.839
2017-01-28,1485561600,2.842
2017-01-29,1485648000,2.839
2017-01-30,1485734400,2.837
2017-01-31,1485820800,2.904
2017-02-01,1485907200,2.999
2017-02-02,1485993600,3.060
2017-02-03,1486080000,3.132
2017-02-04,1486166400,3.144
2017-02-05,1486252800,3.153
2017-02-06,1486339200,3.160
2017-02-07,1486425600,3.223
2017-02-08,1486512000,3.253
2017-02-09,1486598400,3.151
2017-02-10,1486684800,3.013
2017-02-11,1486771200,3.102
2017-02-12,1486857600,3.089
2017-02-13,1486944000,3.078
2017-02-14,1487030400,3.095
2017-02-15,1487116800,3.104
2017-02-16,1487203200,3.155
2017-02-17,1487289600,3.217
2017-02-18,1487376000,3.250
2017-02-19,1487462400,3.228
2017-02-20,1487548800,3.241
2017-02-21,1487635200,3.372
2017-02-22,1487721600,3.429
2017-02-23,1487808000,3.506
2017-02-24,1487894400,3.624
2017-02-25,1487980800,3.569
2017-02-26,1488067200,3.559
2017-02-27,1488153600,3.629
2017-02-28,1488240000,3.658
2017-03-01,1488326400,3.697
2017-03-02,1488412800,3.799
2017-03-03,1488499200,3.899
2017-03-04,1488585600,3.895
2017-03-05,1488672000,3.864
2017-03-06,1488758400,3.906
2017-03-07,1488844800,3.841
2017-03-08,1488931200,3.656
2017-03-09,1489017600,3.603
2017-03-10,1489104000,3.692
2017-03-11,1489190400,3.589
2017-03-12,1489276800,3.664
2017-03-13,1489363200,3.774
2017-03-14,1489449600,3.799
2017-03-15,1489536000,3.823
2017-03-16,1489622400,3.741
2017-03-17,1489708800,3.463
2017-03-18,1489795200,3.186
2017-03-19,1489881600,3.115
2017-03-20,1489968000,3.191
2017-03-21,1490054400,3.346
2017-03-22,1490140800,3.243
2017-03-23,1490227200,3.196
2017-03-24,1490313600,3.066
2017-03-25,1490400000,2.886
2017-03-26,1490486400,3.008
2017-03-27,1490572800,3.106
2017-03-28,1490659200,3.227
2017-03-29,1490745600,3.193
2017-03-30,1490832000,3.195
2017-03-31,1490918400,3.253
2017-04-01,1491004800,3.327
2017-04-02,1491091200,3.341
2017-04-03,1491177600,3.479
2017-04-04,1491264000,3.503
2017-04-05,1491350400,3.453
2017-04-06,1491436800,3.566
2017-04-07,1491523200,3.630
2017-04-08,1491609600,3.622
2017-04-09,1491696000,3.640
2017-04-10,1491782400,3.683
2017-04-11,1491868800,3.701
2017-04-12,1491955200,3.699
2017-04-13,1492041600,3.613
2017-04-14,1492128000,3.591
2017-04-15,1492214400,3.599
2017-04-16,1492300800,3.585
2017-04-17,1492387200,3.601
2017-04-18,1492473600,3.659
2017-04-19,1492560000,3.656
2017-04-20,1492646400,3.713
2017-04-21,1492732800,3.770
2017-04-22,1492819200,3.756
2017-04-23,1492905600,3.743
2017-04-24,1492992000,3.760
2017-04-25,1493078400,3.799
2017-04-26,1493164800,3.873
2017-04-27,1493251200,3.947
2017-04-28,1493337600,3.986
2017-04-29,1493424000,4.006
2017-04-30,1493510400,3.985
2017-05-01,1493596800,4.170
2017-05-02,1493683200,4.295
2017-05-03,1493769600,4.339
2017-05-04,1493856000,4.548
2017-05-05,1493942400,4.601
2017-05-06,1494028800,4.577
2017-05-07,1494115200,4.550
2017-05-08,1494201600,4.733
2017-05-09,1494288000,5.028
2017-05-10,1494374400,5.093
2017-05-11,1494460800,5.334
2017-05-12,1494547200,5.170
2017-05-13,1494633600,5.000
2017-05-14,1494720000,5.206
2017-05-15,1494806400,5.049
2017-05-16,1494892800,5.027
2017-05-17,1494979200,5.253
2017-05-18,1495065600,5.378
2017-05-19,1495152000,5.647
2017-05-20,1495238400,5.835
2017-05-21,1495324800,5.984
2017-05-22,1495411200,6.301
2017-05-23,1495497600,6.506
2017-05-24,1495584000,6.983
2017-05-25,1495670400,7.575
2017-05-26,1495756800,7.046
2017-05-27,1495843200,6.105
2017-05-28,1495929600,6.412
2017-05-29,1496016000,6.543
2017-05-30,1496102400,6.639
2017-05-31,1496188800,6.569
2017-06-01,1496275200,6.984
2017-06-02,1496361600,7.073
2017-06-03,1496448000,7.319
2017-06-04,1496534400,7.313
2017-06-05,1496620800,7.551
2017-06-06,1496707200,8.193
2017-06-07,1496793600,8.080
2017-06-08,1496880000,7.917
2017-06-09,1496966400,8.086
2017-06-10,1497052800,8.153
2017-06-11,1497139200,8.309
2017-06-12,1497225600,7.970
2017-06-13,1497312000,7.706
2017-06-14,1497398400,7.566
2017-06-15,1497484800,6.729
2017-06-16,1497571200,6.978
2017-06-17,1497657600,7.276
2017-06-18,1497744000,7.291
2017-06-19,1497830400,7.275
2017-06-20,1497916800,7.567
2017-06-21,1498003200,7.667
2017-06-22,1498089600,7.607
2017-06-23,1498176000,7.694
2017-06-24,1498262400,7.536
2017-06-25,1498348800,7.290
2017-06-26,1498435200,6.975
2017-06-27,1498521600,6.832
2017-06-28,1498608000,7.158
2017-06-29,1498694400,7.211
2017-06-30,1498780800,7.100
2017-07-01,1498867200,6.901
2017-07-02,1498953600,6.889
2017-07-03,1499040000,7.124
2017-07-04,1499126400,7.307
2017-07-05,1499212800,7.238
2017-07-06,1499299200,7.276
2017-07-07,1499385600,7.122
2017-07-08,1499472000,7.033
2017-07-09,1499558400,7.090
2017-07-10,1499644800,6.824
2017-07-11,1499731200,6.522
2017-07-12,1499817600,6.535
2017-07-13,1499904000,6.601
2017-07-14,1499990400,6.345
2017-07-15,1500076800,5.723
2017-07-16,1500163200,5.334
2017-07-17,1500249600,5.678
2017-07-18,1500336000,6.297
2017-07-19,1500422400,6.392
2017-07-20,1500508800,6.897
2017-07-21,1500595200,7.476
2017-07-22,1500681600,7.648
2017-07-23,1500768000,7.610
2017-07-24,1500854400,7.525
2017-07-25,1500940800,7.211
2017-07-26,1501027200,6.912
2017-07-27,1501113600,7.115
2017-07-28,1501200000,7.555
2017-07-29,1501286400,7.517
2017-07-30,1501372800,7.490
2017-07-31,1501459200,7.806
2017-08-01,1501545600,7.815
2017-08-02,1501632000,7.645
2017-08-03,1501718400,7.739
2017-08-04,1501804800,7.955
2017-08-05,1501891200,8.851
2017-08-06,1501977600,9.055
2017-08-07,1502064000,9.299
2017-08-08,1502150400,9.638
2017-08-09,1502236800,9.399
2017-08-10,1502323200,9.540
2017-08-11,1502409600,9.863
2017-08-12,1502496000,10.568
2017-08-13,1502582400,11.295
2017-08-14,1502668800,11.688
2017-08-15,1502755200,11.665
2017-08-16,1502841600,11.664
2017-08-17,1502928000,12.158
2017-08-18,1503014400,11.769
2017-08-19,1503100800,11.278
2017-08-20,1503187200,11.336
2017-08-21,1503273600,11.135
2017-08-22,1503360000,10.835
2017-08-23,1503446400,11.444
2017-08-24,1503532800,11.553
2017-08-25,1503619200,11.988
2017-08-26,1503705600,11.862
2017-08-27,1503792000,11.921
2017-08-28,1503878400,11.825
2017-08-29,1503964800,12.271
2017-08-30,1504051200,12.521
2017-08-31,1504137600,12.795
2017-09-01,1504224000,13.156
2017-09-02,1504310400,12.765
2017-09-03,1504396800,12.532
2017-09-04,1504483200,11.947
2017-09-05,1504569600,11.650
2017-09-06,1504656000,12.430
2017-09-07,1504742400,12.541
2017-09-08,1504828800,12.196
2017-09-09,1504915200,11.685
2017-09-10,1505001600,11.408
2017-09-11,1505088000,11.464
2017-09-12,1505174400,11.561
2017-09-13,1505260800,10.653
2017-09-14,1505347200,9.807
2017-09-15,1505433600,9.337
2017-09-16,1505520000,10.115
2017-09-17,1505606400,9.912
2017-09-18,1505692800,10.731
2017-09-19,1505779200,10.721
2017-09-20,1505865600,10.652
2017-09-21,1505952000,10.215
2017-09-22,1506038400,9.724
2017-09-23,1506124800,10.002
2017-09-24,1506211200,9.927
2017-09-25,1506297600,10.329
2017-09-26,1506384000,10.580
2017-09-27,1506470400,10.901
2017-09-28,1506556800,11.288
2017-09-29,1506643200,11.133
2017-09-30,1506729600,11.495
2017-10-01,1506816000,11.540
2017-10-02,1506902400,11.758
2017-10-03,1506988800,11.476
2017-10-04,1507075200,11.287
2017-10-05,1507161600,11.302
2017-10-06,1507248000,11.497
2017-10-07,1507334400,11.443
2017-10-08,1507420800,11.827
2017-10-09,1507507200,12.175
2017-10-10,1507593600,12.596
2017-10-11,1507680000,12.485
2017-10-12,1507766400,13.311
2017-10-13,1507852800,14.549
2017-10-14,1507939200,14.588
2017-10-15,1508025600,14.373
2017-10-16,1508112000,14.469
2017-10-17,1508198400,14.278
2017-10-18,1508284800,13.722
2017-10-19,1508371200,14.222
2017-10-20,1508457600,14.521
2017-10-21,1508544000,15.137
2017-10-22,1508630400,14.713
2017-10-23,1508716800,14.607
2017-10-24,1508803200,13.889
2017-10-25,1508889600,13.551
2017-10-26,1508976000,14.108
2017-10-27,1509062400,13.886
2017-10-28,1509148800,13.591
2017-10-29,1509235200,13.889
2017-10-30,1509321600,14.435
2017-10-31,1509408000,14.636
2017-11-01,1509494400,15.149
2017-11-02,1509580800,16.138
2017-11-03,1509667200,16.640
2017-11-04,1509753600,16.596
2017-11-05,1509840000,17.009
2017-11-06,1509926400,16.320
2017-11-07,1510012800,15.977
2017-11-08,1510099200,16.439
2017-11-09,1510185600,16.025
2017-11-10,1510272000,15.212
2017-11-11,1510358400,14.219
2017-11-12,1510444800,13.118
2017-11-13,1510531200,13.618
2017-11-14,1510617600,13.899
2017-11-15,1510704000,14.564
2017-11-16,1510790400,15.384
2017-11-17,1510876800,16.008
2017-11-18,1510963200,15.698
2017-11-19,1511049600,15.924
2017-11-20,1511136000,16.470
2017-11-21,1511222400,16.425
2017-11-22,1511308800,16.425
2017-11-23,1511395200,16.286
2017-11-24,1511481600,16.181
2017-11-25,1511568000,16.720
2017-11-26,1511654400,17.815
2017-11-27,1511740800,18.905
2017-11-28,1511827200,19.327
2017-11-29,1511913600,20.392
2017-11-30,1512000000,19.334
2017-12-01,1512086400,19.817
2017-12-02,1512172800,21.041
2017-12-03,1512259200,21.470
2017-12-04,1512345600,21.573
2017-12-05,1512432000,21.969
2017-12-06,1512518400,23.726
2017-12-07,1512604800,28.027
2017-12-08,1512691200,29.289
2017-12-09,1512777600,27.756
2017-12-10,1512864000,26.524
2017-12-11,1512950400,30.415
2017-12-12,1513036800,31.128
2017-12-13,1513123200,30.630
2017-12-14,1513209600,30.114
2017-12-15,1513296000,32.110
2017-12-16,1513382400,33.505
2017-12-17,1513468800,35.299
2017-12-18,1513555200,34.153
2017-12-19,1513641600,33.168
2017-12-20,1513728000,30.521
2017-12-21,1513814400,29.408
2017-12-22,1513900800,24.704
2017-12-23,1513987200,26.304
2017-12-24,1514073600,24.094
2017-12-25,1514160000,24.753
2017-12-26,1514246400,27.297
2017-12-27,1514332800,27.915
2017-12-28,1514419200,25.161
2017-12-29,1514505600,25.694
2017-12-30,1514592000,22.880
2017-12-31,1514678400,22.674
2018-01-01,1514764800,21.796
2018-01-02,1514851200,21.951
2018-01-03,1514937600,23.391
2018-01-04,1515024000,22.394
2018-01-05,1515110400,23.790
2018-01-06,1515196800,24.787
2018-01-07,1515283200,23.922
2018-01-08,1515369600,21.972
2018-01-09,1515456000,21.093
2018-01-10,1515542400,19.550
2018-01-11,1515628800,18.407
2018-01-12,1515715200,18.270
2018-01-13,1515801600,18.895
2018-01-14,1515888000,17.926
2018-01-15,1515974400,17.964
2018-01-16,1516060800,15.544
2018-01-17,1516147200,13.515
2018-01-18,1516233600,14.466
2018-01-19,1516320000,14.309
2018-01-20,1516406400,15.536
2018-01-21,1516492800,14.582
2018-01-22,1516579200,13.577
2018-01-23,1516665600,12.993
2018-01-24,1516752000,13.210
2018-01-25,1516838400,13.357
2018-01-26,1516924800,12.960
2018-01-27,1517011200,13.152
2018-01-28,1517097600,13.664
2018-01-29,1517184000,13.079
2018-01-30,1517270400,12.240
2018-01-31,1517356800,11.409
2018-02-01,1517443200,10.807
2018-02-02,1517529600,9.689
2018-02-03,1517616000,9.958
2018-02-04,1517702400,9.614
2018-02-05,1517788800,8.311
2018-02-06,1517875200,7.449
2018-02-07,1517961600,8.507
2018-02-08,1518048000,8.785
2018-02-09,1518134400,8.781
2018-02-10,1518220800,9.104
2018-02-11,1518307200,8.613
2018-02-12,1518393600,9.056
2018-02-13,1518480000,8.980
2018-02-14,1518566400,9.353
2018-02-15,1518652800,10.106
2018-02-16,1518739200,10.278
2018-02-17,1518825600,10.898
2018-02-18,1518912000,10.854
2018-02-19,1518998400,10.982
2018-02-20,1519084800,11.575
2018-02-21,1519171200,10.805
2018-02-22,1519257600,10.267
2018-02-23,1519344000,9.968
2018-02-24,1519430400,9.848
2018-02-25,1519516800,9.481
2018-02-26,1519603200,9.789
2018-02-27,1519689600,10.254
2018-02-28,1519776000,10.265
2018-03-01,1519862400,10.297
2018-03-02,1519948800,10.577
2018-03-03,1520035200,10.910
2018-03-04,1520121600,10.802
2018-03-05,1520208000,11.045
2018-03-06,1520294400,10.550
2018-03-07,1520380800,9.901
2018-03-08,1520467200,9.212
2018-03-09,1520553600,8.462
2018-03-10,1520640000,8.725
2018-03-11,1520726400,8.554
2018-03-12,1520812800,8.868
2018-03-13,1520899200,8.543
2018-03-14,1520985600,8.111
2018-03-15,1521072000,7.484
2018-03-16,1521158400,7.622
2018-03-17,1521244800,7.327
2018-03-18,1521331200,6.940
2018-03-19,1521417600,7.483
2018-03-20,1521504000,7.665
2018-03-21,1521590400,7.909
2018-03-22,1521676800,7.661
2018-03-23,1521763200,7.380
2018-03-24,1521849600,7.622
2018-03-25,1521936000,7.313
2018-03-26,1522022400,6.957
2018-03-27,1522108800,6.598
2018-03-28,1522195200,6.470
2018-03-29,1522281600,6.084
2018-03-30,1522368000,5.582
2018-03-31,1522454400,5.652
2018-04-01,1522540800,5.482
2018-04-02,1522627200,5.623
2018-04-03,1522713600,5.868
2018-04-04,1522800000,5.623
2018-04-05,1522886400,5.319
2018-04-06,1522972800,5.152
2018-04-07,1523059200,5.306
2018-04-08,1523145600,5.359
2018-04-09,1523232000,5.209
2018-04-10,1523318400,5.091
2018-04-11,1523404800,5.127
2018-04-12,1523491200,5.428
2018-04-13,1523577600,5.850
2018-04-14,1523664000,5.813
2018-04-15,1523750400,5.947
2018-04-16,1523836800,5.758
2018-04-17,1523923200,5.664
2018-04-18,1524009600,5.625
2018-04-19,1524096000,5.647
2018-04-20,1524182400,5.734
2018-04-21,1524268800,5.877
2018-04-22,1524355200,5.827
2018-04-23,1524441600,5.800
2018-04-24,1524528000,6.020
2018-04-25,1524614400,5.851
2018-04-26,1524700800,5.611
2018-04-27,1524787200,5.768
2018-04-28,1524873600,5.724
2018-04-29,1524960000,5.764
2018-04-30,1525046400,5.669
2018-05-01,1525132800,5.429
2018-05-02,1525219200,5.418
2018-05-03,1525305600,5.456
2018-05-04,1525392000,5.551
2018-05-05,1525478400,5.599
2018-05-06,1525564800,5.424
2018-05-07,1525651200,5.222
2018-05-08,1525737600,5.127
2018-05-09,1525824000,5.030
2018-05-10,1525910400,4.983
2018-05-11,1525996800,4.478
2018-05-12,1526083200,4.206
2018-05-13,1526169600,4.192
2018-05-14,1526256000,4.160
2018-05-15,1526342400,4.119
2018-05-16,1526428800,3.814
2018-05-17,1526515200,3.640
2018-05-18,1526601600,3.502
2018-05-19,1526688000,3.521
2018-05-20,1526774400,3.460
2018-05-21,1526860800,3.329
2018-05-22,1526947200,3.201
2018-05-23,1527033600,2.989
2018-05-24,1527120000,2.846
2018-05-25,1527206400,2.792
2018-05-26,1527292800,2.765
2018-05-27,1527379200,2.682
2018-05-28,1527465600,2.632
2018-05-29,1527552000,2.637
2018-05-30,1527638400,2.659
2018-05-31,1527724800,2.645
2018-06-01,1527811200,2.611
2018-06-02,1527897600,2.624
2018-06-03,1527984000,2.567
2018-06-04,1528070400,2.470
2018-06-05,1528156800,2.422
2018-06-06,1528243200,2.425
2018-06-07,1528329600,2.435
2018-06-08,1528416000,2.388
2018-06-09,1528502400,2.358
2018-06-10,1528588800,2.173
2018-06-11,1528675200,1.991
2018-06-12,1528761600,1.959
2018-06-13,1528848000,1.852
2018-06-14,1528934400,1.860
2018-06-15,1529020800,1.856
2018-06-16,1529107200,1.815
2018-06-17,1529193600,1.816
2018-06-18,1529280000,1.809
2018-06-19,1529366400,1.846
2018-06-20,1529452800,1.822
2018-06-21,1529539200,1.821
2018-06-22,1529625600,1.708
2018-06-23,1529712000,1.643
2018-06-24,1529798400,1.605
2018-06-25,1529884800,1.649
2018-06-26,1529971200,1.642
2018-06-27,1530057600,1.638
2018-06-28,1530144000,1.630
2018-06-29,1530230400,1.580
2018-06-30,1530316800,1.682
2018-07-01,1530403200,1.669
2018-07-02,1530489600,1.694
2018-07-03,1530576000,1.726
2018-07-04,1530662400,1.713
2018-07-05,1530748800,1.710
2018-07-06,1530835200,1.695
2018-07-07,1530921600,1.698
2018-07-08,1531008000,1.735
2018-07-09,1531094400,1.720
2018-07-10,1531180800,1.657
2018-07-11,1531267200,1.625
2018-07-12,1531353600,1.589
2018-07-13,1531440000,1.590
2018-07-14,1531526400,1.585
2018-07-15,1531612800,1.605
2018-07-16,1531699200,1.655
2018-07-17,1531785600,1.741
2018-07-18,1531872000,1.870
2018-07-19,1531958400,1.859
2018-07-20,1532044800,1.859
2018-07-21,1532131200,1.837
2018-07-22,1532217600,1.858
2018-07-23,1532304000,1.916
2018-07-24,1532390400,2.015
2018-07-25,1532476800,2.051
2018-07-26,1532563200,2.032
2018-07-27,1532649600,1.960
2018-07-28,1532736000,1.995
2018-07-29,1532822400,1.990
2018-07-30,1532908800,1.975
2018-07-31,1532995200,1.917
2018-08-01,1533081600,1.831
2018-08-02,1533168000,1.828
2018-08-03,1533254400,1.777
2018-08-04,1533340800,1.738
2018-08-05,1533427200,1.677
2018-08-06,1533513600,1.674
2018-08-07,1533600000,1.658
2018-08-08,1533686400,1.526
2018-08-09,1533772800,1.516
2018-08-10,1533859200,1.510
2018-08-11,1533945600,1.453
2018-08-12,1534032000,1.481
2018-08-13,1534118400,1.485
2018-08-14,1534204800,1.416
2018-08-15,1534291200,1.488
2018-08-16,1534377600,1.480
2018-08-17,1534464000,1.509
2018-08-18,1534550400,1.501
2018-08-19,1534636800,1.491
2018-08-20,1534723200,1.499
2018-08-21,1534809600,1.487
2018-08-22,1534896000,1.524
2018-08-23,1534982400,1.490
2018-08-24,1535068800,1.517
2018-08-25,1535155200,1.553
2018-08-26,1535241600,1.542
2018-08-27,1535328000,1.552
2018-08-28,1535414400,1.610
2018-08-29,1535500800,1.622
2018-08-30,1535587200,1.592
2018-08-31,1535673600,1.603
2018-09-01,1535760000,1.630
2018-09-02,1535846400,1.660
2018-09-03,1535932800,1.664
2018-09-04,1536019200,1.679
2018-09-05,1536105600,1.630
2018-09-06,1536192000,1.474
2018-09-07,1536278400,1.479
2018-09-08,1536364800,1.460
2018-09-09,1536451200,1.444
2018-09-10,1536537600,1.443
2018-09-11,1536624000,1.445
2018-09-12,1536710400,1.438
2018-09-13,1536796800,1.481
2018-09-14,1536883200,1.491
2018-09-15,1536969600,1.495
2018-09-16,1537056000,1.488
2018-09-17,1537142400,1.467
2018-09-18,1537228800,1.444
2018-09-19,1537315200,1.452
2018-09-20,1537401600,1.471
2018-09-21,1537488000,1.530
2018-09-22,1537574400,1.536
2018-09-23,1537660800,1.533
2018-09-24,1537747200,1.517
2018-09-25,1537833600,1.467
2018-09-26,1537920000,1.475
2018-09-27,1538006400,1.488
2018-09-28,1538092800,1.521
2018-09-29,1538179200,1.494
2018-09-30,1538265600,1.501
2018-10-01,1538352000,1.500
2018-10-02,1538438400,1.492
2018-10-03,1538524800,1.471
2018-10-04,1538611200,1.489
2018-10-05,1538697600,1.489
2018-10-06,1538784000,1.490
2018-10-07,1538870400,1.485
2018-10-08,1538956800,1.495
2018-10-09,1539043200,1.494
2018-10-10,1539129600,1.480
2018-10-11,1539216000,1.419
2018-10-12,1539302400,1.417
2018-10-13,1539388800,1.415
2018-10-14,1539475200,1.425
2018-10-15,1539561600,1.488
2018-10-16,1539648000,1.490
2018-10-17,1539734400,1.478
2018-10-18,1539820800,1.472
2018-10-19,1539907200,1.448
2018-10-20,1539993600,1.458
2018-10-21,1540080000,1.467
2018-10-22,1540166400,1.460
2018-10-23,1540252800,1.456
2018-10-24,1540339200,1.460
2018-10-25,1540425600,1.454
2018-10-26,1540512000,1.455
2018-10-27,1540598400,1.455
2018-10-28,1540684800,1.455
2018-10-29,1540771200,1.438
2018-10-30,1540857600,1.421
2018-10-31,1540944000,1.421
2018-11-01,1541030400,1.429
2018-11-02,1541116800,1.439
2018-11-03,1541203200,1.433
2018-11-04,1541289600,1.441
2018-11-05,1541376000,1.449
2018-11-06,1541462400,1.449
2018-11-07,1541548800,1.469
2018-11-08,1541635200,1.457
2018-11-09,1541721600,1.440
2018-11-10,1541808000,1.436
2018-11-11,1541894400,1.432
2018-11-12,1541980800,1.435
2018-11-13,1542067200,1.425
2018-11-14,1542153600,1.370
2018-11-15,1542240000,1.263
2018-11-16,1542326400,1.265
2018-11-17,1542412800,1.258
2018-11-18,1542499200,1.268
2018-11-19,1542585600,1.189
2018-11-20,1542672000,1.045
2018-11-21,1542758400,1.026
2018-11-22,1542844800,1.026
2018-11-23,1542931200,0.979
2018-11-24,1543017600,0.969
2018-11-25,1543104000,0.870
2018-11-26,1543190400,0.891
2018-11-27,1543276800,0.858
2018-11-28,1543363200,0.939
2018-11-29,1543449600,0.969
2018-11-30,1543536000,0.936
2018-12-01,1543622400,0.935
2018-12-02,1543708800,0.947
2018-12-03,1543795200,0.893
2018-12-04,1543881600,0.875
2018-12-05,1543968000,0.863
2018-12-06,1544054400,0.842
2018-12-07,1544140800,0.765
2018-12-08,1544227200,0.773
2018-12-09,1544313600,0.797
2018-12-10,1544400000,0.795
2018-12-11,1544486400,0.774
2018-12-12,1544572800,0.781
2018-12-13,1544659200,0.771
2018-12-14,1544745600,0.741
2018-12-15,1544832000,0.731
2018-12-16,1544918400,0.742
2018-12-17,1545004800,0.769
2018-12-18,1545091200,0.806
2018-12-19,1545177600,0.861
2018-12-20,1545264000,0.904
2018-12-21,1545350400,0.913
2018-12-22,1545436800,0.888
2018-12-23,1545523200,0.917
2018-12-24,1545609600,0.949
2018-12-25,1545696000,0.866
2018-12-26,1545782400,0.869
2018-12-27,1545868800,0.853
2018-12-28,1545955200,0.853
2018-12-29,1546041600,0.891
2018-12-30,1546128000,0.875
2018-12-31,1546214400,0.865
2019-01-01,1546300800,0.850
2019-01-02,1546387200,0.880
2019-01-03,1546473600,0.879
2019-01-04,1546560000,0.868
2019-01-05,1546646400,0.880
2019-01-06,1546732800,0.890
2019-01-07,1546819200,0.919
2019-01-08,1546905600,0.917
2019-01-09,1546992000,0.918
2019-01-10,1547078400,0.871
2019-01-11,1547164800,0.838
2019-01-12,1547251200,0.836
2019-01-13,1547337600,0.826
2019-01-14,1547424000,0.825
2019-01-15,1547510400,0.834
2019-01-16,1547596800,0.825
2019-01-17,1547683200,0.824
2019-01-18,1547769600,0.828
2019-01-19,1547856000,0.840
2019-01-20,1547942400,0.825
2019-01-21,1548028800,0.808
2019-01-22,1548115200,0.812
2019-01-23,1548201600,0.813
2019-01-24,1548288000,0.809
2019-01-25,1548374400,0.810
2019-01-26,1548460800,0.816
2019-01-27,1548547200,0.809
2019-01-28,1548633600,0.783
2019-01-29,1548720000,0.773
2019-01-30,1548806400,0.780
2019-01-31,1548892800,0.779
2019-02-01,1548979200,0.776
2019-02-02,1549065600,0.781
2019-02-03,1549152000,0.781
2019-02-04,1549238400,0.777
2019-02-05,1549324800,0.775
2019-02-06,1549411200,0.765
2019-02-07,1549497600,0.764
2019-02-08,1549584000,0.787
2019-02-09,1549670400,0.821
2019-02-10,1549756800,0.820
2019-02-11,1549843200,0.817
2019-02-12,1549929600,0.812
2019-02-13,1550016000,0.814
2019-02-14,1550102400,0.811
2019-02-15,1550188800,0.810
2019-02-16,1550275200,0.815
2019-02-17,1550361600,0.817
2019-02-18,1550448000,0.857
2019-02-19,1550534400,0.888
2019-02-20,1550620800,0.888
2019-02-21,1550707200,0.888
2019-02-22,1550793600,0.893
2019-02-23,1550880000,0.907
2019-02-24,1550966400,0.906
2019-02-25,1551052800,0.862
2019-02-26,1551139200,0.861
2019-02-27,1551225600,0.861
2019-02-28,1551312000,0.865
2019-03-01,1551398400,0.865
2019-03-02,1551484800,0.863
2019-03-03,1551571200,0.862
2019-03-04,1551657600,0.845
2019-03-05,1551744000,0.854
2019-03-06,1551830400,0.869
2019-03-07,1551916800,0.874
2019-03-08,1552003200,0.877
2019-03-09,1552089600,0.882
2019-03-10,1552176000,0.882
2019-03-11,1552262400,0.876
2019-03-12,1552348800,0.872
2019-03-13,1552435200,0.873
2019-03-14,1552521600,0.873
2019-03-15,1552608000,0.879
2019-03-16,1552694400,0.903
2019-03-17,1552780800,0.899
2019-03-18,1552867200,0.898
2019-03-19,1552953600,0.899
2019-03-20,1553040000,0.903
2019-03-21,1553126400,0.905
2019-03-22,1553212800,0.899
2019-03-23,1553299200,0.899
2019-03-24,1553385600,0.897
2019-03-25,1553472000,0.892
2019-03-26,1553558400,0.882
2019-03-27,1553644800,0.901
2019-03-28,1553731200,0.905
2019-03-29,1553817600,0.915
2019-03-30,1553904000,0.920
2019-03-31,1553990400,0.922
2019-04-01,1554076800,0.929
2019-04-02,1554163200,1.050
2019-04-03,1554249600,1.131
2019-04-04,1554336000,1.114
2019-04-05,1554422400,1.119
2019-04-06,1554508800,1.133
2019-04-07,1554595200,1.153
2019-04-08,1554681600,1.178
2019-04-09,1554768000,1.172
2019-04-10,1554854400,1.184
2019-04-11,1554940800,1.150
2019-04-12,1555027200,1.133
2019-04-13,1555113600,1.141
2019-04-14,1555200000,1.142
2019-04-15,1555286400,1.151
2019-04-16,1555372800,1.146
2019-04-17,1555459200,1.174
2019-04-18,1555545600,1.183
2019-04-19,1555632000,1.182
2019-04-20,1555718400,1.194
2019-04-21,1555804800,1.189
2019-04-22,1555891200,1.197
2019-04-23,1555977600,1.245
2019-04-24,1556064000,1.238
2019-04-25,1556150400,1.225
2019-04-26,1556236800,1.182
2019-04-27,1556323200,1.183
2019-04-28,1556409600,1.192
2019-04-29,1556496000,1.189
2019-04-30,1556582400,1.200
2019-05-01,1556668800,1.227
2019-05-02,1556755200,1.247
2019-05-03,1556841600,1.307
2019-05-04,1556928000,1.318
2019-05-05,1557014400,1.325
2019-05-06,1557100800,1.310
2019-05-07,1557187200,1.360
2019-05-08,1557273600,1.357
2019-05-09,1557360000,1.403
2019-05-10,1557446400,1.461
2019-05-11,1557532800,1.579
2019-05-12,1557619200,1.655
2019-05-13,1557705600,1.718
2019-05-14,1557792000,1.850
2019-05-15,1557878400,1.870
2019-05-16,1557964800,1.854
2019-05-17,1558051200,1.692
2019-05-18,1558137600,1.707
2019-05-19,1558224000,1.852
2019-05-20,1558310400,1.843
2019-05-21,1558396800,1.859
2019-05-22,1558483200,1.847
2019-05-23,1558569600,1.807
2019-05-24,1558656000,1.872
2019-05-25,1558742400,1.886
2019-05-26,1558828800,1.908
2019-05-27,1558915200,2.060
2019-05-28,1559001600,2.051
2019-05-29,1559088000,2.033
2019-05-30,1559174400,2.031
2019-05-31,1559260800,1.965
2019-06-01,1559347200,2.012
2019-06-02,1559433600,2.043
2019-06-03,1559520000,2.007
2019-06-04,1559606400,1.864
2019-06-05,1559692800,1.859
2019-06-06,1559779200,1.856
2019-06-07,1559865600,1.897
2019-06-08,1559952000,1.900
2019-06-09,1560038400,1.868
2019-06-10,1560124800,1.874
2019-06-11,1560211200,1.892
2019-06-12,1560297600,1.928
2019-06-13,1560384000,1.958
2019-06-14,1560470400,2.003
2019-06-15,1560556800,2.093
2019-06-16,1560643200,2.182
2019-06-17,1560729600,2.218
2019-06-18,1560816000,2.200
2019-06-19,1560902400,2.206
2019-06-20,1560988800,2.256
2019-06-21,1561075200,2.369
2019-06-22,1561161600,2.593
2019-06-23,1561248000,2.603
2019-06-24,1561334400,2.628
2019-06-25,1561420800,2.746
2019-06-26,1561507200,3.083
2019-06-27,1561593600,2.874
2019-06-28,1561680000,2.859
2019-06-29,1561766400,2.891
2019-06-30,1561852800,2.811
2019-07-01,1561939200,2.610
2019-07-02,1562025600,2.519
2019-07-03,1562112000,2.774
2019-07-04,1562198400,2.874
2019-07-05,1562284800,2.731
2019-07-06,1562371200,2.802
2019-07-07,1562457600,2.778
2019-07-08,1562544000,2.901
2019-07-09,1562630400,3.073
2019-07-10,1562716800,3.107
2019-07-11,1562803200,2.852
2019-07-12,1562889600,2.856
2019-07-13,1562976000,2.815
2019-07-14,1563062400,2.673
2019-07-15,1563148800,2.574
2019-07-16,1563235200,2.553
2019-07-17,1563321600,2.372
2019-07-18,1563408000,2.493
2019-07-19,1563494400,2.600
2019-07-20,1563580800,2.653
2019-07-21,1563667200,2.627
2019-07-22,1563753600,2.596
2019-07-23,1563840000,2.504
2019-07-24,1563926400,2.410
2019-07-25,1564012800,2.492
2019-07-26,1564099200,2.431
2019-07-27,1564185600,2.416
2019-07-28,1564272000,2.360
2019-07-29,1564358400,2.349
2019-07-30,1564444800,2.350
2019-07-31,1564531200,2.431
2019-08-01,1564617600,2.487
2019-08-02,1564704000,2.582
2019-08-03,1564790400,2.660
2019-08-04,1564876800,2.670
2019-08-05,1564963200,2.897
2019-08-06,1565049600,2.921
2019-08-07,1565136000,2.916
2019-08-08,1565222400,2.938
2019-08-09,1565308800,2.943
2019-08-10,1565395200,2.883
2019-08-11,1565481600,2.838
2019-08-12,1565568000,2.840
2019-08-13,1565654400,2.776
2019-08-14,1565740800,2.602
2019-08-15,1565827200,2.500
2019-08-16,1565913600,2.553
2019-08-17,1566000000,2.568
2019-08-18,1566086400,2.568
2019-08-19,1566172800,2.653
2019-08-20,1566259200,2.687
2019-08-21,1566345600,2.543
2019-08-22,1566432000,2.509
2019-08-23,1566518400,2.566
2019-08-24,1566604800,2.537
2019-08-25,1566691200,2.525
2019-08-26,1566777600,2.585
2019-08-27,1566864000,2.546
2019-08-28,1566950400,2.512
2019-08-29,1567036800,2.382
2019-08-30,1567123200,2.387
2019-08-31,1567209600,2.405
2019-09-01,1567296000,2.413
2019-09-02,1567382400,2.492
2019-09-03,1567468800,2.634
2019-09-04,1567555200,2.645
2019-09-05,1567641600,2.646
2019-09-06,1567728000,2.656
2019-09-07,1567814400,2.601
2019-09-08,1567900800,2.611
2019-09-09,1567987200,2.572
2019-09-10,1568073600,2.552
2019-09-11,1568160000,2.512
2019-09-12,1568246400,2.553
2019-09-13,1568332800,2.574
2019-09-14,1568419200,2.580
2019-09-15,1568505600,2.575
2019-09-16,1568592000,2.560
2019-09-17,1568678400,2.549
2019-09-18,1568764800,2.541
2019-09-19,1568851200,2.492
2019-09-20,1568937600,2.535
2019-09-21,1569024000,2.502
2019-09-22,1569110400,2.488
2019-09-23,1569196800,2.463
2019-09-24,1569283200,2.344
2019-09-25,1569369600,2.106
2019-09-26,1569456000,2.054
2019-09-27,1569542400,2.002
2019-09-28,1569628800,2.034
2019-09-29,1569715200,2.011
2019-09-30,1569801600,2.013
2019-10-01,1569888000,2.081
2019-10-02,1569974400,2.055
2019-10-03,1570060800,2.049
2019-10-04,1570147200,2.024
2019-10-05,1570233600,2.017
2019-10-06,1570320000,1.983
2019-10-07,1570406400,1.998
2019-10-08,1570492800,2.039
2019-10-09,1570579200,2.072
2019-10-10,1570665600,2.125
2019-10-11,1570752000,2.083
2019-10-12,1570838400,2.068
2019-10-13,1570924800,2.069
2019-10-14,1571011200,2.050
2019-10-15,1571097600,2.038
2019-10-16,1571184000,1.985
2019-10-17,1571270400,1.977
2019-10-18,1571356800,1.960
2019-10-19,1571443200,1.959
2019-10-20,1571529600,1.973
2019-10-21,1571616000,2.023
2019-10-22,1571702400,2.015
2019-10-23,1571788800,1.897
2019-10-24,1571875200,1.826
2019-10-25,1571961600,1.937
2019-10-26,1572048000,2.279
2019-10-27,1572134400,2.296
2019-10-28,1572220800,2.312
2019-10-29,1572307200,2.288
2019-10-30,1572393600,2.240
2019-10-31,1572480000,2.231
2019-11-01,1572566400,2.233
2019-11-02,1572652800,2.262
2019-11-03,1572739200,2.247
2019-11-04,1572825600,2.253
2019-11-05,1572912000,2.276
2019-11-06,1572998400,2.276
2019-11-07,1573084800,2.232
2019-11-08,1573171200,2.166
2019-11-09,1573257600,2.125
2019-11-10,1573344000,2.146
2019-11-11,1573430400,2.122
2019-11-12,1573516800,2.106
2019-11-13,1573603200,2.106
2019-11-14,1573689600,2.081
2019-11-15,1573776000,2.050
2019-11-16,1573862400,2.035
2019-11-17,1573948800,2.044
2019-11-18,1574035200,2.012
2019-11-19,1574121600,1.943
2019-11-20,1574208000,1.937
2019-11-21,1574294400,1.872
2019-11-22,1574380800,1.756
2019-11-23,1574467200,1.732
2019-11-24,1574553600,1.699
2019-11-25,1574640000,1.658
2019-11-26,1574726400,1.695
2019-11-27,1574812800,1.719
2019-11-28,1574899200,1.765
2019-11-29,1574985600,1.780
2019-11-30,1575072000,1.777
2019-12-01,1575158400,1.703
2019-12-02,1575244800,1.686
2019-12-03,1575331200,1.685
2019-12-04,1575417600,1.670
2019-12-05,1575504000,1.680
2019-12-06,1575590400,1.691
2019-12-07,1575676800,1.717
2019-12-08,1575763200,1.709
2019-12-09,1575849600,1.698
2019-12-10,1575936000,1.655
2019-12-11,1576022400,1.635
2019-12-12,1576108800,1.620
2019-12-13,1576195200,1.623
2019-12-14,1576281600,1.602
2019-12-15,1576368000,1.586
2019-12-16,1576454400,1.573
2019-12-17,1576540800,1.515
2019-12-18,1576627200,1.514
2019-12-19,1576713600,1.590
2019-12-20,1576800000,1.594
2019-12-21,1576886400,1.579
2019-12-22,1576972800,1.596
2019-12-23,1577059200,1.651
2019-12-24,1577145600,1.606
2019-12-25,1577232000,1.587
2019-12-26,1577318400,1.584
2019-12-27,1577404800,1.578
2019-12-28,1577491200,1.602
2019-12-29,1577577600,1.613
2019-12-30,1577664000,1.599
2019-12-31,1577750400,1.564
2020-01-01,1577836800,1.562
2020-01-02,1577923200,1.535
2020-01-03,1578009600,1.565
2020-01-04,1578096000,1.583
2020-01-05,1578182400,1.605
2020-01-06,1578268800,1.627
2020-01-07,1578355200,1.699
2020-01-08,1578441600,1.754
2020-01-09,1578528000,1.675
2020-01-10,1578614400,1.673
2020-01-11,1578700800,1.717
2020-01-12,1578787200,1.717
2020-01-13,1578873600,1.714
2020-01-14,1578960000,1.822
2020-01-15,1579046400,1.855
2020-01-16,1579132800,1.840
2020-01-17,1579219200,1.875
2020-01-18,1579305600,1.883
2020-01-19,1579392000,1.873
2020-01-20,1579478400,1.830
2020-01-21,1579564800,1.830
2020-01-22,1579651200,1.834
2020-01-23,1579737600,1.784
2020-01-24,1579824000,1.771
2020-01-25,1579910400,1.756
2020-01-26,1579996800,1.780
2020-01-27,1580083200,1.839
2020-01-28,1580169600,1.904
2020-01-29,1580256000,1.962
2020-01-30,1580342400,1.970
2020-01-31,1580428800,1.963
2020-02-01,1580515200,1.970
2020-02-02,1580601600,1.973
2020-02-03,1580688000,1.974
2020-02-04,1580774400,1.945
2020-02-05,1580860800,1.986
2020-02-06,1580947200,2.047
2020-02-07,1581033600,2.066
2020-02-08,1581120000,2.055
2020-02-09,1581206400,2.111
2020-02-10,1581292800,2.073
2020-02-11,1581379200,2.085
2020-02-12,1581465600,2.163
2020-02-13,1581552000,2.149
2020-02-14,1581638400,2.145
2020-02-15,1581724800,2.117
2020-02-16,1581811200,2.070
2020-02-17,1581897600,2.031
2020-02-18,1581984000,2.058
2020-02-19,1582070400,2.105
2020-02-20,1582156800,2.005
2020-02-21,1582243200,2.027
2020-02-22,1582329600,2.018
2020-02-23,1582416000,2.061
2020-02-24,1582502400,2.031
2020-02-25,1582588800,1.982
2020-02-26,1582675200,1.885
2020-02-27,1582761600,1.828
2020-02-28,1582848000,1.804
2020-02-29,1582934400,1.801
2020-03-01,1583020800,1.774
2020-03-02,1583107200,1.813
2020-03-03,1583193600,1.820
2020-03-04,1583280000,1.814
2020-03-05,1583366400,1.870
2020-03-06,1583452800,1.883
2020-03-07,1583539200,1.874
2020-03-08,1583625600,1.773
2020-03-09,1583712000,1.636
2020-03-10,1583798400,1.646
2020-03-11,1583884800,1.629
2020-03-12,1583971200,1.379
2020-03-13,1584057600,1.107
2020-03-14,1584144000,1.132
2020-03-15,1584230400,1.112
2020-03-16,1584316800,1.046
2020-03-17,1584403200,1.114
2020-03-18,1584489600,1.108
2020-03-19,1584576000,1.209
2020-03-20,1584662400,1.334
2020-03-21,1584748800,1.292
2020-03-22,1584835200,1.286
2020-03-23,1584921600,1.282
2020-03-24,1585008000,1.395
2020-03-25,1585094400,1.395
2020-03-26,1585180800,1.398
2020-03-27,1585267200,1.398
2020-03-28,1585353600,1.303
2020-03-29,1585440000,1.278
2020-03-30,1585526400,1.313
2020-03-31,1585612800,1.348
2020-04-01,1585699200,1.319
2020-04-02,1585785600,1.405
2020-04-03,1585872000,1.423
2020-04-04,1585958400,1.410
2020-04-05,1586044800,1.414
2020-04-06,1586131200,1.478
2020-04-07,1586217600,1.523
2020-04-08,1586304000,1.518
2020-04-09,1586390400,1.518
2020-04-10,1586476800,1.448
2020-04-11,1586563200,1.427
2020-04-12,1586649600,1.443
2020-04-13,1586736000,1.401
2020-04-14,1586822400,1.428
2020-04-15,1586908800,1.410
2020-04-16,1586995200,1.435
2020-04-17,1587081600,1.465
2020-04-18,1587168000,1.482
2020-04-19,1587254400,1.484
2020-04-20,1587340800,1.459
2020-04-21,1587427200,1.420
2020-04-22,1587513600,1.448
2020-04-23,1587600000,1.508
2020-04-24,1587686400,1.552
2020-04-25,1587772800,1.556
2020-04-26,1587859200,1.567
2020-04-27,1587945600,1.586
2020-04-28,1588032000,1.589
2020-04-29,1588118400,1.700
2020-04-30,1588204800,1.831
2020-05-01,1588291200,1.809
2020-05-02,1588377600,1.826
2020-05-03,1588464000,1.846
2020-05-04,1588550400,1.804
2020-05-05,1588636800,1.838
2020-05-06,1588723200,1.886
2020-05-07,1588809600,1.959
2020-05-08,1588896000,2.046
2020-05-09,1588982400,2.006
2020-05-10,1589068800,1.790
2020-05-11,1589155200,1.797
2020-05-12,1589241600,1.811
2020-05-13,1589328000,1.869
2020-05-14,1589414400,1.978
2020-05-15,1589500800,1.964
2020-05-16,1589587200,1.943
2020-05-17,1589673600,1.989
2020-05-18,1589760000,2.007
2020-05-19,1589846400,1.997
2020-05-20,1589932800,1.997
2020-05-21,1590019200,1.915
2020-05-22,1590105600,1.886
2020-05-23,1590192000,1.903
2020-05-24,1590278400,1.884
2020-05-25,1590364800,1.823
2020-05-26,1590451200,1.830
2020-05-27,1590537600,1.865
2020-05-28,1590624000,1.927
2020-05-29,1590710400,1.954
2020-05-30,1590796800,1.968
2020-05-31,1590883200,1.975
2020-06-01,1590969600,1.991
2020-06-02,1591056000,2.048
2020-06-03,1591142400,1.985
2020-06-04,1591228800,2.016
2020-06-05,1591315200,2.024
2020-06-06,1591401600,2.002
2020-06-07,1591488000,2.000
2020-06-08,1591574400,2.020
2020-06-09,1591660800,2.017
2020-06-10,1591747200,2.031
2020-06-11,1591833600,1.998
2020-06-12,1591920000,1.953
2020-06-13,1592006400,1.956
2020-06-14,1592092800,1.951
2020-06-15,1592179200,1.918
2020-06-16,1592265600,1.970
2020-06-17,1592352000,1.957
2020-06-18,1592438400,1.949
2020-06-19,1592524800,1.931
2020-06-20,1592611200,1.926
2020-06-21,1592697600,1.933
2020-06-22,1592784000,1.962
2020-06-23,1592870400,1.992
2020-06-24,1592956800,1.952
2020-06-25,1593043200,1.909
2020-06-26,1593129600,1.898
2020-06-27,1593216000,1.883
2020-06-28,1593302400,1.873
2020-06-29,1593388800,1.886
2020-06-30,1593475200,1.892
2020-07-01,1593561600,1.900
2020-07-02,1593648000,1.893
2020-07-03,1593734400,1.877
2020-07-04,1593820800,1.876
2020-07-05,1593907200,1.868
2020-07-06,1593993600,1.899
2020-07-07,1594080000,1.908
2020-07-08,1594166400,1.924
2020-07-09,1594252800,1.919
2020-07-10,1594339200,1.885
2020-07-11,1594425600,1.883
2020-07-12,1594512000,1.871
2020-07-13,1594598400,1.876
2020-07-14,1594684800,1.864
2020-07-15,1594771200,1.859
2020-07-16,1594857600,1.840
2020-07-17,1594944000,1.838
2020-07-18,1595030400,1.843
2020-07-19,1595116800,1.841
2020-07-20,1595203200,1.844
2020-07-21,1595289600,1.872
2020-07-22,1595376000,1.883
2020-07-23,1595462400,1.918
2020-07-24,1595548800,1.920
2020-07-25,1595635200,1.932
2020-07-26,1595721600,1.975
2020-07-27,1595808000,2.100
2020-07-28,1595894400,2.205
2020-07-29,1595980800,2.227
2020-07-30,1596067200,2.215
2020-07-31,1596153600,2.248
2020-08-01,1596240000,2.331
2020-08-02,1596326400,2.269
2020-08-03,1596412800,2.257
2020-08-04,1596499200,2.256
2020-08-05,1596585600,2.303
2020-08-06,1596672000,2.359
2020-08-07,1596758400,2.352
2020-08-08,1596844800,2.347
2020-08-09,1596931200,2.343
2020-08-10,1597017600,2.391
2020-08-11,1597104000,2.339
2020-08-12,1597190400,2.308
2020-08-13,1597276800,2.326
2020-08-14,1597363200,2.367
2020-08-15,1597449600,2.390
2020-08-16,1597536000,2.387
2020-08-17,1597622400,2.431
2020-08-18,1597708800,2.450
2020-08-19,1597795200,2.378
2020-08-20,1597881600,2.380
2020-08-21,1597968000,2.368
2020-08-22,1598054400,2.332
2020-08-23,1598140800,2.343
2020-08-24,1598227200,2.367
2020-08-25,1598313600,2.320
2020-08-26,1598400000,2.302
2020-08-27,1598486400,2.290
2020-08-28,1598572800,2.313
2020-08-29,1598659200,2.324
2020-08-30,1598745600,2.347
2020-08-31,1598832000,2.363
2020-09-01,1598918400,2.404
2020-09-02,1599004800,2.342
2020-09-03,1599091200,2.231
2020-09-04,1599177600,2.109
2020-09-05,1599264000,2.082
2020-09-06,1599350400,2.071
2020-09-07,1599436800,2.060
2020-09-08,1599523200,2.057
2020-09-09,1599609600,2.066
2020-09-10,1599696000,2.097
2020-09-11,1599782400,2.090
2020-09-12,1599868800,2.105
2020-09-13,1599955200,2.109
2020-09-14,1600041600,2.134
2020-09-15,1600128000,2.187
2020-09-16,1600214400,2.216
2020-09-17,1600300800,2.214
2020-09-18,1600387200,2.223
2020-09-19,1600473600,2.244
2020-09-20,1600560000,2.224
2020-09-21,1600646400,2.173
2020-09-22,1600732800,2.134
2020-09-23,1600819200,2.127
2020-09-24,1600905600,2.131
2020-09-25,1600992000,2.175
2020-09-26,1601078400,2.185
2020-09-27,1601164800,2.186
2020-09-28,1601251200,2.217
2020-09-29,1601337600,2.188
2020-09-30,1601424000,2.192
2020-10-01,1601510400,2.185
2020-10-02,1601596800,2.136
2020-10-03,1601683200,2.137
2020-10-04,1601769600,2.148
2020-10-05,1601856000,2.167
2020-10-06,1601942400,2.163
2020-10-07,1602028800,2.148
2020-10-08,1602115200,2.167
2020-10-09,1602201600,2.209
2020-10-10,1602288000,2.274
2020-10-11,1602374400,2.278
2020-10-12,1602460800,2.294
2020-10-13,1602547200,2.291
2020-10-14,1602633600,2.281
2020-10-15,1602720000,2.282
2020-10-16,1602806400,2.269
2020-10-17,1602892800,2.264
2020-10-18,1602979200,2.281
2020-10-19,1603065600,2.314
2020-10-20,1603152000,2.365
2020-10-21,1603238400,2.491
2020-10-22,1603324800,2.590
2020-10-23,1603411200,2.606
2020-10-24,1603497600,2.625
2020-10-25,1603584000,2.630
2020-10-26,1603670400,2.632
2020-10-27,1603756800,2.696
2020-10-28,1603843200,2.709
2020-10-29,1603929600,2.687
2020-10-30,1604016000,2.708
2020-10-31,1604102400,2.771
2020-11-01,1604188800,2.774
2020-11-02,1604275200,2.743
2020-11-03,1604361600,2.741
2020-11-04,1604448000,2.794
2020-11-05,1604534400,2.977
2020-11-06,1604620800,3.142
2020-11-07,1604707200,3.090
2020-11-08,1604793600,3.067
2020-11-09,1604880000,3.101
2020-11-10,1604966400,3.087
2020-11-11,1605052800,3.140
2020-11-12,1605139200,3.208
2020-11-13,1605225600,3.280
2020-11-14,1605312000,3.226
2020-11-15,1605398400,3.219
2020-11-16,1605484800,3.297
2020-11-17,1605571200,3.447
2020-11-18,1605657600,3.614
2020-11-19,1605744000,3.604
2020-11-20,1605830400,3.701
2020-11-21,1605916800,3.769
2020-11-22,1606003200,3.713
2020-11-23,1606089600,3.718
2020-11-24,1606176000,3.810
2020-11-25,1606262400,3.840
2020-11-26,1606348800,3.517
2020-11-27,1606435200,3.441
2020-11-28,1606521600,3.508
2020-11-29,1606608000,3.645
2020-11-30,1606694400,3.832
2020-12-01,1606780800,3.899
2020-12-02,1606867200,3.839
2020-12-03,1606953600,3.907
2020-12-04,1607040000,3.869
2020-12-05,1607126400,3.849
2020-12-06,1607212800,3.876
2020-12-07,1607299200,3.889
2020-12-08,1607385600,3.833
2020-12-09,1607472000,3.704
2020-12-10,1607558400,3.713
2020-12-11,1607644800,3.647
2020-12-12,1607731200,3.760
2020-12-13,1607817600,3.906
2020-12-14,1607904000,3.918
2020-12-15,1607990400,3.954
2020-12-16,1608076800,4.117
2020-12-17,1608163200,4.638
2020-12-18,1608249600,4.697
2020-12-19,1608336000,4.796
2020-12-20,1608422400,4.863
2020-12-21,1608508800,4.798
2020-12-22,1608595200,4.792
2020-12-23,1608681600,4.894
2020-12-24,1608768000,4.838
2020-12-25,1608854400,5.001
2020-12-26,1608940800,5.267
2020-12-27,1609027200,5.624
2020-12-28,1609113600,5.663
2020-12-29,1609200000,5.608
2020-12-30,1609286400,5.914
2020-12-31,1609372800,6.055
2021-01-01,1609459200,6.132
2021-01-02,1609545600,6.458
2021-01-03,1609632000,7.023
2021-01-04,1609718400,6.701
2021-01-05,1609804800,6.727
2021-01-06,1609891200,7.277
2021-01-07,1609977600,7.970
2021-01-08,1610064000,8.319
2021-01-09,1610150400,8.424
2021-01-10,1610236800,8.284
2021-01-11,1610323200,7.170
2021-01-12,1610409600,7.287
2021-01-13,1610496000,7.252
2021-01-14,1610582400,8.052
2021-01-15,1610668800,7.831
2021-01-16,1610755200,7.694
2021-01-17,1610841600,7.442
2021-01-18,1610928000,7.537
2021-01-19,1611014400,7.681
2021-01-20,1611100800,7.318
2021-01-21,1611187200,6.828
2021-01-22,1611273600,6.631
2021-01-23,1611360000,6.719
2021-01-24,1611446400,6.699
2021-01-25,1611532800,6.932
2021-01-26,1611619200,6.642
2021-01-27,1611705600,6.455
2021-01-28,1611792000,6.620
2021-01-29,1611878400,7.298
2021-01-30,1611964800,7.068
2021-01-31,1612051200,6.929
2021-02-01,1612137600,6.990
2021-02-02,1612224000,7.188
2021-02-03,1612310400,7.563
2021-02-04,1612396800,7.744
2021-02-05,1612483200,7.763
2021-02-06,1612569600,8.209
2021-02-07,1612656000,7.977
2021-02-08,1612742400,8.524
2021-02-09,1612828800,9.634
2021-02-10,1612915200,9.449
2021-02-11,1613001600,9.552
2021-02-12,1613088000,9.818
2021-02-13,1613174400,9.756
2021-02-14,1613260800,10.032
2021-02-15,1613347200,9.874
2021-02-16,1613433600,10.079
2021-02-17,1613520000,10.511
2021-02-18,1613606400,10.708
2021-02-19,1613692800,10.976
2021-02-20,1613779200,11.622
2021-02-21,1613865600,11.791
2021-02-22,1613952000,11.299
2021-02-23,1614038400,10.094
2021-02-24,1614124800,10.325
2021-02-25,1614211200,10.337
2021-02-26,1614297600,9.645
2021-02-27,1614384000,9.752
2021-02-28,1614470400,9.265
2021-03-01,1614556800,9.871
2021-03-02,1614643200,10.047
2021-03-03,1614729600,10.420
2021-03-04,1614816000,10.180
2021-03-05,1614902400,9.862
2021-03-06,1614988800,9.974
2021-03-07,1615075200,10.364
2021-03-08,1615161600,10.492
2021-03-09,1615248000,11.140
2021-03-10,1615334400,11.426
2021-03-11,1615420800,11.595
2021-03-12,1615507200,11.701
2021-03-13,1615593600,12.089
2021-03-14,1615680000,12.415
2021-03-15,1615766400,11.799
2021-03-16,1615852800,11.378
2021-03-17,1615939200,11.487
2021-03-18,1616025600,11.943
2021-03-19,1616112000,11.920
2021-03-20,1616198400,12.013
2021-03-21,1616284800,11.697
2021-03-22,1616371200,11.592
2021-03-23,1616457600,11.137
2021-03-24,1616544000,11.214
2021-03-25,1616630400,10.569
2021-03-26,1616716800,10.805
2021-03-27,1616803200,11.181
2021-03-28,1616889600,11.304
2021-03-29,1616976000,11.521
2021-03-30,1617062400,11.801
2021-03-31,1617148800,11.846
2021-04-01,1617235200,11.890
2021-04-02,1617321600,11.951
2021-04-03,1617408000,11.860
2021-04-04,1617494400,11.620
2021-04-05,1617580800,11.678
2021-04-06,1617667200,11.770
2021-04-07,1617753600,11.281
2021-04-08,1617840000,11.312
2021-04-09,1617926400,11.453
2021-04-10,1618012800,11.766
2021-04-11,1618099200,11.738
2021-04-12,1618185600,11.788
2021-04-13,1618272000,12.191
2021-04-14,1618358400,12.398
2021-04-15,1618444800,12.270
2021-04-16,1618531200,11.995
2021-04-17,1618617600,11.901
2021-04-18,1618704000,10.951
2021-04-19,1618790400,11.026
2021-04-20,1618876800,10.858
2021-04-21,1618963200,10.784
2021-04-22,1619049600,10.441
2021-04-23,1619136000,9.671
2021-04-24,1619222400,9.675
2021-04-25,1619308800,9.577
2021-04-26,1619395200,10.240
2021-04-27,1619481600,10.508
2021-04-28,1619568000,10.482
2021-04-29,1619654400,10.301
2021-04-30,1619740800,10.557
2021-05-01,1619827200,10.970
2021-05-02,1619913600,10.788
2021-05-03,1620000000,10.976
2021-05-04,1620086400,10.430
2021-05-05,1620172800,10.524
2021-05-06,1620259200,10.679
2021-05-07,1620345600,10.635
2021-05-08,1620432000,10.914
2021-05-09,1620518400,10.796
2021-05-10,1620604800,10.748
2021-05-11,1620691200,10.377
2021-05-12,1620777600,10.365
2021-05-13,1620864000,9.224
2021-05-14,1620950400,9.262
2021-05-15,1621036800,9.002
2021-05-16,1621123200,8.775
2021-05-17,1621209600,7.963
2021-05-18,1621296000,7.937
2021-05-19,1621382400,7.017
2021-05-20,1621468800,7.171
2021-05-21,1621555200,6.987
2021-05-22,1621641600,6.654
2021-05-23,1621728000,6.178
2021-05-24,1621814400,6.544
2021-05-25,1621900800,6.668
2021-05-26,1621987200,6.772
2021-05-27,1622073600,6.540
2021-05-28,1622160000,6.093
2021-05-29,1622246400,5.873
2021-05-30,1622332800,5.889
2021-05-31,1622419200,5.947
2021-06-01,1622505600,5.794
2021-06-02,1622592000,5.881
2021-06-03,1622678400,6.056
2021-06-04,1622764800,5.785
2021-06-05,1622851200,5.667
2021-06-06,1622937600,5.520
2021-06-07,1623024000,5.450
2021-06-08,1623110400,4.948
2021-06-09,1623196800,5.205
2021-06-10,1623283200,5.469
2021-06-11,1623369600,5.382
2021-06-12,1623456000,5.053
2021-06-13,1623542400,5.017
2021-06-14,1623628800,5.404
2021-06-15,1623715200,5.421
2021-06-16,1623801600,5.263
2021-06-17,1623888000,5.141
2021-06-18,1623974400,4.838
2021-06-19,1624060800,4.638
2021-06-20,1624147200,4.539
2021-06-21,1624233600,4.270
2021-06-22,1624320000,4.126
2021-06-23,1624406400,4.294
2021-06-24,1624492800,4.278
2021-06-25,1624579200,4.190
2021-06-26,1624665600,3.959
2021-06-27,1624752000,4.149
2021-06-28,1624838400,4.311
2021-06-29,1624924800,4.442
2021-06-30,1625011200,4.344
2021-07-01,1625097600,4.167
2021-07-02,1625184000,4.105
2021-07-03,1625270400,4.208
2021-07-04,1625356800,4.309
2021-07-05,1625443200,4.142
2021-07-06,1625529600,4.146
2021-07-07,1625616000,4.180
2021-07-08,1625702400,3.959
2021-07-09,1625788800,3.978
2021-07-10,1625875200,4.005
2021-07-11,1625961600,4.009
2021-07-12,1626048000,3.987
2021-07-13,1626134400,3.873
2021-07-14,1626220800,3.717
2021-07-15,1626307200,3.611
2021-07-16,1626393600,3.541
2021-07-17,1626480000,3.445
2021-07-18,1626566400,3.441
2021-07-19,1626652800,3.363
2021-07-20,1626739200,3.210
2021-07-21,1626825600,3.351
2021-07-22,1626912000,3.426
2021-07-23,1626998400,3.399
2021-07-24,1627084800,3.510
2021-07-25,1627171200,3.495
2021-07-26,1627257600,3.868
2021-07-27,1627344000,3.770
2021-07-28,1627430400,3.879
2021-07-29,1627516800,3.822
2021-07-30,1627603200,3.757
2021-07-31,1627689600,3.920
2021-08-01,1627776000,3.893
2021-08-02,1627862400,3.713
2021-08-03,1627948800,3.590
2021-08-04,1628035200,3.604
2021-08-05,1628121600,3.659
2021-08-06,1628208000,3.829
2021-08-07,1628294400,3.987
2021-08-08,1628380800,4.039
2021-08-09,1628467200,4.088
2021-08-10,1628553600,4.128
2021-08-11,1628640000,4.151
2021-08-12,1628726400,4.022
2021-08-13,1628812800,4.072
2021-08-14,1628899200,4.096
2021-08-15,1628985600,4.021
2021-08-16,1629072000,4.037
2021-08-17,1629158400,3.930
2021-08-18,1629244800,3.787
2021-08-19,1629331200,3.774
2021-08-20,1629417600,3.979
2021-08-21,1629504000,4.068
2021-08-22,1629590400,4.041
2021-08-23,1629676800,4.103
2021-08-24,1629763200,4.008
2021-08-25,1629849600,3.931
2021-08-26,1629936000,3.843
2021-08-27,1630022400,3.865
2021-08-28,1630108800,3.928
2021-08-29,1630195200,3.872
2021-08-30,1630281600,3.822
2021-08-31,1630368000,3.748
2021-09-01,1630454400,3.768
2021-09-02,1630540800,3.908
2021-09-03,1630627200,3.901
2021-09-04,1630713600,3.899
2021-09-05,1630800000,3.915
2021-09-06,1630886400,4.020
2021-09-07,1630972800,3.866
2021-09-08,1631059200,3.511
2021-09-09,1631145600,3.513
2021-09-10,1631232000,3.459
2021-09-11,1631318400,3.415
2021-09-12,1631404800,3.404
2021-09-13,1631491200,3.332
2021-09-14,1631577600,3.413
2021-09-15,1631664000,3.507
2021-09-16,1631750400,3.486
2021-09-17,1631836800,3.448
2021-09-18,1631923200,3.478
2021-09-19,1632009600,3.430
2021-09-20,1632096000,3.156
2021-09-21,1632182400,2.993
2021-09-22,1632268800,2.998
2021-09-23,1632355200,3.101
2021-09-24,1632441600,3.002
2021-09-25,1632528000,2.950
2021-09-26,1632614400,2.958
2021-09-27,1632700800,2.990
2021-09-28,1632787200,2.874
2021-09-29,1632873600,2.856
2021-09-30,1632960000,2.949
2021-10-01,1633046400,3.107
2021-10-02,1633132800,3.208
2021-10-03,1633219200,3.217
2021-10-04,1633305600,3.228
2021-10-05,1633392000,3.348
2021-10-06,1633478400,3.522
2021-10-07,1633564800,3.604
2021-10-08,1633651200,3.601
2021-10-09,1633737600,3.565
2021-10-10,1633824000,3.580
2021-10-11,1633910400,3.673
2021-10-12,1633996800,3.653
2021-10-13,1634083200,3.608
2021-10-14,1634169600,3.682
2021-10-15,1634256000,3.828
2021-10-16,1634342400,3.893
2021-10-17,1634428800,3.863
2021-10-18,1634515200,3.920
2021-10-19,1634601600,3.974
2021-10-20,1634688000,4.116
2021-10-21,1634774400,4.042
2021-10-22,1634860800,3.914
2021-10-23,1634947200,3.841
2021-10-24,1635033600,3.851
2021-10-25,1635120000,3.981
2021-10-26,1635206400,3.950
2021-10-27,1635292800,3.768
2021-10-28,1635379200,3.816
2021-10-29,1635465600,3.896
2021-10-30,1635552000,3.892
2021-10-31,1635638400,3.847
2021-11-01,1635724800,3.854
2021-11-02,1635811200,3.943
2021-11-03,1635897600,3.971
2021-11-04,1635984000,3.901
2021-11-05,1636070400,3.873
2021-11-06,1636156800,3.841
2021-11-07,1636243200,3.915
2021-11-08,1636329600,4.147
2021-11-09,1636416000,4.252
2021-11-10,1636502400,4.200
2021-11-11,1636588800,4.082
2021-11-12,1636675200,4.027
2021-11-13,1636761600,4.017
2021-11-14,1636848000,4.046
2021-11-15,1636934400,4.077
2021-11-16,1637020800,3.812
2021-11-17,1637107200,3.755
2021-11-18,1637193600,3.694
2021-11-19,1637280000,3.586
2021-11-20,1637366400,3.674
2021-11-21,1637452800,3.698
2021-11-22,1637539200,3.584
2021-11-23,1637625600,3.559
2021-11-24,1637712000,3.543
2021-11-25,1637798400,3.650
2021-11-26,1637884800,3.475
2021-11-27,1637971200,3.417
2021-11-28,1638057600,3.420
2021-11-29,1638144000,3.603
2021-11-30,1638230400,3.587
2021-12-01,1638316800,3.590
2021-12-02,1638403200,3.545
2021-12-03,1638489600,3.485
2021-12-04,1638576000,3.042
2021-12-05,1638662400,3.057
2021-12-06,1638748800,3.039
2021-12-07,1638835200,3.173
2021-12-08,1638921600,3.126
2021-12-09,1639008000,3.046
2021-12-10,1639094400,2.998
2021-12-11,1639180800,3.017
2021-12-12,1639267200,3.084
2021-12-13,1639353600,2.997
2021-12-14,1639440000,2.939
2021-12-15,1639526400,2.995
2021-12-16,1639612800,3.024
2021-12-17,1639699200,2.929
2021-12-18,1639785600,2.901
2021-12-19,1639872000,2.930
2021-12-20,1639958400,2.885
2021-12-21,1640044800,3.010
2021-12-22,1640131200,3.040
2021-12-23,1640217600,3.058
2021-12-24,1640304000,3.174
2021-12-25,1640390400,3.162
2021-12-26,1640476800,3.124
2021-12-27,1640563200,3.176
2021-12-28,1640649600,3.028
2021-12-29,1640736000,2.934
2021-12-30,1640822400,2.890
2021-12-31,1640908800,2.867
2022-01-01,1640995200,2.859
2022-01-02,1641081600,2.862
2022-01-03,1641168000,2.834
2022-01-04,1641254400,2.812
2022-01-05,1641340800,2.780
2022-01-06,1641427200,2.614
2022-01-07,1641513600,2.546
2022-01-08,1641600000,2.527
2022-01-09,1641686400,2.539
2022-01-10,1641772800,2.520
2022-01-11,1641859200,2.552
2022-01-12,1641945600,2.610
2022-01-13,1642032000,2.613
2022-01-14,1642118400,2.574
2022-01-15,1642204800,2.595
2022-01-16,1642291200,2.586
2022-01-17,1642377600,2.551
2022-01-18,1642464000,2.515
2022-01-19,1642550400,2.511
2022-01-20,1642636800,2.525
2022-01-21,1642723200,2.308
2022-01-22,1642809600,2.122
2022-01-23,1642896000,2.121
2022-01-24,1642982400,2.100
2022-01-25,1643068800,2.181
2022-01-26,1643155200,2.239
2022-01-27,1643241600,2.169
2022-01-28,1643328000,2.206
2022-01-29,1643414400,2.252
2022-01-30,1643500800,2.258
2022-01-31,1643587200,2.235
2022-02-01,1643673600,2.278
2022-02-02,1643760000,2.242
2022-02-03,1643846400,2.170
2022-02-04,1643932800,2.279
2022-02-05,1644019200,2.438
2022-02-06,1644105600,2.442
2022-02-07,1644192000,2.533
2022-02-08,1644278400,2.574
2022-02-09,1644364800,2.575
2022-02-10,1644451200,2.593
2022-02-11,1644537600,2.522
2022-02-12,1644624000,2.474
2022-02-13,1644710400,2.473
2022-02-14,1644796800,2.466
2022-02-15,1644883200,2.564
2022-02-16,1644969600,2.565
2022-02-17,1645056000,2.481
2022-02-18,1645142400,2.350
2022-02-19,1645228800,2.329
2022-02-20,1645315200,2.249
2022-02-21,1645401600,2.234
2022-02-22,1645488000,2.175
2022-02-23,1645574400,2.217
2022-02-24,1645660800,2.096
2022-02-25,1645747200,2.256
2022-02-26,1645833600,2.274
2022-02-27,1645920000,2.243
2022-02-28,1646006400,2.313
2022-03-01,1646092800,2.559
2022-03-02,1646179200,2.577
2022-03-03,1646265600,2.521
2022-03-04,1646352000,2.393
2022-03-05,1646438400,2.289
2022-03-06,1646524800,2.279
2022-03-07,1646611200,2.232
2022-03-08,1646697600,2.257
2022-03-09,1646784000,2.429
2022-03-10,1646870400,2.307
2022-03-11,1646956800,2.262
2022-03-12,1647043200,2.269
2022-03-13,1647129600,2.253
2022-03-14,1647216000,2.244
2022-03-15,1647302400,2.254
2022-03-16,1647388800,2.317
2022-03-17,1647475200,2.354
2022-03-18,1647561600,2.353
2022-03-19,1647648000,2.400
2022-03-20,1647734400,2.381
2022-03-21,1647820800,2.352
2022-03-22,1647907200,2.426
2022-03-23,1647993600,2.409
2022-03-24,1648080000,2.460
2022-03-25,1648166400,2.502
2022-03-26,1648252800,2.498
2022-03-27,1648339200,2.530
2022-03-28,1648425600,2.642
2022-03-29,1648512000,2.649
2022-03-30,1648598400,2.626
2022-03-31,1648684800,2.591
2022-04-01,1648771200,2.527
2022-04-02,1648857600,2.575
2022-04-03,1648944000,2.565
2022-04-04,1649030400,2.546
2022-04-05,1649116800,2.557
2022-04-06,1649203200,2.459
2022-04-07,1649289600,2.378
2022-04-08,1649376000,2.365
2022-04-09,1649462400,2.314
2022-04-10,1649548800,2.324
2022-04-11,1649635200,2.238
2022-04-12,1649721600,2.165
2022-04-13,1649808000,2.189
2022-04-14,1649894400,2.193
2022-04-15,1649980800,2.167
2022-04-16,1650067200,2.111
2022-04-17,1650153600,2.103
2022-04-18,1650240000,2.070
2022-04-19,1650326400,2.136
2022-04-20,1650412800,2.152
2022-04-21,1650499200,2.158
2022-04-22,1650585600,2.073
2022-04-23,1650672000,2.047
2022-04-24,1650758400,2.044
2022-04-25,1650844800,2.022
2022-04-26,1650931200,2.041
2022-04-27,1651017600,2.000
2022-04-28,1651104000,2.037
2022-04-29,1651190400,1.997
2022-04-30,1651276800,1.966
2022-05-01,1651363200,1.944
2022-05-02,1651449600,1.976
2022-05-03,1651536000,1.955
2022-05-04,1651622400,1.981
2022-05-05,1651708800,1.953
2022-05-06,1651795200,1.837
2022-05-07,1651881600,1.818
2022-05-08,1651968000,1.750
2022-05-09,1652054400,1.650
2022-05-10,1652140800,1.586
2022-05-11,1652227200,1.545
2022-05-12,1652313600,1.436
2022-05-13,1652400000,1.525
2022-05-14,1652486400,1.482
2022-05-15,1652572800,1.519
2022-05-16,1652659200,1.509
2022-05-17,1652745600,1.526
2022-05-18,1652832000,1.488
2022-05-19,1652918400,1.491
2022-05-20,1653004800,1.501
2022-05-21,1653091200,1.478
2022-05-22,1653177600,1.500
2022-05-23,1653264000,1.514
2022-05-24,1653350400,1.476
2022-05-25,1653436800,1.497
2022-05-26,1653523200,1.477
2022-05-27,1653609600,1.444
2022-05-28,1653696000,1.445
2022-05-29,1653782400,1.456
2022-05-30,1653868800,1.532
2022-05-31,1653955200,1.583
2022-06-01,1654041600,1.549
2022-06-02,1654128000,1.505
2022-06-03,1654214400,1.500
2022-06-04,1654300800,1.484
2022-06-05,1654387200,1.489
2022-06-06,1654473600,1.562
2022-06-07,1654560000,1.502
2022-06-08,1654646400,1.517
2022-06-09,1654732800,1.509
2022-06-10,1654819200,1.477
2022-06-11,1654905600,1.440
2022-06-12,1654992000,1.377
2022-06-13,1655078400,1.204
2022-06-14,1655164800,1.110
2022-06-15,1655251200,1.075
2022-06-16,1655337600,1.074
2022-06-17,1655424000,1.041
2022-06-18,1655510400,0.971
2022-06-19,1655596800,0.974
2022-06-20,1655683200,1.024
2022-06-21,1655769600,1.060
2022-06-22,1655856000,1.023
2022-06-23,1655942400,1.036
2022-06-24,1656028800,1.062
2022-06-25,1656115200,1.070
2022-06-26,1656201600,1.075
2022-06-27,1656288000,1.058
2022-06-28,1656374400,1.040
2022-06-29,1656460800,1.012
2022-06-30,1656547200,0.973
2022-07-01,1656633600,0.981
2022-07-02,1656720000,0.967
2022-07-03,1656806400,0.964
2022-07-04,1656892800,0.982
2022-07-05,1656979200,1.005
2022-07-06,1657065600,1.009
2022-07-07,1657152000,1.041
2022-07-08,1657238400,1.086
2022-07-09,1657324800,1.080
2022-07-10,1657411200,1.055
2022-07-11,1657497600,1.024
2022-07-12,1657584000,0.987
2022-07-13,1657670400,0.981
2022-07-14,1657756800,1.009
2022-07-15,1657843200,1.042
2022-07-16,1657929600,1.046
2022-07-17,1658016000,1.062
2022-07-18,1658102400,1.096
2022-07-19,1658188800,1.132
2022-07-20,1658275200,1.182
2022-07-21,1658361600,1.152
2022-07-22,1658448000,1.165
2022-07-23,1658534400,1.133
2022-07-24,1658620800,1.141
2022-07-25,1658707200,1.106
2022-07-26,1658793600,1.060
2022-07-27,1658880000,1.092
2022-07-28,1658966400,1.175
2022-07-29,1659052800,1.202
2022-07-30,1659139200,1.209
2022-07-31,1659225600,1.193
2022-08-01,1659312000,1.168
2022-08-02,1659398400,1.134
2022-08-03,1659484800,1.144
2022-08-04,1659571200,1.126
2022-08-05,1659657600,1.136
2022-08-06,1659744000,1.141
2022-08-07,1659830400,1.135
2022-08-08,1659916800,1.172
2022-08-09,1660003200,1.153
2022-08-10,1660089600,1.153
2022-08-11,1660176000,1.199
2022-08-12,1660262400,1.180
2022-08-13,1660348800,1.205
2022-08-14,1660435200,1.203
2022-08-15,1660521600,1.192
2022-08-16,1660608000,1.176
2022-08-17,1660694400,1.163
2022-08-18,1660780800,1.148
2022-08-19,1660867200,1.069
2022-08-20,1660953600,1.036
2022-08-21,1661040000,1.046
2022-08-22,1661126400,1.041
2022-08-23,1661212800,1.046
2022-08-24,1661299200,1.048
2022-08-25,1661385600,1.055
2022-08-26,1661472000,1.032
2022-08-27,1661558400,0.977
2022-08-28,1661644800,0.969
2022-08-29,1661731200,0.969
2022-08-30,1661817600,0.975
2022-08-31,1661904000,0.978
2022-09-01,1661990400,0.966
2022-09-02,1662076800,0.971
2022-09-03,1662163200,0.958
2022-09-04,1662249600,0.956
2022-09-05,1662336000,0.955
2022-09-06,1662422400,0.944
2022-09-07,1662508800,0.911
2022-09-08,1662595200,0.927
2022-09-09,1662681600,0.999
2022-09-10,1662768000,1.029
2022-09-11,1662854400,1.038
2022-09-12,1662940800,1.065
2022-09-13,1663027200,1.033
2022-09-14,1663113600,0.974
2022-09-15,1663200000,0.962
2022-09-16,1663286400,0.948
2022-09-17,1663372800,0.960
2022-09-18,1663459200,0.954
2022-09-19,1663545600,0.915
2022-09-20,1663632000,0.922
2022-09-21,1663718400,0.915
2022-09-22,1663804800,0.913
2022-09-23,1663891200,0.913
2022-09-24,1663977600,0.913
2022-09-25,1664064000,0.906
2022-09-26,1664150400,0.909
2022-09-27,1664236800,0.942
2022-09-28,1664323200,0.913
2022-09-29,1664409600,0.926
2022-09-30,1664496000,0.932
2022-10-01,1664582400,0.922
2022-10-02,1664668800,0.917
2022-10-03,1664755200,0.922
2022-10-04,1664841600,0.952
2022-10-05,1664928000,0.959
2022-10-06,1665014400,0.960
2022-10-07,1665100800,0.941
2022-10-08,1665187200,0.929
2022-10-09,1665273600,0.926
2022-10-10,1665360000,0.920
2022-10-11,1665446400,0.907
2022-10-12,1665532800,0.910
2022-10-13,1665619200,0.905
2022-10-14,1665705600,0.928
2022-10-15,1665792000,0.909
2022-10-16,1665878400,0.910
2022-10-17,1665964800,0.921
2022-10-18,1666051200,0.923
2022-10-19,1666137600,0.911
2022-10-20,1666224000,0.907
2022-10-21,1666310400,0.904
2022-10-22,1666396800,0.909
2022-10-23,1666483200,0.914
2022-10-24,1666569600,0.918
2022-10-25,1666656000,0.930
2022-10-26,1666742400,0.974
2022-10-27,1666828800,0.977
2022-10-28,1666915200,0.966
2022-10-29,1667001600,0.985
2022-10-30,1667088000,0.982
2022-10-31,1667174400,0.972
2022-11-01,1667260800,0.971
2022-11-02,1667347200,0.966
2022-11-03,1667433600,0.959
2022-11-04,1667520000,0.980
2022-11-05,1667606400,1.009
2022-11-06,1667692800,1.002
2022-11-07,1667779200,0.984
2022-11-08,1667865600,0.925
2022-11-09,1667952000,0.828
2022-11-10,1668038400,0.807
2022-11-11,1668124800,0.812
2022-11-12,1668211200,0.800
2022-11-13,1668297600,0.791
2022-11-14,1668384000,0.783
2022-11-15,1668470400,0.802
2022-11-16,1668556800,0.796
2022-11-17,1668643200,0.794
2022-11-18,1668729600,0.810
2022-11-19,1668816000,0.805
2022-11-20,1668902400,0.802
2022-11-21,1668988800,0.776
2022-11-22,1669075200,0.774
2022-11-23,1669161600,0.798
2022-11-24,1669248000,0.805
2022-11-25,1669334400,0.799
2022-11-26,1669420800,0.803
2022-11-27,1669507200,0.802
2022-11-28,1669593600,0.787
2022-11-29,1669680000,0.797
2022-11-30,1669766400,0.822
2022-12-01,1669852800,0.829
2022-12-02,1669939200,0.826
2022-12-03,1670025600,0.826
2022-12-04,1670112000,0.829
2022-12-05,1670198400,0.839
2022-12-06,1670284800,0.831
2022-12-07,1670371200,0.826
2022-12-08,1670457600,0.829
2022-12-09,1670544000,0.842
2022-12-10,1670630400,0.840
2022-12-11,1670716800,0.840
2022-12-12,1670803200,0.833
2022-12-13,1670889600,0.857
2022-12-14,1670976000,0.878
2022-12-15,1671062400,0.862
2022-12-16,1671148800,0.839
2022-12-17,1671235200,0.821
2022-12-18,1671321600,0.822
2022-12-19,1671408000,0.819
2022-12-20,1671494400,0.826
2022-12-21,1671580800,0.827
2022-12-22,1671667200,0.825
2022-12-23,1671753600,0.827
2022-12-24,1671840000,0.827
2022-12-25,1671926400,0.827
2022-12-26,1672012800,0.828
2022-12-27,1672099200,0.826
2022-12-28,1672185600,0.819
2022-12-29,1672272000,0.817
2022-12-30,1672358400,0.815
2022-12-31,1672444800,0.818
2023-01-01,1672531200,0.817
2023-01-02,1672617600,0.824
2023-01-03,1672704000,0.824
2023-01-04,1672790400,0.831
2023-01-05,1672876800,0.831
2023-01-06,1672963200,0.832
2023-01-07,1673049600,0.837
2023-01-08,1673136000,0.838
2023-01-09,1673222400,0.852
2023-01-10,1673308800,0.856
2023-01-11,1673395200,0.865
2023-01-12,1673481600,0.910
2023-01-13,1673568000,0.946
2023-01-14,1673654400,1.033
2023-01-15,1673740800,1.030
2023-01-16,1673827200,1.043
2023-01-17,1673913600,1.051
2023-01-18,1674000000,1.047
2023-01-19,1674086400,1.035
2023-01-20,1674172800,1.059
2023-01-21,1674259200,1.136
2023-01-22,1674345600,1.133
2023-01-23,1674432000,1.134
2023-01-24,1674518400,1.141
2023-01-25,1674604800,1.129
2023-01-26,1674691200,1.149
2023-01-27,1674777600,1.148
2023-01-28,1674864000,1.149
2023-01-29,1674950400,1.171
2023-01-30,1675036800,1.162
2023-01-31,1675123200,1.148
2023-02-01,1675209600,1.158
2023-02-02,1675296000,1.190
2023-02-03,1675382400,1.174
2023-02-04,1675468800,1.169
2023-02-05,1675555200,1.159
2023-02-06,1675641600,1.146
2023-02-07,1675728000,1.151
2023-02-08,1675814400,1.156
2023-02-09,1675900800,1.127
2023-02-10,1675987200,1.090
2023-02-11,1676073600,1.087
2023-02-12,1676160000,1.095
2023-02-13,1676246400,1.086
2023-02-14,1676332800,1.098
2023-02-15,1676419200,1.139
2023-02-16,1676505600,1.233
2023-02-17,1676592000,1.204
2023-02-18,1676678400,1.234
2023-02-19,1676764800,1.235
2023-02-20,1676851200,1.238
2023-02-21,1676937600,1.238
2023-02-22,1677024000,1.205
2023-02-23,1677110400,1.210
2023-02-24,1677196800,1.186
2023-02-25,1677283200,1.158
2023-02-26,1677369600,1.169
2023-02-27,1677456000,1.178
2023-02-28,1677542400,1.176
2023-03-01,1677628800,1.190
2023-03-02,1677715200,1.181
2023-03-03,1677801600,1.129
2023-03-04,1677888000,1.126
2023-03-05,1677974400,1.132
2023-03-06,1678060800,1.132
2023-03-07,1678147200,1.133
2023-03-08,1678233600,1.118
2023-03-09,1678320000,1.085
2023-03-10,1678406400,1.014
2023-03-11,1678492800,1.033
2023-03-12,1678579200,1.057
2023-03-13,1678665600,1.173
2023-03-14,1678752000,1.266
2023-03-15,1678838400,1.254
2023-03-16,1678924800,1.257
2023-03-17,1679011200,1.342
2023-03-18,1679097600,1.393
2023-03-19,1679184000,1.399
2023-03-20,1679270400,1.420
2023-03-21,1679356800,1.426
2023-03-22,1679443200,1.428
2023-03-23,1679529600,1.419
2023-03-24,1679616000,1.424
2023-03-25,1679702400,1.401
2023-03-26,1679788800,1.414
2023-03-27,1679875200,1.402
2023-03-28,1679961600,1.378
2023-03-29,1680048000,1.432
2023-03-30,1680134400,1.484
2023-03-31,1680220800,1.476
2023-04-01,1680307200,1.489
2023-04-02,1680393600,1.480
2023-04-03,1680480000,1.463
2023-04-04,1680566400,1.470
2023-04-05,1680652800,1.486
2023-04-06,1680739200,1.469
2023-04-07,1680825600,1.467
2023-04-08,1680912000,1.469
2023-04-09,1680998400,1.470
2023-04-10,1681084800,1.503
2023-04-11,1681171200,1.584
2023-04-12,1681257600,1.580
2023-04-13,1681344000,1.594
2023-04-14,1681430400,1.614
2023-04-15,1681516800,1.603
2023-04-16,1681603200,1.600
2023-04-17,1681689600,1.568
2023-04-18,1681776000,1.584
2023-04-19,1681862400,1.562
2023-04-20,1681948800,1.514
2023-04-21,1682035200,1.477
2023-04-22,1682121600,1.452
2023-04-23,1682208000,1.460
2023-04-24,1682294400,1.455
2023-04-25,1682380800,1.459
2023-04-26,1682467200,1.530
2023-04-27,1682553600,1.545
2023-04-28,1682640000,1.555
2023-04-29,1682726400,1.554
2023-04-30,1682812800,1.556
2023-05-01,1682899200,1.507
2023-05-02,1682985600,1.502
2023-05-03,1683072000,1.518
2023-05-04,1683158400,1.541
2023-05-05,1683244800,1.558
2023-05-06,1683331200,1.550
2023-05-07,1683417600,1.537
2023-05-08,1683504000,1.488
2023-05-09,1683590400,1.472
2023-05-10,1683676800,1.475
2023-05-11,1683763200,1.450
2023-05-12,1683849600,1.409
2023-05-13,1683936000,1.426
2023-05-14,1684022400,1.430
2023-05-15,1684108800,1.453
2023-05-16,1684195200,1.439
2023-05-17,1684281600,1.436
2023-05-18,1684368000,1.443
2023-05-19,1684454400,1.429
2023-05-20,1684540800,1.433
2023-05-21,1684627200,1.435
2023-05-22,1684713600,1.428
2023-05-23,1684800000,1.451
2023-05-24,1684886400,1.417
2023-05-25,1684972800,1.402
2023-05-26,1685059200,1.417
2023-05-27,1685145600,1.426
2023-05-28,1685232000,1.458
2023-05-29,1685318400,1.486
2023-05-30,1685404800,1.483
2023-05-31,1685491200,1.452
2023-06-01,1685577600,1.436
2023-06-02,1685664000,1.447
2023-06-03,1685750400,1.451
2023-06-04,1685836800,1.452
2023-06-05,1685923200,1.413
2023-06-06,1686009600,1.398
2023-06-07,1686096000,1.428
2023-06-08,1686182400,1.417
2023-06-09,1686268800,1.419
2023-06-10,1686355200,1.382
2023-06-11,1686441600,1.383
2023-06-12,1686528000,1.385
2023-06-13,1686614400,1.392
2023-06-14,1686700800,1.382
2023-06-15,1686787200,1.346
2023-06-16,1686873600,1.382
2023-06-17,1686960000,1.419
2023-06-18,1687046400,1.421
2023-06-19,1687132800,1.421
2023-06-20,1687219200,1.462
2023-06-21,1687305600,1.575
2023-06-22,1687392000,1.618
2023-06-23,1687478400,1.634
2023-06-24,1687564800,1.647
2023-06-25,1687651200,1.646
2023-06-26,1687737600,1.628
2023-06-27,1687824000,1.642
2023-06-28,1687910400,1.628
2023-06-29,1687996800,1.636
2023-06-30,1688083200,1.644
2023-07-01,1688169600,1.641
2023-07-02,1688256000,1.642
2023-07-03,1688342400,1.658
2023-07-04,1688428800,1.666
2023-07-05,1688515200,1.645
2023-07-06,1688601600,1.646
2023-07-07,1688688000,1.629
2023-07-08,1688774400,1.630
2023-07-09,1688860800,1.633
2023-07-10,1688947200,1.633
2023-07-11,1689033600,1.646
2023-07-12,1689120000,1.649
2023-07-13,1689206400,1.660
2023-07-14,1689292800,1.674
2023-07-15,1689379200,1.637
2023-07-16,1689465600,1.636
2023-07-17,1689552000,1.631
2023-07-18,1689638400,1.618
2023-07-19,1689724800,1.621
2023-07-20,1689811200,1.621
2023-07-21,1689897600,1.615
2023-07-22,1689984000,1.616
2023-07-23,1690070400,1.620
2023-07-24,1690156800,1.590
2023-07-25,1690243200,1.578
2023-07-26,1690329600,1.584
2023-07-27,1690416000,1.592
2023-07-28,1690502400,1.602
2023-07-29,1690588800,1.605
2023-07-30,1690675200,1.604
2023-07-31,1690761600,1.606
2023-08-01,1690848000,1.589
2023-08-02,1690934400,1.611
2023-08-03,1691020800,1.597
2023-08-04,1691107200,1.595
2023-08-05,1691193600,1.589
2023-08-06,1691280000,1.590
2023-08-07,1691366400,1.590
2023-08-08,1691452800,1.613
2023-08-09,1691539200,1.625
2023-08-10,1691625600,1.614
2023-08-11,1691712000,1.609
2023-08-12,1691798400,1.610
2023-08-13,1691884800,1.608
2023-08-14,1691971200,1.609
2023-08-15,1692057600,1.604
2023-08-16,1692144000,1.592
2023-08-17,1692230400,1.539
2023-08-18,1692316800,1.438
2023-08-19,1692403200,1.423
2023-08-20,1692489600,1.429
2023-08-21,1692576000,1.426
2023-08-22,1692662400,1.420
2023-08-23,1692748800,1.430
2023-08-24,1692835200,1.435
2023-08-25,1692921600,1.422
2023-08-26,1693008000,1.421
2023-08-27,1693094400,1.422
2023-08-28,1693180800,1.420
2023-08-29,1693267200,1.460
2023-08-30,1693353600,1.493
2023-08-31,1693440000,1.466
2023-09-01,1693526400,1.405
2023-09-02,1693612800,1.400
2023-09-03,1693699200,1.405
2023-09-04,1693785600,1.404
2023-09-05,1693872000,1.395
2023-09-06,1693958400,1.394
2023-09-07,1694044800,1.400
2023-09-08,1694131200,1.408
2023-09-09,1694217600,1.400
2023-09-10,1694304000,1.397
2023-09-11,1694390400,1.379
2023-09-12,1694476800,1.399
2023-09-13,1694563200,1.409
2023-09-14,1694649600,1.428
2023-09-15,1694736000,1.429
2023-09-16,1694822400,1.432
2023-09-17,1694908800,1.430
2023-09-18,1694995200,1.448
2023-09-19,1695081600,1.457
2023-09-20,1695168000,1.460
2023-09-21,1695254400,1.440
2023-09-22,1695340800,1.431
2023-09-23,1695427200,1.429
2023-09-24,1695513600,1.428
2023-09-25,1695600000,1.408
2023-09-26,1695686400,1.410
2023-09-27,1695772800,1.414
2023-09-28,1695859200,1.434
2023-09-29,1695945600,1.449
2023-09-30,1696032000,1.449
2023-10-01,1696118400,1.508
2023-10-02,1696204800,1.477
2023-10-03,1696291200,1.479
2023-10-04,1696377600,1.485
2023-10-05,1696464000,1.489
2023-10-06,1696550400,1.501
2023-10-07,1696636800,1.500
2023-10-08,1696723200,1.483
2023-10-09,1696809600,1.474
2023-10-10,1696896000,1.447
2023-10-11,1696982400,1.433
2023-10-12,1697068800,1.436
2023-10-13,1697155200,1.438
2023-10-14,1697241600,1.442
2023-10-15,1697328000,1.494
2023-10-16,1697414400,1.519
2023-10-17,1697500800,1.518
2023-10-18,1697587200,1.523
2023-10-19,1697673600,1.575
2023-10-20,1697760000,1.595
2023-10-21,1697846400,1.600
2023-10-22,1697932800,1.659
2023-10-23,1698019200,1.825
2023-10-24,1698105600,1.838
2023-10-25,1698192000,1.835
2023-10-26,1698278400,1.815
2023-10-27,1698364800,1.822
2023-10-28,1698451200,1.834
2023-10-29,1698537600,1.841
2023-10-30,1698624000,1.839
2023-10-31,1698710400,1.850
2023-11-01,1698796800,1.878
2023-11-02,1698883200,1.846
2023-11-03,1698969600,1.858
2023-11-04,1699056000,1.871
2023-11-05,1699142400,1.870
2023-11-06,1699228800,1.868
2023-11-07,1699315200,1.890
2023-11-08,1699401600,1.960
2023-11-09,1699488000,1.977
2023-11-10,1699574400,1.984
2023-11-11,1699660800,1.983
2023-11-12,1699747200,1.971
2023-11-13,1699833600,1.934
2023-11-14,1699920000,1.940
2023-11-15,1700006400,1.972
2023-11-16,1700092800,1.943
2023-11-17,1700179200,1.949
2023-11-18,1700265600,1.958
2023-11-19,1700352000,1.993
2023-11-20,1700438400,1.976
2023-11-21,1700524800,1.955
2023-11-22,1700611200,1.985
2023-11-23,1700697600,2.003
2023-11-24,1700784000,2.008
2023-11-25,1700870400,1.998
2023-11-26,1700956800,1.973
2023-11-27,1701043200,1.990
2023-11-28,1701129600,2.014
2023-11-29,1701216000,2.005
2023-11-30,1701302400,2.037
2023-12-01,1701388800,2.063
2023-12-02,1701475200,2.096
2023-12-03,1701561600,2.198
2023-12-04,1701648000,2.250
2023-12-05,1701734400,2.328
2023-12-06,1701820800,2.310
2023-12-07,1701907200,2.315
2023-12-08,1701993600,2.333
2023-12-09,1702080000,2.323
2023-12-10,1702166400,2.222
2023-12-11,1702252800,2.201
2023-12-12,1702339200,2.207
2023-12-13,1702425600,2.271
2023-12-14,1702512000,2.246
2023-12-15,1702598400,2.236
2023-12-16,1702684800,2.216
2023-12-17,1702771200,2.189
2023-12-18,1702857600,2.257
2023-12-19,1702944000,2.284
2023-12-20,1703030400,2.312
2023-12-21,1703116800,2.318
2023-12-22,1703203200,2.310
2023-12-23,1703289600,2.306
2023-12-24,1703376000,2.291
2023-12-25,1703462400,2.255
2023-12-26,1703548800,2.263
2023-12-27,1703635200,2.266
2023-12-28,1703721600,2.240
2023-12-29,1703808000,2.215
2023-12-30,1703894400,2.232
2023-12-31,1703980800,2.255
2024-01-01,1704067200,2.383
2024-01-02,1704153600,2.312
2024-01-03,1704240000,2.303
2024-01-04,1704326400,2.318
2024-01-05,1704412800,2.322
2024-01-06,1704499200,2.335
2024-01-07,1704585600,2.380
2024-01-08,1704672000,2.470
2024-01-09,1704758400,2.430
2024-01-10,1704844800,2.469
2024-01-11,1704931200,2.386
2024-01-12,1705017600,2.271
2024-01-13,1705104000,2.264
2024-01-14,1705190400,2.257
2024-01-15,1705276800,2.270
2024-01-16,1705363200,2.260
2024-01-17,1705449600,2.233
2024-01-18,1705536000,2.186
2024-01-19,1705622400,2.202
2024-01-20,1705708800,2.206
2024-01-21,1705795200,2.156
2024-01-22,1705881600,2.090
2024-01-23,1705968000,2.117
2024-01-24,1706054400,2.119
2024-01-25,1706140800,2.175
2024-01-26,1706227200,2.220
2024-01-27,1706313600,2.242
2024-01-28,1706400000,2.257
2024-01-29,1706486400,2.308
2024-01-30,1706572800,2.280
2024-01-31,1706659200,2.257
2024-02-01,1706745600,2.288
2024-02-02,1706832000,2.291
2024-02-03,1706918400,2.279
2024-02-04,1707004800,2.273
2024-02-05,1707091200,2.282
2024-02-06,1707177600,2.301
2024-02-07,1707264000,2.388
2024-02-08,1707350400,2.490
2024-02-09,1707436800,2.520
2024-02-10,1707523200,2.561
2024-02-11,1707609600,2.598
2024-02-12,1707696000,2.643
2024-02-13,1707782400,2.717
2024-02-14,1707868800,2.779
2024-02-15,1707955200,2.780
2024-02-16,1708041600,2.757
2024-02-17,1708128000,2.763
2024-02-18,1708214400,2.780
2024-02-19,1708300800,2.770
2024-02-20,1708387200,2.748
2024-02-21,1708473600,2.753
2024-02-22,1708560000,2.730
2024-02-23,1708646400,2.735
2024-02-24,1708732800,2.759
2024-02-25,1708819200,2.800
2024-02-26,1708905600,3.025
2024-02-27,1708992000,3.188
2024-02-28,1709078400,3.332
2024-02-29,1709164800,3.320
2024-03-01,1709251200,3.327
2024-03-02,1709337600,3.339
2024-03-03,1709424000,3.520
2024-03-04,1709510400,3.561
2024-03-05,1709596800,3.562
2024-03-06,1709683200,3.613
2024-03-07,1709769600,3.668
2024-03-08,1709856000,3.700
2024-03-09,1709942400,3.752
2024-03-10,1710028800,3.842
2024-03-11,1710115200,3.884
2024-03-12,1710201600,3.942
2024-03-13,1710288000,3.910
2024-03-14,1710374400,3.719
2024-03-15,1710460800,3.695
2024-03-16,1710547200,3.633
2024-03-17,1710633600,3.673
2024-03-18,1710720000,3.493
2024-03-19,1710806400,3.474
2024-03-20,1710892800,3.622
2024-03-21,1710979200,3.504
2024-03-22,1711065600,3.492
2024-03-23,1711152000,3.530
2024-03-24,1711238400,3.717
2024-03-25,1711324800,3.819
2024-03-26,1711411200,3.784
2024-03-27,1711497600,3.820
2024-03-28,1711584000,3.794
2024-03-29,1711670400,3.792
2024-03-30,1711756800,3.818
2024-03-31,1711843200,3.781
2024-04-01,1711929600,3.598
2024-04-02,1712016000,3.588
2024-04-03,1712102400,3.635
2024-04-04,1712188800,3.663
2024-04-05,1712275200,3.692
2024-04-06,1712361600,3.763
2024-04-07,1712448000,3.858
2024-04-08,1712534400,3.802
2024-04-09,1712620800,3.758
2024-04-10,1712707200,3.819
2024-04-11,1712793600,3.764
2024-04-12,1712880000,3.601
2024-04-13,1712966400,3.481
2024-04-14,1713052800,3.519
2024-04-15,1713139200,3.413
2024-04-16,1713225600,3.383
2024-04-17,1713312000,3.384
2024-04-18,1713398400,3.457
2024-04-19,1713484800,3.477
2024-04-20,1713571200,3.514
2024-04-21,1713657600,3.574
2024-04-22,1713744000,3.595
2024-04-23,1713830400,3.558
2024-04-24,1713916800,3.473
2024-04-25,1714003200,3.467
2024-04-26,1714089600,3.407
2024-04-27,1714176000,3.440
2024-04-28,1714262400,3.393
2024-04-29,1714348800,3.333
2024-04-30,1714435200,3.147
2024-05-01,1714521600,3.152
2024-05-02,1714608000,3.274
2024-05-03,1714694400,3.425
2024-05-04,1714780800,3.438
2024-05-05,1714867200,3.442
2024-05-06,1714953600,3.417
2024-05-07,1715040000,3.349
2024-05-08,1715126400,3.315
2024-05-09,1715212800,3.326
2024-05-10,1715299200,3.261
2024-05-11,1715385600,3.272
2024-05-12,1715472000,3.337
2024-05-13,1715558400,3.306
2024-05-14,1715644800,3.387
2024-05-15,1715731200,3.499
2024-05-16,1715817600,3.526
2024-05-17,1715904000,3.556
2024-05-18,1715990400,3.549
2024-05-19,1716076800,3.596
2024-05-20,1716163200,3.743
2024-05-21,1716249600,3.702
2024-05-22,1716336000,3.641
2024-05-23,1716422400,3.597
2024-05-24,1716508800,3.645
2024-05-25,1716595200,3.643
2024-05-26,1716681600,3.649
2024-05-27,1716768000,3.566
2024-05-28,1716854400,3.548
2024-05-29,1716940800,3.560
2024-05-30,1717027200,3.542
2024-05-31,1717113600,3.523
2024-06-01,1717200000,3.527
2024-06-02,1717286400,3.585
2024-06-03,1717372800,3.619
2024-06-04,1717459200,3.691
2024-06-05,1717545600,3.681
2024-06-06,1717632000,3.658
2024-06-07,1717718400,3.592
2024-06-08,1717804800,3.592
2024-06-09,1717891200,3.596
2024-06-10,1717977600,3.480
2024-06-11,1718064000,3.516
2024-06-12,1718150400,3.467
2024-06-13,1718236800,3.417
2024-06-14,1718323200,3.400
2024-06-15,1718409600,3.411
2024-06-16,1718496000,3.397
2024-06-17,1718582400,3.343
2024-06-18,1718668800,3.329
2024-06-19,1718755200,3.334
2024-06-20,1718841600,3.260
2024-06-21,1718928000,3.268
2024-06-22,1719014400,3.262
2024-06-23,1719100800,3.122
2024-06-24,1719187200,3.116
2024-06-25,1719273600,3.118
2024-06-26,1719360000,3.106
2024-06-27,1719446400,3.098
2024-06-28,1719532800,3.084
2024-06-29,1719619200,3.114
2024-06-30,1719705600,3.197
2024-07-01,1719792000,3.162
2024-07-02,1719878400,3.061
2024-07-03,1719964800,2.950
2024-07-04,1720051200,2.830
2024-07-05,1720137600,2.894
2024-07-06,1720224000,2.907
2024-07-07,1720310400,2.851
2024-07-08,1720396800,2.910
2024-07-09,1720483200,2.936
2024-07-10,1720569600,2.924
2024-07-11,1720656000,2.900
2024-07-12,1720742400,2.945
2024-07-13,1720828800,3.025
2024-07-14,1720915200,3.168
2024-07-15,1721001600,3.227
2024-07-16,1721088000,3.265
2024-07-17,1721174400,3.224
2024-07-18,1721260800,3.257
2024-07-19,1721347200,3.336
2024-07-20,1721433600,3.354
2024-07-21,1721520000,3.370
2024-07-22,1721606400,3.314
2024-07-23,1721692800,3.283
2024-07-24,1721779200,3.211
2024-07-25,1721865600,3.336
2024-07-26,1721952000,3.381
2024-07-27,1722038400,3.357
2024-07-28,1722124800,3.391
2024-07-29,1722211200,3.292
2024-07-30,1722297600,3.254
2024-07-31,1722384000,3.107
2024-08-01,1722470400,3.070
2024-08-02,1722556800,2.934
2024-08-03,1722643200,2.867
2024-08-04,1722729600,2.552
2024-08-05,1722816000,2.662
2024-08-06,1722902400,2.656
2024-08-07,1722988800,2.705
2024-08-08,1723075200,2.795
2024-08-09,1723161600,2.781
2024-08-10,1723248000,2.764
2024-08-11,1723334400,2.692
2024-08-12,1723420800,2.699
2024-08-13,1723507200,2.701
2024-08-14,1723593600,2.589
2024-08-15,1723680000,2.571
2024-08-16,1723766400,2.600
2024-08-17,1723852800,2.610
2024-08-18,1723939200,2.564
2024-08-19,1724025600,2.618
2024-08-20,1724112000,2.605
2024-08-21,1724198400,2.634
2024-08-22,1724284800,2.677
2024-08-23,1724371200,2.767
2024-08-24,1724457600,2.738
2024-08-25,1724544000,2.715
2024-08-26,1724630400,2.645
2024-08-27,1724716800,2.517
2024-08-28,1724803200,2.528
2024-08-29,1724889600,2.496
2024-08-30,1724976000,2.492
2024-08-31,1725062400,2.454
2024-09-01,1725148800,2.453
2024-09-02,1725235200,2.402
2024-09-03,1725321600,2.343
2024-09-04,1725408000,2.323
2024-09-05,1725494400,2.255
2024-09-06,1725580800,2.211
2024-09-07,1725667200,2.215
2024-09-08,1725753600,2.269
2024-09-09,1725840000,2.323
2024-09-10,1725926400,2.311
2024-09-11,1726012800,2.355
2024-09-12,1726099200,2.383
2024-09-13,1726185600,2.432
2024-09-14,1726272000,2.429
2024-09-15,1726358400,2.361
2024-09-16,1726444800,2.401
2024-09-17,1726531200,2.432
2024-09-18,1726617600,2.532
2024-09-19,1726704000,2.549
2024-09-20,1726790400,2.540
2024-09-21,1726876800,2.535
2024-09-22,1726963200,2.560
2024-09-23,1727049600,2.559
2024-09-24,1727136000,2.567
2024-09-25,1727222400,2.587
2024-09-26,1727308800,2.641
2024-09-27,1727395200,2.644
2024-09-28,1727481600,2.641
2024-09-29,1727568000,2.572
2024-09-30,1727654400,2.523
2024-10-01,1727740800,2.458
2024-10-02,1727827200,2.440
2024-10-03,1727913600,2.467
2024-10-04,1728000000,2.483
2024-10-05,1728086400,2.491
2024-10-06,1728172800,2.534
2024-10-07,1728259200,2.510
2024-10-08,1728345600,2.486
2024-10-09,1728432000,2.433
2024-10-10,1728518400,2.479
2024-10-11,1728604800,2.534
2024-10-12,1728691200,2.524
2024-10-13,1728777600,2.611
2024-10-14,1728864000,2.660
2024-10-15,1728950400,2.714
2024-10-16,1729036800,2.701
2024-10-17,1729123200,2.734
2024-10-18,1729209600,2.737
2024-10-19,1729296000,2.747
2024-10-20,1729382400,2.733
2024-10-21,1729468800,2.697
2024-10-22,1729555200,2.664
2024-10-23,1729641600,2.698
2024-10-24,1729728000,2.696
2024-10-25,1729814400,2.668
2024-10-26,1729900800,2.685
2024-10-27,1729987200,2.735
2024-10-28,1730073600,2.856
2024-10-29,1730160000,2.877
2024-10-30,1730246400,2.845
2024-10-31,1730332800,2.765
2024-11-01,1730419200,2.753
2024-11-02,1730505600,2.709
2024-11-03,1730592000,2.706
2024-11-04,1730678400,2.728
2024-11-05,1730764800,2.991
2024-11-06,1730851200,3.034
2024-11-07,1730937600,3.051
2024-11-08,1731024000,3.055
2024-11-09,1731110400,3.166
2024-11-10,1731196800,3.335
2024-11-11,1731283200,3.528
2024-11-12,1731369600,3.569
2024-11-13,1731456000,3.609
2024-11-14,1731542400,3.590
2024-11-15,1731628800,3.661
2024-11-16,1731715200,3.631
2024-11-17,1731801600,3.656
2024-11-18,1731888000,3.704
2024-11-19,1731974400,3.765
2024-11-20,1732060800,3.925
2024-11-21,1732147200,4.007
2024-11-22,1732233600,3.992
2024-11-23,1732320000,3.939
2024-11-24,1732406400,3.917
2024-11-25,1732492800,3.770
2024-11-26,1732579200,3.819
2024-11-27,1732665600,3.859
2024-11-28,1732752000,3.895
2024-11-29,1732838400,3.884
2024-11-30,1732924800,3.892
2024-12-01,1733011200,3.858
2024-12-02,1733097600,3.831
2024-12-03,1733184000,3.876
2024-12-04,1733270400,4.099
2024-12-05,1733356800,4.076
2024-12-06,1733443200,4.091
2024-12-07,1733529600,4.091
2024-12-08,1733616000,4.039
2024-12-09,1733702400,3.978
2024-12-10,1733788800,4.058
2024-12-11,1733875200,4.135
2024-12-12,1733961600,4.124
2024-12-13,1734048000,4.158
2024-12-14,1734134400,4.209
2024-12-15,1734220800,4.328
2024-12-16,1734307200,4.408
2024-12-17,1734393600,4.287
2024-12-18,1734480000,4.155
2024-12-19,1734566400,3.995
2024-12-20,1734652800,4.039
2024-12-21,1734739200,3.974
2024-12-22,1734825600,3.928
2024-12-23,1734912000,3.978
2024-12-24,1734998400,4.067
2024-12-25,1735084800,3.994
2024-12-26,1735171200,3.933
2024-12-27,1735257600,3.894
2024-12-28,1735344000,3.884
2024-12-29,1735430400,3.851
2024-12-30,1735516800,3.861
2024-12-31,1735603200,3.868
2025-01-01,1735689600,3.960
2025-01-02,1735776000,3.994
2025-01-03,1735862400,4.019
2025-01-04,1735948800,4.020
2025-01-05,1736035200,4.110
2025-01-06,1736121600,4.093
2025-01-07,1736208000,3.913
2025-01-08,1736294400,3.827
2025-01-09,1736380800,3.861
2025-01-10,1736467200,3.855
2025-01-11,1736553600,3.856
2025-01-12,1736640000,3.792
2025-01-13,1736726400,3.909
2025-01-14,1736812800,4.001
2025-01-15,1736899200,4.057
2025-01-16,1736985600,4.191
2025-01-17,1737072000,4.228
2025-01-18,1737158400,4.262
2025-01-19,1737244800,4.261
2025-01-20,1737331200,4.232
2025-01-21,1737417600,4.269
2025-01-22,1737504000,4.193
2025-01-23,1737590400,4.264
2025-01-24,1737676800,4.245
2025-01-25,1737763200,4.245
2025-01-26,1737849600,4.072
2025-01-27,1737936000,4.147
2025-01-28,1738022400,4.133
2025-01-29,1738108800,4.239
2025-01-30,1738195200,4.187
2025-01-31,1738281600,4.104
2025-02-01,1738368000,3.986
2025-02-02,1738454400,3.911
2025-02-03,1738540800,4.025
2025-02-04,1738627200,3.958
2025-02-05,1738713600,3.948
2025-02-06,1738800000,3.941
2025-02-07,1738886400,3.895
2025-02-08,1738972800,3.901
2025-02-09,1739059200,3.929
2025-02-10,1739145600,3.922
2025-02-11,1739232000,3.888
2025-02-12,1739318400,3.890
2025-02-13,1739404800,3.917
2025-02-14,1739491200,3.931
2025-02-15,1739577600,3.913
2025-02-16,1739664000,3.868
2025-02-17,1739750400,3.838
2025-02-18,1739836800,3.859
2025-02-19,1739923200,3.918
2025-02-20,1740009600,3.926
2025-02-21,1740096000,3.875
2025-02-22,1740182400,3.856
2025-02-23,1740268800,3.811
2025-02-24,1740355200,3.585
2025-02-25,1740441600,3.497
2025-02-26,1740528000,3.414
2025-02-27,1740614400,3.287
2025-02-28,1740700800,3.411
2025-03-01,1740787200,3.545
2025-03-02,1740873600,3.626
2025-03-03,1740960000,3.390
2025-03-04,1741046400,3.554
2025-03-05,1741132800,3.623
2025-03-06,1741219200,3.525
2025-03-07,1741305600,3.451
2025-03-08,1741392000,3.372
2025-03-09,1741478400,3.242
2025-03-10,1741564800,3.250
2025-03-11,1741651200,3.273
2025-03-12,1741737600,3.237
2025-03-13,1741824000,3.267
2025-03-14,1741910400,3.288
2025-03-15,1741996800,3.255
2025-03-16,1742083200,3.257
2025-03-17,1742169600,3.210
2025-03-18,1742256000,3.268
2025-03-19,1742342400,3.307
2025-03-20,1742428800,3.264
2025-03-21,1742515200,3.261
2025-03-22,1742601600,3.281
2025-03-23,1742688000,3.372
2025-03-24,1742774400,3.356
2025-03-25,1742860800,3.353
2025-03-26,1742947200,3.347
2025-03-27,1743033600,3.263
2025-03-28,1743120000,3.184
2025-03-29,1743206400,3.173
2025-03-30,1743292800,3.154
2025-03-31,1743379200,3.219
2025-04-01,1743465600,3.256
2025-04-02,1743552000,3.164
2025-04-03,1743638400,3.187
2025-04-04,1743724800,3.179
2025-04-05,1743811200,3.121
2025-04-06,1743897600,2.966
2025-04-07,1743984000,2.999
2025-04-08,1744070400,2.987
2025-04-09,1744156800,3.071
2025-04-10,1744243200,3.111
2025-04-11,1744329600,3.182
2025-04-12,1744416000,3.191
2025-04-13,1744502400,3.197
2025-04-14,1744588800,3.201
2025-04-15,1744675200,3.141
2025-04-16,1744761600,3.149
2025-04-17,1744848000,3.129
2025-04-18,1744934400,3.137
2025-04-19,1745020800,3.120
2025-04-20,1745107200,3.211
2025-04-21,1745193600,3.298
2025-04-22,1745280000,3.423
2025-04-23,1745366400,3.379
2025-04-24,1745452800,3.405
2025-04-25,1745539200,3.369
2025-04-26,1745625600,3.337
2025-04-27,1745712000,3.337
2025-04-28,1745798400,3.315
2025-04-29,1745884800,3.282
2025-04-30,1745971200,3.328
2025-05-01,1746057600,3.362
2025-05-02,1746144000,3.334
2025-05-03,1746230400,3.306
2025-05-04,1746316800,3.264
2025-05-05,1746403200,3.258
2025-05-06,1746489600,3.331
2025-05-07,1746576000,3.433
2025-05-08,1746662400,3.452
2025-05-09,1746748800,3.375
2025-05-10,1746835200,3.392
2025-05-11,1746921600,3.369
2025-05-12,1747008000,3.301
2025-05-13,1747094400,3.269
2025-05-14,1747180800,3.219
2025-05-15,1747267200,3.227
2025-05-16,1747353600,3.190
2025-05-17,1747440000,3.221
2025-05-18,1747526400,3.210
2025-05-19,1747612800,3.226
2025-05-20,1747699200,3.248
2025-05-21,1747785600,3.348
2025-05-22,1747872000,3.305
2025-05-23,1747958400,3.251
2025-05-24,1748044800,3.222
2025-05-25,1748131200,3.279
2025-05-26,1748217600,3.270
2025-05-27,1748304000,3.232
2025-05-28,1748390400,3.205
2025-05-29,1748476800,3.137
2025-05-30,1748563200,3.101
2025-05-31,1748649600,3.114
2025-06-01,1748736000,3.115
2025-06-02,1748822400,3.131
2025-06-03,1748908800,3.079
2025-06-04,1748995200,3.038
2025-06-05,1749081600,3.031
2025-06-06,1749168000,3.070
2025-06-07,1749254400,3.082
2025-06-08,1749340800,3.126
2025-06-09,1749427200,3.186
2025-06-10,1749513600,3.172
2025-06-11,1749600000,3.108
2025-06-12,1749686400,3.034
2025-06-13,1749772800,3.023
2025-06-14,1749859200,3.026
2025-06-15,1749945600,3.076
2025-06-16,1750032000,3.033
2025-06-17,1750118400,3.005
2025-06-18,1750204800,2.995
2025-06-19,1750291200,2.990
2025-06-20,1750377600,2.948
2025-06-21,1750464000,2.889
2025-06-22,1750550400,2.913
2025-06-23,1750636800,2.999
2025-06-24,1750723200,3.039
2025-06-25,1750809600,3.044
2025-06-26,1750896000,3.028
2025-06-27,1750982400,3.027
2025-06-28,1751068800,3.036
2025-06-29,1751155200,3.035
2025-06-30,1751241600,2.994
