d,unixTs,lthSopr
2020-01-01,1577836800,1.1141176609
2020-01-02,1577923200,1.3046913965
2020-01-03,1578009600,0.9673665571
2020-01-04,1578096000,1.074308126
2020-01-05,1578182400,0.9910143481
2020-01-06,1578268800,0.9320991611
2020-01-07,1578355200,0.8658681847
2020-01-08,1578441600,1.0696970754
2020-01-09,1578528000,1.2686129993
2020-01-10,1578614400,1.0070249413
2020-01-11,1578700800,1.0435424518
2020-01-12,1578787200,1.0070535939
2020-01-13,1578873600,1.3212482697
2020-01-14,1578960000,0.7714636956
2020-01-15,1579046400,1.1457720176
2020-01-16,1579132800,1.3136403618
2020-01-17,1579219200,1.1519962714
2020-01-18,1579305600,1.063697926
2020-01-19,1579392000,1.5339499325
2020-01-20,1579478400,1.0765639621
2020-01-21,1579564800,1.1237505173
2020-01-22,1579651200,0.9640138051
2020-01-23,1579737600,1.2811508155
2020-01-24,1579824000,1.8966839538
2020-01-25,1579910400,1.482727227
2020-01-26,1579996800,1.3603527598
2020-01-27,1580083200,1.1617544876
2020-01-28,1580169600,1.0844803083
2020-01-29,1580256000,1.51284424
2020-01-30,1580342400,1.069125174
2020-01-31,1580428800,1.2338547024
2020-02-01,1580515200,1.0629094639
2020-02-02,1580601600,0.8499129959
2020-02-03,1580688000,1.0526238124
2020-02-04,1580774400,1.1007832885
2020-02-05,1580860800,1.1119598017
2020-02-06,1580947200,0.9752031703
2020-02-07,1581033600,1.5269720164
2020-02-08,1581120000,1.1373284927
2020-02-09,1581206400,1.2787989702
2020-02-10,1581292800,2.7407630149
2020-02-11,1581379200,1.2365303722
2020-02-12,1581465600,1.1871243975
2020-02-13,1581552000,1.471335886
2020-02-14,1581638400,1.2747847367
2020-02-15,1581724800,1.0348014553
2020-02-16,1581811200,1.2789886994
2020-02-17,1581897600,1.3511884074
2020-02-18,1581984000,1.2285151032
2020-02-19,1582070400,1.3842977655
2020-02-20,1582156800,1.041067282
2020-02-21,1582243200,1.0567602012
2020-02-22,1582329600,1.4006895542
2020-02-23,1582416000,1.3784225132
2020-02-24,1582502400,1.2357879774
2020-02-25,1582588800,1.4181537899
2020-02-26,1582675200,1.2290791485
2020-02-27,1582761600,1.1837121386
2020-02-28,1582848000,1.2846789973
2020-02-29,1582934400,0.9557964959
2020-03-01,1583020800,1.1319691896
2020-03-02,1583107200,1.6428329506
2020-03-03,1583193600,1.3683048347
2020-03-04,1583280000,0.9766127464
2020-03-05,1583366400,0.9026625102
2020-03-06,1583452800,1.2780964137
2020-03-07,1583539200,1.1461371192
2020-03-08,1583625600,1.2912289064
2020-03-09,1583712000,0.9779892349
2020-03-10,1583798400,1.0100465128
2020-03-11,1583884800,0.8750254547
2020-03-12,1583971200,0.9110898932
2020-03-13,1584057600,0.7139951064
2020-03-14,1584144000,0.6753439342
2020-03-15,1584230400,0.7191067202
2020-03-16,1584316800,0.729984283
2020-03-17,1584403200,0.6768039761
2020-03-18,1584489600,0.7540314332
2020-03-19,1584576000,0.5761844657
2020-03-20,1584662400,0.7507786392
2020-03-21,1584748800,0.7961706182
2020-03-22,1584835200,0.9827182243
2020-03-23,1584921600,0.7630023535
2020-03-24,1585008000,0.6981824317
2020-03-25,1585094400,0.8373585755
2020-03-26,1585180800,1.226554839
2020-03-27,1585267200,1.0960400178
2020-03-28,1585353600,0.82959028
2020-03-29,1585440000,0.6850089833
2020-03-30,1585526400,0.718866311
2020-03-31,1585612800,0.7840902942
2020-04-01,1585699200,0.8123337997
2020-04-02,1585785600,0.7541517674
2020-04-03,1585872000,0.8405249415
2020-04-04,1585958400,1.0267962094
2020-04-05,1586044800,0.7894920298
2020-04-06,1586131200,0.8357871305
2020-04-07,1586217600,0.8111265967
2020-04-08,1586304000,0.9346339196
2020-04-09,1586390400,0.8770923734
2020-04-10,1586476800,0.8481744432
2020-04-11,1586563200,0.8114100593
2020-04-12,1586649600,1.0885429251
2020-04-13,1586736000,0.8877876282
2020-04-14,1586822400,0.846313652
2020-04-15,1586908800,0.877420193
2020-04-16,1586995200,0.8655172784
2020-04-17,1587081600,0.8805315238
2020-04-18,1587168000,0.9884484005
2020-04-19,1587254400,0.9520819932
2020-04-20,1587340800,0.7779886704
2020-04-21,1587427200,0.8434599043
2020-04-22,1587513600,0.7601101096
2020-04-23,1587600000,0.8672434409
2020-04-24,1587686400,0.8488395195
2020-04-25,1587772800,1.0143980102
2020-04-26,1587859200,1.3443236415
2020-04-27,1587945600,1.1713254828
2020-04-28,1588032000,1.0030698713
2020-04-29,1588118400,0.9238319026
2020-04-30,1588204800,0.9827982656
2020-05-01,1588291200,1.0491256035
2020-05-02,1588377600,1.0590323273
2020-05-03,1588464000,1.0726664674
2020-05-04,1588550400,1.010035745
2020-05-05,1588636800,1.0699186137
2020-05-06,1588723200,1.1970888758
2020-05-07,1588809600,1.286447674
2020-05-08,1588896000,1.1126366684
2020-05-09,1588982400,1.2517485938
2020-05-10,1589068800,1.2675643849
2020-05-11,1589155200,1.4704699941
2020-05-12,1589241600,1.1339376721
2020-05-13,1589328000,1.1308176688
2020-05-14,1589414400,1.0653115758
2020-05-15,1589500800,0.9537300432
2020-05-16,1589587200,1.6552532837
2020-05-17,1589673600,1.2776444521
2020-05-18,1589760000,1.3438408665
2020-05-19,1589846400,1.235813291
2020-05-20,1589932800,1.09451171
2020-05-21,1590019200,1.0641833158
2020-05-22,1590105600,1.1322956113
2020-05-23,1590192000,1.0602425226
2020-05-24,1590278400,1.1131553738
2020-05-25,1590364800,1.1840232507
2020-05-26,1590451200,1.3743156196
2020-05-27,1590537600,1.2037112414
2020-05-28,1590624000,1.013116189
2020-05-29,1590710400,0.8623969152
2020-05-30,1590796800,1.0623605615
2020-05-31,1590883200,0.9643318908
2020-06-01,1590969600,1.1227668397
2020-06-02,1591056000,1.1729375104
2020-06-03,1591142400,1.5457689752
2020-06-04,1591228800,1.0910021646
2020-06-05,1591315200,1.1834027853
2020-06-06,1591401600,1.5398906555
2020-06-07,1591488000,1.6890210329
2020-06-08,1591574400,1.9573158091
2020-06-09,1591660800,1.3950080212
2020-06-10,1591747200,1.2339392012
2020-06-11,1591833600,1.3241029955
2020-06-12,1591920000,1.1387483378
2020-06-13,1592006400,1.2501028659
2020-06-14,1592092800,1.2243997342
2020-06-15,1592179200,1.2190381277
2020-06-16,1592265600,1.3204842662
2020-06-17,1592352000,1.2309114257
2020-06-18,1592438400,1.3785721146
2020-06-19,1592524800,1.2654993505
2020-06-20,1592611200,1.3413010402
2020-06-21,1592697600,1.4124489173
2020-06-22,1592784000,1.2611441796
2020-06-23,1592870400,1.2769768233
2020-06-24,1592956800,1.0133754983
2020-06-25,1593043200,1.1340893198
2020-06-26,1593129600,1.4986413445
2020-06-27,1593216000,1.2468851732
2020-06-28,1593302400,1.2467982061
2020-06-29,1593388800,1.2586450673
2020-06-30,1593475200,1.1116708612
2020-07-01,1593561600,1.1548889041
2020-07-02,1593648000,1.1716765129
2020-07-03,1593734400,1.2280753536
2020-07-04,1593820800,1.1378406867
2020-07-05,1593907200,1.1873101014
2020-07-06,1593993600,1.1559189368
2020-07-07,1594080000,1.2011603284
2020-07-08,1594166400,1.7574612947
2020-07-09,1594252800,1.281988762
2020-07-10,1594339200,1.2143906715
2020-07-11,1594425600,1.2825961438
2020-07-12,1594512000,1.2845640325
2020-07-13,1594598400,0.9522238217
2020-07-14,1594684800,1.5266102057
2020-07-15,1594771200,1.5251410464
2020-07-16,1594857600,1.1585648713
2020-07-17,1594944000,1.0091037328
2020-07-18,1595030400,1.1550880552
2020-07-19,1595116800,1.4666694228
2020-07-20,1595203200,1.1694878352
2020-07-21,1595289600,0.9731939624
2020-07-22,1595376000,1.2603077962
2020-07-23,1595462400,1.255334186
2020-07-24,1595548800,1.2499992642
2020-07-25,1595635200,1.2518463869
2020-07-26,1595721600,1.217034864
2020-07-27,1595808000,1.2455854934
2020-07-28,1595894400,1.3497397335
2020-07-29,1595980800,1.4117866242
2020-07-30,1596067200,1.3628824701
2020-07-31,1596153600,1.8283407686
2020-08-01,1596240000,1.2658807295
2020-08-02,1596326400,1.4730504843
2020-08-03,1596412800,1.5440447687
2020-08-04,1596499200,1.2496152216
2020-08-05,1596585600,1.3026188063
2020-08-06,1596672000,1.4721870517
2020-08-07,1596758400,1.3493875988
2020-08-08,1596844800,1.4927706853
2020-08-09,1596931200,1.3624515019
2020-08-10,1597017600,1.4259576248
2020-08-11,1597104000,1.4423784011
2020-08-12,1597190400,1.1596406096
2020-08-13,1597276800,1.3220059352
2020-08-14,1597363200,1.4958203336
2020-08-15,1597449600,1.5162738451
2020-08-16,1597536000,1.4744069228
2020-08-17,1597622400,1.7992615865
2020-08-18,1597708800,1.5773248879
2020-08-19,1597795200,1.4529155277
2020-08-20,1597881600,1.3486849961
2020-08-21,1597968000,1.6969080009
2020-08-22,1598054400,1.4001416
2020-08-23,1598140800,1.5082594736
2020-08-24,1598227200,1.5890165747
2020-08-25,1598313600,1.5381354337
2020-08-26,1598400000,1.1654593911
2020-08-27,1598486400,1.5316562881
2020-08-28,1598572800,1.3141790743
2020-08-29,1598659200,1.2948759823
2020-08-30,1598745600,1.3840965569
2020-08-31,1598832000,1.3954695047
2020-09-01,1598918400,1.7172906383
2020-09-02,1599004800,1.6357614333
2020-09-03,1599091200,1.3201518082
2020-09-04,1599177600,1.4536285429
2020-09-05,1599264000,1.1774170015
2020-09-06,1599350400,1.2689812754
2020-09-07,1599436800,1.527523934
2020-09-08,1599523200,1.3735943829
2020-09-09,1599609600,1.1264069296
2020-09-10,1599696000,1.1013925908
2020-09-11,1599782400,1.3075781786
2020-09-12,1599868800,1.1267250753
2020-09-13,1599955200,1.3237849926
2020-09-14,1600041600,1.3563050012
2020-09-15,1600128000,1.540826301
2020-09-16,1600214400,1.331082747
2020-09-17,1600300800,1.2826367377
2020-09-18,1600387200,1.3475600363
2020-09-19,1600473600,1.3381204827
2020-09-20,1600560000,1.3091290184
2020-09-21,1600646400,1.3345581848
2020-09-22,1600732800,1.6614001477
2020-09-23,1600819200,1.3948170975
2020-09-24,1600905600,1.5987512243
2020-09-25,1600992000,1.4014110102
2020-09-26,1601078400,1.4590696613
2020-09-27,1601164800,1.2684252071
2020-09-28,1601251200,1.3267911982
2020-09-29,1601337600,1.6412174342
2020-09-30,1601424000,1.2309157976
2020-10-01,1601510400,1.3263535731
2020-10-02,1601596800,1.6622069918
2020-10-03,1601683200,1.3482419659
2020-10-04,1601769600,1.4762099539
2020-10-05,1601856000,1.3699089327
2020-10-06,1601942400,1.5289412783
2020-10-07,1602028800,1.7515224312
2020-10-08,1602115200,1.3713497393
2020-10-09,1602201600,1.3555677023
2020-10-10,1602288000,1.5452529193
2020-10-11,1602374400,1.7745598779
2020-10-12,1602460800,1.5179990311
2020-10-13,1602547200,1.5834114204
2020-10-14,1602633600,1.5219723209
2020-10-15,1602720000,1.4784037732
2020-10-16,1602806400,1.5314272208
2020-10-17,1602892800,1.7026921112
2020-10-18,1602979200,1.570710053
2020-10-19,1603065600,1.5943882579
2020-10-20,1603152000,1.5307698401
2020-10-21,1603238400,1.524469881
2020-10-22,1603324800,1.4251494166
2020-10-23,1603411200,1.4130101354
2020-10-24,1603497600,1.6791182653
2020-10-25,1603584000,1.7344357993
2020-10-26,1603670400,2.0571088114
2020-10-27,1603756800,1.6495103342
2020-10-28,1603843200,1.7233024928
2020-10-29,1603929600,1.5596418735
2020-10-30,1604016000,1.6545297951
2020-10-31,1604102400,1.7165997032
2020-11-01,1604188800,1.8600560767
2020-11-02,1604275200,1.7524834746
2020-11-03,1604361600,2.6613886766
2020-11-04,1604448000,1.6702343444
2020-11-05,1604534400,1.5801443128
2020-11-06,1604620800,1.9518803415
2020-11-07,1604707200,2.2253812699
2020-11-08,1604793600,2.1263615821
2020-11-09,1604880000,2.1410039792
2020-11-10,1604966400,2.2756849644
2020-11-11,1605052800,2.1859246152
2020-11-12,1605139200,2.4027081787
2020-11-13,1605225600,2.2484522534
2020-11-14,1605312000,2.1794993461
2020-11-15,1605398400,2.0561249789
2020-11-16,1605484800,2.1442547195
2020-11-17,1605571200,2.0430256667
2020-11-18,1605657600,1.9508303005
2020-11-19,1605744000,2.622337925
2020-11-20,1605830400,1.9649572166
2020-11-21,1605916800,2.0412049396
2020-11-22,1606003200,2.4178162297
2020-11-23,1606089600,2.5522145348
2020-11-24,1606176000,2.3734433135
2020-11-25,1606262400,2.6951420155
2020-11-26,1606348800,1.9166195897
2020-11-27,1606435200,2.1303337435
2020-11-28,1606521600,2.5457843604
2020-11-29,1606608000,2.2107198085
2020-11-30,1606694400,2.5808804789
2020-12-01,1606780800,2.5726602836
2020-12-02,1606867200,2.6196051587
2020-12-03,1606953600,2.4071903398
2020-12-04,1607040000,2.8738022449
2020-12-05,1607126400,3.00337664
2020-12-06,1607212800,2.8995140435
2020-12-07,1607299200,2.3303394289
2020-12-08,1607385600,2.7789564734
2020-12-09,1607472000,2.4944474165
2020-12-10,1607558400,2.0702123149
2020-12-11,1607644800,1.7499527074
2020-12-12,1607731200,2.3371702488
2020-12-13,1607817600,2.15222964
2020-12-14,1607904000,2.3535353242
2020-12-15,1607990400,2.8006993072
2020-12-16,1608076800,2.3165587823
2020-12-17,1608163200,2.3247772617
2020-12-18,1608249600,2.6866513251
2020-12-19,1608336000,2.7032549362
2020-12-20,1608422400,2.1969256911
2020-12-21,1608508800,2.3957230115
2020-12-22,1608595200,2.7452903371
2020-12-23,1608681600,2.8285278055
2020-12-24,1608768000,2.8795034036
2020-12-25,1608854400,3.2347379115
2020-12-26,1608940800,3.2357918044
2020-12-27,1609027200,3.5424972935
2020-12-28,1609113600,3.2043791241
2020-12-29,1609200000,3.4771054207
2020-12-30,1609286400,3.2418693825
2020-12-31,1609372800,3.8109388625
2021-01-01,1609459200,3.987454987
2021-01-02,1609545600,4.2731265887
2021-01-03,1609632000,4.0926270421
2021-01-04,1609718400,5.5352369954
2021-01-05,1609804800,3.9460969975
2021-01-06,1609891200,4.4384770031
2021-01-07,1609977600,4.2929264847
2021-01-08,1610064000,4.6166033681
2021-01-09,1610150400,5.1105754361
2021-01-10,1610236800,5.3972887874
2021-01-11,1610323200,4.675051939
2021-01-12,1610409600,4.4257015362
2021-01-13,1610496000,4.5691305268
2021-01-14,1610582400,4.4829234169
2021-01-15,1610668800,4.6036865183
2021-01-16,1610755200,4.6924439212
2021-01-17,1610841600,4.4517179664
2021-01-18,1610928000,5.22561461
2021-01-19,1611014400,4.2861608994
2021-01-20,1611100800,5.0414722001
2021-01-21,1611187200,4.2385520667
2021-01-22,1611273600,4.5141742348
2021-01-23,1611360000,3.6967110727
2021-01-24,1611446400,4.0247793496
2021-01-25,1611532800,4.4067576679
2021-01-26,1611619200,4.6190278117
2021-01-27,1611705600,4.2135746612
2021-01-28,1611792000,3.4940803172
2021-01-29,1611878400,3.9514984347
2021-01-30,1611964800,4.6051099291
2021-01-31,1612051200,4.974483049
2021-02-01,1612137600,4.3115250906
2021-02-02,1612224000,3.788838573
2021-02-03,1612310400,4.4313795162
2021-02-04,1612396800,4.2597469588
2021-02-05,1612483200,5.1366401185
2021-02-06,1612569600,4.5236815371
2021-02-07,1612656000,9.288095646
2021-02-08,1612742400,4.9352432398
2021-02-09,1612828800,4.9963246268
2021-02-10,1612915200,5.1479244081
2021-02-11,1613001600,5.9256244144
2021-02-12,1613088000,5.5500723267
2021-02-13,1613174400,5.9116373763
2021-02-14,1613260800,6.1642140964
2021-02-15,1613347200,7.0320057606
2021-02-16,1613433600,6.571849298
2021-02-17,1613520000,5.7999361599
2021-02-18,1613606400,6.6686485468
2021-02-19,1613692800,6.0202087972
2021-02-20,1613779200,6.5056572398
2021-02-21,1613865600,7.8481947953
2021-02-22,1613952000,6.7236629444
2021-02-23,1614038400,7.1959976015
2021-02-24,1614124800,7.6884735403
2021-02-25,1614211200,7.1210730218
2021-02-26,1614297600,6.2622211002
2021-02-27,1614384000,6.2816542204
2021-02-28,1614470400,6.7758513315
2021-03-01,1614556800,5.4372159646
2021-03-02,1614643200,6.5929729056
2021-03-03,1614729600,5.8969093977
2021-03-04,1614816000,6.4874517303
2021-03-05,1614902400,7.6151941771
2021-03-06,1614988800,6.0177393897
2021-03-07,1615075200,5.8003829721
2021-03-08,1615161600,8.1219773111
2021-03-09,1615248000,5.9667635348
2021-03-10,1615334400,6.4629123469
2021-03-11,1615420800,13.1776783241
2021-03-12,1615507200,7.2751666353
2021-03-13,1615593600,7.6775802003
2021-03-14,1615680000,5.1393601192
2021-03-15,1615766400,7.8033079892
2021-03-16,1615852800,8.0667366394
2021-03-17,1615939200,9.035242713
2021-03-18,1616025600,7.023359133
2021-03-19,1616112000,7.5053658284
2021-03-20,1616198400,5.7935440392
2021-03-21,1616284800,7.2542232119
2021-03-22,1616371200,7.1243650602
2021-03-23,1616457600,9.3420099812
2021-03-24,1616544000,7.5266489661
2021-03-25,1616630400,8.3476339305
2021-03-26,1616716800,6.8796249551
2021-03-27,1616803200,5.9626723693
2021-03-28,1616889600,6.8727485168
2021-03-29,1616976000,6.6651369971
2021-03-30,1617062400,8.4168600401
2021-03-31,1617148800,8.4114997861
2021-04-01,1617235200,5.7153658171
2021-04-02,1617321600,8.427214802
2021-04-03,1617408000,7.3772411546
2021-04-04,1617494400,7.5919838841
2021-04-05,1617580800,6.8244548457
2021-04-06,1617667200,6.6637172169
2021-04-07,1617753600,6.9243779427
2021-04-08,1617840000,8.1255333096
2021-04-09,1617926400,7.1789393562
2021-04-10,1618012800,8.1039459614
2021-04-11,1618099200,9.6023530433
2021-04-12,1618185600,6.6660542019
2021-04-13,1618272000,7.7184672792
2021-04-14,1618358400,13.1995272285
2021-04-15,1618444800,10.0070287313
2021-04-16,1618531200,5.98586613
2021-04-17,1618617600,6.8565386404
2021-04-18,1618704000,5.6502948122
2021-04-19,1618790400,5.9636214626
2021-04-20,1618876800,8.2734604755
2021-04-21,1618963200,7.3622698983
2021-04-22,1619049600,6.5873583729
2021-04-23,1619136000,6.6165423674
2021-04-24,1619222400,6.2485160417
2021-04-25,1619308800,6.5852149448
2021-04-26,1619395200,6.3139374788
2021-04-27,1619481600,6.7214224102
2021-04-28,1619568000,6.8572069036
2021-04-29,1619654400,5.9506709114
2021-04-30,1619740800,8.3577676065
2021-05-01,1619827200,6.4913048024
2021-05-02,1619913600,6.4046443375
2021-05-03,1620000000,6.6101558296
2021-05-04,1620086400,6.5810937029
2021-05-05,1620172800,6.1374791413
2021-05-06,1620259200,5.6377241856
2021-05-07,1620345600,7.7737642392
2021-05-08,1620432000,6.8879969289
2021-05-09,1620518400,6.658959437
2021-05-10,1620604800,6.0448966941
2021-05-11,1620691200,6.1628596493
2021-05-12,1620777600,5.1494060701
2021-05-13,1620864000,6.9683856568
2021-05-14,1620950400,5.7967841366
2021-05-15,1621036800,6.0716027798
2021-05-16,1621123200,4.9689225754
2021-05-17,1621209600,4.6908189314
2021-05-18,1621296000,5.4812309933
2021-05-19,1621382400,4.1216072278
2021-05-20,1621468800,3.2031986408
2021-05-21,1621555200,4.6128922229
2021-05-22,1621641600,4.0263015766
2021-05-23,1621728000,4.1964666853
2021-05-24,1621814400,3.988314281
2021-05-25,1621900800,3.2646275989
2021-05-26,1621987200,2.7679218293
2021-05-27,1622073600,3.8258340811
2021-05-28,1622160000,3.7819745147
2021-05-29,1622246400,3.6611952086
2021-05-30,1622332800,10.0446202645
2021-05-31,1622419200,3.3236107112
2021-06-01,1622505600,3.6861902978
2021-06-02,1622592000,3.2858087089
2021-06-03,1622678400,3.3194730644
2021-06-04,1622764800,3.9042827347
2021-06-05,1622851200,2.9290903634
2021-06-06,1622937600,3.9686368293
2021-06-07,1623024000,3.8988509139
2021-06-08,1623110400,3.4574620624
2021-06-09,1623196800,2.5074344218
2021-06-10,1623283200,3.0429894879
2021-06-11,1623369600,3.0456224576
2021-06-12,1623456000,3.1889039799
2021-06-13,1623542400,3.486750836
2021-06-14,1623628800,1.9927377213
2021-06-15,1623715200,2.1317462072
2021-06-16,1623801600,3.3991544647
2021-06-17,1623888000,2.3458033521
2021-06-18,1623974400,2.4439256533
2021-06-19,1624060800,3.2077495063
2021-06-20,1624147200,3.6034676619
2021-06-21,1624233600,3.3973067163
2021-06-22,1624320000,2.3251556014
2021-06-23,1624406400,2.2034835333
2021-06-24,1624492800,2.0022733699
2021-06-25,1624579200,2.9733449878
2021-06-26,1624665600,2.0814073781
2021-06-27,1624752000,3.5002177147
2021-06-28,1624838400,1.9700646545
2021-06-29,1624924800,1.5235841822
2021-06-30,1625011200,1.8559925489
2021-07-01,1625097600,3.3667632477
2021-07-02,1625184000,1.4982254241
2021-07-03,1625270400,2.2931860486
2021-07-04,1625356800,2.8241174521
2021-07-05,1625443200,3.0580960072
2021-07-06,1625529600,2.4919394839
2021-07-07,1625616000,2.4687896999
2021-07-08,1625702400,2.6119149915
2021-07-09,1625788800,2.0120758103
2021-07-10,1625875200,2.3817809733
2021-07-11,1625961600,2.3528884005
2021-07-12,1626048000,2.1953839501
2021-07-13,1626134400,1.683189326
2021-07-14,1626220800,1.7498614348
2021-07-15,1626307200,2.8250049818
2021-07-16,1626393600,1.5299460308
2021-07-17,1626480000,11.7179523654
2021-07-18,1626566400,2.1256505252
2021-07-19,1626652800,2.1361475901
2021-07-20,1626739200,2.4645610691
2021-07-21,1626825600,1.7795262917
2021-07-22,1626912000,1.9583667963
2021-07-23,1626998400,1.8086437569
2021-07-24,1627084800,1.9207657985
2021-07-25,1627171200,1.8935459514
2021-07-26,1627257600,2.3115693204
2021-07-27,1627344000,2.9815384828
2021-07-28,1627430400,3.394308683
2021-07-29,1627516800,5.4139757887
2021-07-30,1627603200,1.3588253374
2021-07-31,1627689600,1.1761131708
2021-08-01,1627776000,1.7561943426
2021-08-02,1627862400,2.2810889305
2021-08-03,1627948800,1.4896750542
2021-08-04,1628035200,1.704741065
2021-08-05,1628121600,1.5482302463
2021-08-06,1628208000,2.5945481761
2021-08-07,1628294400,2.2333481055
2021-08-08,1628380800,1.6511444731
2021-08-09,1628467200,1.9657502125
2021-08-10,1628553600,2.1376657211
2021-08-11,1628640000,2.0017997042
2021-08-12,1628726400,2.4097260491
2021-08-13,1628812800,2.7018734855
2021-08-14,1628899200,4.1123457551
2021-08-15,1628985600,2.1708826122
2021-08-16,1629072000,2.2227219663
2021-08-17,1629158400,1.9866961024
2021-08-18,1629244800,2.4669466609
2021-08-19,1629331200,2.9456713135
2021-08-20,1629417600,1.6826127457
2021-08-21,1629504000,2.1592575933
2021-08-22,1629590400,2.9479146776
2021-08-23,1629676800,1.7898680461
2021-08-24,1629763200,2.2638515112
2021-08-25,1629849600,4.4187778119
2021-08-26,1629936000,1.6776603992
2021-08-27,1630022400,2.2302295945
2021-08-28,1630108800,3.0579856919
2021-08-29,1630195200,2.8463062812
2021-08-30,1630281600,1.8793532171
2021-08-31,1630368000,2.5670307541
2021-09-01,1630454400,1.5267756037
2021-09-02,1630540800,1.4427923247
2021-09-03,1630627200,2.5738106707
2021-09-04,1630713600,2.1123210718
2021-09-05,1630800000,2.5908203264
2021-09-06,1630886400,1.7446659744
2021-09-07,1630972800,1.3172414953
2021-09-08,1631059200,1.6194820026
2021-09-09,1631145600,3.0874432202
2021-09-10,1631232000,3.1813567777
2021-09-11,1631318400,1.5149579326
2021-09-12,1631404800,2.3868779508
2021-09-13,1631491200,2.2290883493
2021-09-14,1631577600,1.5377941857
2021-09-15,1631664000,2.5984516318
2021-09-16,1631750400,2.0887049058
2021-09-17,1631836800,1.563441302
2021-09-18,1631923200,1.6330033575
2021-09-19,1632009600,2.098807886
2021-09-20,1632096000,2.3088978303
2021-09-21,1632182400,1.3472443038
2021-09-22,1632268800,1.6891313372
2021-09-23,1632355200,1.7575529393
2021-09-24,1632441600,1.6122017141
2021-09-25,1632528000,1.8272426802
2021-09-26,1632614400,2.4965003489
2021-09-27,1632700800,2.0008649628
2021-09-28,1632787200,1.0117462193
2021-09-29,1632873600,2.0531731734
2021-09-30,1632960000,1.6801010702
2021-10-01,1633046400,2.2101961005
2021-10-02,1633132800,2.1313110018
2021-10-03,1633219200,2.1592984764
2021-10-04,1633305600,1.1327728138
2021-10-05,1633392000,1.7691365645
2021-10-06,1633478400,1.5733085804
2021-10-07,1633564800,1.6726648218
2021-10-08,1633651200,1.7648774461
2021-10-09,1633737600,1.9019748395
2021-10-10,1633824000,3.3558631336
2021-10-11,1633910400,1.8181787877
2021-10-12,1633996800,2.3699070825
2021-10-13,1634083200,1.6586530003
2021-10-14,1634169600,2.0086864477
2021-10-15,1634256000,1.5764998715
2021-10-16,1634342400,1.7409472975
2021-10-17,1634428800,2.0605939661
2021-10-18,1634515200,2.5255166835
2021-10-19,1634601600,3.9495545131
2021-10-20,1634688000,1.8230610731
2021-10-21,1634774400,2.5501621628
2021-10-22,1634860800,1.2308300768
2021-10-23,1634947200,2.9723043944
2021-10-24,1635033600,1.1234663431
2021-10-25,1635120000,1.4888500793
2021-10-26,1635206400,2.1018323481
2021-10-27,1635292800,2.0509177362
2021-10-28,1635379200,1.8323989867
2021-10-29,1635465600,2.4345554959
2021-10-30,1635552000,2.3020755449
2021-10-31,1635638400,5.228227811
2021-11-01,1635724800,3.7307249925
2021-11-02,1635811200,2.4510353889
2021-11-03,1635897600,1.5173983889
2021-11-04,1635984000,2.2811434261
2021-11-05,1636070400,4.4118880584
2021-11-06,1636156800,1.6045073773
2021-11-07,1636243200,2.2019205463
2021-11-08,1636329600,2.7508890058
2021-11-09,1636416000,2.2613672279
2021-11-10,1636502400,3.8127434433
2021-11-11,1636588800,2.676635959
2021-11-12,1636675200,2.4701125452
2021-11-13,1636761600,2.9906332662
2021-11-14,1636848000,2.9138273868
2021-11-15,1636934400,2.2243217745
2021-11-16,1637020800,2.2435195989
2021-11-17,1637107200,3.5809879812
2021-11-18,1637193600,1.7432210737
2021-11-19,1637280000,2.1956938715
2021-11-20,1637366400,2.4241735026
2021-11-21,1637452800,2.4190196799
2021-11-22,1637539200,2.0321608528
2021-11-23,1637625600,2.8515796794
2021-11-24,1637712000,2.1886704433
2021-11-25,1637798400,2.2237652775
2021-11-26,1637884800,1.9814634232
2021-11-27,1637971200,1.3378505345
2021-11-28,1638057600,1.6137032601
2021-11-29,1638144000,1.8930230288
2021-11-30,1638230400,1.6387153107
2021-12-01,1638316800,2.2264330116
2021-12-02,1638403200,2.5526738264
2021-12-03,1638489600,1.4981685036
2021-12-04,1638576000,2.0138257474
2021-12-05,1638662400,1.4025111866
2021-12-06,1638748800,1.9586136435
2021-12-07,1638835200,2.1479431372
2021-12-08,1638921600,1.9537226376
2021-12-09,1639008000,2.0281923066
2021-12-10,1639094400,1.3002019984
2021-12-11,1639180800,1.7709868444
2021-12-12,1639267200,1.9153614278
2021-12-13,1639353600,1.3587846396
2021-12-14,1639440000,1.9880696005
2021-12-15,1639526400,1.6990430282
2021-12-16,1639612800,2.0410477208
2021-12-17,1639699200,2.2305519988
2021-12-18,1639785600,1.7976810469
2021-12-19,1639872000,1.9727452694
2021-12-20,1639958400,1.2046778395
2021-12-21,1640044800,1.6367051596
2021-12-22,1640131200,2.0403716358
2021-12-23,1640217600,1.3921288249
2021-12-24,1640304000,1.5715132349
2021-12-25,1640390400,1.2102234798
2021-12-26,1640476800,1.281656529
2021-12-27,1640563200,1.8472533877
2021-12-28,1640649600,1.5963811855
2021-12-29,1640736000,1.676400265
2021-12-30,1640822400,1.6816605549
2021-12-31,1640908800,2.0146552101
2022-01-01,1640995200,2.0535079676
2022-01-02,1641081600,1.4126303924
2022-01-03,1641168000,1.6810117039
2022-01-04,1641254400,1.1119054273
2022-01-05,1641340800,1.6600094161
2022-01-06,1641427200,1.5225835597
2022-01-07,1641513600,1.3966008241
2022-01-08,1641600000,1.5958731752
2022-01-09,1641686400,1.4991418759
2022-01-10,1641772800,1.8448040102
2022-01-11,1641859200,1.4581121594
2022-01-12,1641945600,1.7115776255
2022-01-13,1642032000,1.6299252214
2022-01-14,1642118400,1.548798984
2022-01-15,1642204800,1.4749138463
2022-01-16,1642291200,1.782941883
2022-01-17,1642377600,1.7724843912
2022-01-18,1642464000,1.2132647145
2022-01-19,1642550400,1.2903900892
2022-01-20,1642636800,1.8868756342
2022-01-21,1642723200,1.3517667123
2022-01-22,1642809600,1.5071021253
2022-01-23,1642896000,1.8188058136
2022-01-24,1642982400,1.3597493779
2022-01-25,1643068800,1.6408592574
2022-01-26,1643155200,1.4712602021
2022-01-27,1643241600,1.5414725427
2022-01-28,1643328000,1.0922100364
2022-01-29,1643414400,1.6768945429
2022-01-30,1643500800,1.2865064634
2022-01-31,1643587200,1.4820031611
2022-02-01,1643673600,11.1625578502
2022-02-02,1643760000,1.358127909
2022-02-03,1643846400,0.9169696756
2022-02-04,1643932800,1.3970026351
2022-02-05,1644019200,1.0293036257
2022-02-06,1644105600,1.062722396
2022-02-07,1644192000,1.3904705832
2022-02-08,1644278400,1.2583863552
2022-02-09,1644364800,1.3316578815
2022-02-10,1644451200,2.5419760808
2022-02-11,1644537600,1.5225713658
2022-02-12,1644624000,1.2575338557
2022-02-13,1644710400,1.835796023
2022-02-14,1644796800,1.4308445464
2022-02-15,1644883200,1.6242276712
2022-02-16,1644969600,1.8821352983
2022-02-17,1645056000,1.4767968828
2022-02-18,1645142400,1.2837645223
2022-02-19,1645228800,1.3200886461
2022-02-20,1645315200,1.6759811471
2022-02-21,1645401600,1.4851877682
2022-02-22,1645488000,1.1828180435
2022-02-23,1645574400,1.7919658896
2022-02-24,1645660800,1.4001331986
2022-02-25,1645747200,1.0385698549
2022-02-26,1645833600,1.2538026618
2022-02-27,1645920000,1.3362286367
2022-02-28,1646006400,1.1255407254
2022-03-01,1646092800,0.9745260231
2022-03-02,1646179200,1.84072048
2022-03-03,1646265600,1.6150744112
2022-03-04,1646352000,1.3325795296
2022-03-05,1646438400,1.5632965585
2022-03-06,1646524800,1.5595519373
2022-03-07,1646611200,1.6655586608
2022-03-08,1646697600,1.2881878342
2022-03-09,1646784000,1.3483537814
2022-03-10,1646870400,1.7934340018
2022-03-11,1646956800,3.163191868
2022-03-12,1647043200,1.171681852
2022-03-13,1647129600,1.5213855086
2022-03-14,1647216000,1.5933140664
2022-03-15,1647302400,1.2389536402
2022-03-16,1647388800,1.6872074923
2022-03-17,1647475200,1.5884528266
2022-03-18,1647561600,1.3058806541
2022-03-19,1647648000,1.6335051707
2022-03-20,1647734400,1.1461557893
2022-03-21,1647820800,1.1831865767
2022-03-22,1647907200,1.2245453811
2022-03-23,1647993600,1.3711441293
2022-03-24,1648080000,1.0709377029
2022-03-25,1648166400,3.4159903971
2022-03-26,1648252800,1.1531719979
2022-03-27,1648339200,1.3884745106
2022-03-28,1648425600,1.3815910165
2022-03-29,1648512000,3.2376376649
2022-03-30,1648598400,1.1940847469
2022-03-31,1648684800,1.2271229752
2022-04-01,1648771200,1.4722128856
2022-04-02,1648857600,0.9893214417
2022-04-03,1648944000,1.5708172166
2022-04-04,1649030400,1.0595010868
2022-04-05,1649116800,1.2179924416
2022-04-06,1649203200,1.2361185163
2022-04-07,1649289600,1.5898627839
2022-04-08,1649376000,1.2231664849
2022-04-09,1649462400,1.3862618127
2022-04-10,1649548800,1.3811262439
2022-04-11,1649635200,1.4864798104
2022-04-12,1649721600,1.703979107
2022-04-13,1649808000,0.9619549058
2022-04-14,1649894400,2.4541843175
2022-04-15,1649980800,1.1718628355
2022-04-16,1650067200,1.1060246537
2022-04-17,1650153600,1.3084292316
2022-04-18,1650240000,1.02741251
2022-04-19,1650326400,1.1498827702
2022-04-20,1650412800,1.3414401331
2022-04-21,1650499200,2.5490798323
2022-04-22,1650585600,0.8184195408
2022-04-23,1650672000,1.4795358367
2022-04-24,1650758400,1.0429574996
2022-04-25,1650844800,1.0647179789
2022-04-26,1650931200,0.8961860468
2022-04-27,1651017600,1.0660554744
2022-04-28,1651104000,1.0029801183
2022-04-29,1651190400,0.9241117873
2022-04-30,1651276800,0.987274253
2022-05-01,1651363200,1.4212663642
2022-05-02,1651449600,0.7949494203
2022-05-03,1651536000,0.8234871634
2022-05-04,1651622400,1.1536377982
2022-05-05,1651708800,1.1921856685
2022-05-06,1651795200,1.0758511564
2022-05-07,1651881600,0.8931274052
2022-05-08,1651968000,1.1014271243
2022-05-09,1652054400,1.0213926714
2022-05-10,1652140800,0.9393237652
2022-05-11,1652227200,0.8716094413
2022-05-12,1652313600,0.8283672804
2022-05-13,1652400000,0.9691751946
2022-05-14,1652486400,2.4654219236
2022-05-15,1652572800,0.7245098445
2022-05-16,1652659200,0.9381555259
2022-05-17,1652745600,0.7412666151
2022-05-18,1652832000,0.857669567
2022-05-19,1652918400,0.6305746351
2022-05-20,1653004800,0.8466450609
2022-05-21,1653091200,0.677538675
2022-05-22,1653177600,0.7380913124
2022-05-23,1653264000,0.6061493934
2022-05-24,1653350400,0.8579294908
2022-05-25,1653436800,0.8752979487
2022-05-26,1653523200,0.8423887918
2022-05-27,1653609600,1.0091263111
2022-05-28,1653696000,1.0496112175
2022-05-29,1653782400,0.988863603
2022-05-30,1653868800,0.8481269035
2022-05-31,1653955200,1.1792207774
2022-06-01,1654041600,0.8742250448
2022-06-02,1654128000,0.6091504316
2022-06-03,1654214400,0.7410402465
2022-06-04,1654300800,0.6268472678
2022-06-05,1654387200,0.8903993698
2022-06-06,1654473600,0.8130435159
2022-06-07,1654560000,0.6544897349
2022-06-08,1654646400,0.9155138072
2022-06-09,1654732800,0.6031009133
2022-06-10,1654819200,0.9682342874
2022-06-11,1654905600,0.5785501406
2022-06-12,1654992000,0.9007392537
2022-06-13,1655078400,0.7942228394
2022-06-14,1655164800,0.6025341812
2022-06-15,1655251200,0.4928462661
2022-06-16,1655337600,0.5813478351
2022-06-17,1655424000,0.8103999798
2022-06-18,1655510400,0.5908745215
2022-06-19,1655596800,0.6167674494
2022-06-20,1655683200,0.6285464044
2022-06-21,1655769600,0.4417266789
2022-06-22,1655856000,0.6192950115
2022-06-23,1655942400,0.5441129077
2022-06-24,1656028800,0.6588080411
2022-06-25,1656115200,2.0243414518
2022-06-26,1656201600,0.7131100812
2022-06-27,1656288000,0.5252537276
2022-06-28,1656374400,0.6780511251
2022-06-29,1656460800,0.9828116931
2022-06-30,1656547200,0.5104319197
2022-07-01,1656633600,0.5177660292
2022-07-02,1656720000,0.5164738775
2022-07-03,1656806400,0.6099791103
2022-07-04,1656892800,0.6157322485
2022-07-05,1656979200,0.6231242989
2022-07-06,1657065600,0.4859290923
2022-07-07,1657152000,0.5378999369
2022-07-08,1657238400,0.668548753
2022-07-09,1657324800,0.6691527974
2022-07-10,1657411200,0.614954642
2022-07-11,1657497600,0.4491772973
2022-07-12,1657584000,0.6669940697
2022-07-13,1657670400,0.6791035554
2022-07-14,1657756800,0.4765357122
2022-07-15,1657843200,0.4124780249
2022-07-16,1657929600,0.8543615997
2022-07-17,1658016000,0.6002791916
2022-07-18,1658102400,0.6371451205
2022-07-19,1658188800,0.6675634903
2022-07-20,1658275200,0.8193702162
2022-07-21,1658361600,0.7301061556
2022-07-22,1658448000,0.3841755927
2022-07-23,1658534400,0.5338080518
2022-07-24,1658620800,0.54014948
2022-07-25,1658707200,0.5370382646
2022-07-26,1658793600,0.8234629501
2022-07-27,1658880000,0.8021270477
2022-07-28,1658966400,0.5751839185
2022-07-29,1659052800,0.5606002513
2022-07-30,1659139200,0.8340636679
2022-07-31,1659225600,0.6781861778
2022-08-01,1659312000,0.6481291562
2022-08-02,1659398400,0.6519832841
2022-08-03,1659484800,0.6655949085
2022-08-04,1659571200,0.6600236026
2022-08-05,1659657600,0.5737034591
2022-08-06,1659744000,1.1996550491
2022-08-07,1659830400,0.8930168025
2022-08-08,1659916800,0.611307462
2022-08-09,1660003200,0.4857247113
2022-08-10,1660089600,1.6281423637
2022-08-11,1660176000,0.5623559515
2022-08-12,1660262400,0.6224396824
2022-08-13,1660348800,0.604300816
2022-08-14,1660435200,0.6333013834
2022-08-15,1660521600,0.5837950816
2022-08-16,1660608000,0.6770312849
2022-08-17,1660694400,0.5179614161
2022-08-18,1660780800,0.9460518733
2022-08-19,1660867200,0.6171504436
2022-08-20,1660953600,0.6497956731
2022-08-21,1661040000,0.5946280518
2022-08-22,1661126400,0.5494533035
2022-08-23,1661212800,0.6663412544
2022-08-24,1661299200,0.5708839255
2022-08-25,1661385600,0.5932754393
2022-08-26,1661472000,0.9026368955
2022-08-27,1661558400,0.6948993912
2022-08-28,1661644800,1.5410662872
2022-08-29,1661731200,1.3846164699
2022-08-30,1661817600,0.5551533026
2022-08-31,1661904000,0.5487936463
2022-09-01,1661990400,0.5694722695
2022-09-02,1662076800,0.5587868979
2022-09-03,1662163200,0.815726545
2022-09-04,1662249600,2.1820998711
2022-09-05,1662336000,0.5835854534
2022-09-06,1662422400,0.5678424923
2022-09-07,1662508800,0.6858330265
2022-09-08,1662595200,0.4789041019
2022-09-09,1662681600,0.5610884985
2022-09-10,1662768000,0.6454719869
2022-09-11,1662854400,0.6013123881
2022-09-12,1662940800,0.5567024833
2022-09-13,1663027200,0.517331148
2022-09-14,1663113600,0.5078145361
2022-09-15,1663200000,0.4571303697
2022-09-16,1663286400,0.5181213451
2022-09-17,1663372800,0.5532716461
2022-09-18,1663459200,0.515827225
2022-09-19,1663545600,0.6426176005
2022-09-20,1663632000,0.5869143231
2022-09-21,1663718400,0.5892987747
2022-09-22,1663804800,0.5733159078
2022-09-23,1663891200,0.6091859263
2022-09-24,1663977600,0.6265704617
2022-09-25,1664064000,0.5635875512
2022-09-26,1664150400,0.6484047944
2022-09-27,1664236800,0.7055903054
2022-09-28,1664323200,0.4744393437
2022-09-29,1664409600,0.5240384807
2022-09-30,1664496000,0.5089306968
2022-10-01,1664582400,0.5795817755
2022-10-02,1664668800,0.5697033569
2022-10-03,1664755200,0.5250075301
2022-10-04,1664841600,0.502120197
2022-10-05,1664928000,0.6385783939
2022-10-06,1665014400,0.6004959588
2022-10-07,1665100800,0.8232814849
2022-10-08,1665187200,0.4360071027
2022-10-09,1665273600,0.6130294201
2022-10-10,1665360000,0.4728131078
2022-10-11,1665446400,0.6910673494
2022-10-12,1665532800,0.6011922729
2022-10-13,1665619200,0.590546974
2022-10-14,1665705600,0.5708781771
2022-10-15,1665792000,0.5970165663
2022-10-16,1665878400,0.6072910946
2022-10-17,1665964800,0.5963020611
2022-10-18,1666051200,1.4214809533
2022-10-19,1666137600,0.5460288316
2022-10-20,1666224000,0.5116837859
2022-10-21,1666310400,0.5268097921
2022-10-22,1666396800,0.5586011868
2022-10-23,1666483200,0.6177778081
2022-10-24,1666569600,0.6571836479
2022-10-25,1666656000,1.1099533929
2022-10-26,1666742400,0.5569325104
2022-10-27,1666828800,0.9628622929
2022-10-28,1666915200,0.6170245338
2022-10-29,1667001600,0.6769386248
2022-10-30,1667088000,0.5083290471
2022-10-31,1667174400,0.6111389808
2022-11-01,1667260800,0.5559015121
2022-11-02,1667347200,0.937720169
2022-11-03,1667433600,0.7373514778
2022-11-04,1667520000,1.5513486621
2022-11-05,1667606400,0.8279219105
2022-11-06,1667692800,0.5303810607
2022-11-07,1667779200,0.4388125047
2022-11-08,1667865600,0.5822153663
2022-11-09,1667952000,0.4976392805
2022-11-10,1668038400,0.4816833125
2022-11-11,1668124800,0.7904302758
2022-11-12,1668211200,0.5261137619
2022-11-13,1668297600,0.4872618474
2022-11-14,1668384000,0.4840897444
2022-11-15,1668470400,0.4467185083
2022-11-16,1668556800,0.5735599358
2022-11-17,1668643200,0.3728624691
2022-11-18,1668729600,0.3622051199
2022-11-19,1668816000,0.4524553062
2022-11-20,1668902400,0.5128507878
2022-11-21,1668988800,0.4453985175
2022-11-22,1669075200,0.5022893975
2022-11-23,1669161600,1.35423291
2022-11-24,1669248000,0.5300804462
2022-11-25,1669334400,0.5293166251
2022-11-26,1669420800,0.3513733459
2022-11-27,1669507200,0.5168293523
2022-11-28,1669593600,0.4332054953
2022-11-29,1669680000,0.606733376
2022-11-30,1669766400,0.4401149431
2022-12-01,1669852800,0.6455925529
2022-12-02,1669939200,0.4432333673
2022-12-03,1670025600,0.4961388168
2022-12-04,1670112000,0.4267509429
2022-12-05,1670198400,0.4055039447
2022-12-06,1670284800,0.3803454285
2022-12-07,1670371200,0.7228496593
2022-12-08,1670457600,0.5244649685
2022-12-09,1670544000,0.4841685262
2022-12-10,1670630400,0.9490625858
2022-12-11,1670716800,0.5239990699
2022-12-12,1670803200,0.5266783489
2022-12-13,1670889600,0.4446117323
2022-12-14,1670976000,0.4509104375
2022-12-15,1671062400,0.570671073
2022-12-16,1671148800,0.6409394449
2022-12-17,1671235200,0.5726163955
2022-12-18,1671321600,0.6234012976
2022-12-19,1671408000,0.5133864936
2022-12-20,1671494400,0.4816917027
2022-12-21,1671580800,0.4691189711
2022-12-22,1671667200,0.5845227241
2022-12-23,1671753600,0.6832960349
2022-12-24,1671840000,0.562263815
2022-12-25,1671926400,0.4249381889
2022-12-26,1672012800,0.558793298
2022-12-27,1672099200,0.4437940088
2022-12-28,1672185600,0.5866167658
2022-12-29,1672272000,0.5245800358
2022-12-30,1672358400,0.6774972749
2022-12-31,1672444800,0.3858192703
2023-01-01,1672531200,0.5990831445
2023-01-02,1672617600,0.7370829389
2023-01-03,1672704000,0.5443929451
2023-01-04,1672790400,0.5556606699
2023-01-05,1672876800,0.8168018554
2023-01-06,1672963200,0.5509913832
2023-01-07,1673049600,0.610196435
2023-01-08,1673136000,0.6081172433
2023-01-09,1673222400,0.5612832485
2023-01-10,1673308800,0.5208687118
2023-01-11,1673395200,0.4533957869
2023-01-12,1673481600,0.6499700932
2023-01-13,1673568000,0.5481964853
2023-01-14,1673654400,0.5563898091
2023-01-15,1673740800,0.5631613978
2023-01-16,1673827200,0.9064422492
2023-01-17,1673913600,0.5762801888
2023-01-18,1674000000,0.6279152
2023-01-19,1674086400,0.5266810004
2023-01-20,1674172800,0.5628264752
2023-01-21,1674259200,0.5805303337
2023-01-22,1674345600,0.7917158348
2023-01-23,1674432000,0.6140697571
2023-01-24,1674518400,0.7285698069
2023-01-25,1674604800,0.7922063826
2023-01-26,1674691200,0.7331326227
2023-01-27,1674777600,0.6361936069
2023-01-28,1674864000,0.8326566994
2023-01-29,1674950400,0.7594008324
2023-01-30,1675036800,0.7425558796
2023-01-31,1675123200,0.7585963091
2023-02-01,1675209600,0.6865008963
2023-02-02,1675296000,0.6599543922
2023-02-03,1675382400,0.7412950235
2023-02-04,1675468800,0.7958894003
2023-02-05,1675555200,0.7287885265
2023-02-06,1675641600,0.8566566248
2023-02-07,1675728000,0.6572794985
2023-02-08,1675814400,0.9474631213
2023-02-09,1675900800,0.7651809332
2023-02-10,1675987200,0.9399184372
2023-02-11,1676073600,0.7715970791
2023-02-12,1676160000,0.6347653234
2023-02-13,1676246400,0.7383819871
2023-02-14,1676332800,0.7244636011
2023-02-15,1676419200,0.6863851274
2023-02-16,1676505600,0.8342751244
2023-02-17,1676592000,0.7315383576
2023-02-18,1676678400,0.7319761621
2023-02-19,1676764800,0.9750239877
2023-02-20,1676851200,0.8134827893
2023-02-21,1676937600,0.7954113353
2023-02-22,1677024000,0.684078132
2023-02-23,1677110400,0.9336228956
2023-02-24,1677196800,0.7265715112
2023-02-25,1677283200,0.6657453823
2023-02-26,1677369600,0.8633277431
2023-02-27,1677456000,0.9264784973
2023-02-28,1677542400,0.6170037981
2023-03-01,1677628800,0.6928117297
2023-03-02,1677715200,0.7145992169
2023-03-03,1677801600,0.9427764941
2023-03-04,1677888000,1.1334844501
2023-03-05,1677974400,0.6298219251
2023-03-06,1678060800,0.795998056
2023-03-07,1678147200,0.5221819211
2023-03-08,1678233600,0.8705098108
2023-03-09,1678320000,0.8044303087
2023-03-10,1678406400,0.8439806289
2023-03-11,1678492800,0.8752091238
2023-03-12,1678579200,0.6971925775
2023-03-13,1678665600,0.8893574032
2023-03-14,1678752000,0.9001249558
2023-03-15,1678838400,0.9628393263
2023-03-16,1678924800,1.0222937614
2023-03-17,1679011200,0.768536519
2023-03-18,1679097600,1.1062127699
2023-03-19,1679184000,0.9637773588
2023-03-20,1679270400,0.9421836338
2023-03-21,1679356800,1.1221487473
2023-03-22,1679443200,1.0071293744
2023-03-23,1679529600,1.159136434
2023-03-24,1679616000,1.1038496098
2023-03-25,1679702400,1.0461807202
2023-03-26,1679788800,1.1195593441
2023-03-27,1679875200,0.9067151177
2023-03-28,1679961600,1.0712839943
2023-03-29,1680048000,0.8713742524
2023-03-30,1680134400,0.4528468501
2023-03-31,1680220800,1.2360143187
2023-04-01,1680307200,1.1928459345
2023-04-02,1680393600,1.1686393251
2023-04-03,1680480000,1.2838397919
2023-04-04,1680566400,0.8488142766
2023-04-05,1680652800,0.8785709022
2023-04-06,1680739200,0.7573794327
2023-04-07,1680825600,0.812177489
2023-04-08,1680912000,1.1088560317
2023-04-09,1680998400,1.0677320965
2023-04-10,1681084800,0.8925114531
2023-04-11,1681171200,0.9247349311
2023-04-12,1681257600,0.8558161418
2023-04-13,1681344000,1.0694518045
2023-04-14,1681430400,1.1642079456
2023-04-15,1681516800,1.0128637323
2023-04-16,1681603200,1.0650250694
2023-04-17,1681689600,0.9236897407
2023-04-18,1681776000,1.2301647138
2023-04-19,1681862400,2.3860135379
2023-04-20,1681948800,1.2323519961
2023-04-21,1682035200,1.1192058406
2023-04-22,1682121600,1.1153061542
2023-04-23,1682208000,1.2243977808
2023-04-24,1682294400,1.1834993549
2023-04-25,1682380800,1.0226495256
2023-04-26,1682467200,1.1338688276
2023-04-27,1682553600,1.0895947727
2023-04-28,1682640000,1.3521102331
2023-04-29,1682726400,1.474082619
2023-04-30,1682812800,0.9963765131
2023-05-01,1682899200,1.05963108
2023-05-02,1682985600,1.163695891
2023-05-03,1683072000,1.0833345527
2023-05-04,1683158400,1.1609386974
2023-05-05,1683244800,1.0333633227
2023-05-06,1683331200,1.1021720943
2023-05-07,1683417600,1.7843302557
2023-05-08,1683504000,1.4532275175
2023-05-09,1683590400,1.159368745
2023-05-10,1683676800,1.0616231681
2023-05-11,1683763200,1.0319875675
2023-05-12,1683849600,1.3302722929
2023-05-13,1683936000,1.0338207691
2023-05-14,1684022400,1.5163722815
2023-05-15,1684108800,2.111825135
2023-05-16,1684195200,1.1815210094
2023-05-17,1684281600,0.9955370717
2023-05-18,1684368000,0.9010042032
2023-05-19,1684454400,1.1500465952
2023-05-20,1684540800,1.1992054589
2023-05-21,1684627200,1.1230015894
2023-05-22,1684713600,1.10134225
2023-05-23,1684800000,1.0141987352
2023-05-24,1684886400,1.1465760835
2023-05-25,1684972800,1.2634554705
2023-05-26,1685059200,1.1742557423
2023-05-27,1685145600,0.9544813799
2023-05-28,1685232000,1.3584851276
2023-05-29,1685318400,1.0015487774
2023-05-30,1685404800,1.3338871501
2023-05-31,1685491200,1.1516211181
2023-06-01,1685577600,1.1844146649
2023-06-02,1685664000,1.104408613
2023-06-03,1685750400,0.9421900957
2023-06-04,1685836800,0.9990044191
2023-06-05,1685923200,1.1927150575
2023-06-06,1686009600,1.082344286
2023-06-07,1686096000,1.1661266313
2023-06-08,1686182400,1.3660874132
2023-06-09,1686268800,1.276540768
2023-06-10,1686355200,0.8170445385
2023-06-11,1686441600,1.1728703143
2023-06-12,1686528000,1.1732545901
2023-06-13,1686614400,1.1724251895
2023-06-14,1686700800,1.1727833426
2023-06-15,1686787200,1.0156248895
2023-06-16,1686873600,1.1447321033
2023-06-17,1686960000,0.991122135
2023-06-18,1687046400,1.5072848892
2023-06-19,1687132800,1.3461468558
2023-06-20,1687219200,0.7449086567
2023-06-21,1687305600,0.9306402619
2023-06-22,1687392000,1.1483745772
2023-06-23,1687478400,1.065510482
2023-06-24,1687564800,1.5558106604
2023-06-25,1687651200,1.7835400641
2023-06-26,1687737600,1.3172322491
2023-06-27,1687824000,1.445192235
2023-06-28,1687910400,1.5951613346
2023-06-29,1687996800,0.8382359416
2023-06-30,1688083200,1.4670113656
2023-07-01,1688169600,2.5663308282
2023-07-02,1688256000,1.4641662192
2023-07-03,1688342400,1.2130373931
2023-07-04,1688428800,1.2871739763
2023-07-05,1688515200,1.1097739602
2023-07-06,1688601600,0.6148135918
2023-07-07,1688688000,1.1789786183
2023-07-08,1688774400,1.2878655172
2023-07-09,1688860800,1.3734024224
2023-07-10,1688947200,1.0117227518
2023-07-11,1689033600,1.5743815244
2023-07-12,1689120000,1.0995650582
2023-07-13,1689206400,0.7875568327
2023-07-14,1689292800,1.3342115519
2023-07-15,1689379200,1.3159278379
2023-07-16,1689465600,1.2389886109
2023-07-17,1689552000,0.8065658251
2023-07-18,1689638400,1.4203659641
2023-07-19,1689724800,1.1860699226
2023-07-20,1689811200,1.2376513
2023-07-21,1689897600,0.6998885273
2023-07-22,1689984000,2.0623390522
2023-07-23,1690070400,1.4007294213
2023-07-24,1690156800,1.2434790315
2023-07-25,1690243200,0.9293070423
2023-07-26,1690329600,1.0455085616
2023-07-27,1690416000,0.7422228342
2023-07-28,1690502400,0.7078628035
2023-07-29,1690588800,1.4163086821
2023-07-30,1690675200,1.074491126
2023-07-31,1690761600,0.881963549
2023-08-01,1690848000,1.1380201606
2023-08-02,1690934400,0.7640085967
2023-08-03,1691020800,1.1798926068
2023-08-04,1691107200,1.1623929995
2023-08-05,1691193600,1.1521190625
2023-08-06,1691280000,1.3264670618
2023-08-07,1691366400,1.0186274289
2023-08-08,1691452800,0.9213847334
2023-08-09,1691539200,1.268491514
2023-08-10,1691625600,1.0554578382
2023-08-11,1691712000,1.4413939805
2023-08-12,1691798400,1.4472537265
2023-08-13,1691884800,1.4061908433
2023-08-14,1691971200,1.1081786075
2023-08-15,1692057600,1.2298040417
2023-08-16,1692144000,1.0957768931
2023-08-17,1692230400,1.3162142807
2023-08-18,1692316800,1.053083923
2023-08-19,1692403200,0.9910484643
2023-08-20,1692489600,1.1456673131
2023-08-21,1692576000,1.1603587394
2023-08-22,1692662400,1.2485262259
2023-08-23,1692748800,0.9298795194
2023-08-24,1692835200,1.0071357159
2023-08-25,1692921600,1.1595380791
2023-08-26,1693008000,0.9020536848
2023-08-27,1693094400,1.5536032087
2023-08-28,1693180800,1.119615538
2023-08-29,1693267200,0.7162962971
2023-08-30,1693353600,1.1382269638
2023-08-31,1693440000,1.061216621
2023-09-01,1693526400,1.0990989938
2023-09-02,1693612800,0.9147692561
2023-09-03,1693699200,0.827345283
2023-09-04,1693785600,1.0166271133
2023-09-05,1693872000,1.021227549
2023-09-06,1693958400,1.2163079926
2023-09-07,1694044800,1.0108698352
2023-09-08,1694131200,1.0495496636
2023-09-09,1694217600,0.816202809
2023-09-10,1694304000,1.0713266204
2023-09-11,1694390400,0.882678758
2023-09-12,1694476800,0.8136095626
2023-09-13,1694563200,0.9847383134
2023-09-14,1694649600,1.3907344756
2023-09-15,1694736000,1.2964094587
2023-09-16,1694822400,1.0540349641
2023-09-17,1694908800,1.1922775485
2023-09-18,1694995200,1.7166890976
2023-09-19,1695081600,2.3589508939
2023-09-20,1695168000,1.0122989667
2023-09-21,1695254400,0.9813090313
2023-09-22,1695340800,1.1611928615
2023-09-23,1695427200,1.0303086229
2023-09-24,1695513600,1.1607585316
2023-09-25,1695600000,1.1349184935
2023-09-26,1695686400,1.0384062593
2023-09-27,1695772800,0.9365122675
2023-09-28,1695859200,1.1806657583
2023-09-29,1695945600,1.0789472207
2023-09-30,1696032000,1.3131250733
2023-10-01,1696118400,0.996387725
2023-10-02,1696204800,0.8706516718
2023-10-03,1696291200,1.2214519115
2023-10-04,1696377600,1.3185382118
2023-10-05,1696464000,0.9249305209
2023-10-06,1696550400,1.1546611478
2023-10-07,1696636800,1.5623491266
2023-10-08,1696723200,1.2639486891
2023-10-09,1696809600,1.4411185838
2023-10-10,1696896000,1.1784161558
2023-10-11,1696982400,1.0737197527
2023-10-12,1697068800,0.938613406
2023-10-13,1697155200,1.0468493214
2023-10-14,1697241600,1.4942097586
2023-10-15,1697328000,1.094522329
2023-10-16,1697414400,1.0085282554
2023-10-17,1697500800,0.9687902119
2023-10-18,1697587200,1.1401787518
2023-10-19,1697673600,0.882860757
2023-10-20,1697760000,1.0519216372
2023-10-21,1697846400,1.2041626528
2023-10-22,1697932800,1.1690618998
2023-10-23,1698019200,1.1960011716
2023-10-24,1698105600,1.2580211219
2023-10-25,1698192000,1.3803247731
2023-10-26,1698278400,1.7085487749
2023-10-27,1698364800,1.322704547
2023-10-28,1698451200,1.5527271968
2023-10-29,1698537600,1.6113711732
2023-10-30,1698624000,1.2885355821
2023-10-31,1698710400,1.2375586302
2023-11-01,1698796800,2.145560072
2023-11-02,1698883200,1.3353268835
2023-11-03,1698969600,1.2210853766
2023-11-04,1699056000,1.3648086631
2023-11-05,1699142400,1.3116019719
2023-11-06,1699228800,1.504770085
2023-11-07,1699315200,1.4456748017
2023-11-08,1699401600,1.5050742575
2023-11-09,1699488000,1.2629158791
2023-11-10,1699574400,1.5055057557
2023-11-11,1699660800,1.3824192506
2023-11-12,1699747200,1.3359067767
2023-11-13,1699833600,1.5424658514
2023-11-14,1699920000,1.4346205923
2023-11-15,1700006400,1.4065643948
2023-11-16,1700092800,1.4125214454
2023-11-17,1700179200,1.3758994758
2023-11-18,1700265600,1.7087014017
2023-11-19,1700352000,1.6002058245
2023-11-20,1700438400,1.5914329929
2023-11-21,1700524800,1.5559556222
2023-11-22,1700611200,1.2341303161
2023-11-23,1700697600,1.4660578289
2023-11-24,1700784000,1.3156081362
2023-11-25,1700870400,1.4045913886
2023-11-26,1700956800,1.5188821281
2023-11-27,1701043200,1.3565117922
2023-11-28,1701129600,1.519734192
2023-11-29,1701216000,1.3457161557
2023-11-30,1701302400,0.971385979
2023-12-01,1701388800,1.615469952
2023-12-02,1701475200,1.9036689856
2023-12-03,1701561600,1.5137648609
2023-12-04,1701648000,1.6459870302
2023-12-05,1701734400,1.5158584664
2023-12-06,1701820800,1.5270440232
2023-12-07,1701907200,1.7586185572
2023-12-08,1701993600,1.4995852216
2023-12-09,1702080000,1.7156441829
2023-12-10,1702166400,1.5883285106
2023-12-11,1702252800,1.7327204172
2023-12-12,1702339200,1.8938661972
2023-12-13,1702425600,1.5888229204
2023-12-14,1702512000,1.5830745643
2023-12-15,1702598400,1.801246714
2023-12-16,1702684800,1.4932542536
2023-12-17,1702771200,1.602530036
2023-12-18,1702857600,2.081095547
2023-12-19,1702944000,1.5010184877
2023-12-20,1703030400,1.6413680706
2023-12-21,1703116800,1.575402742
2023-12-22,1703203200,1.4272887841
2023-12-23,1703289600,1.9470025092
2023-12-24,1703376000,3.0156918751
2023-12-25,1703462400,1.8433873662
2023-12-26,1703548800,1.7673707464
2023-12-27,1703635200,2.4339680268
2023-12-28,1703721600,1.550166547
2023-12-29,1703808000,1.1070537519
2023-12-30,1703894400,2.485829497
2023-12-31,1703980800,1.5972779013
2024-01-01,1704067200,1.5696710421
2024-01-02,1704153600,1.6492324068
2024-01-03,1704240000,1.8386572528
2024-01-04,1704326400,1.5514131445
2024-01-05,1704412800,1.4955352814
2024-01-06,1704499200,1.7013232026
2024-01-07,1704585600,1.6153590054
2024-01-08,1704672000,1.6716739884
2024-01-09,1704758400,1.7763156655
2024-01-10,1704844800,1.6912066057
2024-01-11,1704931200,1.8455138564
2024-01-12,1705017600,1.4770856073
2024-01-13,1705104000,1.8086718919
2024-01-14,1705190400,2.0286693345
2024-01-15,1705276800,1.6131298013
2024-01-16,1705363200,4.0531323109
2024-01-17,1705449600,1.2800857463
2024-01-18,1705536000,1.5697887571
2024-01-19,1705622400,1.4843537768
2024-01-20,1705708800,1.5366427987
2024-01-21,1705795200,1.7453683954
2024-01-22,1705881600,1.2533285656
2024-01-23,1705968000,1.2878396079
2024-01-24,1706054400,1.862469226
2024-01-25,1706140800,1.5434843366
2024-01-26,1706227200,1.1739993952
2024-01-27,1706313600,1.815939464
2024-01-28,1706400000,1.521946045
2024-01-29,1706486400,1.1705397772
2024-01-30,1706572800,1.535113208
2024-01-31,1706659200,1.6990724441
2024-02-01,1706745600,1.329780404
2024-02-02,1706832000,1.5112749824
2024-02-03,1706918400,1.6066905549
2024-02-04,1707004800,1.6568590217
2024-02-05,1707091200,1.6639405408
2024-02-06,1707177600,2.4691516377
2024-02-07,1707264000,1.6628464979
2024-02-08,1707350400,1.5603511538
2024-02-09,1707436800,1.4989518921
2024-02-10,1707523200,1.7763872493
2024-02-11,1707609600,1.8155360554
2024-02-12,1707696000,1.4852086862
2024-02-13,1707782400,1.4352260308
2024-02-14,1707868800,1.7863689357
2024-02-15,1707955200,1.7053471498
2024-02-16,1708041600,1.7140583995
2024-02-17,1708128000,1.85842707
2024-02-18,1708214400,2.0110918163
2024-02-19,1708300800,3.8573249176
2024-02-20,1708387200,1.5871968199
2024-02-21,1708473600,1.3405874015
2024-02-22,1708560000,2.2144153964
2024-02-23,1708646400,1.6263404752
2024-02-24,1708732800,2.0334304375
2024-02-25,1708819200,2.1723622752
2024-02-26,1708905600,1.8984369337
2024-02-27,1708992000,2.0023893749
2024-02-28,1709078400,2.1668500386
2024-02-29,1709164800,2.1019754358
2024-03-01,1709251200,2.9853666075
2024-03-02,1709337600,1.9061050057
2024-03-03,1709424000,2.2743060623
2024-03-04,1709510400,2.0620895889
2024-03-05,1709596800,2.219323042
2024-03-06,1709683200,2.5759592815
2024-03-07,1709769600,2.9431821342
2024-03-08,1709856000,2.5496577785
2024-03-09,1709942400,2.4633113183
2024-03-10,1710028800,3.0806728679
2024-03-11,1710115200,2.3321232762
2024-03-12,1710201600,2.3595282727
2024-03-13,1710288000,2.664149316
2024-03-14,1710374400,3.5161823687
2024-03-15,1710460800,2.3401713429
2024-03-16,1710547200,2.5340570744
2024-03-17,1710633600,5.6322130551
2024-03-18,1710720000,1.9416946425
2024-03-19,1710806400,1.7919545566
2024-03-20,1710892800,1.7942125083
2024-03-21,1710979200,1.8031419364
2024-03-22,1711065600,5.5113546422
2024-03-23,1711152000,5.546822766
2024-03-24,1711238400,3.577205979
2024-03-25,1711324800,2.2309120411
2024-03-26,1711411200,2.4644601991
2024-03-27,1711497600,2.2279726771
2024-03-28,1711584000,4.6722231325
2024-03-29,1711670400,2.5185796687
2024-03-30,1711756800,2.0327842712
2024-03-31,1711843200,2.0560325366
2024-04-01,1711929600,2.6490926337
2024-04-02,1712016000,2.6683263471
2024-04-03,1712102400,2.3299872864
2024-04-04,1712188800,2.2054516626
2024-04-05,1712275200,2.2385392551
2024-04-06,1712361600,2.9778695664
2024-04-07,1712448000,3.0202651883
2024-04-08,1712534400,2.1962058958
2024-04-09,1712620800,1.7383011103
2024-04-10,1712707200,2.0618828243
2024-04-11,1712793600,2.2664422736
2024-04-12,1712880000,2.8926781802
2024-04-13,1712966400,2.4880970055
2024-04-14,1713052800,2.3598581694
2024-04-15,1713139200,1.798521055
2024-04-16,1713225600,2.9134389924
2024-04-17,1713312000,2.4188564053
2024-04-18,1713398400,1.958873801
2024-04-19,1713484800,2.513114706
2024-04-20,1713571200,2.0742004425
2024-04-21,1713657600,2.1014357557
2024-04-22,1713744000,2.7169024554
2024-04-23,1713830400,2.2811481094
2024-04-24,1713916800,2.2994641372
2024-04-25,1714003200,2.1339068381
2024-04-26,1714089600,1.9190596843
2024-04-27,1714176000,3.2019859555
2024-04-28,1714262400,3.1031681998
2024-04-29,1714348800,2.2569288449
2024-04-30,1714435200,1.840690474
2024-05-01,1714521600,1.8038161521
2024-05-02,1714608000,1.7284936695
2024-05-03,1714694400,1.8955875324
2024-05-04,1714780800,2.1077574811
2024-05-05,1714867200,2.4834150985
2024-05-06,1714953600,3.203084703
2024-05-07,1715040000,2.287092191
2024-05-08,1715126400,2.2177757393
2024-05-09,1715212800,2.0554556017
2024-05-10,1715299200,2.3399516671
2024-05-11,1715385600,2.2146233573
2024-05-12,1715472000,2.6921195068
2024-05-13,1715558400,1.9983579546
2024-05-14,1715644800,2.3892360222
2024-05-15,1715731200,3.6365859884
2024-05-16,1715817600,2.1872127286
2024-05-17,1715904000,2.6842386426
2024-05-18,1715990400,2.0960956264
2024-05-19,1716076800,2.5458679371
2024-05-20,1716163200,2.6829760612
2024-05-21,1716249600,2.3332759371
2024-05-22,1716336000,2.8925157773
2024-05-23,1716422400,2.3577550984
2024-05-24,1716508800,2.6720383409
2024-05-25,1716595200,2.2958236858
2024-05-26,1716681600,3.0875387874
2024-05-27,1716768000,2.6315614026
2024-05-28,1716854400,2.9246698049
2024-05-29,1716940800,2.1035143285
2024-05-30,1717027200,2.2786258217
2024-05-31,1717113600,2.2035601524
2024-06-01,1717200000,2.1072359157
2024-06-02,1717286400,2.586230407
2024-06-03,1717372800,2.1935445333
2024-06-04,1717459200,2.310349796
2024-06-05,1717545600,2.7871048101
2024-06-06,1717632000,2.6349028652
2024-06-07,1717718400,2.1666690469
2024-06-08,1717804800,3.1015023312
2024-06-09,1717891200,2.4205028758
2024-06-10,1717977600,2.4071014144
2024-06-11,1718064000,3.6577393694
2024-06-12,1718150400,1.9979250158
2024-06-13,1718236800,2.4240194812944313
2024-06-14,1718323200,2.3
2024-06-15,1718409600,2.4413051874831844
2024-06-16,1718496000,2.402604576893041
2024-06-17,1718582400,2.5577071903505373
2024-06-18,1718668800,2.2367447463670924
2024-06-19,1718755200,2.1639836082838646
2024-06-20,1718841600,2.0487655102586113
2024-06-21,1718928000,2.8040950034709287
2024-06-22,1719014400,2.356135063866385
2024-06-23,1719100800,2.143041518514899
2024-06-24,1719187200,2.018952271938791
2024-06-25,1719273600,1.891989897275984
2024-06-26,1719360000,1.9628078590034392
2024-06-27,1719446400,2.409546867070514
2024-06-28,1719532800,1.9925709368266171
2024-06-29,1719619200,1.6347608926453785
2024-06-30,1719705600,1.788714395095632
2024-07-01,1719792000,1.8078596874502117
2024-07-02,1719878400,2.388500946531397
2024-07-03,1719964800,4.277940671522148
2024-07-04,1720051200,1.432539920175823
2024-07-05,1720137600,1.831143801293023
2024-07-06,1720224000,2.0787219396199585
2024-07-07,1720310400,1.677127257773233
2024-07-08,1720396800,1.6913416464877418
2024-07-09,1720483200,2.140636918545628
2024-07-10,1720569600,2.9086237763536653
2024-07-11,1720656000,2.1699238927330775
2024-07-12,1720742400,2.090924304259094
2024-07-13,1720828800,2.091647348372087
2024-07-14,1720915200,2.9303552689733885
2024-07-15,1721001600,1.921675686302647
2024-07-16,1721088000,2.1027713165415114
2024-07-17,1721174400,2.29610130672609
2024-07-18,1721260800,1.8210911649085617
2024-07-19,1721347200,2.3533240368367685
2024-07-20,1721433600,2.3078033475039086
2024-07-21,1721520000,2.1963628015567496
2024-07-22,1721606400,2.210446186083929
2024-07-23,1721692800,3.5951583067022317
2024-07-24,1721779200,2.0321274750844145
2024-07-25,1721865600,2.1281472567361264
2024-07-26,1721952000,1.9980254582645203
2024-07-27,1722038400,2.641785156771022
2024-07-28,1722124800,2.6020256278879144
2024-07-29,1722211200,1.9871904009016232
2024-07-30,1722297600,1.3149885346023058
2024-07-31,1722384000,1.864880805502669
2024-08-01,1722470400,1.9445237496137233
2024-08-02,1722556800,1.6859277780641615
2024-08-03,1722643200,2.7043113347854533
2024-08-04,1722729600,2.2989216498707377
2024-08-05,1722816000,1.8457978246467988
2024-08-06,1722902400,1.5411828548211512
2024-08-07,1722988800,2.2536435497368137
2024-08-08,1723075200,1.6795098621102962
2024-08-09,1723161600,1.765772979258928
2024-08-10,1723248000,2.55479116253811
2024-08-11,1723334400,2.0001601028573845
2024-08-12,1723420800,1.4356783967974864
2024-08-13,1723507200,1.4194746504640565
2024-08-14,1723593600,1.3788093230835912
2024-08-15,1723680000,1.6550108634797962
2024-08-16,1723766400,1.5467553847506732
2024-08-17,1723852800,1.6407951595741468
2024-08-18,1723939200,1.834557619466025
2024-08-19,1724025600,1.371469759370374
2024-08-20,1724112000,1.5602269140372746
2024-08-21,1724198400,1.4489065385833642
2024-08-22,1724284800,1.6094325069157933
2024-08-23,1724371200,1.6478646153907408
2024-08-24,1724457600,1.7762681235197972
2024-08-25,1724544000,1.8130422694722996
2024-08-26,1724630400,1.5340590114291075
2024-08-27,1724716800,0.9925950094117828
2024-08-28,1724803200,1.7961526057783723
2024-08-29,1724889600,3.1984971957433337
2024-08-30,1724976000,1.5046943374424606
2024-08-31,1725062400,2.4361722322259447
2024-09-01,1725148800,1.8192743439805845
2024-09-02,1725235200,1.7122960911095308
2024-09-03,1725321600,1.5195947894547654
2024-09-04,1725408000,1.6404555773273826
2024-09-05,1725494400,1.5264804911636913
2024-09-06,1725580800,1.5867176399318457
2024-09-07,1725667200,1.505480926215923
2024-09-08,1725753600,1.4722805085079615
2024-09-09,1725840000,1.7541194155039808
2024-09-10,1725926400,1.5529230695019902
2024-09-11,1726012800,1.4198932415009953
2024-09-12,1726099200,1.3461989145504978
2024-09-13,1726185600,1.5959810866252488
2024-09-14,1726272000,1.5528707725126245
2024-09-15,1726358400,1.7244779385063123
2024-09-16,1726444800,1.592866895753156
2024-09-17,1726531200,1.516590590376578
2024-09-18,1726617600,1.5063672830882888
2024-09-19,1726704000,1.5449597498441445
2024-09-20,1726790400,1.5966480272220722
2024-09-21,1726876800,1.6081803519610363
2024-09-22,1726963200,1.592672132630518
2024-09-23,1727049600,1.481642670365259
2024-09-24,1727136000,1.5470584188826295
2024-09-25,1727222400,1.5438542488913147
2024-09-26,1727308800,1.6396481935956575
2024-09-27,1727395200,1.5055392190978287
2024-09-28,1727481600,1.8161126579528084
2024-09-29,1727568000,1.9929473033634717
2024-09-30,1727654400,1.4585894696369734
2024-10-01,1727740800,1.7077726946988383
2024-10-02,1727827200,1.1578028862879406
2024-10-03,1727913600,1.3998566460922295
2024-10-04,1728000000,1.8201213659193916
2024-10-05,1728086400,2.069806443115953
2024-10-06,1728172800,1.8118673732626802
2024-10-07,1728259200,1.4558847879824612
2024-10-08,1728345600,1.7542221931283744
2024-10-09,1728432000,1.2183015243240054
2024-10-10,1728518400,1.0180264510167858
2024-10-11,1728604800,1.5604759904785097
2024-10-12,1728691200,1.999956548643663
2024-10-13,1728777600,1.9901276081463977
2024-10-14,1728864000,1.4315517444928039
2024-10-15,1728950400,2.1917141825820274
2024-10-16,1729036800,1.705007163211787
2024-10-17,1729123200,1.8228813882600594
2024-10-18,1729209600,1.579023801467546
2024-10-19,1729296000,1.7543074457044225
2024-10-20,1729382400,1.9439535813819027
2024-10-21,1729468800,2.3689868188212113
2024-10-22,1729555200,1.8020035864390638
2024-10-23,1729641600,2.0311502197654163
2024-10-24,1729728000,1.8446364960267614
2024-10-25,1729814400,1.849454863923713
2024-10-26,1729900800,1.7742155173641545
2024-10-27,1729987200,1.939755952224059
2024-10-28,1730073600,1.555620366440617
2024-10-29,1730160000,1.6232836557404067
2024-10-30,1730246400,1.7810079193362407
2024-10-31,1730332800,1.6435477317547615
2024-11-01,1730419200,1.5369468545235212
2024-11-02,1730505600,1.7381027433197247
2024-11-03,1730592000,2.0090804389286157
2024-11-04,1730678400,1.9389627804258034
2024-11-05,1730764800,1.3542627489039218
2024-11-06,1730851200,1.110414990248898
2024-11-07,1730937600,1.7101909902281176
2024-11-08,1731024000,1.8139333650894043
2024-11-09,1731110400,1.841671677278926
2024-11-10,1731196800,1.9682071087107031
2024-11-11,1731283200,1.8719189480217278
2024-11-12,1731369600,1.990914982671649
2024-11-13,1731456000,2.465708763866374
2024-11-14,1731542400,1.6907524420017817
2024-11-15,1731628800,2.842633643144152
2024-11-16,1731715200,2.4447281946340276
2024-11-17,1731801600,2.4744810869404885
2024-11-18,1731888000,2.0797989957548437
2024-11-19,1731974400,2.2959767295628297
2024-11-20,1732060800,2.046682209969576
2024-11-21,1732147200,2.3342590082706054
2024-11-22,1732233600,1.9331495867348822
2024-11-23,1732320000,2.261020141167267
2024-11-24,1732406400,2.559335283863492
2024-11-25,1732492800,1.7956885710856851
2024-11-26,1732579200,2.869435106815937
2024-11-27,1732665600,3.13340207673536
2024-11-28,1732752000,4.235541193665952
2024-11-29,1732838400,2.6574253207669734
2024-11-30,1732924800,2.4024241478807364
2024-12-01,1733011200,2.2709627485315904
2024-12-02,1733097600,3.481845481136281
2024-12-03,1733184000,3.94066690686427
2024-12-04,1733270400,1.8959243133896857
2024-12-05,1733356800,1.8338227385720118
2024-12-06,1733443200,1.482154598727428
2024-12-07,1733529600,2.9573490494182204
2024-12-08,1733616000,2.6500833220454023
2024-12-09,1733702400,1.661824658001814
2024-12-10,1733788800,1.9935541021584613
2024-12-11,1733875200,2.844015298077221
2024-12-12,1733961600,2.575277468934847
2024-12-13,1734048000,2.3049455729698782
2024-12-14,1734134400,3.017085590727425
2024-12-15,1734220800,1.842707813260977
2024-12-16,1734307200,2.2261575331291916
2024-12-17,1734393600,1.8652446040033268
2024-12-18,1734480000,2.9314117358747525
2024-12-19,1734566400,2.1424034907684137
2024-12-20,1734652800,2.872326218926848
2024-12-21,1734739200,2.4417045535714323
2024-12-22,1734825600,3.1210362654225277
2024-12-23,1734912000,2.1472100315103844
2024-12-24,1734998400,3.0131425661906093
2024-12-25,1735084800,2.5697263755665922
2024-12-26,1735171200,2.002389020521033
2024-12-27,1735257600,4.656231369692723
2024-12-28,1735344000,2.8177399400414447
2024-12-29,1735430400,4.303279765036896
2024-12-30,1735516800,1.9035700035432477
2024-12-31,1735603200,2.858736242999239
2025-01-01,1735689600,5.215596892620091
2025-01-02,1735776000,2.0109171202218623
2025-01-03,1735862400,2.306229603554354
2025-01-04,1735948800,2.9762555042247882
2025-01-05,1736035200,2.282746432304676
2025-01-06,1736121600,2.1826364953529422
2025-01-07,1736208000,1.8223438698310612
2025-01-08,1736294400,2.030361144505585
2025-01-09,1736380800,2.3484750742846834
2025-01-10,1736467200,2.139970827942414
2025-01-11,1736553600,2.3639492310430477
2025-01-12,1736640000,2.5126688515646456
2025-01-13,1736726400,2.417307717322255
2025-01-14,1736812800,2.482361046004407
2025-01-15,1736899200,2.537056921986117
2025-01-16,1736985600,2.759811150538582
2025-01-17,1737072000,2.4685321358200953
2025-01-18,1737158400,3.193974028512623
2025-01-19,1737244800,
2025-01-20,1737331200,
2025-01-21,1737417600,2.5201676276339633
2025-01-22,1737504000,3.9922959960925137
2025-01-23,1737590400,4.92715024516646
2025-01-24,1737676800,2.439884657058123
2025-01-25,1737763200,3.1508741053620524
2025-01-26,1737849600,3.0298429069721715
2025-01-27,1737936000,1.8813115710652588
2025-01-28,1738022400,2.204495399287709
2025-01-29,1738108800,2.8017006511484848
2025-01-30,1738195200,2.0292615195167296
2025-01-31,1738281600,2.009426449849709
2025-02-01,1738368000,2.870844604782749
2025-02-02,1738454400,2.3646380387539243
2025-02-03,1738540800,1.843612528767818
2025-02-04,1738627200,1.5642138976114004
2025-02-05,1738713600,4.9647871947866165
2025-02-06,1738800000,3.5778915247158944
2025-02-07,1738886400,1.8108577773942653
2025-02-08,1738972800,1.869222110378731
2025-02-09,1739059200,5.648390737933561
2025-02-10,1739145600,2.5865587818738978
2025-02-11,1739232000,3.7484393997890115
2025-02-12,1739318400,2.3355680493013824
2025-02-13,1739404800,2.2768773323480955
2025-02-14,1739491200,2.424508619135726
2025-02-15,1739577600,2.9148194186158753
2025-02-16,1739664000,2.540226336971761
2025-02-17,1739750400,2.4500853853599542
2025-02-18,1739836800,2.111582139337455
2025-02-19,1739923200,2.3512944183235995
2025-02-20,1740009600,2.709317745785191
2025-02-21,1740096000,1.920489392143938
2025-02-22,1740182400,1.8013136469558784
2025-02-23,1740268800,2.2727364635324268
2025-02-24,1740355200,2.170850560774834
2025-02-25,1740441600,2.6996607947385485
2025-02-26,1740528000,2.464238284202242
2025-02-27,1740614400,1.5990061009130654
2025-02-28,1740700800,1.7651059167277594
2025-03-01,1740787200,1.8701013927997774
2025-03-02,1740873600,3.1160985714744376
2025-03-03,1740960000,2.597274173084326
2025-03-04,1741046400,1.8196674834645503
2025-03-05,1741132800,2.1333300593461275
2025-03-06,1741219200,1.9682198670123452
2025-03-07,1741305600,1.7019438615099047
2025-03-08,1741392000,2.0546954975842286
2025-03-09,1741478400,1.757395742818324
2025-03-10,1741564800,1.9477361394139636
2025-03-11,1741651200,1.5043787455485973
2025-03-12,1741737600,1.3264192028437436
2025-03-13,1741824000,2.0952600521180056
2025-03-14,1741910400,2.1617745221163083
2025-03-15,1741996800,2.1514777884367398
2025-03-16,1742083200,2.085872991871589
2025-03-17,1742169600,1.8336159709722843
2025-03-18,1742256000,1.9459709366448268
2025-03-19,1742342400,1.996925568280996
2025-03-20,1742428800,2.280360103910155
2025-03-21,1742515200,2.0628547103047925
2025-03-22,1742601600,3.548577511424712
2025-03-23,1742688000,1.96639880601506
2025-03-24,1742774400,2.1005123176091263
2025-03-25,1742860800,1.90319953915457
2025-03-26,1742947200,2.382977101095527
2025-03-27,1743033600,2.179925922625254
2025-03-28,1743120000,1.7073284846711565
2025-03-29,1743206400,1.3000455050967945
2025-03-30,1743292800,
2025-03-31,1743379200,2.2502769726674585
2025-04-01,1743465600,1.6742713501839317
2025-04-02,1743552000,1.7840925227906186
2025-04-03,1743638400,4.236453002452376
2025-04-04,1743724800,1.5938524175623558
2025-04-05,1743811200,2.336648209899989
2025-04-06,1743897600,1.822282561622658
2025-04-07,1743984000,2.4714556513543755
2025-04-08,1744070400,1.9278816757278807
2025-04-09,1744156800,1.817802666232652
2025-04-10,1744243200,2.781976408072823
2025-04-11,1744329600,2.3669235220943428
2025-04-12,1744416000,2.0985778041157723
2025-04-13,1744502400,2.7014123563314216
2025-04-14,1744588800,1.9059875126699901
2025-04-15,1744675200,2.0005461439596464
2025-04-16,1744761600,1.7543299552444567
2025-04-17,1744848000,1.768768191672669
2025-04-18,1744934400,2.0091127340668886
2025-04-19,1745020800,1.880723727998176
2025-04-20,1745107200,2.1417705231618767
2025-04-21,1745193600,2.1281856843970646
2025-04-22,1745280000,1.7481432971669335
2025-04-23,1745366400,2.4737320525150515
2025-04-24,1745452800,3.492889455099709
2025-04-25,1745539200,1.5538209021319982
2025-04-26,1745625600,2.1915713633004845
2025-04-27,1745712000,2.205395077088981
2025-04-28,1745798400,1.6833667030089878
2025-04-29,1745884800,2.5158212531003814
2025-04-30,1745971200,1.4855246277163492
2025-05-01,1746057600,1.8642828896260193
2025-05-02,1746144000,1.9032905769460122
2025-05-03,1746230400,2.3549774321749655
2025-05-04,1746316800,2.128664612332451
2025-05-05,1746403200,2.5041842559295433
2025-05-06,1746489600,2.5453782581054467
2025-05-07,1746576000,1.7222948358113326
2025-05-08,1746662400,1.819565750336603
2025-05-09,1746748800,1.937023026940156
2025-05-10,1746835200,2.013309686925279
2025-05-11,1746921600,2.335330698651708
2025-05-12,1747008000,2.023962279011985
2025-05-13,1747094400,2.2742161180194183
2025-05-14,1747180800,1.6012436949124493
2025-05-15,1747267200,2.9739015117575756
2025-05-16,1747353600,2.4135789426557337
2025-05-17,1747440000,2.719185801619774
2025-05-18,1747526400,2.6136834859968956
2025-05-19,1747612800,2.3038367208604904
2025-05-20,1747699200,1.9053544358942014
2025-05-21,1747785600,2.098683788864915
2025-05-22,1747872000,1.8124930376834698
2025-05-23,1747958400,1.8538900025969929
2025-05-24,1748044800,2.3839479067397904
2025-05-25,1748131200,3.046417304206746
2025-05-26,1748217600,2.6334437207387715
2025-05-27,1748304000,1.7188065123219294
2025-05-28,1748390400,1.9806207939511924
2025-05-29,1748476800,2.6186108035986595
2025-05-30,1748563200,1.8866059219490905
2025-05-31,1748649600,2.2837504292957873
2025-06-01,1748736000,2.3405498326907916
2025-06-02,1748822400,1.5443667762352038
2025-06-03,1748908800,1.6541203578195938
2025-06-04,1748995200,2.5975204152747233
2025-06-05,1749081600,1.953805451151167
2025-06-06,1749168000,1.4673863902586908
2025-06-07,1749254400,2.223957241756896
2025-06-08,1749340800,2.720963157292788
2025-06-09,1749427200,1.9415427726546155
2025-06-10,1749513600,1.675661123377704
2025-06-11,1749600000,1.5742477063380786
2025-06-12,1749686400,1.9512733945767868
2025-06-13,1749772800,3.7330503374702575
2025-06-14,1749859200,2.191642118262898
2025-06-15,1749945600,2.3979122594723545
2025-06-16,1750032000,1.788539539084227
2025-06-17,1750118400,1.9525035806148456
2025-06-18,1750204800,1.6443696593654962
2025-06-19,1750291200,2.0476962080078014
2025-06-20,1750377600,2.041579387951568
2025-06-21,1750464000,1.9671653560953137
2025-06-22,1750550400,2.444218500725709
2025-06-23,1750636800,1.8181304540155463
2025-06-24,1750723200,2.079202663392379
2025-06-25,1750809600,1.9122043735398027
2025-06-26,1750896000,2.893284248969115
2025-06-27,1750982400,2.3829111179948055
2025-06-28,1751068800,1.6713241448982394
2025-06-29,1751155200,2.1936683971437674
2025-06-30,1751241600,2.8412025709341218
