d,unixTs,reserves
2020-01-01,1577836800,2580905.37369
2020-01-02,1577923200,2582908.67316
2020-01-03,1578009600,2584605.99616
2020-01-04,1578096000,2590459.34103
2020-01-05,1578182400,2590386.50927
2020-01-06,1578268800,2585783.42617
2020-01-07,1578355200,2592193.09293
2020-01-08,1578441600,2600386.25455
2020-01-09,1578528000,2607705.79632
2020-01-10,1578614400,2620458.75876
2020-01-11,1578700800,2626574.35671
2020-01-12,1578787200,2633514.50031
2020-01-13,1578873600,2642358.06343
2020-01-14,1578960000,2665251.64506
2020-01-15,1579046400,2684480.30229
2020-01-16,1579132800,2686695.45899
2020-01-17,1579219200,2688830.71484
2020-01-18,1579305600,2662791.09916
2020-01-19,1579392000,2664493.30640
2020-01-20,1579478400,2664935.06334
2020-01-21,1579564800,2666524.11699
2020-01-22,1579651200,2667141.10822
2020-01-23,1579737600,2669567.35414
2020-01-24,1579824000,2665782.58424
2020-01-25,1579910400,2663936.75181
2020-01-26,1579996800,2657758.45578
2020-01-27,1580083200,2668519.41484
2020-01-28,1580169600,2673684.46742
2020-01-29,1580256000,2678306.16873
2020-01-30,1580342400,2682635.37671
2020-01-31,1580428800,2673694.44831
2020-02-01,1580515200,2675230.76823
2020-02-02,1580601600,2672870.56920
2020-02-03,1580688000,2675112.57410
2020-02-04,1580774400,2679281.36248
2020-02-05,1580860800,2679347.68431
2020-02-06,1580947200,2685499.00180
2020-02-07,1581033600,2679769.94182
2020-02-08,1581120000,2683994.52835
2020-02-09,1581206400,2693494.06446
2020-02-10,1581292800,2705266.57955
2020-02-11,1581379200,2702665.80377
2020-02-12,1581465600,2716533.57294
2020-02-13,1581552000,2709851.88143
2020-02-14,1581638400,2705931.88280
2020-02-15,1581724800,2707651.14314
2020-02-16,1581811200,2715736.35176
2020-02-17,1581897600,2713115.48221
2020-02-18,1581984000,2716516.00279
2020-02-19,1582070400,2721084.85146
2020-02-20,1582156800,2724953.08989
2020-02-21,1582243200,2723253.66270
2020-02-22,1582329600,2728952.03565
2020-02-23,1582416000,2690137.62428
2020-02-24,1582502400,2688443.54344
2020-02-25,1582588800,2690075.97089
2020-02-26,1582675200,2687273.72771
2020-02-27,1582761600,2685728.62167
2020-02-28,1582848000,2676459.83581
2020-02-29,1582934400,2666376.38092
2020-03-01,1583020800,2664676.23372
2020-03-02,1583107200,2675099.68735
2020-03-03,1583193600,2660243.52641
2020-03-04,1583280000,2648731.55286
2020-03-05,1583366400,2646509.14280
2020-03-06,1583452800,2631378.49398
2020-03-07,1583539200,2628083.40239
2020-03-08,1583625600,2624686.71456
2020-03-09,1583712000,2630644.30983
2020-03-10,1583798400,2637698.47248
2020-03-11,1583884800,2613772.94689
2020-03-12,1583971200,2625401.91563
2020-03-13,1584057600,2614600.34510
2020-03-14,1584144000,2608086.26866
2020-03-15,1584230400,2615482.60949
2020-03-16,1584316800,2605743.83498
2020-03-17,1584403200,2608969.68618
2020-03-18,1584489600,2602363.25238
2020-03-19,1584576000,2553774.26304
2020-03-20,1584662400,2517746.28448
2020-03-21,1584748800,2519021.89584
2020-03-22,1584835200,2522582.86720
2020-03-23,1584921600,2494191.50919
2020-03-24,1585008000,2450908.27480
2020-03-25,1585094400,2445577.03448
2020-03-26,1585180800,2442577.09388
2020-03-27,1585267200,2438458.71823
2020-03-28,1585353600,2438661.60794
2020-03-29,1585440000,2442294.92539
2020-03-30,1585526400,2441795.39870
2020-03-31,1585612800,2434083.59676
2020-04-01,1585699200,2435310.61514
2020-04-02,1585785600,2431573.98536
2020-04-03,1585872000,2432209.05620
2020-04-04,1585958400,2432048.64786
2020-04-05,1586044800,2430736.98605
2020-04-06,1586131200,2437155.85420
2020-04-07,1586217600,2436967.50387
2020-04-08,1586304000,2433622.36341
2020-04-09,1586390400,2439696.57349
2020-04-10,1586476800,2445133.05048
2020-04-11,1586563200,2443888.98286
2020-04-12,1586649600,2441484.45529
2020-04-13,1586736000,2447645.67033
2020-04-14,1586822400,2446882.69544
2020-04-15,1586908800,2447610.91795
2020-04-16,1586995200,2470131.30355
2020-04-17,1587081600,2444021.10925
2020-04-18,1587168000,2442380.26908
2020-04-19,1587254400,2449928.80097
2020-04-20,1587340800,2447780.17009
2020-04-21,1587427200,2445896.27294
2020-04-22,1587513600,2440552.01661
2020-04-23,1587600000,2445513.58392
2020-04-24,1587686400,2442880.51406
2020-04-25,1587772800,2444308.94293
2020-04-26,1587859200,2433735.12436
2020-04-27,1587945600,2448374.77324
2020-04-28,1588032000,2445267.90976
2020-04-29,1588118400,2464431.34898
2020-04-30,1588204800,2468813.96182
2020-05-01,1588291200,2456074.47677
2020-05-02,1588377600,2458814.25066
2020-05-03,1588464000,2461022.57905
2020-05-04,1588550400,2468952.35393
2020-05-05,1588636800,2461085.39402
2020-05-06,1588723200,2448282.77128
2020-05-07,1588809600,2450863.67981
2020-05-08,1588896000,2430222.05646
2020-05-09,1588982400,2435284.77754
2020-05-10,1589068800,2436099.74889
2020-05-11,1589155200,2435761.30102
2020-05-12,1589241600,2410368.53242
2020-05-13,1589328000,2395497.21545
2020-05-14,1589414400,2404054.34772
2020-05-15,1589500800,2401624.65698
2020-05-16,1589587200,2404583.71765
2020-05-17,1589673600,2402297.06389
2020-05-18,1589760000,2411837.25476
2020-05-19,1589846400,2410805.44611
2020-05-20,1589932800,2416503.46558
2020-05-21,1590019200,2432019.34930
2020-05-22,1590105600,2418025.06942
2020-05-23,1590192000,2418785.42808
2020-05-24,1590278400,2414883.49241
2020-05-25,1590364800,2412067.63895
2020-05-26,1590451200,2410174.58916
2020-05-27,1590537600,2408929.90336
2020-05-28,1590624000,2412151.44158
2020-05-29,1590710400,2406668.09005
2020-05-30,1590796800,2410524.44253
2020-05-31,1590883200,2417081.67577
2020-06-01,1590969600,2418823.24197
2020-06-02,1591056000,2397475.64437
2020-06-03,1591142400,2397604.53265
2020-06-04,1591228800,2399203.03151
2020-06-05,1591315200,2392960.17425
2020-06-06,1591401600,2397221.23111
2020-06-07,1591488000,2398871.22636
2020-06-08,1591574400,2394788.47981
2020-06-09,1591660800,2390981.18797
2020-06-10,1591747200,2390462.04934
2020-06-11,1591833600,2372649.72395
2020-06-12,1591920000,2374602.55401
2020-06-13,1592006400,2378834.86336
2020-06-14,1592092800,2384195.94150
2020-06-15,1592179200,2388601.56424
2020-06-16,1592265600,2387778.75554
2020-06-17,1592352000,2388049.23305
2020-06-18,1592438400,2385103.13198
2020-06-19,1592524800,2390642.27534
2020-06-20,1592611200,2393327.24079
2020-06-21,1592697600,2399879.94839
2020-06-22,1592784000,2410343.07058
2020-06-23,1592870400,2385192.97421
2020-06-24,1592956800,2396042.79697
2020-06-25,1593043200,2398983.35925
2020-06-26,1593129600,2398955.69280
2020-06-27,1593216000,2399583.41677
2020-06-28,1593302400,2399417.62712
2020-06-29,1593388800,2400395.58151
2020-06-30,1593475200,2398472.39837
2020-07-01,1593561600,2403946.93854
2020-07-02,1593648000,2407566.05067
2020-07-03,1593734400,2394304.18295
2020-07-04,1593820800,2398460.58409
2020-07-05,1593907200,2398277.73307
2020-07-06,1593993600,2409766.86801
2020-07-07,1594080000,2414008.09078
2020-07-08,1594166400,2417590.29481
2020-07-09,1594252800,2422858.75406
2020-07-10,1594339200,2421580.66624
2020-07-11,1594425600,2429174.12347
2020-07-12,1594512000,2428954.71077
2020-07-13,1594598400,2410505.18198
2020-07-14,1594684800,2415478.78878
2020-07-15,1594771200,2411707.87676
2020-07-16,1594857600,2409896.16006
2020-07-17,1594944000,2408222.05763
2020-07-18,1595030400,2410383.92608
2020-07-19,1595116800,2406681.72540
2020-07-20,1595203200,2400865.02473
2020-07-21,1595289600,2407983.24123
2020-07-22,1595376000,2412012.45565
2020-07-23,1595462400,2393732.31013
2020-07-24,1595548800,2394967.37728
2020-07-25,1595635200,2402509.40098
2020-07-26,1595721600,2407156.39546
2020-07-27,1595808000,2423858.86116
2020-07-28,1595894400,2422657.23036
2020-07-29,1595980800,2424118.64549
2020-07-30,1596067200,2422639.31409
2020-07-31,1596153600,2429857.11768
2020-08-01,1596240000,2439519.21349
2020-08-02,1596326400,2439906.95382
2020-08-03,1596412800,2436291.79522
2020-08-04,1596499200,2437559.09694
2020-08-05,1596585600,2433595.18760
2020-08-06,1596672000,2432899.60400
2020-08-07,1596758400,2411283.78453
2020-08-08,1596844800,2416080.58121
2020-08-09,1596931200,2414442.23819
2020-08-10,1597017600,2405620.64264
2020-08-11,1597104000,2399386.90602
2020-08-12,1597190400,2396657.45461
2020-08-13,1597276800,2397122.72257
2020-08-14,1597363200,2402512.09144
2020-08-15,1597449600,2390953.54346
2020-08-16,1597536000,2390207.84372
2020-08-17,1597622400,2402937.52526
2020-08-18,1597708800,2381544.14693
2020-08-19,1597795200,2377353.48167
2020-08-20,1597881600,2372107.42395
2020-08-21,1597968000,2360892.11845
2020-08-22,1598054400,2359978.08238
2020-08-23,1598140800,2358932.70201
2020-08-24,1598227200,2365520.43606
2020-08-25,1598313600,2363641.33842
2020-08-26,1598400000,2351706.44969
2020-08-27,1598486400,2353945.55547
2020-08-28,1598572800,2354100.77986
2020-08-29,1598659200,2350411.58692
2020-08-30,1598745600,2358835.21606
2020-08-31,1598832000,2356132.10216
2020-09-01,1598918400,2358541.80275
2020-09-02,1599004800,2355805.55870
2020-09-03,1599091200,2350079.09632
2020-09-04,1599177600,2357277.97868
2020-09-05,1599264000,2358074.65814
2020-09-06,1599350400,2356024.66037
2020-09-07,1599436800,2351113.38136
2020-09-08,1599523200,2351792.43783
2020-09-09,1599609600,2346564.30577
2020-09-10,1599696000,2331175.57472
2020-09-11,1599782400,2340912.84148
2020-09-12,1599868800,2342449.93024
2020-09-13,1599955200,2341512.03865
2020-09-14,1600041600,2337292.87372
2020-09-15,1600128000,2359881.24164
2020-09-16,1600214400,2360480.94098
2020-09-17,1600300800,2355734.04608
2020-09-18,1600387200,2341446.59605
2020-09-19,1600473600,2320105.85017
2020-09-20,1600560000,2322711.31257
2020-09-21,1600646400,2332697.27771
2020-09-22,1600732800,2372318.34618
2020-09-23,1600819200,2369934.96495
2020-09-24,1600905600,2374390.85080
2020-09-25,1600992000,2362685.32586
2020-09-26,1601078400,2357374.84389
2020-09-27,1601164800,2355860.86277
2020-09-28,1601251200,2364059.30427
2020-09-29,1601337600,2358074.82153
2020-09-30,1601424000,2357935.46272
2020-10-01,1601510400,2363539.21180
2020-10-02,1601596800,2381943.71296
2020-10-03,1601683200,2384946.12718
2020-10-04,1601769600,2386229.27900
2020-10-05,1601856000,2387538.84845
2020-10-06,1601942400,2388881.50823
2020-10-07,1602028800,2393055.35177
2020-10-08,1602115200,2393069.28674
2020-10-09,1602201600,2383357.53359
2020-10-10,1602288000,2385621.62517
2020-10-11,1602374400,2390291.19626
2020-10-12,1602460800,2395143.10017
2020-10-13,1602547200,2398964.32038
2020-10-14,1602633600,2399285.58598
2020-10-15,1602720000,2400003.38180
2020-10-16,1602806400,2360628.05015
2020-10-17,1602892800,2348907.39062
2020-10-18,1602979200,2344371.49670
2020-10-19,1603065600,2396260.16535
2020-10-20,1603152000,2400506.72838
2020-10-21,1603238400,2407212.44716
2020-10-22,1603324800,2394471.87638
2020-10-23,1603411200,2381087.81456
2020-10-24,1603497600,2379579.66389
2020-10-25,1603584000,2377155.05330
2020-10-26,1603670400,2370644.54110
2020-10-27,1603756800,2379117.21370
2020-10-28,1603843200,2392455.91452
2020-10-29,1603929600,2383750.77714
2020-10-30,1604016000,2380143.83290
2020-10-31,1604102400,2387681.18008
2020-11-01,1604188800,2386564.73669
2020-11-02,1604275200,2416701.14431
2020-11-03,1604361600,2481254.73920
2020-11-04,1604448000,2483397.84444
2020-11-05,1604534400,2467337.50167
2020-11-06,1604620800,2470653.54516
2020-11-07,1604707200,2471632.39638
2020-11-08,1604793600,2474945.56704
2020-11-09,1604880000,2474411.09943
2020-11-10,1604966400,2471207.94469
2020-11-11,1605052800,2469588.09419
2020-11-12,1605139200,2458123.09806
2020-11-13,1605225600,2453214.50621
2020-11-14,1605312000,2461456.09671
2020-11-15,1605398400,2444959.23378
2020-11-16,1605484800,2442666.72937
2020-11-17,1605571200,2451993.31289
2020-11-18,1605657600,2466645.65434
2020-11-19,1605744000,2467571.27223
2020-11-20,1605830400,2467851.25278
2020-11-21,1605916800,2473054.98387
2020-11-22,1606003200,2471742.39808
2020-11-23,1606089600,2476540.79273
2020-11-24,1606176000,2482145.85369
2020-11-25,1606262400,2487870.10983
2020-11-26,1606348800,2487289.70856
2020-11-27,1606435200,2448706.47811
2020-11-28,1606521600,2440635.03892
2020-11-29,1606608000,2433032.84297
2020-11-30,1606694400,2457819.19601
2020-12-01,1606780800,2456232.58091
2020-12-02,1606867200,2455839.22131
2020-12-03,1606953600,2460109.68830
2020-12-04,1607040000,2455134.25552
2020-12-05,1607126400,2454179.33684
2020-12-06,1607212800,2451965.92752
2020-12-07,1607299200,2450407.63337
2020-12-08,1607385600,2446741.66566
2020-12-09,1607472000,2438720.49183
2020-12-10,1607558400,2446016.90186
2020-12-11,1607644800,2442812.75773
2020-12-12,1607731200,2439646.39560
2020-12-13,1607817600,2449941.35363
2020-12-14,1607904000,2461068.51841
2020-12-15,1607990400,2466025.39773
2020-12-16,1608076800,2478093.31976
2020-12-17,1608163200,2502416.33502
2020-12-18,1608249600,2503409.82472
2020-12-19,1608336000,2503730.16794
2020-12-20,1608422400,2495679.49238
2020-12-21,1608508800,2496938.79481
2020-12-22,1608595200,2500885.77573
2020-12-23,1608681600,2477482.17936
2020-12-24,1608768000,2470612.01174
2020-12-25,1608854400,2482027.55800
2020-12-26,1608940800,2494874.00132
2020-12-27,1609027200,2496765.14869
2020-12-28,1609113600,2432795.52728
2020-12-29,1609200000,2417798.34165
2020-12-30,1609286400,2409235.73947
2020-12-31,1609372800,2409828.92435
2021-01-01,1609459200,2409398.34458
2021-01-02,1609545600,2412102.11438
2021-01-03,1609632000,2424978.01874
2021-01-04,1609718400,2436562.87922
2021-01-05,1609804800,2436771.44911
2021-01-06,1609891200,2432994.79663
2021-01-07,1609977600,2430428.95731
2021-01-08,1610064000,2434430.76678
2021-01-09,1610150400,2431853.88488
2021-01-10,1610236800,2437823.51630
2021-01-11,1610323200,2451444.13276
2021-01-12,1610409600,2443401.12687
2021-01-13,1610496000,2446239.47226
2021-01-14,1610582400,2418514.38162
2021-01-15,1610668800,2422348.99129
2021-01-16,1610755200,2425928.47072
2021-01-17,1610841600,2419995.01751
2021-01-18,1610928000,2418441.06618
2021-01-19,1611014400,2425612.04017
2021-01-20,1611100800,2417318.63006
2021-01-21,1611187200,2419371.49927
2021-01-22,1611273600,2411200.05616
2021-01-23,1611360000,2415535.84296
2021-01-24,1611446400,2407711.25486
2021-01-25,1611532800,2405978.92238
2021-01-26,1611619200,2393258.25548
2021-01-27,1611705600,2389181.70231
2021-01-28,1611792000,2389263.47518
2021-01-29,1611878400,2408327.01539
2021-01-30,1611964800,2393574.39976
2021-01-31,1612051200,2396075.74005
2021-02-01,1612137600,2394395.06236
2021-02-02,1612224000,2401300.10170
2021-02-03,1612310400,2403994.76212
2021-02-04,1612396800,2400373.63493
2021-02-05,1612483200,2399248.03180
2021-02-06,1612569600,2403899.25524
2021-02-07,1612656000,2402588.02628
2021-02-08,1612742400,2409678.83524
2021-02-09,1612828800,2334301.07904
2021-02-10,1612915200,2328322.54979
2021-02-11,1613001600,2328153.19879
2021-02-12,1613088000,2325094.01306
2021-02-13,1613174400,2320297.19995
2021-02-14,1613260800,2322954.07978
2021-02-15,1613347200,2325351.19961
2021-02-16,1613433600,2331372.75286
2021-02-17,1613520000,2332897.99009
2021-02-18,1613606400,2324754.78831
2021-02-19,1613692800,2326994.85225
2021-02-20,1613779200,2323916.21082
2021-02-21,1613865600,2324145.33927
2021-02-22,1613952000,2327544.72959
2021-02-23,1614038400,2333659.50871
2021-02-24,1614124800,2338544.38532
2021-02-25,1614211200,2319401.55340
2021-02-26,1614297600,2320267.55561
2021-02-27,1614384000,2318631.64414
2021-02-28,1614470400,2319812.70216
2021-03-01,1614556800,2305852.55237
2021-03-02,1614643200,2307609.03485
2021-03-03,1614729600,2308049.28029
2021-03-04,1614816000,2305423.60154
2021-03-05,1614902400,2299885.40632
2021-03-06,1614988800,2300164.80555
2021-03-07,1615075200,2305798.26692
2021-03-08,1615161600,2306089.48553
2021-03-09,1615248000,2299123.07593
2021-03-10,1615334400,2301372.89983
2021-03-11,1615420800,2301890.84045
2021-03-12,1615507200,2298742.16052
2021-03-13,1615593600,2300966.53627
2021-03-14,1615680000,2322374.68111
2021-03-15,1615766400,2291619.01107
2021-03-16,1615852800,2293344.64905
2021-03-17,1615939200,2298262.25850
2021-03-18,1616025600,2302132.51700
2021-03-19,1616112000,2304710.50825
2021-03-20,1616198400,2307286.50212
2021-03-21,1616284800,2302249.71779
2021-03-22,1616371200,2307058.48980
2021-03-23,1616457600,2314217.73909
2021-03-24,1616544000,2312889.81716
2021-03-25,1616630400,2319396.49422
2021-03-26,1616716800,2315903.41349
2021-03-27,1616803200,2322671.24578
2021-03-28,1616889600,2326804.96570
2021-03-29,1616976000,2328705.97988
2021-03-30,1617062400,2333851.17173
2021-03-31,1617148800,2340864.90673
2021-04-01,1617235200,2349349.60059
2021-04-02,1617321600,2358052.77747
2021-04-03,1617408000,2361598.55278
2021-04-04,1617494400,2366098.79485
2021-04-05,1617580800,2372969.40791
2021-04-06,1617667200,2373969.47561
2021-04-07,1617753600,2376021.00550
2021-04-08,1617840000,2370808.02920
2021-04-09,1617926400,2368239.87543
2021-04-10,1618012800,2371897.71492
2021-04-11,1618099200,2375100.68637
2021-04-12,1618185600,2366453.39164
2021-04-13,1618272000,2379950.40502
2021-04-14,1618358400,2372104.74805
2021-04-15,1618444800,2359338.70741
2021-04-16,1618531200,2362087.72788
2021-04-17,1618617600,2355406.88045
2021-04-18,1618704000,2349711.18206
2021-04-19,1618790400,2349142.78769
2021-04-20,1618876800,2350286.08853
2021-04-21,1618963200,2351630.36231
2021-04-22,1619049600,2379849.79033
2021-04-23,1619136000,2383334.11716
2021-04-24,1619222400,2382508.24381
2021-04-25,1619308800,2334850.53854
2021-04-26,1619395200,2327830.72227
2021-04-27,1619481600,2327082.45310
2021-04-28,1619568000,2327695.47306
2021-04-29,1619654400,2326284.16025
2021-04-30,1619740800,2330475.63227
2021-05-01,1619827200,2334804.96370
2021-05-02,1619913600,2337811.46103
2021-05-03,1620000000,2338957.21351
2021-05-04,1620086400,2340715.88639
2021-05-05,1620172800,2343102.16118
2021-05-06,1620259200,2342696.98625
2021-05-07,1620345600,2345912.28696
2021-05-08,1620432000,2342414.31504
2021-05-09,1620518400,2344922.43174
2021-05-10,1620604800,2340296.58489
2021-05-11,1620691200,2338513.54281
2021-05-12,1620777600,2335773.86079
2021-05-13,1620864000,2347902.73116
2021-05-14,1620950400,2343558.57466
2021-05-15,1621036800,2337407.85817
2021-05-16,1621123200,2347404.34710
2021-05-17,1621209600,2366327.40778
2021-05-18,1621296000,2376773.49502
2021-05-19,1621382400,2428869.27508
2021-05-20,1621468800,2375587.02085
2021-05-21,1621555200,2353043.44964
2021-05-22,1621641600,2328069.92057
2021-05-23,1621728000,2315944.84757
2021-05-24,1621814400,2333098.53432
2021-05-25,1621900800,2327034.53471
2021-05-26,1621987200,2335114.05099
2021-05-27,1622073600,2336133.87797
2021-05-28,1622160000,2337088.59705
2021-05-29,1622246400,2333807.68792
2021-05-30,1622332800,2333432.23791
2021-05-31,1622419200,2333026.23945
2021-06-01,1622505600,2338179.62350
2021-06-02,1622592000,2333834.62408
2021-06-03,1622678400,2319065.65283
2021-06-04,1622764800,2308449.83161
2021-06-05,1622851200,2307442.66105
2021-06-06,1622937600,2306777.96576
2021-06-07,1623024000,2278885.23911
2021-06-08,1623110400,2280708.46838
2021-06-09,1623196800,2296279.26088
2021-06-10,1623283200,2290040.48000
2021-06-11,1623369600,2299261.78380
2021-06-12,1623456000,2297319.65757
2021-06-13,1623542400,2308588.03640
2021-06-14,1623628800,2309327.35415
2021-06-15,1623715200,2269567.51369
2021-06-16,1623801600,2262145.50095
2021-06-17,1623888000,2261396.51839
2021-06-18,1623974400,2255267.67305
2021-06-19,1624060800,2250092.54664
2021-06-20,1624147200,2251757.58134
2021-06-21,1624233600,2262697.97331
2021-06-22,1624320000,2272322.74468
2021-06-23,1624406400,2257683.72587
2021-06-24,1624492800,2260604.31186
2021-06-25,1624579200,2269725.33394
2021-06-26,1624665600,2264556.43449
2021-06-27,1624752000,2270755.27124
2021-06-28,1624838400,2278531.95387
2021-06-29,1624924800,2276176.74195
2021-06-30,1625011200,2275327.04467
2021-07-01,1625097600,2272867.67992
2021-07-02,1625184000,2270228.92002
2021-07-03,1625270400,2277110.45314
2021-07-04,1625356800,2272611.88371
2021-07-05,1625443200,2271288.92848
2021-07-06,1625529600,2269139.94964
2021-07-07,1625616000,2275893.50317
2021-07-08,1625702400,2274429.01428
2021-07-09,1625788800,2274303.06372
2021-07-10,1625875200,2275213.91052
2021-07-11,1625961600,2278267.22802
2021-07-12,1626048000,2285825.92029
2021-07-13,1626134400,2286232.75640
2021-07-14,1626220800,2286627.41332
2021-07-15,1626307200,2285665.95164
2021-07-16,1626393600,2283321.44441
2021-07-17,1626480000,2281456.48181
2021-07-18,1626566400,2283742.85340
2021-07-19,1626652800,2279478.77496
2021-07-20,1626739200,2285808.15516
2021-07-21,1626825600,2287776.14095
2021-07-22,1626912000,2284515.53885
2021-07-23,1626998400,2282274.12837
2021-07-24,1627084800,2285876.81908
2021-07-25,1627171200,2284096.80985
2021-07-26,1627257600,2291770.23304
2021-07-27,1627344000,2290789.46542
2021-07-28,1627430400,2295593.70302
2021-07-29,1627516800,2085163.38367
2021-07-30,1627603200,2079266.55816
2021-07-31,1627689600,2088598.38012
2021-08-01,1627776000,2098293.54374
2021-08-02,1627862400,2092106.63925
2021-08-03,1627948800,2096449.96774
2021-08-04,1628035200,2091231.13560
2021-08-05,1628121600,2103144.74189
2021-08-06,1628208000,2103786.65242
2021-08-07,1628294400,2107831.22077
2021-08-08,1628380800,2108655.61407
2021-08-09,1628467200,2108610.56003
2021-08-10,1628553600,2105171.52466
2021-08-11,1628640000,2104731.93516
2021-08-12,1628726400,2106241.14729
2021-08-13,1628812800,2102605.14379
2021-08-14,1628899200,2102823.28558
2021-08-15,1628985600,2102475.70943
2021-08-16,1629072000,2103132.20870
2021-08-17,1629158400,2104027.43546
2021-08-18,1629244800,2100906.17238
2021-08-19,1629331200,2105969.33234
2021-08-20,1629417600,2110037.56327
2021-08-21,1629504000,2109232.68235
2021-08-22,1629590400,2109923.35325
2021-08-23,1629676800,2139341.30577
2021-08-24,1629763200,2135365.69524
2021-08-25,1629849600,2138728.96568
2021-08-26,1629936000,2184727.41568
2021-08-27,1630022400,2183802.79266
2021-08-28,1630108800,2184153.15178
2021-08-29,1630195200,2183294.77165
2021-08-30,1630281600,2188725.01363
2021-08-31,1630368000,2177037.40684
2021-09-01,1630454400,2159509.80290
2021-09-02,1630540800,2138833.24410
2021-09-03,1630627200,2106783.78608
2021-09-04,1630713600,2091052.37895
2021-09-05,1630800000,2089845.76209
2021-09-06,1630886400,2093261.58382
2021-09-07,1630972800,2092866.39940
2021-09-08,1631059200,2093576.59879
2021-09-09,1631145600,2094241.50197
2021-09-10,1631232000,2088492.16419
2021-09-11,1631318400,2091172.22567
2021-09-12,1631404800,2092573.06675
2021-09-13,1631491200,2095480.62486
2021-09-14,1631577600,2094846.83802
2021-09-15,1631664000,2093245.04561
2021-09-16,1631750400,2090513.59434
2021-09-17,1631836800,2092397.58530
2021-09-18,1631923200,2094485.03088
2021-09-19,1632009600,2092551.81954
2021-09-20,1632096000,2093414.02685
2021-09-21,1632182400,2098471.34869
2021-09-22,1632268800,2095126.34616
2021-09-23,1632355200,2092339.57121
2021-09-24,1632441600,2079324.01646
2021-09-25,1632528000,2076796.03733
2021-09-26,1632614400,2278842.40829
2021-09-27,1632700800,2285952.87905
2021-09-28,1632787200,2282566.45353
2021-09-29,1632873600,2271696.35578
2021-09-30,1632960000,2263938.82750
2021-10-01,1633046400,2270422.80599
2021-10-02,1633132800,2265785.86680
2021-10-03,1633219200,2272081.55569
2021-10-04,1633305600,2278235.59169
2021-10-05,1633392000,2271163.94472
2021-10-06,1633478400,2280773.66698
2021-10-07,1633564800,2283271.09644
2021-10-08,1633651200,2282296.93057
2021-10-09,1633737600,2286583.52200
2021-10-10,1633824000,2284189.03059
2021-10-11,1633910400,2280063.86910
2021-10-12,1633996800,2282331.27687
2021-10-13,1634083200,2275819.77076
2021-10-14,1634169600,2279464.53736
2021-10-15,1634256000,2280918.85502
2021-10-16,1634342400,2282983.31918
2021-10-17,1634428800,2285429.57628
2021-10-18,1634515200,2276606.94672
2021-10-19,1634601600,2278375.66965
2021-10-20,1634688000,2277282.49954
2021-10-21,1634774400,2276936.09054
2021-10-22,1634860800,2273329.99749
2021-10-23,1634947200,2271869.33643
2021-10-24,1635033600,2259618.34419
2021-10-25,1635120000,2247615.17139
2021-10-26,1635206400,2243128.10366
2021-10-27,1635292800,2241889.88572
2021-10-28,1635379200,2240238.78757
2021-10-29,1635465600,2234906.62536
2021-10-30,1635552000,2229808.34523
2021-10-31,1635638400,2224746.38197
2021-11-01,1635724800,2223533.87832
2021-11-02,1635811200,2222247.52417
2021-11-03,1635897600,2227244.00939
2021-11-04,1635984000,2222110.14539
2021-11-05,1636070400,2214400.46507
2021-11-06,1636156800,2211323.07895
2021-11-07,1636243200,2212774.72703
2021-11-08,1636329600,2220817.23000
2021-11-09,1636416000,2206003.16218
2021-11-10,1636502400,2207775.32850
2021-11-11,1636588800,2206022.38109
2021-11-12,1636675200,2202897.79058
2021-11-13,1636761600,2202341.96176
2021-11-14,1636848000,2204883.54084
2021-11-15,1636934400,2206694.71329
2021-11-16,1637020800,2218234.52233
2021-11-17,1637107200,2221679.92318
2021-11-18,1637193600,2218029.82863
2021-11-19,1637280000,2216644.65858
2021-11-20,1637366400,2219694.29122
2021-11-21,1637452800,2223423.13879
2021-11-22,1637539200,2237097.67120
2021-11-23,1637625600,2259316.82880
2021-11-24,1637712000,2278051.93490
2021-11-25,1637798400,2295755.14238
2021-11-26,1637884800,2330268.50538
2021-11-27,1637971200,2342503.59860
2021-11-28,1638057600,2355431.08235
2021-11-29,1638144000,2376254.76498
2021-11-30,1638230400,2389804.20541
2021-12-01,1638316800,2358529.42949
2021-12-02,1638403200,2296826.67924
2021-12-03,1638489600,2314158.47382
2021-12-04,1638576000,2342816.18967
2021-12-05,1638662400,2344951.71555
2021-12-06,1638748800,2360379.29404
2021-12-07,1638835200,2372172.31725
2021-12-08,1638921600,2348322.62419
2021-12-09,1639008000,2284613.55432
2021-12-10,1639094400,2299828.70768
2021-12-11,1639180800,2323337.35192
2021-12-12,1639267200,2327896.29035
2021-12-13,1639353600,2349435.52479
2021-12-14,1639440000,2353597.62577
2021-12-15,1639526400,2364802.63382
2021-12-16,1639612800,2382284.44469
2021-12-17,1639699200,2322792.48853
2021-12-18,1639785600,2286973.03224
2021-12-19,1639872000,2295042.54330
2021-12-20,1639958400,2306637.10291
2021-12-21,1640044800,2320166.77074
2021-12-22,1640131200,2332392.54115
2021-12-23,1640217600,2340965.78978
2021-12-24,1640304000,2317586.99294
2021-12-25,1640390400,2267249.06310
2021-12-26,1640476800,2270153.37590
2021-12-27,1640563200,2276297.04898
2021-12-28,1640649600,2271653.66868
2021-12-29,1640736000,2269935.76323
2021-12-30,1640822400,2276829.67856
2021-12-31,1640908800,2273875.63782
2022-01-01,1640995200,2274752.43220
2022-01-02,1641081600,2278420.73917
2022-01-03,1641168000,2285826.58707
2022-01-04,1641254400,2283770.64191
2022-01-05,1641340800,2287889.19046
2022-01-06,1641427200,2303731.80629
2022-01-07,1641513600,2307526.75168
2022-01-08,1641600000,2310803.65979
2022-01-09,1641686400,2312228.97781
2022-01-10,1641772800,2316491.11068
2022-01-11,1641859200,2316018.84050
2022-01-12,1641945600,2319571.43039
2022-01-13,1642032000,2325007.60355
2022-01-14,1642118400,2330198.58821
2022-01-15,1642204800,2331294.51491
2022-01-16,1642291200,2332439.84917
2022-01-17,1642377600,2339069.23917
2022-01-18,1642464000,2341651.66607
2022-01-19,1642550400,2332965.58408
2022-01-20,1642636800,2327794.71667
2022-01-21,1642723200,2345802.45862
2022-01-22,1642809600,2344772.46546
2022-01-23,1642896000,2347539.17851
2022-01-24,1642982400,2359453.18138
2022-01-25,1643068800,2374249.82224
2022-01-26,1643155200,2381274.63578
2022-01-27,1643241600,2387258.92875
2022-01-28,1643328000,2392457.61836
2022-01-29,1643414400,2296506.21863
2022-01-30,1643500800,2154310.31678
2022-01-31,1643587200,2144072.76910
2022-02-01,1643673600,2141243.94412
2022-02-02,1643760000,2140956.71027
2022-02-03,1643846400,2136268.28827
2022-02-04,1643932800,2139995.92356
2022-02-05,1644019200,2135001.01261
2022-02-06,1644105600,2136652.22040
2022-02-07,1644192000,2140437.06359
2022-02-08,1644278400,2136992.59382
2022-02-09,1644364800,2132946.00974
2022-02-10,1644451200,2130294.87223
2022-02-11,1644537600,2132549.26140
2022-02-12,1644624000,2130036.76333
2022-02-13,1644710400,2130943.46548
2022-02-14,1644796800,2130190.68356
2022-02-15,1644883200,2128627.18726
2022-02-16,1644969600,2135727.69250
2022-02-17,1645056000,2130000.17521
2022-02-18,1645142400,2124609.06831
2022-02-19,1645228800,2127507.49330
2022-02-20,1645315200,2126479.68759
2022-02-21,1645401600,2126685.76287
2022-02-22,1645488000,2125876.57571
2022-02-23,1645574400,2127588.13172
2022-02-24,1645660800,2130243.44928
2022-02-25,1645747200,2131091.18102
2022-02-26,1645833600,2130490.04389
2022-02-27,1645920000,2133886.64339
2022-02-28,1646006400,2136057.00871
2022-03-01,1646092800,2137347.82175
2022-03-02,1646179200,2133138.31244
2022-03-03,1646265600,2137148.15097
2022-03-04,1646352000,2132391.65961
2022-03-05,1646438400,2130932.27088
2022-03-06,1646524800,2130117.70400
2022-03-07,1646611200,2130858.20877
2022-03-08,1646697600,2133067.41185
2022-03-09,1646784000,2138713.43738
2022-03-10,1646870400,2137562.98181
2022-03-11,1646956800,2140990.43380
2022-03-12,1647043200,2140494.41427
2022-03-13,1647129600,2143523.46973
2022-03-14,1647216000,2145329.35785
2022-03-15,1647302400,2133915.80115
2022-03-16,1647388800,2130220.22211
2022-03-17,1647475200,2124464.65716
2022-03-18,1647561600,2126970.14519
2022-03-19,1647648000,2130889.84188
2022-03-20,1647734400,2131471.77027
2022-03-21,1647820800,2116712.18671
2022-03-22,1647907200,2117099.73134
2022-03-23,1647993600,2120897.11938
2022-03-24,1648080000,2123541.22901
2022-03-25,1648166400,2129346.10713
2022-03-26,1648252800,2131079.28731
2022-03-27,1648339200,2132428.69854
2022-03-28,1648425600,2148351.54642
2022-03-29,1648512000,2145042.20095
2022-03-30,1648598400,2154907.65365
2022-03-31,1648684800,2151846.16925
2022-04-01,1648771200,2154777.22645
2022-04-02,1648857600,2157688.97230
2022-04-03,1648944000,2155006.90113
2022-04-04,1649030400,2156082.49116
2022-04-05,1649116800,2158701.97149
2022-04-06,1649203200,2161534.58529
2022-04-07,1649289600,2159070.49019
2022-04-08,1649376000,2170442.04567
2022-04-09,1649462400,2164418.59463
2022-04-10,1649548800,2166599.60652
2022-04-11,1649635200,2173033.08264
2022-04-12,1649721600,2176449.59144
2022-04-13,1649808000,2174234.74953
2022-04-14,1649894400,2188914.77871
2022-04-15,1649980800,2180099.20014
2022-04-16,1650067200,2181758.30317
2022-04-17,1650153600,2184528.93492
2022-04-18,1650240000,2188059.39074
2022-04-19,1650326400,2187780.43572
2022-04-20,1650412800,2187536.91873
2022-04-21,1650499200,2186906.53403
2022-04-22,1650585600,2191412.95310
2022-04-23,1650672000,2190535.29337
2022-04-24,1650758400,2186470.05022
2022-04-25,1650844800,2189720.34522
2022-04-26,1650931200,2194266.67562
2022-04-27,1651017600,2193295.02493
2022-04-28,1651104000,2189049.16513
2022-04-29,1651190400,2192737.27518
2022-04-30,1651276800,2196863.68783
2022-05-01,1651363200,2207636.94345
2022-05-02,1651449600,2232709.62532
2022-05-03,1651536000,2242818.23261
2022-05-04,1651622400,2238754.87178
2022-05-05,1651708800,2226662.46725
2022-05-06,1651795200,2233430.42823
2022-05-07,1651881600,2226184.26862
2022-05-08,1651968000,2242974.91311
2022-05-09,1652054400,2280361.27554
2022-05-10,1652140800,2289924.20478
2022-05-11,1652227200,2280898.22287
2022-05-12,1652313600,2243463.57777
2022-05-13,1652400000,2233391.04923
2022-05-14,1652486400,2224477.51801
2022-05-15,1652572800,2224062.34281
2022-05-16,1652659200,2227323.20459
2022-05-17,1652745600,2219805.59898
2022-05-18,1652832000,2230005.48930
2022-05-19,1652918400,2240615.84140
2022-05-20,1653004800,2233108.06877
2022-05-21,1653091200,2233130.86613
2022-05-22,1653177600,2235377.20010
2022-05-23,1653264000,2232056.47304
2022-05-24,1653350400,2237389.11227
2022-05-25,1653436800,2238876.41044
2022-05-26,1653523200,2224212.87451
2022-05-27,1653609600,2233486.06602
2022-05-28,1653696000,2227154.22378
2022-05-29,1653782400,2230179.25055
2022-05-30,1653868800,2241384.83505
2022-05-31,1653955200,2232252.46310
2022-06-01,1654041600,2248318.54659
2022-06-02,1654128000,2241063.98344
2022-06-03,1654214400,2244945.17335
2022-06-04,1654300800,2270353.09533
2022-06-05,1654387200,2271580.72790
2022-06-06,1654473600,2276055.53379
2022-06-07,1654560000,2282585.73482
2022-06-08,1654646400,2284983.25615
2022-06-09,1654732800,2289724.82650
2022-06-10,1654819200,2301428.81943
2022-06-11,1654905600,2296884.98176
2022-06-12,1654992000,2304467.15858
2022-06-13,1655078400,2324563.60324
2022-06-14,1655164800,2251144.00521
2022-06-15,1655251200,2215756.98525
2022-06-16,1655337600,2206697.06248
2022-06-17,1655424000,2219114.22087
2022-06-18,1655510400,2232703.37506
2022-06-19,1655596800,2218117.95236
2022-06-20,1655683200,2213759.58176
2022-06-21,1655769600,2224477.71094
2022-06-22,1655856000,2217948.02291
2022-06-23,1655942400,2221518.86957
2022-06-24,1656028800,2226848.37196
2022-06-25,1656115200,2229029.16806
2022-06-26,1656201600,2231437.21947
2022-06-27,1656288000,2248884.53572
2022-06-28,1656374400,2237741.84047
2022-06-29,1656460800,2233596.71324
2022-06-30,1656547200,2234695.89336
2022-07-01,1656633600,2238452.15599
2022-07-02,1656720000,2234642.37226
2022-07-03,1656806400,2238999.17823
2022-07-04,1656892800,2239440.51244
2022-07-05,1656979200,2251529.84594
2022-07-06,1657065600,2248508.19947
2022-07-07,1657152000,2238904.61814
2022-07-08,1657238400,2244310.60194
2022-07-09,1657324800,2239301.83250
2022-07-10,1657411200,2235896.57645
2022-07-11,1657497600,2243629.67097
2022-07-12,1657584000,2248987.14623
2022-07-13,1657670400,2260351.14450
2022-07-14,1657756800,2236558.56069
2022-07-15,1657843200,2216574.83527
2022-07-16,1657929600,2216297.81603
2022-07-17,1658016000,2219997.82104
2022-07-18,1658102400,2229607.21528
2022-07-19,1658188800,2234207.43092
2022-07-20,1658275200,2228245.85542
2022-07-21,1658361600,2221367.08391
2022-07-22,1658448000,2221217.73913
2022-07-23,1658534400,2222975.52298
2022-07-24,1658620800,2211594.88642
2022-07-25,1658707200,2218201.17541
2022-07-26,1658793600,2222084.28015
2022-07-27,1658880000,2225972.09230
2022-07-28,1658966400,2222686.40803
2022-07-29,1659052800,2223578.78465
2022-07-30,1659139200,2222533.21991
2022-07-31,1659225600,2221573.77063
2022-08-01,1659312000,2221133.87506
2022-08-02,1659398400,2212555.29041
2022-08-03,1659484800,2211681.71430
2022-08-04,1659571200,2219687.60148
2022-08-05,1659657600,2216261.27109
2022-08-06,1659744000,2215441.38864
2022-08-07,1659830400,2217702.95326
2022-08-08,1659916800,2218853.09550
2022-08-09,1660003200,2227061.20864
2022-08-10,1660089600,2225879.85612
2022-08-11,1660176000,2227828.95582
2022-08-12,1660262400,2229019.08905
2022-08-13,1660348800,2227452.94323
2022-08-14,1660435200,2228251.69419
2022-08-15,1660521600,2225905.22126
2022-08-16,1660608000,2231952.71723
2022-08-17,1660694400,2220317.45016
2022-08-18,1660780800,2213915.01151
2022-08-19,1660867200,2209122.67463
2022-08-20,1660953600,2207104.06342
2022-08-21,1661040000,2207442.13971
2022-08-22,1661126400,2210352.49991
2022-08-23,1661212800,2217649.45350
2022-08-24,1661299200,2215403.92836
2022-08-25,1661385600,2210314.91270
2022-08-26,1661472000,2211698.20514
2022-08-27,1661558400,2210064.90348
2022-08-28,1661644800,2215340.07585
2022-08-29,1661731200,2209667.53656
2022-08-30,1661817600,2211456.19955
2022-08-31,1661904000,2206624.87245
2022-09-01,1661990400,2206221.35540
2022-09-02,1662076800,2208476.22744
2022-09-03,1662163200,2209479.88107
2022-09-04,1662249600,2215444.09728
2022-09-05,1662336000,2213307.79429
2022-09-06,1662422400,2222279.18602
2022-09-07,1662508800,2220928.84868
2022-09-08,1662595200,2220740.01534
2022-09-09,1662681600,2226746.97324
2022-09-10,1662768000,2228265.47262
2022-09-11,1662854400,2229514.49307
2022-09-12,1662940800,2233906.67521
2022-09-13,1663027200,2290757.91791
2022-09-14,1663113600,2288162.97317
2022-09-15,1663200000,2336858.98565
2022-09-16,1663286400,2333674.16212
2022-09-17,1663372800,2334733.09848
2022-09-18,1663459200,2331187.33489
2022-09-19,1663545600,2330615.93725
2022-09-20,1663632000,2333334.91259
2022-09-21,1663718400,2330699.14579
2022-09-22,1663804800,2328924.10410
2022-09-23,1663891200,2285934.57896
2022-09-24,1663977600,2284988.78401
2022-09-25,1664064000,2293684.19013
2022-09-26,1664150400,2288057.63681
2022-09-27,1664236800,2285232.44158
2022-09-28,1664323200,2282092.54394
2022-09-29,1664409600,2227968.96258
2022-09-30,1664496000,2228732.67211
2022-10-01,1664582400,2231443.87796
2022-10-02,1664668800,2246878.43131
2022-10-03,1664755200,2249752.36127
2022-10-04,1664841600,2255746.86456
2022-10-05,1664928000,2236475.39512
2022-10-06,1665014400,2225148.56774
2022-10-07,1665100800,2229224.10256
2022-10-08,1665187200,2229562.36739
2022-10-09,1665273600,2229638.67050
2022-10-10,1665360000,2229011.10184
2022-10-11,1665446400,2231642.38105
2022-10-12,1665532800,2227881.32441
2022-10-13,1665619200,2225869.45662
2022-10-14,1665705600,2229282.75675
2022-10-15,1665792000,2229324.81091
2022-10-16,1665878400,2231278.77727
2022-10-17,1665964800,2242554.74245
2022-10-18,1666051200,2244676.97942
2022-10-19,1666137600,2238584.81708
2022-10-20,1666224000,2247784.09817
2022-10-21,1666310400,2247368.74508
2022-10-22,1666396800,2246638.29719
2022-10-23,1666483200,2245226.44946
2022-10-24,1666569600,2254568.67352
2022-10-25,1666656000,2251009.42231
2022-10-26,1666742400,2253084.16826
2022-10-27,1666828800,2253766.07340
2022-10-28,1666915200,2252729.60290
2022-10-29,1667001600,2252645.57210
2022-10-30,1667088000,2253739.69335
2022-10-31,1667174400,2253668.00268
2022-11-01,1667260800,2252536.77839
2022-11-02,1667347200,2260147.38104
2022-11-03,1667433600,2259856.68212
2022-11-04,1667520000,2259299.44627
2022-11-05,1667606400,2259881.58826
2022-11-06,1667692800,2265776.27756
2022-11-07,1667779200,2266226.02231
2022-11-08,1667865600,2266236.04425
2022-11-09,1667952000,2241218.88037
2022-11-10,1668038400,2222866.35165
2022-11-11,1668124800,2210886.89472
2022-11-12,1668211200,2209921.69308
2022-11-13,1668297600,2207079.97089
2022-11-14,1668384000,2204089.08343
2022-11-15,1668470400,2154516.90541
2022-11-16,1668556800,2123682.93241
2022-11-17,1668643200,2098733.19054
2022-11-18,1668729600,2084401.28215
2022-11-19,1668816000,2072887.67235
2022-11-20,1668902400,2070967.97842
2022-11-21,1668988800,2075604.90960
2022-11-22,1669075200,2081951.01098
2022-11-23,1669161600,2076924.04845
2022-11-24,1669248000,2073566.25731
2022-11-25,1669334400,2080501.98964
2022-11-26,1669420800,2081222.10859
2022-11-27,1669507200,2078483.41214
2022-11-28,1669593600,2079076.32036
2022-11-29,1669680000,2083839.68269
2022-11-30,1669766400,2084087.16665
2022-12-01,1669852800,2080447.34261
2022-12-02,1669939200,2085054.14778
2022-12-03,1670025600,2078150.50988
2022-12-04,1670112000,2077397.47725
2022-12-05,1670198400,2082304.91321
2022-12-06,1670284800,2080746.64925
2022-12-07,1670371200,2077697.49501
2022-12-08,1670457600,2079304.00359
2022-12-09,1670544000,2079738.48071
2022-12-10,1670630400,2077255.46832
2022-12-11,1670716800,2075762.57725
2022-12-12,1670803200,2080368.57394
2022-12-13,1670889600,2090243.55688
2022-12-14,1670976000,2084754.54552
2022-12-15,1671062400,2092718.73277
2022-12-16,1671148800,2094282.19571
2022-12-17,1671235200,2091450.81142
2022-12-18,1671321600,2097443.72638
2022-12-19,1671408000,2093296.62227
2022-12-20,1671494400,2092240.47117
2022-12-21,1671580800,2096006.05612
2022-12-22,1671667200,2099855.01037
2022-12-23,1671753600,2055290.08383
2022-12-24,1671840000,2055857.85114
2022-12-25,1671926400,2059327.02289
2022-12-26,1672012800,2058863.35800
2022-12-27,1672099200,2057931.14305
2022-12-28,1672185600,2058332.41194
2022-12-29,1672272000,2058675.60780
2022-12-30,1672358400,2059629.44296
2022-12-31,1672444800,2065726.84601
2023-01-01,1672531200,2071301.90529
2023-01-02,1672617600,2055991.20623
2023-01-03,1672704000,2056818.43460
2023-01-04,1672790400,2060323.19882
2023-01-05,1672876800,2058186.83516
2023-01-06,1672963200,2061172.47405
2023-01-07,1673049600,2061690.89383
2023-01-08,1673136000,2064379.66475
2023-01-09,1673222400,2061678.79655
2023-01-10,1673308800,2063130.99902
2023-01-11,1673395200,2063353.74225
2023-01-12,1673481600,2064452.27742
2023-01-13,1673568000,2062556.97565
2023-01-14,1673654400,2065011.42365
2023-01-15,1673740800,2084354.01852
2023-01-16,1673827200,2059048.07334
2023-01-17,1673913600,2058850.99975
2023-01-18,1674000000,2057039.63987
2023-01-19,1674086400,2053997.65057
2023-01-20,1674172800,2058539.68773
2023-01-21,1674259200,2055201.75493
2023-01-22,1674345600,2057452.96738
2023-01-23,1674432000,2059835.82853
2023-01-24,1674518400,2056207.86747
2023-01-25,1674604800,2058478.37630
2023-01-26,1674691200,2067302.58568
2023-01-27,1674777600,2069587.26254
2023-01-28,1674864000,2066333.83372
2023-01-29,1674950400,2071664.03862
2023-01-30,1675036800,2070470.69260
2023-01-31,1675123200,2073680.71411
2023-02-01,1675209600,2072077.70611
2023-02-02,1675296000,2068815.14217
2023-02-03,1675382400,2065194.17953
2023-02-04,1675468800,2063709.29971
2023-02-05,1675555200,2064909.23039
2023-02-06,1675641600,2066417.24583
2023-02-07,1675728000,2068806.60302
2023-02-08,1675814400,2073362.56247
2023-02-09,1675900800,2081837.54561
2023-02-10,1675987200,2074176.92374
2023-02-11,1676073600,2074626.54849
2023-02-12,1676160000,2073152.92255
2023-02-13,1676246400,2080323.36415
2023-02-14,1676332800,2093145.33048
2023-02-15,1676419200,2090490.55200
2023-02-16,1676505600,2090246.10894
2023-02-17,1676592000,2090352.09538
2023-02-18,1676678400,2086318.69751
2023-02-19,1676764800,2084301.42509
2023-02-20,1676851200,2087456.90407
2023-02-21,1676937600,2088758.52252
2023-02-22,1677024000,2086196.50300
2023-02-23,1677110400,2086564.12924
2023-02-24,1677196800,2083246.16715
2023-02-25,1677283200,2084098.74004
2023-02-26,1677369600,2083636.87432
2023-02-27,1677456000,2086004.25871
2023-02-28,1677542400,2089776.93261
2023-03-01,1677628800,2081995.46833
2023-03-02,1677715200,2085210.56529
2023-03-03,1677801600,2085071.37304
2023-03-04,1677888000,2086312.36794
2023-03-05,1677974400,2085046.14009
2023-03-06,1678060800,2083623.29064
2023-03-07,1678147200,2079575.15677
2023-03-08,1678233600,2082869.28007
2023-03-09,1678320000,2080218.36553
2023-03-10,1678406400,2067251.16506
2023-03-11,1678492800,2069822.35899
2023-03-12,1678579200,2069764.35591
2023-03-13,1678665600,2075277.58372
2023-03-14,1678752000,2089737.19783
2023-03-15,1678838400,2089694.54906
2023-03-16,1678924800,2088680.23670
2023-03-17,1679011200,2088021.03828
2023-03-18,1679097600,2082124.55529
2023-03-19,1679184000,2087812.30708
2023-03-20,1679270400,2091940.88990
2023-03-21,1679356800,2090769.08688
2023-03-22,1679443200,2063125.35472
2023-03-23,1679529600,2070111.65013
2023-03-24,1679616000,2072672.68994
2023-03-25,1679702400,2062580.45110
2023-03-26,1679788800,2061478.87544
2023-03-27,1679875200,2072083.93207
2023-03-28,1679961600,2067941.20359
2023-03-29,1680048000,2066095.39923
2023-03-30,1680134400,2066875.09600
2023-03-31,1680220800,2066907.78456
2023-04-01,1680307200,2062176.65497
2023-04-02,1680393600,2061125.42711
2023-04-03,1680480000,2063846.94463
2023-04-04,1680566400,2057581.85455
2023-04-05,1680652800,2062641.31512
2023-04-06,1680739200,2060714.08874
2023-04-07,1680825600,2058952.69244
2023-04-08,1680912000,2061369.18178
2023-04-09,1680998400,2059988.41950
2023-04-10,1681084800,2064877.17568
2023-04-11,1681171200,2060694.16746
2023-04-12,1681257600,2056560.30482
2023-04-13,1681344000,2057608.57834
2023-04-14,1681430400,2056544.96312
2023-04-15,1681516800,2049973.48606
2023-04-16,1681603200,2054577.21258
2023-04-17,1681689600,2054337.47164
2023-04-18,1681776000,2061518.51990
2023-04-19,1681862400,2062711.06495
2023-04-20,1681948800,2064024.93595
2023-04-21,1682035200,2064584.79765
2023-04-22,1682121600,2060084.28170
2023-04-23,1682208000,2045249.17388
2023-04-24,1682294400,2042588.00817
2023-04-25,1682380800,2041247.26297
2023-04-26,1682467200,2043299.34612
2023-04-27,1682553600,2041371.19513
2023-04-28,1682640000,2036992.23365
2023-04-29,1682726400,2031618.96772
2023-04-30,1682812800,2037217.51725
2023-05-01,1682899200,2034243.52010
2023-05-02,1682985600,2040616.69326
2023-05-03,1683072000,2044760.10855
2023-05-04,1683158400,2040216.99977
2023-05-05,1683244800,2045116.13230
2023-05-06,1683331200,2054776.98230
2023-05-07,1683417600,2061805.90664
2023-05-08,1683504000,2082153.76877
2023-05-09,1683590400,2095935.63008
2023-05-10,1683676800,2097073.52548
2023-05-11,1683763200,2109848.37556
2023-05-12,1683849600,2105651.57375
2023-05-13,1683936000,2107993.53069
2023-05-14,1684022400,2082741.22430
2023-05-15,1684108800,2090389.24531
2023-05-16,1684195200,2094266.20093
2023-05-17,1684281600,2091553.94652
2023-05-18,1684368000,2090780.74700
2023-05-19,1684454400,2090554.60637
2023-05-20,1684540800,2089706.71679
2023-05-21,1684627200,2090515.74619
2023-05-22,1684713600,2092432.57560
2023-05-23,1684800000,2094197.11777
2023-05-24,1684886400,2097288.30423
2023-05-25,1684972800,2100554.52668
2023-05-26,1685059200,2093654.14206
2023-05-27,1685145600,2095293.54240
2023-05-28,1685232000,2097136.80901
2023-05-29,1685318400,2098594.96382
2023-05-30,1685404800,2105042.27351
2023-05-31,1685491200,2105858.89196
2023-06-01,1685577600,2101372.93583
2023-06-02,1685664000,2099428.40135
2023-06-03,1685750400,2099680.26872
2023-06-04,1685836800,2089537.46363
2023-06-05,1685923200,2083076.31520
2023-06-06,1686009600,2082163.58935
2023-06-07,1686096000,2083658.50719
2023-06-08,1686182400,2082109.18860
2023-06-09,1686268800,2074184.82284
2023-06-10,1686355200,2074796.34464
2023-06-11,1686441600,2071349.28803
2023-06-12,1686528000,2069662.07334
2023-06-13,1686614400,2075139.96232
2023-06-14,1686700800,2072219.27275
2023-06-15,1686787200,2072174.23027
2023-06-16,1686873600,2072341.47360
2023-06-17,1686960000,2068498.61220
2023-06-18,1687046400,2073173.08598
2023-06-19,1687132800,2072156.08087
2023-06-20,1687219200,2072859.65549
2023-06-21,1687305600,2077188.15575
2023-06-22,1687392000,2081026.61025
2023-06-23,1687478400,2079915.04767
2023-06-24,1687564800,2073925.19820
2023-06-25,1687651200,2073242.14816
2023-06-26,1687737600,2073822.19172
2023-06-27,1687824000,2073390.83069
2023-06-28,1687910400,2073751.46434
2023-06-29,1687996800,2071166.81657
2023-06-30,1688083200,2071719.07782
2023-07-01,1688169600,2071742.70505
2023-07-02,1688256000,2075233.12112
2023-07-03,1688342400,2083797.09141
2023-07-04,1688428800,2074747.62246
2023-07-05,1688515200,2075285.86471
2023-07-06,1688601600,2071352.08355
2023-07-07,1688688000,2070439.79526
2023-07-08,1688774400,2071999.24677
2023-07-09,1688860800,2073719.04107
2023-07-10,1688947200,2073176.79287
2023-07-11,1689033600,2071394.10716
2023-07-12,1689120000,2070065.59547
2023-07-13,1689206400,2072643.03528
2023-07-14,1689292800,2071201.44358
2023-07-15,1689379200,2069894.52731
2023-07-16,1689465600,2070100.75268
2023-07-17,1689552000,2068981.46005
2023-07-18,1689638400,2069230.69131
2023-07-19,1689724800,2069367.96541
2023-07-20,1689811200,2070413.57136
2023-07-21,1689897600,2070339.81631
2023-07-22,1689984000,2068926.36474
2023-07-23,1690070400,2067251.88314
2023-07-24,1690156800,2065699.63245
2023-07-25,1690243200,2066382.52187
2023-07-26,1690329600,2065934.41595
2023-07-27,1690416000,2065354.98907
2023-07-28,1690502400,2064890.28797
2023-07-29,1690588800,2064912.78733
2023-07-30,1690675200,2066320.31923
2023-07-31,1690761600,2066603.74999
2023-08-01,1690848000,2068200.75273
2023-08-02,1690934400,2070850.89960
2023-08-03,1691020800,2072463.52251
2023-08-04,1691107200,2072823.39020
2023-08-05,1691193600,2071033.79864
2023-08-06,1691280000,2069173.60710
2023-08-07,1691366400,2074901.48099
2023-08-08,1691452800,2074151.42353
2023-08-09,1691539200,2073105.15780
2023-08-10,1691625600,2069803.92058
2023-08-11,1691712000,2073207.61286
2023-08-12,1691798400,2075883.70407
2023-08-13,1691884800,2076243.30061
2023-08-14,1691971200,2073215.74829
2023-08-15,1692057600,2073157.91535
2023-08-16,1692144000,2071016.32232
2023-08-17,1692230400,2070843.33190
2023-08-18,1692316800,2059195.42583
2023-08-19,1692403200,2060362.37578
2023-08-20,1692489600,2061926.25139
2023-08-21,1692576000,2060057.55195
2023-08-22,1692662400,2064769.33181
2023-08-23,1692748800,2060871.45292
2023-08-24,1692835200,2058722.32703
2023-08-25,1692921600,2057779.22475
2023-08-26,1693008000,2059047.38710
2023-08-27,1693094400,2058864.51965
2023-08-28,1693180800,2059747.27880
2023-08-29,1693267200,2062431.89624
2023-08-30,1693353600,2060459.80030
2023-08-31,1693440000,2062151.92314
2023-09-01,1693526400,2060235.07660
2023-09-02,1693612800,2059855.66917
2023-09-03,1693699200,2061133.29054
2023-09-04,1693785600,2062241.46267
2023-09-05,1693872000,2062151.84350
2023-09-06,1693958400,2064103.31733
2023-09-07,1694044800,2068419.37351
2023-09-08,1694131200,2065045.40745
2023-09-09,1694217600,2067896.55302
2023-09-10,1694304000,2070079.45838
2023-09-11,1694390400,2059357.61755
2023-09-12,1694476800,2062417.36204
2023-09-13,1694563200,2060516.33881
2023-09-14,1694649600,2061848.73733
2023-09-15,1694736000,2064305.68127
2023-09-16,1694822400,2064528.00685
2023-09-17,1694908800,2066602.91313
2023-09-18,1694995200,2067251.14419
2023-09-19,1695081600,2071115.38589
2023-09-20,1695168000,2064334.57071
2023-09-21,1695254400,2064532.67900
2023-09-22,1695340800,2060738.04171
2023-09-23,1695427200,2062226.35463
2023-09-24,1695513600,2056412.03994
2023-09-25,1695600000,2051071.25074
2023-09-26,1695686400,2052030.76908
2023-09-27,1695772800,2053345.65737
2023-09-28,1695859200,2052424.34506
2023-09-29,1695945600,2047674.76438
2023-09-30,1696032000,2049129.03583
2023-10-01,1696118400,2052850.94427
2023-10-02,1696204800,2054040.12089
2023-10-03,1696291200,2053742.45714
2023-10-04,1696377600,2058391.11869
2023-10-05,1696464000,2058205.32010
2023-10-06,1696550400,2055699.11185
2023-10-07,1696636800,2027869.77624
2023-10-08,1696723200,2027417.25078
2023-10-09,1696809600,2028179.42816
2023-10-10,1696896000,2027822.35759
2023-10-11,1696982400,2027435.81121
2023-10-12,1697068800,2024681.58250
2023-10-13,1697155200,2025165.03458
2023-10-14,1697241600,2025244.83296
2023-10-15,1697328000,2024632.51929
2023-10-16,1697414400,2018115.67112
2023-10-17,1697500800,2015583.94063
2023-10-18,1697587200,2014922.37426
2023-10-19,1697673600,2013914.17338
2023-10-20,1697760000,2016502.24184
2023-10-21,1697846400,2017526.61466
2023-10-22,1697932800,2017036.02792
2023-10-23,1698019200,2024025.34572
2023-10-24,1698105600,2019705.69679
2023-10-25,1698192000,2020792.09032
2023-10-26,1698278400,2021992.40130
2023-10-27,1698364800,2018294.58618
2023-10-28,1698451200,2017991.77305
2023-10-29,1698537600,2019094.52405
2023-10-30,1698624000,2014500.03618
2023-10-31,1698710400,2013507.30468
2023-11-01,1698796800,2015919.13792
2023-11-02,1698883200,2013878.85961
2023-11-03,1698969600,2014676.50505
2023-11-04,1699056000,2016616.08007
2023-11-05,1699142400,2015179.56560
2023-11-06,1699228800,2016566.96087
2023-11-07,1699315200,2023710.38593
2023-11-08,1699401600,2034396.78003
2023-11-09,1699488000,2044358.13245
2023-11-10,1699574400,2016056.94482
2023-11-11,1699660800,2011673.46270
2023-11-12,1699747200,2013290.38305
2023-11-13,1699833600,2015551.65174
2023-11-14,1699920000,2018157.27218
2023-11-15,1700006400,2016861.73006
2023-11-16,1700092800,2023811.71880
2023-11-17,1700179200,2019209.37933
2023-11-18,1700265600,2023459.01573
2023-11-19,1700352000,2027284.35223
2023-11-20,1700438400,2028334.82667
2023-11-21,1700524800,2034098.25376
2023-11-22,1700611200,2037293.06738
2023-11-23,1700697600,2035195.97089
2023-11-24,1700784000,2020870.71185
2023-11-25,1700870400,2020307.31041
2023-11-26,1700956800,2019863.23276
2023-11-27,1701043200,2018783.61560
2023-11-28,1701129600,2016633.25586
2023-11-29,1701216000,2015014.65997
2023-11-30,1701302400,2012154.16425
2023-12-01,1701388800,2014571.02351
2023-12-02,1701475200,2012500.84347
2023-12-03,1701561600,2013687.90866
2023-12-04,1701648000,2021722.90736
2023-12-05,1701734400,2028768.13336
2023-12-06,1701820800,2022089.23964
2023-12-07,1701907200,2023030.40960
2023-12-08,1701993600,2020007.83003
2023-12-09,1702080000,2021849.23088
2023-12-10,1702166400,2023167.34668
2023-12-11,1702252800,2026167.00981
2023-12-12,1702339200,2031024.32869
2023-12-13,1702425600,2039268.66744
2023-12-14,1702512000,2039859.91636
2023-12-15,1702598400,2041060.72722
2023-12-16,1702684800,2042193.46966
2023-12-17,1702771200,2039516.39778
2023-12-18,1702857600,2039308.26833
2023-12-19,1702944000,2046583.86767
2023-12-20,1703030400,2046489.84998
2023-12-21,1703116800,2054332.60017
2023-12-22,1703203200,2067048.84445
2023-12-23,1703289600,2065888.97943
2023-12-24,1703376000,2071721.73003
2023-12-25,1703462400,2058705.70405
2023-12-26,1703548800,2057306.03773
2023-12-27,1703635200,2064726.17529
2023-12-28,1703721600,2065532.57841
2023-12-29,1703808000,2072244.04227
2023-12-30,1703894400,2063176.30402
2023-12-31,1703980800,2052876.11829
2024-01-01,1704067200,2056910.92834
2024-01-02,1704153600,2052093.10623
2024-01-03,1704240000,2049568.77448
2024-01-04,1704326400,2049480.82995
2024-01-05,1704412800,2041465.37184
2024-01-06,1704499200,2040757.57502
2024-01-07,1704585600,2033657.54094
2024-01-08,1704672000,2039962.62572
2024-01-09,1704758400,2043827.93496
2024-01-10,1704844800,2051764.49415
2024-01-11,1704931200,2051278.95215
2024-01-12,1705017600,2058707.00273
2024-01-13,1705104000,2051696.96594
2024-01-14,1705190400,2050110.00629
2024-01-15,1705276800,2051363.97718
2024-01-16,1705363200,2057776.75644
2024-01-17,1705449600,2045764.71502
2024-01-18,1705536000,2045674.40755
2024-01-19,1705622400,2051589.63448
2024-01-20,1705708800,2046991.75275
2024-01-21,1705795200,2047160.68443
2024-01-22,1705881600,2050010.46666
2024-01-23,1705968000,2052681.31606
2024-01-24,1706054400,2048745.54649
2024-01-25,1706140800,2049563.36703
2024-01-26,1706227200,2058289.04794
2024-01-27,1706313600,2056268.97996
2024-01-28,1706400000,2057338.83227
2024-01-29,1706486400,2052077.61769
2024-01-30,1706572800,2054854.59666
2024-01-31,1706659200,2059119.75307
2024-02-01,1706745600,2042369.71475
2024-02-02,1706832000,2039519.87839
2024-02-03,1706918400,2038691.88191
2024-02-04,1707004800,2037942.06176
2024-02-05,1707091200,2035505.20688
2024-02-06,1707177600,2034925.35153
2024-02-07,1707264000,2033485.45524
2024-02-08,1707350400,2032850.17005
2024-02-09,1707436800,2031218.01534
2024-02-10,1707523200,2031430.96066
2024-02-11,1707609600,2033438.48368
2024-02-12,1707696000,2032642.92220
2024-02-13,1707782400,2022410.03587
2024-02-14,1707868800,2023671.17353
2024-02-15,1707955200,2018335.60945
2024-02-16,1708041600,2020204.46692
2024-02-17,1708128000,2019895.48962
2024-02-18,1708214400,2019399.51073
2024-02-19,1708300800,2021654.60790
2024-02-20,1708387200,2019571.84584
2024-02-21,1708473600,2020891.81331
2024-02-22,1708560000,2019354.13263
2024-02-23,1708646400,2016832.11601
2024-02-24,1708732800,2016268.56276
2024-02-25,1708819200,2020312.43392
2024-02-26,1708905600,2033716.47757
2024-02-27,1708992000,2023351.59034
2024-02-28,1709078400,2026684.90231
2024-02-29,1709164800,2030768.17268
2024-03-01,1709251200,2024848.46570
2024-03-02,1709337600,2025468.81333
2024-03-03,1709424000,2027183.42378
2024-03-04,1709510400,2037392.27981
2024-03-05,1709596800,2039264.72794
2024-03-06,1709683200,2034913.43053
2024-03-07,1709769600,2030371.17881
2024-03-08,1709856000,2029234.44371
2024-03-09,1709942400,2029510.94823
2024-03-10,1710028800,2032359.70351
2024-03-11,1710115200,2032975.99058
2024-03-12,1710201600,2035169.34673
2024-03-13,1710288000,2034876.32076
2024-03-14,1710374400,2036635.51119
2024-03-15,1710460800,2038727.38406
2024-03-16,1710547200,2045137.02177
2024-03-17,1710633600,2039262.41161
2024-03-18,1710720000,2042443.85958
2024-03-19,1710806400,2040375.18784
2024-03-20,1710892800,2033947.32544
2024-03-21,1710979200,2033456.88407
2024-03-22,1711065600,2032286.45204
2024-03-23,1711152000,2031278.29410
2024-03-24,1711238400,2029851.05688
2024-03-25,1711324800,2035211.42116
2024-03-26,1711411200,2028406.40459
2024-03-27,1711497600,2029153.46984
2024-03-28,1711584000,2027422.75296
2024-03-29,1711670400,2024521.59616
2024-03-30,1711756800,2026027.81748
2024-03-31,1711843200,2026298.01966
2024-04-01,1711929600,2024726.05240
2024-04-02,1712016000,2025245.82262
2024-04-03,1712102400,2031355.17767
2024-04-04,1712188800,2021332.39019
2024-04-05,1712275200,2018802.41350
2024-04-06,1712361600,2019044.08214
2024-04-07,1712448000,2019913.28525
2024-04-08,1712534400,2023868.11980
2024-04-09,1712620800,2031899.99533
2024-04-10,1712707200,2024148.55349
2024-04-11,1712793600,2027132.02222
2024-04-12,1712880000,2025581.66918
2024-04-13,1712966400,2023668.56132
2024-04-14,1713052800,2021547.83689
2024-04-15,1713139200,2022704.57491
2024-04-16,1713225600,2019631.91672
2024-04-17,1713312000,2028747.84061
2024-04-18,1713398400,2025765.59124
2024-04-19,1713484800,2025380.17997
2024-04-20,1713571200,2025578.13562
2024-04-21,1713657600,2025604.94923
2024-04-22,1713744000,2028632.02861
2024-04-23,1713830400,2032378.45104
2024-04-24,1713916800,2022176.24980
2024-04-25,1714003200,2026960.33033
2024-04-26,1714089600,2028301.54829
2024-04-27,1714176000,2024968.72457
2024-04-28,1714262400,2025317.33657
2024-04-29,1714348800,2029919.45219
2024-04-30,1714435200,2028592.66882
2024-05-01,1714521600,2030998.95379
2024-05-02,1714608000,2030093.67059
2024-05-03,1714694400,2034519.78352
2024-05-04,1714780800,2029393.55505
2024-05-05,1714867200,2032232.31006
2024-05-06,1714953600,2031190.57473
2024-05-07,1715040000,2032248.27639
2024-05-08,1715126400,2034024.90048
2024-05-09,1715212800,2032835.09141
2024-05-10,1715299200,2032424.53102
2024-05-11,1715385600,2031287.03751
2024-05-12,1715472000,2032813.14309
2024-05-13,1715558400,2033901.43569
2024-05-14,1715644800,2032498.26318
2024-05-15,1715731200,2030807.23482
2024-05-16,1715817600,2034843.03262
2024-05-17,1715904000,2026908.38226
2024-05-18,1715990400,2024094.77775
2024-05-19,1716076800,2022738.92207
2024-05-20,1716163200,2024596.87695
2024-05-21,1716249600,2027591.40815
2024-05-22,1716336000,2030340.41550
2024-05-23,1716422400,2029083.06577
2024-05-24,1716508800,2029496.65800
2024-05-25,1716595200,2028264.33802
2024-05-26,1716681600,2028130.91843
2024-05-27,1716768000,2027668.03194
2024-05-28,1716854400,2027293.44766
2024-05-29,1716940800,2030069.60717
2024-05-30,1717027200,2046336.11157
2024-05-31,1717113600,2027396.97938
2024-06-01,1717200000,2026358.74455
2024-06-02,1717286400,2029957.99992
2024-06-03,1717372800,2034346.82260
2024-06-04,1717459200,2029739.00650
2024-06-05,1717545600,2029653.96975
2024-06-06,1717632000,2023305.88553
2024-06-07,1717718400,2026317.48257
2024-06-08,1717804800,2017457.90936
2024-06-09,1717891200,2015515.37786
2024-06-10,1717977600,2015059.85722
2024-06-11,1718064000,2006763.65307
2024-06-12,1718150400,2003656.86374
2024-06-13,1718236800,1999534.81456
2024-06-14,1718323200,1995707.01548
2024-06-15,1718409600,1993736.67560
2024-06-16,1718496000,1992365.96351
2024-06-17,1718582400,1994016.56862
2024-06-18,1718668800,1992079.63621
2024-06-19,1718755200,1983901.00603
2024-06-20,1718841600,1987213.59286
2024-06-21,1718928000,1987423.11762
2024-06-22,1719014400,1985616.70984
2024-06-23,1719100800,1985692.89889
2024-06-24,1719187200,1987137.70844
2024-06-25,1719273600,1983732.69458
2024-06-26,1719360000,1985114.40677
2024-06-27,1719446400,1986897.33425
2024-06-28,1719532800,1987599.37361
2024-06-29,1719619200,1987685.97990
2024-06-30,1719705600,1987357.37874
2024-07-01,1719792000,1981361.27929
2024-07-02,1719878400,1982742.65677
2024-07-03,1719964800,1983359.41144
2024-07-04,1720051200,1982290.07860
2024-07-05,1720137600,1985502.51870
2024-07-06,1720224000,1986432.77034
2024-07-07,1720310400,1987925.58035
2024-07-08,1720396800,1990090.59258
2024-07-09,1720483200,1991815.39391
2024-07-10,1720569600,1993205.26108
2024-07-11,1720656000,1990627.95564
2024-07-12,1720742400,1992673.69291
2024-07-13,1720828800,1994098.65250
2024-07-14,1720915200,1996388.02331
2024-07-15,1721001600,2001044.75922
2024-07-16,1721088000,1998285.08374
2024-07-17,1721174400,1995871.49555
2024-07-18,1721260800,1992823.37999
2024-07-19,1721347200,1991437.54014
2024-07-20,1721433600,1991698.49427
2024-07-21,1721520000,1994167.67831
2024-07-22,1721606400,1991991.09201
2024-07-23,1721692800,1984758.86505
2024-07-24,1721779200,2029917.23626
2024-07-25,1721865600,2026553.89976
2024-07-26,1721952000,2027791.13163
2024-07-27,1722038400,2027633.40334
2024-07-28,1722124800,2028874.11758
2024-07-29,1722211200,2028354.93008
2024-07-30,1722297600,2058688.81658
2024-07-31,1722384000,2028473.70123
2024-08-01,1722470400,2028166.41830
2024-08-02,1722556800,2015071.30131
2024-08-03,1722643200,2013430.05749
2024-08-04,1722729600,2012702.35332
2024-08-05,1722816000,2002839.95276
2024-08-06,1722902400,2003991.24338
2024-08-07,1722988800,2003241.84330
2024-08-08,1723075200,2002175.05338
2024-08-09,1723161600,2002978.88993
2024-08-10,1723248000,2001410.56296
2024-08-11,1723334400,1995993.62929
2024-08-12,1723420800,1995639.38138
2024-08-13,1723507200,1996228.76572
2024-08-14,1723593600,1999226.83216
2024-08-15,1723680000,1998633.73999
2024-08-16,1723766400,1999990.13292
2024-08-17,1723852800,2002486.96963
2024-08-18,1723939200,2004176.13030
2024-08-19,1724025600,2004499.06844
2024-08-20,1724112000,2005107.29220
2024-08-21,1724198400,2008709.96609
2024-08-22,1724284800,2005457.55488
2024-08-23,1724371200,2001621.41312
2024-08-24,1724457600,2004169.00827
2024-08-25,1724544000,2007527.09808
2024-08-26,1724630400,2006601.09000
2024-08-27,1724716800,2007528.83797
2024-08-28,1724803200,2007850.30714
2024-08-29,1724889600,2003572.03111
2024-08-30,1724976000,2006655.86689
2024-08-31,1725062400,2002373.35068
2024-09-01,1725148800,2001148.87518
2024-09-02,1725235200,2000511.35253
2024-09-03,1725321600,1998732.91256
2024-09-04,1725408000,1993834.23337
2024-09-05,1725494400,1997383.63527
2024-09-06,1725580800,1994430.38174
2024-09-07,1725667200,1991529.86496
2024-09-08,1725753600,1992313.76850
2024-09-09,1725840000,1988203.08907
2024-09-10,1725926400,1976164.97378
2024-09-11,1726012800,2009650.88958
2024-09-12,1726099200,2015924.88106
2024-09-13,1726185600,2015407.83470
2024-09-14,1726272000,2020612.57928
2024-09-15,1726358400,2023397.85662
2024-09-16,1726444800,2023827.68206
2024-09-17,1726531200,2042970.22659
2024-09-18,1726617600,2027805.30090
2024-09-19,1726704000,2029866.91350
2024-09-20,1726790400,2058193.55435
2024-09-21,1726876800,2061166.01889
2024-09-22,1726963200,2062586.71505
2024-09-23,1727049600,2064490.47946
2024-09-24,1727136000,2060357.82103
2024-09-25,1727222400,2062690.18891
2024-09-26,1727308800,2065651.78994
2024-09-27,1727395200,2056930.13233
2024-09-28,1727481600,2057522.61974
2024-09-29,1727568000,2058360.13524
2024-09-30,1727654400,2054532.82265
2024-10-01,1727740800,2055688.80843
2024-10-02,1727827200,2055021.01402
2024-10-03,1727913600,2054977.49720
2024-10-04,1728000000,2052576.33856
2024-10-05,1728086400,2052720.88495
2024-10-06,1728172800,2053526.36183
2024-10-07,1728259200,2060920.43730
2024-10-08,1728345600,2059238.60912
2024-10-09,1728432000,2058968.16020
2024-10-10,1728518400,2059135.29256
2024-10-11,1728604800,2060565.21294
2024-10-12,1728691200,2060556.67251
2024-10-13,1728777600,2059639.14061
2024-10-14,1728864000,2059722.81691
2024-10-15,1728950400,2059782.43745
2024-10-16,1729036800,2065925.59554
2024-10-17,1729123200,2055045.84636
2024-10-18,1729209600,2060839.24961
2024-10-19,1729296000,2054976.19679
2024-10-20,1729382400,2059639.38611
2024-10-21,1729468800,2057348.88526
2024-10-22,1729555200,2052477.76328
2024-10-23,1729641600,2052371.18225
2024-10-24,1729728000,2053960.15745
2024-10-25,1729814400,2051552.89393
2024-10-26,1729900800,2058153.95811
2024-10-27,1729987200,2055545.89941
2024-10-28,1730073600,2054298.24650
2024-10-29,1730160000,2058972.58170
2024-10-30,1730246400,2051813.95712
2024-10-31,1730332800,2055310.89121
2024-11-01,1730419200,2057964.42111
2024-11-02,1730505600,2062719.72905
2024-11-03,1730592000,2055536.58804
2024-11-04,1730678400,2059180.44921
2024-11-05,1730764800,2066078.56668
2024-11-06,1730851200,2066844.43402
2024-11-07,1730937600,2056657.87992
2024-11-08,1731024000,2044674.30395
2024-11-09,1731110400,2039873.10713
2024-11-10,1731196800,2046211.39845
2024-11-11,1731283200,2051422.15079
2024-11-12,1731369600,2042093.42107
2024-11-13,1731456000,2061360.34819
2024-11-14,1731542400,2043331.86424
2024-11-15,1731628800,2035957.56837
2024-11-16,1731715200,2036404.25991
2024-11-17,1731801600,2038412.24127
2024-11-18,1731888000,2038188.44523
2024-11-19,1731974400,1917089.80335
2024-11-20,1732060800,1919734.74198
2024-11-21,1732147200,1914609.75035
2024-11-22,1732233600,1911733.09222
2024-11-23,1732320000,1904288.13973
2024-11-24,1732406400,1904367.35694
2024-11-25,1732492800,1910437.43793
2024-11-26,1732579200,1912889.19100
2024-11-27,1732665600,1907132.30046
2024-11-28,1732752000,1905192.20484
2024-11-29,1732838400,1905747.84876
2024-11-30,1732924800,1904281.23298
2024-12-01,1733011200,1905045.42896
2024-12-02,1733097600,1899952.33876
2024-12-03,1733184000,1902946.37239
2024-12-04,1733270400,1912781.99188
2024-12-05,1733356800,1910476.09966
2024-12-06,1733443200,1904596.36712
2024-12-07,1733529600,1901730.29609
2024-12-08,1733616000,1901857.55984
2024-12-09,1733702400,1904358.01604
2024-12-10,1733788800,1906888.08303
2024-12-11,1733875200,1907590.53565
2024-12-12,1733961600,1903204.59634
2024-12-13,1734048000,1901219.88992
2024-12-14,1734134400,1901496.40194
2024-12-15,1734220800,1899861.27231
2024-12-16,1734307200,1899258.66753
2024-12-17,1734393600,1899606.83511
2024-12-18,1734480000,1898227.29699
2024-12-19,1734566400,1909619.04260
2024-12-20,1734652800,1907364.45175
2024-12-21,1734739200,1907830.99655
2024-12-22,1734825600,1905285.93282
2024-12-23,1734912000,1905438.95387
2024-12-24,1734998400,1906214.00499
2024-12-25,1735084800,1909554.59955
2024-12-26,1735171200,1911804.26776
2024-12-27,1735257600,1913503.33023
2024-12-28,1735344000,1911939.87677
2024-12-29,1735430400,1911299.82825
2024-12-30,1735516800,1912516.76726
2024-12-31,1735603200,1911658.16197
2025-01-01,1735689600,1913468.44079
2025-01-02,1735776000,1913409.17350
2025-01-03,1735862400,1912221.31032
2025-01-04,1735948800,1911782.63354
2025-01-05,1736035200,1911409.60677
2025-01-06,1736121600,1911134.12020
2025-01-07,1736208000,1910751.82825
2025-01-08,1736294400,1908107.98047
2025-01-09,1736380800,1907450.94770
2025-01-10,1736467200,1907814.27057
2025-01-11,1736553600,1906925.28760
2025-01-12,1736640000,1908213.92227
2025-01-13,1736726400,1905363.84491
2025-01-14,1736812800,1914954.80346
2025-01-15,1736899200,1917939.93207
2025-01-16,1736985600,1912562.58758
2025-01-17,1737072000,1908474.35573
2025-01-18,1737158400,1908986.02017
2025-01-19,1737244800,1911631.64927
2025-01-20,1737331200,1915551.39485
2025-01-21,1737417600,1917219.01162
2025-01-22,1737504000,1915342.75490
2025-01-23,1737590400,1912643.13345
2025-01-24,1737676800,1908600.38587
2025-01-25,1737763200,1906243.88970
2025-01-26,1737849600,1907935.49594
2025-01-27,1737936000,1903964.15518
2025-01-28,1738022400,1904960.23944
2025-01-29,1738108800,1907467.45534
2025-01-30,1738195200,1911009.76730
2025-01-31,1738281600,1904973.73452
2025-02-01,1738368000,1904296.20421
2025-02-02,1738454400,1907238.00147
2025-02-03,1738540800,1905685.27801
2025-02-04,1738627200,1959462.43089
2025-02-05,1738713600,1913990.39303
2025-02-06,1738800000,1916680.41526
2025-02-07,1738886400,1919348.86194
2025-02-08,1738972800,1918736.70105
2025-02-09,1739059200,1922795.24857
2025-02-10,1739145600,1921468.70670
2025-02-11,1739232000,1926260.07346
2025-02-12,1739318400,1922845.43687
2025-02-13,1739404800,1925129.52085
2025-02-14,1739491200,1926198.87197
2025-02-15,1739577600,1925683.08295
2025-02-16,1739664000,1923745.30836
2025-02-17,1739750400,1923651.36213
2025-02-18,1739836800,1930502.94198
2025-02-19,1739923200,1929896.87211
2025-02-20,1740009600,1929116.71370
2025-02-21,1740096000,1926989.04419
2025-02-22,1740182400,1928209.53314
2025-02-23,1740268800,1931285.45591
2025-02-24,1740355200,1933779.68907
2025-02-25,1740441600,1943241.63220
2025-02-26,1740528000,1941165.69271
2025-02-27,1740614400,1942086.19606
2025-02-28,1740700800,1930493.61343
2025-03-01,1740787200,1929205.35744
2025-03-02,1740873600,1928122.30057
2025-03-03,1740960000,1923533.41992
2025-03-04,1741046400,1934046.52354
2025-03-05,1741132800,1935333.94622
2025-03-06,1741219200,1922533.38126
2025-03-07,1741305600,1925185.82226
2025-03-08,1741392000,1924655.42453
2025-03-09,1741478400,1925573.35810
2025-03-10,1741564800,1927719.10383
2025-03-11,1741651200,1928915.38333
2025-03-12,1741737600,1925829.65236
2025-03-13,1741824000,1925867.35203
2025-03-14,1741910400,1927838.92865
2025-03-15,1741996800,1926888.33356
2025-03-16,1742083200,1926888.70405
2025-03-17,1742169600,1924531.55863
2025-03-18,1742256000,1927965.14380
2025-03-19,1742342400,1928661.98277
2025-03-20,1742428800,1923399.24220
2025-03-21,1742515200,1922817.47670
2025-03-22,1742601600,1923931.54976
2025-03-23,1742688000,1924594.78483
2025-03-24,1742774400,1921125.54655
2025-03-25,1742860800,1925237.03378
2025-03-26,1742947200,1927156.09342
2025-03-27,1743033600,1926995.20713
2025-03-28,1743120000,1927693.25343
2025-03-29,1743206400,1925264.52731
2025-03-30,1743292800,1929006.27854
2025-03-31,1743379200,1931836.61085
2025-04-01,1743465600,1938446.96852
2025-04-02,1743552000,1938902.70433
2025-04-03,1743638400,1940614.06026
2025-04-04,1743724800,1941263.71393
2025-04-05,1743811200,1944905.88005
2025-04-06,1743897600,1949376.11629
2025-04-07,1743984000,1947757.47879
2025-04-08,1744070400,1949350.64129
2025-04-09,1744156800,1952247.22935
2025-04-10,1744243200,1951405.92692
2025-04-11,1744329600,1947719.08804
2025-04-12,1744416000,1953399.98954
2025-04-13,1744502400,1952392.46122
2025-04-14,1744588800,1945577.56782
2025-04-15,1744675200,1945218.89518
2025-04-16,1744761600,1943755.66038
2025-04-17,1744848000,1945423.75492
2025-04-18,1744934400,1946512.60311
2025-04-19,1745020800,1945226.37581
2025-04-20,1745107200,1945368.10137
2025-04-21,1745193600,1941594.12311
2025-04-22,1745280000,1941867.86261
2025-04-23,1745366400,1930396.15261
2025-04-24,1745452800,1924382.12890
2025-04-25,1745539200,1919504.88281
2025-04-26,1745625600,1919131.83877
2025-04-27,1745712000,1921719.34762
2025-04-28,1745798400,1919124.14588
2025-04-29,1745884800,1921243.03578
2025-04-30,1745971200,1922137.26194
2025-05-01,1746057600,1920119.65924
2025-05-02,1746144000,1916519.31494
2025-05-03,1746230400,1916141.35653
2025-05-04,1746316800,1916091.46687
2025-05-05,1746403200,1912387.54757
2025-05-06,1746489600,1918150.02266
2025-05-07,1746576000,1917532.60474
2025-05-08,1746662400,1916541.80216
2025-05-09,1746748800,1908574.38201
2025-05-10,1746835200,1909901.83517
2025-05-11,1746921600,1908013.59674
2025-05-12,1747008000,1908210.79385
2025-05-13,1747094400,1907431.06066
2025-05-14,1747180800,1906459.56706
2025-05-15,1747267200,1904203.22952
2025-05-16,1747353600,1902315.31354
2025-05-17,1747440000,1904849.94383
2025-05-18,1747526400,1906399.05712
2025-05-19,1747612800,1903847.92472
2025-05-20,1747699200,1907090.36331
2025-05-21,1747785600,1904352.76441
2025-05-22,1747872000,1902501.43467
2025-05-23,1747958400,1899025.40322
2025-05-24,1748044800,1899095.50357
2025-05-25,1748131200,1897701.34240
2025-05-26,1748217600,1905023.51143
2025-05-27,1748304000,1938683.72658
2025-05-28,1748390400,1934563.94351
2025-05-29,1748476800,1930429.64231
2025-05-30,1748563200,1929753.89602
2025-05-31,1748649600,1927749.98638
2025-06-01,1748736000,1927609.59155
2025-06-02,1748822400,1926425.28381
2025-06-03,1748908800,1928964.50069
2025-06-04,1748995200,1925853.27212
2025-06-05,1749081600,1927367.01165
2025-06-06,1749168000,1912789.44317
2025-06-07,1749254400,1912390.27353
2025-06-08,1749340800,1914933.33062
2025-06-09,1749427200,1909555.06349
2025-06-10,1749513600,1912164.76063
2025-06-11,1749600000,1911336.95897
2025-06-12,1749686400,1910660.44930
2025-06-13,1749772800,1913329.67439
2025-06-14,1749859200,1910819.13314
2025-06-15,1749945600,1911408.84516
2025-06-16,1750032000,1910250.83770
2025-06-17,1750118400,1913492.07447
2025-06-18,1750204800,1914188.14536
2025-06-19,1750291200,1910876.55533
2025-06-20,1750377600,1910083.40207
2025-06-21,1750464000,1910251.72234
2025-06-22,1750550400,1910541.24913
2025-06-23,1750636800,1905770.30080
2025-06-24,1750723200,1910786.01698
2025-06-25,1750809600,1907252.69972
2025-06-26,1750896000,1905370.99023
2025-06-27,1750982400,1903468.41196
2025-06-28,1751068800,1903853.55867
2025-06-29,1751155200,1901839.03342
2025-06-30,1751241600,1896973.32039
