d,unixTs,mvrv
2020-01-01,1577836800,1.2899611849558594
2020-01-02,1577923200,1.2499761338147928
2020-01-03,1578009600,1.3158995612459696
2020-01-04,1578096000,1.3210991740835127
2020-01-05,1578182400,1.3214939247077129
2020-01-06,1578268800,1.396226754185977
2020-01-07,1578355200,1.4616509068387815
2020-01-08,1578441600,1.4472994059594875
2020-01-09,1578528000,1.4031454343876477
2020-01-10,1578614400,1.458610677946652
2020-01-11,1578700800,1.4409526216910122
2020-01-12,1578787200,1.4644245946575865
2020-01-13,1578873600,1.4563068677039606
2020-01-14,1578960000,1.5803708050894432
2020-01-15,1579046400,1.5746132529277803
2020-01-16,1579132800,1.5565229291597824
2020-01-17,1579219200,1.5901649630916381
2020-01-18,1579305600,1.5923398973076806
2020-01-19,1579392000,1.5491291735327923
2020-01-20,1579478400,1.5399758907951608
2020-01-21,1579564800,1.5562839155061967
2020-01-22,1579651200,1.5412448031545534
2020-01-23,1579737600,1.4910727118846574
2020-01-24,1579824000,1.500566953218881
2020-01-25,1579910400,1.4863358729079192
2020-01-26,1579996800,1.5266780483767786
2020-01-27,1580083200,1.5838942652674342
2020-01-28,1580169600,1.6522381976103795
2020-01-29,1580256000,1.6517269290517638
2020-01-30,1580342400,1.6838978980637596
2020-01-31,1580428800,1.6544649094525272
2020-02-01,1580515200,1.6581378964854654
2020-02-02,1580601600,1.6506684719483409
2020-02-03,1580688000,1.639326193836755
2020-02-04,1580774400,1.618335720262532
2020-02-05,1580860800,1.6989591869575493
2020-02-06,1580947200,1.714014381884026
2020-02-07,1581033600,1.7182401092058872
2020-02-08,1581120000,1.7352265881265292
2020-02-09,1581206400,1.7750410494153521
2020-02-10,1581292800,1.722559781634577
2020-02-11,1581379200,1.7887320673893887
2020-02-12,1581465600,1.8018912578288495
2020-02-13,1581552000,1.7785051181277651
2020-02-14,1581638400,1.7984280200508802
2020-02-15,1581724800,1.7202210512637028
2020-02-16,1581811200,1.7264882168211315
2020-02-17,1581897600,1.6798267935067783
2020-02-18,1581984000,1.7640180682333426
2020-02-19,1582070400,1.6674973241667597
2020-02-20,1582156800,1.6637226633792492
2020-02-21,1582243200,1.6782993641026172
2020-02-22,1582329600,1.6733219483044992
2020-02-23,1582416000,1.7236262037844867
2020-02-24,1582502400,1.6673480768386366
2020-02-25,1582588800,1.6128723520399595
2020-02-26,1582675200,1.5200126023801863
2020-02-27,1582761600,1.5176047588189656
2020-02-28,1582848000,1.5127981700706186
2020-02-29,1582934400,1.4840669077036706
2020-03-01,1583020800,1.477470315766129
2020-03-02,1583107200,1.539528744355877
2020-03-03,1583193600,1.5153082161999505
2020-03-04,1583280000,1.51350910129576
2020-03-05,1583366400,1.5660797545166845
2020-03-06,1583452800,1.579951943414114
2020-03-07,1583539200,1.537102578801129
2020-03-08,1583625600,1.4017707823998824
2020-03-09,1583712000,1.3673431165462107
2020-03-10,1583798400,1.3704355308904228
2020-03-11,1583884800,1.3785985238431255
2020-03-12,1583971200,0.8770662626642707
2020-03-13,1584057600,1.001888764544149
2020-03-14,1584144000,0.9190800370011009
2020-03-15,1584230400,0.9581521626134626
2020-03-16,1584316800,0.900163910797666
2020-03-17,1584403200,0.9742927251626353
2020-03-18,1584489600,0.9704929313646717
2020-03-19,1584576000,1.11576523463675
2020-03-20,1584662400,1.1123163060613601
2020-03-21,1584748800,1.1127137796386886
2020-03-22,1584835200,1.0507639631378929
2020-03-23,1584921600,1.168393067658494
2020-03-24,1585008000,1.2188019971288087
2020-03-25,1585094400,1.2046599742480402
2020-03-26,1585180800,1.216107968607608
2020-03-27,1585267200,1.1691127651926678
2020-03-28,1585353600,1.1230816114697393
2020-03-29,1585440000,1.0652025493594388
2020-03-30,1585526400,1.161443463267426
2020-03-31,1585612800,1.1611974792584143
2020-04-01,1585699200,1.202351861236748
2020-04-02,1585785600,1.2292977232738032
2020-04-03,1585872000,1.2218775494871883
2020-04-04,1585958400,1.241512753928296
2020-04-05,1586044800,1.2290054758230313
2020-04-06,1586131200,1.3190433202723948
2020-04-07,1586217600,1.2995843334335506
2020-04-08,1586304000,1.332151492582902
2020-04-09,1586390400,1.3189398081257295
2020-04-10,1586476800,1.2412902287239012
2020-04-11,1586563200,1.2456615372792421
2020-04-12,1586649600,1.2628846839085792
2020-04-13,1586736000,1.2431347963334587
2020-04-14,1586822400,1.245440339627395
2020-04-15,1586908800,1.2007242116054067
2020-04-16,1586995200,1.291359879501528
2020-04-17,1587081600,1.2829447172853774
2020-04-18,1587168000,1.3155410971273038
2020-04-19,1587254400,1.2951556390242265
2020-04-20,1587340800,1.2418981790576142
2020-04-21,1587427200,1.2453687524377226
2020-04-22,1587513600,1.2909307413012845
2020-04-23,1587600000,1.355719735362107
2020-04-24,1587686400,1.3582165501184729
2020-04-25,1587772800,1.3635706209471152
2020-04-26,1587859200,1.3897001967156002
2020-04-27,1587945600,1.4057013807630618
2020-04-28,1588032000,1.4039409123281419
2020-04-29,1588118400,1.5761145250088673
2020-04-30,1588204800,1.5530886306564065
2020-05-01,1588291200,1.5872630454199772
2020-05-02,1588377600,1.6077692007289013
2020-05-03,1588464000,1.592645277100997
2020-05-04,1588550400,1.5886723616624931
2020-05-05,1588636800,1.6062738560458525
2020-05-06,1588723200,1.6533647830755869
2020-05-07,1588809600,1.7771340355843344
2020-05-08,1588896000,1.7486444204994551
2020-05-09,1588982400,1.6974343458876893
2020-05-10,1589068800,1.5454333572832721
2020-05-11,1589155200,1.5243961880847192
2020-05-12,1589241600,1.5648559935272193
2020-05-13,1589328000,1.652052442815952
2020-05-14,1589414400,1.7339060235881771
2020-05-15,1589500800,1.649498964538587
2020-05-16,1589587200,1.660883715250087
2020-05-17,1589673600,1.7105656480614633
2020-05-18,1589760000,1.7155925806141745
2020-05-19,1589846400,1.7193508975243383
2020-05-20,1589932800,1.6766372642923613
2020-05-21,1590019200,1.598684462467728
2020-05-22,1590105600,1.6148207655473028
2020-05-23,1590192000,1.6182448242905907
2020-05-24,1590278400,1.5520683236563182
2020-05-25,1590364800,1.5705042096741937
2020-05-26,1590451200,1.5575960828769353
2020-05-27,1590537600,1.6152345376834336
2020-05-28,1590624000,1.6840659469907193
2020-05-29,1590710400,1.6597900211062764
2020-05-30,1590796800,1.7044995854607763
2020-05-31,1590883200,1.6591958349613336
2020-06-01,1590969600,1.788302428302121
2020-06-02,1591056000,1.6678435809401837
2020-06-03,1591142400,1.6895119013361546
2020-06-04,1591228800,1.7176661477504311
2020-06-05,1591315200,1.6874260235667726
2020-06-06,1591401600,1.6915024197908521
2020-06-07,1591488000,1.7047327101450631
2020-06-08,1591574400,1.7057274426612001
2020-06-09,1591660800,1.7063717710147959
2020-06-10,1591747200,1.7242379961719767
2020-06-11,1591833600,1.6185663243202377
2020-06-12,1591920000,1.6492683813121454
2020-06-13,1592006400,1.6498738212483723
2020-06-14,1592092800,1.6290301485586887
2020-06-15,1592179200,1.645527539448158
2020-06-16,1592265600,1.6584389571654887
2020-06-17,1592352000,1.645695282846017
2020-06-18,1592438400,1.6313697899741813
2020-06-19,1592524800,1.6135026665780836
2020-06-20,1592611200,1.6255437565282866
2020-06-21,1592697600,1.6125914987742302
2020-06-22,1592784000,1.68052402065525
2020-06-23,1592870400,1.667041780261651
2020-06-24,1592956800,1.6120696600554674
2020-06-25,1593043200,1.604424183120584
2020-06-26,1593129600,1.5851347147335364
2020-06-27,1593216000,1.5578849127707788
2020-06-28,1593302400,1.5759671452436415
2020-06-29,1593388800,1.588722188389567
2020-06-30,1593475200,1.581016559964996
2020-07-01,1593561600,1.5974027745975632
2020-07-02,1593648000,1.5720754932340921
2020-07-03,1593734400,1.5670655240223084
2020-07-04,1593820800,1.577155772693234
2020-07-05,1593907200,1.5690520155424375
2020-07-06,1593993600,1.6130817669640525
2020-07-07,1594080000,1.597767903544791
2020-07-08,1594166400,1.6269057754917875
2020-07-09,1594252800,1.5915839975667834
2020-07-10,1594339200,1.600436071227983
2020-07-11,1594425600,1.592016096934711
2020-07-12,1594512000,1.6000209531353329
2020-07-13,1594598400,1.5910623235375214
2020-07-14,1594684800,1.5943810767724327
2020-07-15,1594771200,1.582774751772354
2020-07-16,1594857600,1.5717771841617822
2020-07-17,1594944000,1.5758632226817135
2020-07-18,1595030400,1.578971841902512
2020-07-19,1595116800,1.5859341254236314
2020-07-20,1595203200,1.576987421487039
2020-07-21,1595289600,1.6143864784805422
2020-07-22,1595376000,1.6377101962862595
2020-07-23,1595462400,1.6499804724942082
2020-07-24,1595548800,1.6387815176286538
2020-07-25,1595635200,1.6643151734654438
2020-07-26,1595721600,1.702751031318598
2020-07-27,1595808000,1.885335889077878
2020-07-28,1595894400,1.8629912437347127
2020-07-29,1595980800,1.8886883998493524
2020-07-30,1596067200,1.8886494681721122
2020-07-31,1596153600,1.9194118308551331
2020-08-01,1596240000,1.993819988797638
2020-08-02,1596326400,1.8737954893782909
2020-08-03,1596412800,1.8917726716829188
2020-08-04,1596499200,1.8843721136383487
2020-08-05,1596585600,1.969019830095105
2020-08-06,1596672000,1.9691205331991226
2020-08-07,1596758400,1.9349229902122735
2020-08-08,1596844800,1.9573056181277353
2020-08-09,1596931200,1.945197038225975
2020-08-10,1597017600,1.974099252925616
2020-08-11,1597104000,1.8936118688322816
2020-08-12,1597190400,1.9216047639240628
2020-08-13,1597276800,1.9517507038554123
2020-08-14,1597363200,1.9487976311854773
2020-08-15,1597449600,1.9626721877421436
2020-08-16,1597536000,1.966423730229208
2020-08-17,1597622400,2.0286088168511567
2020-08-18,1597708800,1.973458668241072
2020-08-19,1597795200,1.9304693322292656
2020-08-20,1597881600,1.9497670956815254
2020-08-21,1597968000,1.8925368072310367
2020-08-22,1598054400,1.9175044294471149
2020-08-23,1598140800,1.9140808246765069
2020-08-24,1598227200,1.9298467873596552
2020-08-25,1598313600,1.8614645855720091
2020-08-26,1598400000,1.8788695605543362
2020-08-27,1598486400,1.8523380675168937
2020-08-28,1598572800,1.8850831092017757
2020-08-29,1598659200,1.8785586623906267
2020-08-30,1598745600,1.9111805982592784
2020-08-31,1598832000,1.9054489314898728
2020-09-01,1598918400,1.94896125833482
2020-09-02,1599004800,1.857588221996216
2020-09-03,1599091200,1.6733245080391772
2020-09-04,1599177600,1.7068652051848217
2020-09-05,1599264000,1.6518089498346546
2020-09-06,1599350400,1.6720859126566874
2020-09-07,1599436800,1.6905706683114148
2020-09-08,1599523200,1.648874966536681
2020-09-09,1599609600,1.6675757630312849
2020-09-10,1599696000,1.6855677576429322
2020-09-11,1599782400,1.6941152276732288
2020-09-12,1599868800,1.7019283123918836
2020-09-13,1599955200,1.6832098661979482
2020-09-14,1600041600,1.7377882384689236
2020-09-15,1600128000,1.7552731461093214
2020-09-16,1600214400,1.783661611016511
2020-09-17,1600300800,1.777040596613825
2020-09-18,1600387200,1.773183539026579
2020-09-19,1600473600,1.7961583595799169
2020-09-20,1600560000,1.7707400392617498
2020-09-21,1600646400,1.6959165589510177
2020-09-22,1600732800,1.7050116057969527
2020-09-23,1600819200,1.659248884747516
2020-09-24,1600905600,1.73918614418501
2020-09-25,1600992000,1.7292144992796037
2020-09-26,1601078400,1.7380046630429729
2020-09-27,1601164800,1.7403202025862796
2020-09-28,1601251200,1.7347743638527195
2020-09-29,1601337600,1.7501852719508166
2020-09-30,1601424000,1.7385516047019545
2020-10-01,1601510400,1.7119760096841772
2020-10-02,1601596800,1.7052100260219216
2020-10-03,1601683200,1.7027166508531237
2020-10-04,1601769600,1.7200199621028665
2020-10-05,1601856000,1.736433110171187
2020-10-06,1601942400,1.7078344631006939
2020-10-07,1602028800,1.7179577982487564
2020-10-08,1602115200,1.7542254421634667
2020-10-09,1602201600,1.7799951181108449
2020-10-10,1602288000,1.8155396775175277
2020-10-11,1602374400,1.8268005374558989
2020-10-12,1602460800,1.8519167892917763
2020-10-13,1602547200,1.8323854016201289
2020-10-14,1602633600,1.8277817180514575
2020-10-15,1602720000,1.8400121873901165
2020-10-16,1602806400,1.813230941541942
2020-10-17,1602892800,1.8165664619653141
2020-10-18,1602979200,1.8361425137853213
2020-10-19,1603065600,1.8728518251871669
2020-10-20,1603152000,1.8996202939963955
2020-10-21,1603238400,2.0383043104473866
2020-10-22,1603324800,2.0505032501425036
2020-10-23,1603411200,2.034172632520655
2020-10-24,1603497600,2.054971173316496
2020-10-25,1603584000,2.041432304601606
2020-10-26,1603670400,2.0453631577657885
2020-10-27,1603756800,2.1317993718576256
2020-10-28,1603843200,2.066936938307763
2020-10-29,1603929600,2.091768336074565
2020-10-30,1604016000,2.1085097536225685
2020-10-31,1604102400,2.1363798294467156
2020-11-01,1604188800,2.122158170090697
2020-11-02,1604275200,2.0945022342391675
2020-11-03,1604361600,2.123448768715317
2020-11-04,1604448000,2.139117010793716
2020-11-05,1604534400,2.3425370446000664
2020-11-06,1604620800,2.334422684605254
2020-11-07,1604707200,2.220532511107525
2020-11-08,1604793600,2.304380445757792
2020-11-09,1604880000,2.272156599962792
2020-11-10,1604966400,2.2666706837225026
2020-11-11,1605052800,2.3207839576587337
2020-11-12,1605139200,2.393402987022021
2020-11-13,1605225600,2.3922888604860955
2020-11-14,1605312000,2.354824111197627
2020-11-15,1605398400,2.335346060449958
2020-11-16,1605484800,2.4377699943247313
2020-11-17,1605571200,2.5604040041614953
2020-11-18,1605657600,2.5592820069690903
2020-11-19,1605744000,2.5536226759289056
2020-11-20,1605830400,2.6476854186013994
2020-11-21,1605916800,2.641177273267215
2020-11-22,1606003200,2.6042446767719403
2020-11-23,1606089600,2.5818821669383514
2020-11-24,1606176000,2.670990060313726
2020-11-25,1606262400,2.6074841746823707
2020-11-26,1606348800,2.3748554839753018
2020-11-27,1606435200,2.3670768805942726
2020-11-28,1606521600,2.4524095394528853
2020-11-29,1606608000,2.509356776108414
2020-11-30,1606694400,2.6931829699686207
2020-12-01,1606780800,2.566135327945002
2020-12-02,1606867200,2.6047721526194114
2020-12-03,1606953600,2.629778038989856
2020-12-04,1607040000,2.522261122113908
2020-12-05,1607126400,2.5702375174644354
2020-12-06,1607212800,2.598872809394581
2020-12-07,1607299200,2.568556641991351
2020-12-08,1607385600,2.452629606823322
2020-12-09,1607472000,2.477485589674853
2020-12-10,1607558400,2.431021624037265
2020-12-11,1607644800,2.395533119217514
2020-12-12,1607731200,2.4873929419298184
2020-12-13,1607817600,2.5132218582714474
2020-12-14,1607904000,2.5235327799577685
2020-12-15,1607990400,2.533990768202618
2020-12-16,1608076800,2.761007532169177
2020-12-17,1608163200,2.9030851371115087
2020-12-18,1608249600,2.8877578656905643
2020-12-19,1608336000,2.9736288779418207
2020-12-20,1608422400,2.91804899243706
2020-12-21,1608508800,2.8316790814555097
2020-12-22,1608595200,2.898768158038338
2020-12-23,1608681600,2.817525354968409
2020-12-24,1608768000,2.8360910254714264
2020-12-25,1608854400,2.9425859052270025
2020-12-26,1608940800,3.1378553045487982
2020-12-27,1609027200,3.108284920891218
2020-12-28,1609113600,3.102025916986238
2020-12-29,1609200000,3.0750130697640263
2020-12-30,1609286400,3.219635155500505
2020-12-31,1609372800,3.2152430633703837
2021-01-01,1609459200,3.2190058515316693
2021-01-02,1609545600,3.4468651417335368
2021-01-03,1609632000,3.5302517610824053
2021-01-04,1609718400,3.324739984127689
2021-01-05,1609804800,3.4984158110250263
2021-01-06,1609891200,3.697928584060124
2021-01-07,1609977600,3.851514871850207
2021-01-08,1610064000,3.899288889809073
2021-01-09,1610150400,3.800870083449977
2021-01-10,1610236800,3.58090229182445
2021-01-11,1610323200,3.2727067304870987
2021-01-12,1610409600,3.114791801764898
2021-01-13,1610496000,3.419727103497374
2021-01-14,1610582400,3.547648718025539
2021-01-15,1610668800,3.315952291932292
2021-01-16,1610755200,3.2572510419826606
2021-01-17,1610841600,3.239127960844304
2021-01-18,1610928000,3.269433784536857
2021-01-19,1611014400,3.2242826660808297
2021-01-20,1611100800,3.1511912860772853
2021-01-21,1611187200,2.75464769153527
2021-01-22,1611273600,2.923218970360588
2021-01-23,1611360000,2.83558144075182
2021-01-24,1611446400,2.8489003729246933
2021-01-25,1611532800,2.862434057688968
2021-01-26,1611619200,2.877321935228186
2021-01-27,1611705600,2.6624688447592275
2021-01-28,1611792000,2.9229592828956164
2021-01-29,1611878400,2.958633752028573
2021-01-30,1611964800,2.965614196721268
2021-01-31,1612051200,2.854152937104396
2021-02-01,1612137600,2.8836943610194767
2021-02-02,1612224000,3.0432578212539996
2021-02-03,1612310400,3.1964758215997726
2021-02-04,1612396800,3.138149744287592
2021-02-05,1612483200,3.1886617997195907
2021-02-06,1612569600,3.281050379695735
2021-02-07,1612656000,3.2349955249757616
2021-02-08,1612742400,3.7694547890121566
2021-02-09,1612828800,3.7295966815927057
2021-02-10,1612915200,3.577788907687528
2021-02-11,1613001600,3.7638829986600912
2021-02-12,1613088000,3.7000408845441957
2021-02-13,1613174400,3.659575284521481
2021-02-14,1613260800,3.770450323233239
2021-02-15,1613347200,3.666492335570814
2021-02-16,1613433600,3.7201540572161056
2021-02-17,1613520000,3.9107566294294607
2021-02-18,1613606400,3.823858987211798
2021-02-19,1613692800,4.07111144785891
2021-02-20,1613779200,4.02377148226483
2021-02-21,1613865600,4.10622901273534
2021-02-22,1613952000,3.8260962526296014
2021-02-23,1614038400,3.4097678614994953
2021-02-24,1614124800,3.450679789157488
2021-02-25,1614211200,3.2960643997750214
2021-02-26,1614297600,3.173984993527694
2021-02-27,1614384000,3.1412660607699454
2021-02-28,1614470400,3.103968443841334
2021-03-01,1614556800,3.3768308117364128
2021-03-02,1614643200,3.270560955507988
2021-03-03,1614729600,3.418071747495838
2021-03-04,1614816000,3.2611304218307877
2021-03-05,1614902400,3.2707454931184485
2021-03-06,1614988800,3.275782779504195
2021-03-07,1615075200,3.4092677750678337
2021-03-08,1615161600,3.453450711793523
2021-03-09,1615248000,3.607542085516175
2021-03-10,1615334400,3.6736528721249098
2021-03-11,1615420800,3.7439749425115667
2021-03-12,1615507200,3.681962755177182
2021-03-13,1615593600,3.909378522657315
2021-03-14,1615680000,3.8002656288688645
2021-03-15,1615766400,3.5523394771031005
2021-03-16,1615852800,3.550229195619425
2021-03-17,1615939200,3.6658342024601804
2021-03-18,1616025600,3.596001479565882
2021-03-19,1616112000,3.6132913618267306
2021-03-20,1616198400,3.606651034959508
2021-03-21,1616284800,3.548912048867447
2021-03-22,1616371200,3.3528246075630768
2021-03-23,1616457600,3.346982536197516
2021-03-24,1616544000,3.2172882762626798
2021-03-25,1616630400,3.1390963609306177
2021-03-26,1616716800,3.3228860378056533
2021-03-27,1616803200,3.3786128074735546
2021-03-28,1616889600,3.353127518745264
2021-03-29,1616976000,3.4482644144764696
2021-03-30,1617062400,3.498304907985774
2021-03-31,1617148800,3.4875727521550446
2021-04-01,1617235200,3.4664788528613992
2021-04-02,1617321600,3.4646843500394175
2021-04-03,1617408000,3.359078521373123
2021-04-04,1617494400,3.406388181913538
2021-04-05,1617580800,3.4288003108791023
2021-04-06,1617667200,3.3332218342259754
2021-04-07,1617753600,3.223373849103136
2021-04-08,1617840000,3.3102852744399263
2021-04-09,1617926400,3.3075055290305713
2021-04-10,1618012800,3.38833694054274
2021-04-11,1618099200,3.3911573628231864
2021-04-12,1618185600,3.372819028181335
2021-04-13,1618272000,3.547562011291326
2021-04-14,1618358400,3.486853011033796
2021-04-15,1618444800,3.48548291415404
2021-04-16,1618531200,3.3849951830317573
2021-04-17,1618617600,3.306414909526523
2021-04-18,1618704000,3.055471901224278
2021-04-19,1618790400,3.0220984742665644
2021-04-20,1618876800,3.0496532527134144
2021-04-21,1618963200,2.9164213969284596
2021-04-22,1619049600,2.793396198203701
2021-04-23,1619136000,2.741194189347446
2021-04-24,1619222400,2.6995075318289703
2021-04-25,1619308800,2.6278999684906084
2021-04-26,1619395200,2.886343529888828
2021-04-27,1619481600,2.9305082507306977
2021-04-28,1619568000,2.9119993109621345
2021-04-29,1619654400,2.8355183688536894
2021-04-30,1619740800,3.0394998227815635
2021-05-01,1619827200,3.0404842917557087
2021-05-02,1619913600,2.968347256196911
2021-05-03,1620000000,2.9957251292841005
2021-05-04,1620086400,2.8080247689052347
2021-05-05,1620172800,2.9875457241054244
2021-05-06,1620259200,2.9373968003247617
2021-05-07,1620345600,2.9582833574751017
2021-05-08,1620432000,3.0225430231299333
2021-05-09,1620518400,2.9932517189792276
2021-05-10,1620604800,2.8659766088134493
2021-05-11,1620691200,2.896750174941532
2021-05-12,1620777600,2.6028358503371676
2021-05-13,1620864000,2.5196626882228617
2021-05-14,1620950400,2.549558822789742
2021-05-15,1621036800,2.3995758702162253
2021-05-16,1621123200,2.3476249151973687
2021-05-17,1621209600,2.224892549526854
2021-05-18,1621296000,2.190112775102086
2021-05-19,1621382400,1.935070688688636
2021-05-20,1621468800,2.101910895951991
2021-05-21,1621555200,1.9195178091744676
2021-05-22,1621641600,1.94593982289855
2021-05-23,1621728000,1.799587688585668
2021-05-24,1621814400,1.9932431987447428
2021-05-25,1621900800,1.9777275852712786
2021-05-26,1621987200,2.0243365389387082
2021-05-27,1622073600,1.9911062720143924
2021-05-28,1622160000,1.8439077279080835
2021-05-29,1622246400,1.7985381684636859
2021-05-30,1622332800,1.84708181720591
2021-05-31,1622419200,1.9328536867676884
2021-06-01,1622505600,1.8969546101435817
2021-06-02,1622592000,1.9475963834344825
2021-06-03,1622678400,2.024329852769217
2021-06-04,1622764800,1.9092654139702367
2021-06-05,1622851200,1.8344482561968543
2021-06-06,1622937600,1.851412982706587
2021-06-07,1623024000,1.7510143653112114
2021-06-08,1623110400,1.7425004014465744
2021-06-09,1623196800,1.9411993258571565
2021-06-10,1623283200,1.911338561229195
2021-06-11,1623369600,1.9285365216719585
2021-06-12,1623456000,1.8509377627114476
2021-06-13,1623542400,2.0181986339366143
2021-06-14,1623628800,2.0939511423649115
2021-06-15,1623715200,2.081979551728138
2021-06-16,1623801600,1.979611988321222
2021-06-17,1623888000,1.9684067834864365
2021-06-18,1623974400,1.8506603762352023
2021-06-19,1624060800,1.84306997517728
2021-06-20,1624147200,1.8454118593358964
2021-06-21,1624233600,1.6489550555919066
2021-06-22,1624320000,1.6857364061478606
2021-06-23,1624406400,1.7494134756784907
2021-06-24,1624492800,1.8028230491274966
2021-06-25,1624579200,1.6612314726521824
2021-06-26,1624665600,1.672500237800315
2021-06-27,1624752000,1.8078014476544821
2021-06-28,1624838400,1.8009271380604437
2021-06-29,1624924800,1.8819115460851146
2021-06-30,1625011200,1.8375881558112757
2021-07-01,1625097600,1.7578833583258222
2021-07-02,1625184000,1.7770299772040774
2021-07-03,1625270400,1.8190128143576623
2021-07-04,1625356800,1.8588448993036037
2021-07-05,1625443200,1.7834034480295098
2021-07-06,1625529600,1.7948037853421737
2021-07-07,1625616000,1.7847807257060655
2021-07-08,1625702400,1.7280401779731351
2021-07-09,1625788800,1.7850280579447955
2021-07-10,1625875200,1.7690851763150757
2021-07-11,1625961600,1.8028788566592158
2021-07-12,1626048000,1.7437303726025375
2021-07-13,1626134400,1.7188479166650106
2021-07-14,1626220800,1.7277520581129882
2021-07-15,1626307200,1.6720087521115166
2021-07-16,1626393600,1.6597831298372305
2021-07-17,1626480000,1.657809010208088
2021-07-18,1626566400,1.6662940883462847
2021-07-19,1626652800,1.6237524029200079
2021-07-20,1626739200,1.5656846326101277
2021-07-21,1626825600,1.6889196183101647
2021-07-22,1626912000,1.6984505376624501
2021-07-23,1626998400,1.7574682528737284
2021-07-24,1627084800,1.7952240436859637
2021-07-25,1627171200,1.8448678273883266
2021-07-26,1627257600,1.9586173895607095
2021-07-27,1627344000,2.031718518116568
2021-07-28,1627430400,2.064132602203337
2021-07-29,1627516800,2.0463481103691654
2021-07-30,1627603200,2.129708784886098
2021-07-31,1627689600,2.128661785253668
2021-08-01,1627776000,2.0357318822098445
2021-08-02,1627862400,2.0014658230398608
2021-08-03,1627948800,1.9502254671948014
2021-08-04,1628035200,2.024206913379737
2021-08-05,1628121600,2.0818631912791217
2021-08-06,1628208000,2.1723610259888453
2021-08-07,1628294400,2.2557217638229243
2021-08-08,1628380800,2.2286345688756266
2021-08-09,1628467200,2.3383822675469363
2021-08-10,1628553600,2.295726657434046
2021-08-11,1628640000,2.3024688787831358
2021-08-12,1628726400,2.2369489484515825
2021-08-13,1628812800,2.39878687813339
2021-08-14,1628899200,2.3634413710352247
2021-08-15,1628985600,2.3596747056322505
2021-08-16,1629072000,2.303014715714683
2021-08-17,1629158400,2.2382927034379754
2021-08-18,1629244800,2.2471743356611387
2021-08-19,1629331200,2.3287071526439407
2021-08-20,1629417600,2.45225869293572
2021-08-21,1629504000,2.4408234606009094
2021-08-22,1629590400,2.4535900894259757
2021-08-23,1629676800,2.4583915147856836
2021-08-24,1629763200,2.3749463822873564
2021-08-25,1629849600,2.4165736942553253
2021-08-26,1629936000,2.323727318758707
2021-08-27,1630022400,2.4117797783941826
2021-08-28,1630108800,2.400262212789477
2021-08-29,1630195200,2.403657119576789
2021-08-30,1630281600,2.3130770637441946
2021-08-31,1630368000,2.3150504031924277
2021-09-01,1630454400,2.3829734022215896
2021-09-02,1630540800,2.411921901209225
2021-09-03,1630627200,2.4323801297965257
2021-09-04,1630713600,2.4329494216048313
2021-09-05,1630800000,2.519485344076837
2021-09-06,1630886400,2.558552039511742
2021-09-07,1630972800,2.2787345768195206
2021-09-08,1631059200,2.2463384284879333
2021-09-09,1631145600,2.254879655605674
2021-09-10,1631232000,2.1738354576528565
2021-09-11,1631318400,2.189516961997425
2021-09-12,1631404800,2.2407057856103765
2021-09-13,1631491200,2.183578161360544
2021-09-14,1631577600,2.2786752223090865
2021-09-15,1631664000,2.328807788751736
2021-09-16,1631750400,2.3079342892145664
2021-09-17,1631836800,2.278455726716294
2021-09-18,1631923200,2.324502123010226
2021-09-19,1632009600,2.276279032360255
2021-09-20,1632096000,2.0700188692190173
2021-09-21,1632182400,1.9605914679712104
2021-09-22,1632268800,2.105800400304924
2021-09-23,1632355200,2.166227109754913
2021-09-24,1632441600,2.0685324250104458
2021-09-25,1632528000,2.0652087185793313
2021-09-26,1632614400,2.0699509772511018
2021-09-27,1632700800,2.039230138502823
2021-09-28,1632787200,1.9796624810589343
2021-09-29,1632873600,1.9905260153099105
2021-09-30,1632960000,2.098949942076321
2021-10-01,1633046400,2.2979804037735168
2021-10-02,1633132800,2.2811628426883233
2021-10-03,1633219200,2.2990947140853137
2021-10-04,1633305600,2.345874226936392
2021-10-05,1633392000,2.445863307330658
2021-10-06,1633478400,2.615607905560716
2021-10-07,1633564800,2.533646467682738
2021-10-08,1633651200,2.5352958992097343
2021-10-09,1633737600,2.5826909547505097
2021-10-10,1633824000,2.5642214963271948
2021-10-11,1633910400,2.6778511740858835
2021-10-12,1633996800,2.6195627039005136
2021-10-13,1634083200,2.6660663554314796
2021-10-14,1634169600,2.660177141618494
2021-10-15,1634256000,2.8339353288976237
2021-10-16,1634342400,2.804744516587893
2021-10-17,1634428800,2.8253548838032705
2021-10-18,1634515200,2.8378449580445846
2021-10-19,1634601600,2.920727683885003
2021-10-20,1634688000,2.9844396790652206
2021-10-21,1634774400,2.8080276539986833
2021-10-22,1634860800,2.7329984006191275
2021-10-23,1634947200,2.752722397995957
2021-10-24,1635033600,2.7288739474864703
2021-10-25,1635120000,2.812169614145718
2021-10-26,1635206400,2.690673213628754
2021-10-27,1635292800,2.60926975718013
2021-10-28,1635379200,2.6919553101463825
2021-10-29,1635465600,2.757437283008391
2021-10-30,1635552000,2.733169929543665
2021-10-31,1635638400,2.7135745020829836
2021-11-01,1635724800,2.685915499379029
2021-11-02,1635811200,2.754137718605802
2021-11-03,1635897600,2.739986636087999
2021-11-04,1635984000,2.6703823944876026
2021-11-05,1636070400,2.6469937268745953
2021-11-06,1636156800,2.6633490746514186
2021-11-07,1636243200,2.7292150181007644
2021-11-08,1636329600,2.906231388977389
2021-11-09,1636416000,2.878869954274802
2021-11-10,1636502400,2.772193027500561
2021-11-11,1636588800,2.774878945152058
2021-11-12,1636675200,2.69948217131295
2021-11-13,1636761600,2.71024744061068
2021-11-14,1636848000,2.7345028060545893
2021-11-15,1636934400,2.6751704398595972
2021-11-16,1637020800,2.5289850734384114
2021-11-17,1637107200,2.5179462236999703
2021-11-18,1637193600,2.3817972736582105
2021-11-19,1637280000,2.431224254050313
2021-11-20,1637366400,2.501319150298552
2021-11-21,1637452800,2.470586256708038
2021-11-22,1637539200,2.360790575564336
2021-11-23,1637625600,2.410981002064422
2021-11-24,1637712000,2.388604589325346
2021-11-25,1637798400,2.4474600548318604
2021-11-26,1637884800,2.236448687675054
2021-11-27,1637971200,2.2710865932589708
2021-11-28,1638057600,2.3767737238872355
2021-11-29,1638144000,2.399435323904718
2021-11-30,1638230400,2.36392676110922
2021-12-01,1638316800,2.363950161640202
2021-12-02,1638403200,2.3385559897074386
2021-12-03,1638489600,2.2206940294302933
2021-12-04,1638576000,2.0415347804139707
2021-12-05,1638662400,2.049136543610888
2021-12-06,1638748800,2.1006771080666207
2021-12-07,1638835200,2.097305628651377
2021-12-08,1638921600,2.094225384107224
2021-12-09,1639008000,1.9917203640304482
2021-12-10,1639094400,1.9722556775936906
2021-12-11,1639180800,2.0486843520938574
2021-12-12,1639267200,2.0819747644337943
2021-12-13,1639353600,1.9452899509738555
2021-12-14,1639440000,2.005577438065882
2021-12-15,1639526400,2.027126945475972
2021-12-16,1639612800,1.9791706654640162
2021-12-17,1639699200,1.9258690889991874
2021-12-18,1639785600,1.9492852447425313
2021-12-19,1639872000,1.9479321359364608
2021-12-20,1639958400,1.9516729604122824
2021-12-21,1640044800,2.0379083484509692
2021-12-22,1640131200,2.021387735330436
2021-12-23,1640217600,2.10378535308361
2021-12-24,1640304000,2.105569063972177
2021-12-25,1640390400,2.0979334136104217
2021-12-26,1640476800,2.1057056304721846
2021-12-27,1640563200,2.1047120034244884
2021-12-28,1640649600,1.9774122850017184
2021-12-29,1640736000,1.9293542033627706
2021-12-30,1640822400,1.9560318272713795
2021-12-31,1640908800,1.925059826579611
2022-01-01,1640995200,1.974499721743387
2022-01-02,1641081600,1.965861656706144
2022-01-03,1641168000,1.9291395672613159
2022-01-04,1641254400,1.9082514697004047
2022-01-05,1641340800,1.8118773665045234
2022-01-06,1641427200,1.7973795334486196
2022-01-07,1641513600,1.732875662735269
2022-01-08,1641600000,1.7453695345705822
2022-01-09,1641686400,1.749283962584575
2022-01-10,1641772800,1.7471947976097921
2022-01-11,1641859200,1.7872041455656071
2022-01-12,1641945600,1.8355698528625517
2022-01-13,1642032000,1.7810611573205994
2022-01-14,1642118400,1.8008573864358297
2022-01-15,1642204800,1.8050167798671282
2022-01-16,1642291200,1.803243985325203
2022-01-17,1642377600,1.7648685478910071
2022-01-18,1642464000,1.7745890438344718
2022-01-19,1642550400,1.750195860161919
2022-01-20,1642636800,1.709184393689852
2022-01-21,1642723200,1.5384191450195257
2022-01-22,1642809600,1.4779873272692632
2022-01-23,1642896000,1.5317546637979509
2022-01-24,1642982400,1.5498361133198297
2022-01-25,1643068800,1.5623819785351218
2022-01-26,1643155200,1.5582221299734378
2022-01-27,1643241600,1.5665715860463731
2022-01-28,1643328000,1.5999951376848243
2022-01-29,1643414400,1.616076594673229
2022-01-30,1643500800,1.613025926050182
2022-01-31,1643587200,1.6338370283845711
2022-02-01,1643673600,1.634357863639054
2022-02-02,1643760000,1.5580049930774946
2022-02-03,1643846400,1.563363570688771
2022-02-04,1643932800,1.729981220438359
2022-02-05,1644019200,1.747327029734071
2022-02-06,1644105600,1.7824192236206144
2022-02-07,1644192000,1.8438240743371617
2022-02-08,1644278400,1.8533386226294943
2022-02-09,1644364800,1.8621168757207769
2022-02-10,1644451200,1.8277126945103603
2022-02-11,1644537600,1.7743734352654021
2022-02-12,1644624000,1.7664441300964653
2022-02-13,1644710400,1.767220596555655
2022-02-14,1644796800,1.785914241934708
2022-02-15,1644883200,1.8613049796000543
2022-02-16,1644969600,1.8421255442659188
2022-02-17,1645056000,1.700054444129998
2022-02-18,1645142400,1.6774620646293097
2022-02-19,1645228800,1.67971157230626
2022-02-20,1645315200,1.6159123275498346
2022-02-21,1645401600,1.5565384232957096
2022-02-22,1645488000,1.6028922067462497
2022-02-23,1645574400,1.5658105121729662
2022-02-24,1645660800,1.6069115255987025
2022-02-25,1645747200,1.6506106468908763
2022-02-26,1645833600,1.6398846393444158
2022-02-27,1645920000,1.5822474817398524
2022-02-28,1646006400,1.8064571690116857
2022-03-01,1646092800,1.8520363375941429
2022-03-02,1646179200,1.8364598699410215
2022-03-03,1646265600,1.7733488633176888
2022-03-04,1646352000,1.6352768086000888
2022-03-05,1646438400,1.646850174938808
2022-03-06,1646524800,1.6059768759166784
2022-03-07,1646611200,1.5961361858241905
2022-03-08,1646697600,1.6200382681934153
2022-03-09,1646784000,1.7545298303389991
2022-03-10,1646870400,1.6514106809645388
2022-03-11,1646956800,1.6217947135728679
2022-03-12,1647043200,1.6269742112162209
2022-03-13,1647129600,1.5796049972946882
2022-03-14,1647216000,1.6556630236858672
2022-03-15,1647302400,1.6439250749016123
2022-03-16,1647388800,1.7147131780690816
2022-03-17,1647475200,1.7098593749801279
2022-03-18,1647561600,1.7448223246352268
2022-03-19,1647648000,1.7593453277001134
2022-03-20,1647734400,1.7220131060473727
2022-03-21,1647820800,1.712585088005584
2022-03-22,1647907200,1.766083278087394
2022-03-23,1647993600,1.7793613384078508
2022-03-24,1648080000,1.8290783559409751
2022-03-25,1648166400,1.835272836993785
2022-03-26,1648252800,1.8419063130941915
2022-03-27,1648339200,1.9323769550693772
2022-03-28,1648425600,1.946691089602692
2022-03-29,1648512000,1.9528101490534677
2022-03-30,1648598400,1.9377068392692849
2022-03-31,1648684800,1.8741846295028566
2022-04-01,1648771200,1.9004395851855085
2022-04-02,1648857600,1.8877111903992179
2022-04-03,1648944000,1.9072472648449503
2022-04-04,1649030400,1.9148999606696882
2022-04-05,1649116800,1.875115777901336
2022-04-06,1649203200,1.779248870976464
2022-04-07,1649289600,1.7903118642056655
2022-04-08,1649376000,1.7363834742789308
2022-04-09,1649462400,1.7550552376212496
2022-04-10,1649548800,1.738227103561909
2022-04-11,1649635200,1.628794186206948
2022-04-12,1649721600,1.6492914409547896
2022-04-13,1649808000,1.6919617839082335
2022-04-14,1649894400,1.639849108054479
2022-04-15,1649980800,1.6645850004371336
2022-04-16,1650067200,1.661107758055954
2022-04-17,1650153600,1.6311710274275004
2022-04-18,1650240000,1.6767004813191182
2022-04-19,1650326400,1.7037125593993732
2022-04-20,1650412800,1.6998040284584628
2022-04-21,1650499200,1.658435892667786
2022-04-22,1650585600,1.630343279509149
2022-04-23,1650672000,1.6240786184653542
2022-04-24,1650758400,1.621292452202196
2022-04-25,1650844800,1.660967477792314
2022-04-26,1650931200,1.5648816408084638
2022-04-27,1651017600,1.6117710013332889
2022-04-28,1651104000,1.6334918720616598
2022-04-29,1651190400,1.588087179626487
2022-04-30,1651276800,1.5520221181828948
2022-05-01,1651363200,1.5826141723497975
2022-05-02,1651449600,1.5889736693159626
2022-05-03,1651536000,1.5549699357753706
2022-05-04,1651622400,1.6334634980766616
2022-05-05,1651708800,1.5068241632506554
2022-05-06,1651795200,1.4893655796793204
2022-05-07,1651881600,1.4679864646755747
2022-05-08,1651968000,1.4096617110001008
2022-05-09,1652054400,1.268421342867364
2022-05-10,1652140800,1.2933562715777789
2022-05-11,1652227200,1.2092481835531024
2022-05-12,1652313600,1.2219519998952895
2022-05-13,1652400000,1.2340976911691781
2022-05-14,1652486400,1.2645442923909427
2022-05-15,1652572800,1.3118718117847576
2022-05-16,1652659200,1.2590919560980658
2022-05-17,1652745600,1.2830948722783304
2022-05-18,1652832000,1.2147510365607586
2022-05-19,1652918400,1.2786063663724974
2022-05-20,1653004800,1.237299259098735
2022-05-21,1653091200,1.2458614690219985
2022-05-22,1653177600,1.2842560594926737
2022-05-23,1653264000,1.2332456644815957
2022-05-24,1653350400,1.257042032316472
2022-05-25,1653436800,1.2547946001912567
2022-05-26,1653523200,1.2455942357596639
2022-05-27,1653609600,1.2166093682213883
2022-05-28,1653696000,1.2350724550383434
2022-05-29,1653782400,1.2514338495430692
2022-05-30,1653868800,1.3489978913570098
2022-05-31,1653955200,1.352148663112655
2022-06-01,1654041600,1.268771867406317
2022-06-02,1654128000,1.3004123648421568
2022-06-03,1654214400,1.2660021785299373
2022-06-04,1654300800,1.2727540344943908
2022-06-05,1654387200,1.2782988479751594
2022-06-06,1654473600,1.3394368625791644
2022-06-07,1654560000,1.3341828311638626
2022-06-08,1654646400,1.294527719266445
2022-06-09,1654732800,1.2892084449725516
2022-06-10,1654819200,1.2477543320515088
2022-06-11,1654905600,1.2186165689204225
2022-06-12,1654992000,1.1543694434326903
2022-06-13,1655078400,0.970656213355358
2022-06-14,1655164800,0.9668876002679642
2022-06-15,1655251200,0.9908711842524277
2022-06-16,1655337600,0.8971817362861746
2022-06-17,1655424000,0.906391351227423
2022-06-18,1655510400,0.8459798085284086
2022-06-19,1655596800,0.9119345082042478
2022-06-20,1655683200,0.9163370568800198
2022-06-21,1655769600,0.9230704349590777
2022-06-22,1655856000,0.8938932710565511
2022-06-23,1655942400,0.9430438866779016
2022-06-24,1656028800,0.952779333168341
2022-06-25,1656115200,0.9601101998975948
2022-06-26,1656201600,0.942377223164404
2022-06-27,1656288000,0.9291225822671353
2022-06-28,1656374400,0.908200699522091
2022-06-29,1656460800,0.9012359469662184
2022-06-30,1656547200,0.8710448875881405
2022-07-01,1656633600,0.8727028437270246
2022-07-02,1656720000,0.8682596317121906
2022-07-03,1656806400,0.8708197123258301
2022-07-04,1656892800,0.9138233398325324
2022-07-05,1656979200,0.9127227203428769
2022-07-06,1657065600,0.9310271494181589
2022-07-07,1657152000,0.9803884708582368
2022-07-08,1657238400,0.9882304177442505
2022-07-09,1657324800,0.9793874402576109
2022-07-10,1657411200,0.945541288851937
2022-07-11,1657497600,0.9092772772498676
2022-07-12,1657584000,0.8813851576342501
2022-07-13,1657670400,0.9187195332232969
2022-07-14,1657756800,0.9377289325036917
2022-07-15,1657843200,0.954009627094946
2022-07-16,1657929600,0.970689372867536
2022-07-17,1658016000,0.9539949585852264
2022-07-18,1658102400,1.021461137947962
2022-07-19,1658188800,1.0713078087547956
2022-07-20,1658275200,1.066892696452218
2022-07-21,1658361600,1.0628809481549124
2022-07-22,1658448000,1.0445351304679156
2022-07-23,1658534400,1.0349914271597773
2022-07-24,1658620800,1.0430016519692205
2022-07-25,1658707200,0.9916489105470879
2022-07-26,1658793600,0.9772598723470977
2022-07-27,1658880000,1.0559263560761518
2022-07-28,1658966400,1.0987086059064863
2022-07-29,1659052800,1.1039110940933972
2022-07-30,1659139200,1.0888837233468585
2022-07-31,1659225600,1.076902944049668
2022-08-01,1659312000,1.0758888755033478
2022-08-02,1659398400,1.0625178659091157
2022-08-03,1659484800,1.0526205672292752
2022-08-04,1659571200,1.0449146691391609
2022-08-05,1659657600,1.0734962304319093
2022-08-06,1659744000,1.0618814026490206
2022-08-07,1659830400,1.0691372981431744
2022-08-08,1659916800,1.0989838528086628
2022-08-09,1660003200,1.071814207240662
2022-08-10,1660089600,1.1050622592301802
2022-08-11,1660176000,1.1058263960632977
2022-08-12,1660262400,1.1268995167685236
2022-08-13,1660348800,1.1283193744647508
2022-08-14,1660435200,1.123221559850347
2022-08-15,1660521600,1.1128628045395668
2022-08-16,1660608000,1.1030174081563242
2022-08-17,1660694400,1.079171391484677
2022-08-18,1660780800,1.074072945033077
2022-08-19,1660867200,0.9686299259093453
2022-08-20,1660953600,0.9798982579534873
2022-08-21,1661040000,0.9988274216389379
2022-08-22,1661126400,0.9877021556032692
2022-08-23,1661212800,0.9987128997689598
2022-08-24,1661299200,0.9939943514399674
2022-08-25,1661385600,1.001833085222753
2022-08-26,1661472000,0.9403070031581902
2022-08-27,1661558400,0.931304403104916
2022-08-28,1661644800,0.914167348377401
2022-08-29,1661731200,0.9418969588750689
2022-08-30,1661817600,0.9223446931478623
2022-08-31,1661904000,0.9320061015766806
2022-09-01,1661990400,0.9361853726898333
2022-09-02,1662076800,0.9295469962384154
2022-09-03,1662163200,0.9229954630536464
2022-09-04,1662249600,0.9302362591413891
2022-09-05,1662336000,0.9228732966219605
2022-09-06,1662422400,0.8798078152618304
2022-09-07,1662508800,0.9009542998772178
2022-09-08,1662595200,0.9027200490944317
2022-09-09,1662681600,0.9976187554095833
2022-09-10,1662768000,1.013997927055994
2022-09-11,1662854400,1.015064251729019
2022-09-12,1662940800,1.044474434592256
2022-09-13,1663027200,0.9448136825708204
2022-09-14,1663113600,0.9495742435160034
2022-09-15,1663200000,0.9250590187206795
2022-09-16,1663286400,0.9274621386592291
2022-09-17,1663372800,0.9453934063340119
2022-09-18,1663459200,0.913122883844534
2022-09-19,1663545600,0.9198846098534775
2022-09-20,1663632000,0.888332145218563
2022-09-21,1663718400,0.8717377882274131
2022-09-22,1663804800,0.9145698297640682
2022-09-23,1663891200,0.9106504492712947
2022-09-24,1663977600,0.8918785149750446
2022-09-25,1664064000,0.885920086789805
2022-09-26,1664150400,0.9052509550694501
2022-09-27,1664236800,0.9014720589126286
2022-09-28,1664323200,0.9185128341440464
2022-09-29,1664409600,0.9231392801585362
2022-09-30,1664496000,0.9190273380319327
2022-10-01,1664582400,0.9133618470169155
2022-10-02,1664668800,0.8995468323035773
2022-10-03,1664755200,0.9288715589765906
2022-10-04,1664841600,0.9623513790983538
2022-10-05,1664928000,0.953894507749995
2022-10-06,1665014400,0.9445404987361342
2022-10-07,1665100800,0.9253282316041812
2022-10-08,1665187200,0.9200460871604573
2022-10-09,1665273600,0.9207035564493521
2022-10-10,1665360000,0.9081313656298478
2022-10-11,1665446400,0.903008474878018
2022-10-12,1665532800,0.9088331727717707
2022-10-13,1665619200,0.9199949104435234
2022-10-14,1665705600,0.9102860158663884
2022-10-15,1665792000,0.9053001222059307
2022-10-16,1665878400,0.91452690315209
2022-10-17,1665964800,0.929369619375544
2022-10-18,1666051200,0.9186317987016098
2022-10-19,1666137600,0.9092051147467678
2022-10-20,1666224000,0.9048054486891962
2022-10-21,1666310400,0.9117328742782196
2022-10-22,1666396800,0.9134367843851459
2022-10-23,1666483200,0.9304998016551667
2022-10-24,1666569600,0.9200592439730485
2022-10-25,1666656000,0.9556174619848519
2022-10-26,1666742400,0.9887175626554138
2022-10-27,1666828800,0.964324758335747
2022-10-28,1666915200,0.9797794525094435
2022-10-29,1667001600,0.9893094768186892
2022-10-30,1667088000,0.9806448429545048
2022-10-31,1667174400,0.974893866960962
2022-11-01,1667260800,0.9748478936240059
2022-11-02,1667347200,0.9591846864987584
2022-11-03,1667433600,0.961730062209474
2022-11-04,1667520000,1.0059765230732691
2022-11-05,1667606400,1.011960258781689
2022-11-06,1667692800,0.9961583693323725
2022-11-07,1667779200,0.9805740702091087
2022-11-08,1667865600,0.8846195603733564
2022-11-09,1667952000,0.7558567479875029
2022-11-10,1668038400,0.8424190899310283
2022-11-11,1668124800,0.8137343089757725
2022-11-12,1668211200,0.8087904229563972
2022-11-13,1668297600,0.7876368132472941
2022-11-14,1668384000,0.8039024369090264
2022-11-15,1668470400,0.8162597750163046
2022-11-16,1668556800,0.8086117112770336
2022-11-17,1668643200,0.8127830770814763
2022-11-18,1668729600,0.820899146621848
2022-11-19,1668816000,0.8230688018391913
2022-11-20,1668902400,0.8015231472238408
2022-11-21,1668988800,0.779833525229942
2022-11-22,1669075200,0.8004171507569581
2022-11-23,1669161600,0.8198292504467108
2022-11-24,1669248000,0.8206766214884513
2022-11-25,1669334400,0.8181681030817994
2022-11-26,1669420800,0.8150442955997235
2022-11-27,1669507200,0.8145953450934581
2022-11-28,1669593600,0.8045830732133504
2022-11-29,1669680000,0.8164147293746058
2022-11-30,1669766400,0.8532370981788701
2022-12-01,1669852800,0.8429272276080665
2022-12-02,1669939200,0.8490613319886654
2022-12-03,1670025600,0.8405573807462193
2022-12-04,1670112000,0.8521043395668279
2022-12-05,1670198400,0.8466090236895666
2022-12-06,1670284800,0.8528387548114528
2022-12-07,1670371200,0.8419616600608245
2022-12-08,1670457600,0.8614980684163704
2022-12-09,1670544000,0.857509603869574
2022-12-10,1670630400,0.856924253473222
2022-12-11,1670716800,0.8556539397735204
2022-12-12,1670803200,0.8608934320165224
2022-12-13,1670889600,0.8902400373389632
2022-12-14,1670976000,0.8925235619161304
2022-12-15,1671062400,0.8695072964449131
2022-12-16,1671148800,0.8330186098562249
2022-12-17,1671235200,0.8417158221433678
2022-12-18,1671321600,0.8419971470929596
2022-12-19,1671408000,0.8248931201368699
2022-12-20,1671494400,0.8490628706956914
2022-12-21,1671580800,0.8446624604992218
2022-12-22,1671667200,0.8458559595564356
2022-12-23,1671753600,0.8447209380440351
2022-12-24,1671840000,0.847762786676969
2022-12-25,1671926400,0.8475671893013403
2022-12-26,1672012800,0.8504626236385123
2022-12-27,1672099200,0.8416498046125181
2022-12-28,1672185600,0.8347273773578893
2022-12-29,1672272000,0.8397036570894381
2022-12-30,1672358400,0.8381894639313283
2022-12-31,1672444800,0.8364803684661313
2023-01-01,1672531200,0.8407892409577485
2023-01-02,1672617600,0.845014920417647
2023-01-03,1672704000,0.8444673572976755
2023-01-04,1672790400,0.8540052628331739
2023-01-05,1672876800,0.8531106058582546
2023-01-06,1672963200,0.8601389902947701
2023-01-07,1673049600,0.8595885081927641
2023-01-08,1673136000,0.8656252130264341
2023-01-09,1673222400,0.8719729639315164
2023-01-10,1673308800,0.8849221998349072
2023-01-11,1673395200,0.9055044655745846
2023-01-12,1673481600,0.9578021425993173
2023-01-13,1673568000,1.0078172717781637
2023-01-14,1673654400,1.0650587343854914
2023-01-15,1673740800,1.0581657417017447
2023-01-16,1673827200,1.073208144734794
2023-01-17,1673913600,1.0724894490795271
2023-01-18,1674000000,1.048958050812082
2023-01-19,1674086400,1.0676111962046675
2023-01-20,1674172800,1.1473012121213577
2023-01-21,1674259200,1.154191585085283
2023-01-22,1674345600,1.149416118158882
2023-01-23,1674432000,1.1599746986249857
2023-01-24,1674518400,1.143726951037532
2023-01-25,1674604800,1.1683364843798
2023-01-26,1674691200,1.1639757660522687
2023-01-27,1674777600,1.1678214524791282
2023-01-28,1674864000,1.1645221645066008
2023-01-29,1674950400,1.2029094845091985
2023-01-30,1675036800,1.1533336913519288
2023-01-31,1675123200,1.169652044988843
2023-02-01,1675209600,1.1985726891413284
2023-02-02,1675296000,1.187114183661157
2023-02-03,1675382400,1.1837038363934658
2023-02-04,1675468800,1.178737005701043
2023-02-05,1675555200,1.158646288805477
2023-02-06,1675641600,1.147925481241722
2023-02-07,1675728000,1.1739890885652051
2023-02-08,1675814400,1.157134982572669
2023-02-09,1675900800,1.1009160594165082
2023-02-10,1675987200,1.091261957540426
2023-02-11,1676073600,1.1035989693358303
2023-02-12,1676160000,1.0990224411822407
2023-02-13,1676246400,1.100456818243127
2023-02-14,1676332800,1.1218079829395111
2023-02-15,1676419200,1.2258565192856192
2023-02-16,1676505600,1.1971252332036542
2023-02-17,1676592000,1.2401753776755313
2023-02-18,1676678400,1.2414292809499474
2023-02-19,1676764800,1.227700519707387
2023-02-20,1676851200,1.2490650005020432
2023-02-21,1676937600,1.228917993159359
2023-02-22,1677024000,1.217237235823335
2023-02-23,1677110400,1.2043302051259555
2023-02-24,1677196800,1.1677463743925443
2023-02-25,1677283200,1.1669544556125855
2023-02-26,1677369600,1.1860821336460292
2023-02-27,1677456000,1.1838933953948965
2023-02-28,1677542400,1.167002739530308
2023-03-01,1677628800,1.1910946041552546
2023-03-02,1677715200,1.1841096486432858
2023-03-03,1677801600,1.1280081354882414
2023-03-04,1677888000,1.1272419669835088
2023-03-05,1677974400,1.1322124224583585
2023-03-06,1678060800,1.1321915445108468
2023-03-07,1678147200,1.1239503434952158
2023-03-08,1678233600,1.1003051051281632
2023-03-09,1678320000,1.0326739807838035
2023-03-10,1678406400,1.0276812577349754
2023-03-11,1678492800,1.04563479885119
2023-03-12,1678579200,1.120547081737971
2023-03-13,1678665600,1.2248849361787122
2023-03-14,1678752000,1.254605717030676
2023-03-15,1678838400,1.235929904019509
2023-03-16,1678924800,1.2672827423810191
2023-03-17,1679011200,1.3853799393433193
2023-03-18,1679097600,1.3614803463355003
2023-03-19,1679184000,1.4210212500852204
2023-03-20,1679270400,1.4021166364813036
2023-03-21,1679356800,1.4179003874168892
2023-03-22,1679443200,1.3755912267444288
2023-03-23,1679529600,1.4262373646021405
2023-03-24,1679616000,1.3794363046440392
2023-03-25,1679702400,1.3804915810677518
2023-03-26,1679788800,1.4080629631163837
2023-03-27,1679875200,1.3619176309138683
2023-03-28,1679961600,1.3679096325581004
2023-03-29,1680048000,1.4221510532881603
2023-03-30,1680134400,1.4254687036148894
2023-03-31,1680220800,1.4491587353253652
2023-04-01,1680307200,1.4475179258645592
2023-04-02,1680393600,1.4304777140037166
2023-04-03,1680480000,1.4142781420927755
2023-04-04,1680566400,1.4270148955722401
2023-04-05,1680652800,1.4296268608125604
2023-04-06,1680739200,1.4220997323925642
2023-04-07,1680825600,1.4167203166403908
2023-04-08,1680912000,1.417946188156756
2023-04-09,1680998400,1.4377165110064267
2023-04-10,1681084800,1.5036002997506333
2023-04-11,1681171200,1.529355328038348
2023-04-12,1681257600,1.51276160622525
2023-04-13,1681344000,1.5345733290166503
2023-04-14,1681430400,1.537431997936538
2023-04-15,1681516800,1.5312798527317353
2023-04-16,1681603200,1.5295222317844688
2023-04-17,1681689600,1.487014549453723
2023-04-18,1681776000,1.5309421909999217
2023-04-19,1681862400,1.4516607538222603
2023-04-20,1681948800,1.4242637659031498
2023-04-21,1682035200,1.3760338518414057
2023-04-22,1682121600,1.402828903722484
2023-04-23,1682208000,1.3913615887250752
2023-04-24,1682294400,1.387090192116563
2023-04-25,1682380800,1.426149936911649
2023-04-26,1682467200,1.4300160121368035
2023-04-27,1682553600,1.483733709546507
2023-04-28,1682640000,1.477009799030186
2023-04-29,1682726400,1.4699210901316793
2023-04-30,1682812800,1.4768060946602926
2023-05-01,1682899200,1.4144021755389733
2023-05-02,1682985600,1.4429801113328147
2023-05-03,1683072000,1.4582487797533326
2023-05-04,1683158400,1.4486637732841605
2023-05-05,1683244800,1.4830993022855838
2023-05-06,1683331200,1.4503095602702973
2023-05-07,1683417600,1.4362983759156114
2023-05-08,1683504000,1.3846662341738327
2023-05-09,1683590400,1.3802688835866208
2023-05-10,1683676800,1.3806423650652369
2023-05-11,1683763200,1.3479491846262697
2023-05-12,1683849600,1.337150502334349
2023-05-13,1683936000,1.3405646254596053
2023-05-14,1684022400,1.344242505597566
2023-05-15,1684108800,1.358430665126908
2023-05-16,1684195200,1.3477046014321499
2023-05-17,1684281600,1.3660894767707137
2023-05-18,1684368000,1.338424937208915
2023-05-19,1684454400,1.3409056983439682
2023-05-20,1684540800,1.351335531106596
2023-05-21,1684627200,1.335195480050425
2023-05-22,1684713600,1.3390450413117596
2023-05-23,1684800000,1.3569149286258742
2023-05-24,1684886400,1.3130524339615646
2023-05-25,1684972800,1.3185897309304062
2023-05-26,1685059200,1.3301275333522367
2023-05-27,1685145600,1.3367698035641806
2023-05-28,1685232000,1.3980809942360157
2023-05-29,1685318400,1.381237522040486
2023-05-30,1685404800,1.3781486534542016
2023-05-31,1685491200,1.3534292449307228
2023-06-01,1685577600,1.3338497229309043
2023-06-02,1685664000,1.3548665805269495
2023-06-03,1685750400,1.3461195670739328
2023-06-04,1685836800,1.3500169913079634
2023-06-05,1685923200,1.2826948302800172
2023-06-06,1686009600,1.35284485744867
2023-06-07,1686096000,1.309496286440715
2023-06-08,1686182400,1.3184465993254517
2023-06-09,1686268800,1.315899032264942
2023-06-10,1686355200,1.286084377127954
2023-06-11,1686441600,1.2882737127514445
2023-06-12,1686528000,1.2884339238559888
2023-06-13,1686614400,1.2869657070122966
2023-06-14,1686700800,1.2483899076296543
2023-06-15,1686787200,1.2713568209426085
2023-06-16,1686873600,1.3094499025316229
2023-06-17,1686960000,1.3185709848151799
2023-06-18,1687046400,1.3102003133412046
2023-06-19,1687132800,1.3318648659929782
2023-06-20,1687219200,1.4074311859487592
2023-06-21,1687305600,1.4945884581352817
2023-06-22,1687392000,1.4863634582861225
2023-06-23,1687478400,1.518834330191117
2023-06-24,1687564800,1.5136527654320424
2023-06-25,1687651200,1.5091101387442232
2023-06-26,1687737600,1.4976774982565755
2023-06-27,1687824000,1.5169572924579782
2023-06-28,1687910400,1.4877327107580693
2023-06-29,1687996800,1.505400490024509
2023-06-30,1688083200,1.5055857290253598
2023-07-01,1688169600,1.5082485379857167
2023-07-02,1688256000,1.5085251988342998
2023-07-03,1688342400,1.5343153581224103
2023-07-04,1688428800,1.5173917250452913
2023-07-05,1688515200,1.5022145882745463
2023-07-06,1688601600,1.478482661414316
2023-07-07,1688688000,1.4953454946923967
2023-07-08,1688774400,1.4918769872681108
2023-07-09,1688860800,1.4867276258287265
2023-07-10,1688947200,1.4976447826409625
2023-07-11,1689033600,1.507724463460532
2023-07-12,1689120000,1.4959675621916813
2023-07-13,1689206400,1.5470104826792246
2023-07-14,1689292800,1.4916740793956558
2023-07-15,1689379200,1.4905826543605258
2023-07-16,1689465600,1.4884293531877373
2023-07-17,1689552000,1.4835535727867608
2023-07-18,1689638400,1.4678208857877053
2023-07-19,1689724800,1.47118853336542
2023-07-20,1689811200,1.4656251554658408
2023-07-21,1689897600,1.4715153890135309
2023-07-22,1689984000,1.4618290767922602
2023-07-23,1690070400,1.478299742641752
2023-07-24,1690156800,1.434757413223657
2023-07-25,1690243200,1.4369737208892455
2023-07-26,1690329600,1.443784338626137
2023-07-27,1690416000,1.4373008030775736
2023-07-28,1690502400,1.447859108001222
2023-07-29,1690588800,1.4499697403894154
2023-07-30,1690675200,1.445117772398553
2023-07-31,1690761600,1.443184680697521
2023-08-01,1690848000,1.4568099007621231
2023-08-02,1690934400,1.439753365848544
2023-08-03,1691020800,1.4420918932501214
2023-08-04,1691107200,1.4353017253043683
2023-08-05,1691193600,1.4350482699282834
2023-08-06,1691280000,1.4346782082295817
2023-08-07,1691366400,1.4403789856340048
2023-08-08,1691452800,1.4705595711465838
2023-08-09,1691539200,1.4604913398814265
2023-08-10,1691625600,1.4529341204775608
2023-08-11,1691712000,1.45116411478296
2023-08-12,1691798400,1.4517077189753904
2023-08-13,1691884800,1.4451317126142382
2023-08-14,1691971200,1.4511127430152773
2023-08-15,1692057600,1.4391510028446914
2023-08-16,1692144000,1.4188846034225475
2023-08-17,1692230400,1.3165937645658354
2023-08-18,1692316800,1.2867963060933454
2023-08-19,1692403200,1.2897331530546943
2023-08-20,1692489600,1.2938434399100331
2023-08-21,1692576000,1.2914616002361294
2023-08-22,1692662400,1.2843875553806388
2023-08-23,1692748800,1.307916710441343
2023-08-24,1692835200,1.292170593163017
2023-08-25,1692921600,1.2883380048042279
2023-08-26,1693008000,1.2867398786976434
2023-08-27,1693094400,1.290565361391168
2023-08-28,1693180800,1.2915689860883364
2023-08-29,1693267200,1.3695043588386993
2023-08-30,1693353600,1.351084392863047
2023-08-31,1693440000,1.2851337322076488
2023-09-01,1693526400,1.278054431629079
2023-09-02,1693612800,1.2813683754026726
2023-09-03,1693699200,1.2861410707676304
2023-09-04,1693785600,1.2782048413845304
2023-09-05,1693872000,1.2777108272531987
2023-09-06,1693958400,1.2765650032476055
2023-09-07,1694044800,1.2991540721305546
2023-09-08,1694131200,1.2841457375501597
2023-09-09,1694217600,1.2837720983966248
2023-09-10,1694304000,1.2806744701193014
2023-09-11,1694390400,1.2466311824040885
2023-09-12,1694476800,1.2824895870061042
2023-09-13,1694563200,1.300693821498129
2023-09-14,1694649600,1.3165122600688584
2023-09-15,1694736000,1.3221088204053575
2023-09-16,1694822400,1.31624311286512
2023-09-17,1694908800,1.3135615938075356
2023-09-18,1694995200,1.3262067639458461
2023-09-19,1695081600,1.347480854393186
2023-09-20,1695168000,1.3433527787358255
2023-09-21,1695254400,1.3156723046821968
2023-09-22,1695340800,1.3161646892695442
2023-09-23,1695427200,1.3158861983970158
2023-09-24,1695513600,1.3016159507066052
2023-09-25,1695600000,1.3017690577928938
2023-09-26,1695686400,1.2971580845966273
2023-09-27,1695772800,1.3042204911579314
2023-09-28,1695859200,1.3383812933046215
2023-09-29,1695945600,1.3321853602224445
2023-09-30,1696032000,1.335267947540749
2023-10-01,1696118400,1.3831424025843968
2023-10-02,1696204800,1.3642206630354483
2023-10-03,1696291200,1.3577510443301
2023-10-04,1696377600,1.3750107137671013
2023-10-05,1696464000,1.3567327684964228
2023-10-06,1696550400,1.3817674265815156
2023-10-07,1696636800,1.3828590288627705
2023-10-08,1696723200,1.3809650031582923
2023-10-09,1696809600,1.3635877330333244
2023-10-10,1696896000,1.3551102125640362
2023-10-11,1696982400,1.3261157680981852
2023-10-12,1697068800,1.322013680148492
2023-10-13,1697155200,1.3270335580925168
2023-10-14,1697241600,1.3271652693583478
2023-10-15,1697328000,1.340315893454607
2023-10-16,1697414400,1.4074565868864921
2023-10-17,1697500800,1.403507523326999
2023-10-18,1697587200,1.3979263595296711
2023-10-19,1697673600,1.4156499116172832
2023-10-20,1697760000,1.4647192306660677
2023-10-21,1697846400,1.4751083036948083
2023-10-22,1697932800,1.4778473340031586
2023-10-23,1698019200,1.6207869291391097
2023-10-24,1698105600,1.6621672063756103
2023-10-25,1698192000,1.6897442187051162
2023-10-26,1698278400,1.6720088900427048
2023-10-27,1698364800,1.6569536865159566
2023-10-28,1698451200,1.6655636208666955
2023-10-29,1698537600,1.6883062821737025
2023-10-30,1698624000,1.6828913422473375
2023-10-31,1698710400,1.688534481440203
2023-11-01,1698796800,1.7239025424516177
2023-11-02,1698883200,1.6956815230672408
2023-11-03,1698969600,1.6857466728614428
2023-11-04,1699056000,1.703621019899232
2023-11-05,1699142400,1.7037681202939725
2023-11-06,1699228800,1.6985357400255034
2023-11-07,1699315200,1.7164842120793713
2023-11-08,1699401600,1.7334614526606642
2023-11-09,1699488000,1.7716538931826311
2023-11-10,1699574400,1.8026336155392633
2023-11-11,1699660800,1.7831962589937178
2023-11-12,1699747200,1.7861249897461582
2023-11-13,1699833600,1.7606690161543597
2023-11-14,1699920000,1.714427077679448
2023-11-15,1700006400,1.8199935509816105
2023-11-16,1700092800,1.7384328205462154
2023-11-17,1700179200,1.7570924524829274
2023-11-18,1700265600,1.7569991717698212
2023-11-19,1700352000,1.7977045461657482
2023-11-20,1700438400,1.7993527901058417
2023-11-21,1700524800,1.7270356168830412
2023-11-22,1700611200,1.7904932958512136
2023-11-23,1700697600,1.7854462358705918
2023-11-24,1700784000,1.8037473622244824
2023-11-25,1700870400,1.8070151623655082
2023-11-26,1700956800,1.7911940235018933
2023-11-27,1701043200,1.7785923934098844
2023-11-28,1701129600,1.8058394713668413
2023-11-29,1701216000,1.8054015435872097
2023-11-30,1701302400,1.7978401869793568
2023-12-01,1701388800,1.842844938159887
2023-12-02,1701475200,1.8776745046898993
2023-12-03,1701561600,1.900836562191585
2023-12-04,1701648000,1.9872494762489257
2023-12-05,1701734400,2.083992701577604
2023-12-06,1701820800,2.06327269944939
2023-12-07,1701907200,2.0375372314261866
2023-12-08,1701993600,2.078012040745819
2023-12-09,1702080000,2.0543977718678805
2023-12-10,1702166400,2.053028186052673
2023-12-11,1702252800,1.9332445339717663
2023-12-12,1702339200,1.9414058130298408
2023-12-13,1702425600,2.008328736204886
2023-12-14,1702512000,2.010943702360713
2023-12-15,1702598400,1.9594522246414772
2023-12-16,1702684800,1.968645785073605
2023-12-17,1702771200,1.9322364036130477
2023-12-18,1702857600,1.9857174482536775
2023-12-19,1702944000,1.9668805462779329
2023-12-20,1703030400,2.0259257016004337
2023-12-21,1703116800,2.0360364990621815
2023-12-22,1703203200,2.0391707043968297
2023-12-23,1703289600,2.026751368492319
2023-12-24,1703376000,1.993363356453453
2023-12-25,1703462400,2.0166652721271525
2023-12-26,1703548800,1.9620413440025906
2023-12-27,1703635200,1.999093383564083
2023-12-28,1703721600,1.9626599772091413
2023-12-29,1703808000,1.9294131697333081
2023-12-30,1703894400,1.9376594572684385
2023-12-31,1703980800,1.9374567065935442
2024-01-01,1704067200,2.0202133987236475
2024-01-02,1704153600,2.0572974981038765
2024-01-03,1704240000,1.95681819391313
2024-01-04,1704326400,2.0070891561562596
2024-01-05,1704412800,1.9997277620361382
2024-01-06,1704499200,1.9885620675538334
2024-01-07,1704585600,1.9843219529556833
2024-01-08,1704672000,2.122458893731142
2024-01-09,1704758400,2.078652804179586
2024-01-10,1704844800,2.1081490595060592
2024-01-11,1704931200,2.0847875185514697
2024-01-12,1705017600,1.9257682505775564
2024-01-13,1705104000,1.926581992979694
2024-01-14,1705190400,1.8833216966983501
2024-01-15,1705276800,1.911228118475689
2024-01-16,1705363200,1.9304023834393251
2024-01-17,1705449600,1.907809721458386
2024-01-18,1705536000,1.8437047547696868
2024-01-19,1705622400,1.8575528937396242
2024-01-20,1705708800,1.8600691995792715
2024-01-21,1705795200,1.8539888241238425
2024-01-22,1705881600,1.7669854967727232
2024-01-23,1705968000,1.7730976485542154
2024-01-24,1706054400,1.785528121244152
2024-01-25,1706140800,1.7762565118641014
2024-01-26,1706227200,1.8602287883407544
2024-01-27,1706313600,1.8711934320126602
2024-01-28,1706400000,1.864438986287596
2024-01-29,1706486400,1.9177257268848824
2024-01-30,1706572800,1.901731443825568
2024-01-31,1706659200,1.8825285501093993
2024-02-01,1706745600,1.900544716930463
2024-02-02,1706832000,1.9052419698353444
2024-02-03,1706918400,1.8972974091230073
2024-02-04,1707004800,1.8789635917367404
2024-02-05,1707091200,1.8797419934551929
2024-02-06,1707177600,1.8983891912439632
2024-02-07,1707264000,1.9471086694338937
2024-02-08,1707350400,1.9921172730692822
2024-02-09,1707436800,2.069421509995419
2024-02-10,1707523200,2.0945297823906683
2024-02-11,1707609600,2.110599910430854
2024-02-12,1707696000,2.183370553746529
2024-02-13,1707782400,2.1646835879415933
2024-02-14,1707868800,2.251808143445096
2024-02-15,1707955200,2.2511042475427923
2024-02-16,1708041600,2.256807667903658
2024-02-17,1708128000,2.2344853014516
2024-02-18,1708214400,2.2530971365216805
2024-02-19,1708300800,2.2318915826113637
2024-02-20,1708387200,2.2509184108345623
2024-02-21,1708473600,2.223490941655054
2024-02-22,1708560000,2.2001978607064605
2024-02-23,1708646400,2.174273778909695
2024-02-24,1708732800,2.2066318715968163
2024-02-25,1708819200,2.21253898466847
2024-02-26,1708905600,2.325814874213496
2024-02-27,1708992000,2.4206377729100974
2024-02-28,1709078400,2.6113567668282593
2024-02-29,1709164800,2.555349173484678
2024-03-01,1709251200,2.58452106711938
2024-03-02,1709337600,2.5624291102368923
2024-03-03,1709424000,2.5974640780824108
2024-03-04,1709510400,2.787969132581034
2024-03-05,1709596800,2.6013219826283134
2024-03-06,1709683200,2.64727269617912
2024-03-07,1709769600,2.6663478113666663
2024-03-08,1709856000,2.70180536966163
2024-03-09,1709942400,2.702823746873473
2024-03-10,1710028800,2.7118271097092235
2024-03-11,1710115200,2.8182755474013494
2024-03-12,1710201600,2.774728213534162
2024-03-13,1710288000,2.819557897849487
2024-03-14,1710374400,2.747567751202987
2024-03-15,1710460800,2.658945392560406
2024-03-16,1710547200,2.5051384630767646
2024-03-17,1710633600,2.606071313644049
2024-03-18,1710720000,2.5821592968150506
2024-03-19,1710806400,2.363325972457619
2024-03-20,1710892800,2.5797829169543003
2024-03-21,1710979200,2.4854355314161873
2024-03-22,1711065600,2.4052397474961342
2024-03-23,1711152000,2.4128000803011274
2024-03-24,1711238400,2.5192715921440105
2024-03-25,1711324800,2.613875767562712
2024-03-26,1711411200,2.606940926662989
2024-03-27,1711497600,2.5732959944850258
2024-03-28,1711584000,2.620904027339431
2024-03-29,1711670400,2.584161279670234
2024-03-30,1711756800,2.5728893687911714
2024-03-31,1711843200,2.6281639224356836
2024-04-01,1711929600,2.567345912808805
2024-04-02,1712016000,2.4035629415702386
2024-04-03,1712102400,2.421837897598817
2024-04-04,1712188800,2.502931578799306
2024-04-05,1712275200,2.4819718110711286
2024-04-06,1712361600,2.523574386453185
2024-04-07,1712448000,2.531330183267469
2024-04-08,1712534400,2.6105086603519667
2024-04-09,1712620800,2.512713600549028
2024-04-10,1712707200,2.56439806412464
2024-04-11,1712793600,2.542815874595067
2024-04-12,1712880000,2.4346126487966218
2024-04-13,1712966400,2.342367989087564
2024-04-14,1713052800,2.380576060889348
2024-04-15,1713139200,2.2980645501137813
2024-04-16,1713225600,2.309331313861241
2024-04-17,1713312000,2.2205209825079995
2024-04-18,1713398400,2.2963658198848726
2024-04-19,1713484800,2.303453145281628
2024-04-20,1713571200,2.34409390357531
2024-04-21,1713657600,2.3454654797430328
2024-04-22,1713744000,2.4140427627964893
2024-04-23,1713830400,2.391713583218869
2024-04-24,1713916800,2.302198607222895
2024-04-25,1714003200,2.3127889280239553
2024-04-26,1714089600,2.2860719607231714
2024-04-27,1714176000,2.2726807680017425
2024-04-28,1714262400,2.2544986050104656
2024-04-29,1714348800,2.28577934840842
2024-04-30,1714435200,2.1683634273186554
2024-05-01,1714521600,2.0803687805132003
2024-05-02,1714608000,2.116911155465373
2024-05-03,1714694400,2.250885520465065
2024-05-04,1714780800,2.282013299596008
2024-05-05,1714867200,2.2878991262553154
2024-05-06,1714953600,2.2564299958957754
2024-05-07,1715040000,2.22652393979482
2024-05-08,1715126400,2.17936146404802
2024-05-09,1715212800,2.246633218982333
2024-05-10,1715299200,2.1718629992417378
2024-05-11,1715385600,2.1692234675683424
2024-05-12,1715472000,2.189014271636957
2024-05-13,1715558400,2.239142671420754
2024-05-14,1715644800,2.190598655679004
2024-05-15,1715731200,2.3494847308241793
2024-05-16,1715817600,2.311652757614692
2024-05-17,1715904000,2.368104997876478
2024-05-18,1715990400,2.3678646374567993
2024-05-19,1716076800,2.341483505634188
2024-05-20,1716163200,2.5106052550701143
2024-05-21,1716249600,2.4713470810663316
2024-05-22,1716336000,2.4286622822784585
2024-05-23,1716422400,2.379692865417724
2024-05-24,1716508800,2.4069962767117237
2024-05-25,1716595200,2.4297296102988057
2024-05-26,1716681600,2.3987116247015394
2024-05-27,1716768000,2.427025224510134
2024-05-28,1716854400,2.3501533141049955
2024-05-29,1716940800,2.3232739717714614
2024-05-30,1717027200,2.340978798890916
2024-05-31,1717113600,2.3056775818839066
2024-06-01,1717200000,2.316322722508306
2024-06-02,1717286400,2.318436328905653
2024-06-03,1717372800,2.3486901413977375
2024-06-04,1717459200,2.403914992055235
2024-06-05,1717545600,2.4185597941144312
2024-06-06,1717632000,2.401684209856636
2024-06-07,1717718400,2.3512981686867307
2024-06-08,1717804800,2.3489546686941916
2024-06-09,1717891200,2.3592619372938426
2024-06-10,1717977600,2.351628484142853
2024-06-11,1718064000,2.275549054963188
2024-06-12,1718150400,2.3019331012727093
2024-06-13,1718236800,2.2530209808113786
2024-06-14,1718323200,2.2252155627336325
2024-06-15,1718409600,2.2314148130383566
2024-06-16,1718496000,2.2449308165289628
2024-06-17,1718582400,2.2393732893148566
2024-06-18,1718668800,2.1928972522500803
2024-06-19,1718755200,2.1838646565247775
2024-06-20,1718841600,2.184151966617908
2024-06-21,1718928000,2.156267608214913
2024-06-22,1719014400,2.155585978749225
2024-06-23,1719100800,2.124650475335642
2024-06-24,1719187200,2.021352058129961
2024-06-25,1719273600,2.0704410041122148
2024-06-26,1719360000,2.036925282400326
2024-06-27,1719446400,2.0583712029939756
2024-06-28,1719532800,2.015841027336389
2024-06-29,1719619200,2.035071917006476
2024-06-30,1719705600,2.097039936689376
2024-07-01,1719792000,2.097889259695676
2024-07-02,1719878400,2.0706167579300745
2024-07-03,1719964800,2.008231912261649
2024-07-04,1720051200,1.914859175402027
2024-07-05,1720137600,1.8916039565999565
2024-07-06,1720224000,1.9402952585548938
2024-07-07,1720310400,1.8688843383859972
2024-07-08,1720396800,1.8889078771726946
2024-07-09,1720483200,1.9304893851700808
2024-07-10,1720569600,1.92098601974566
2024-07-11,1720656000,1.907396778656399
2024-07-12,1720742400,1.925044642853294
2024-07-13,1720828800,1.9730850444040686
2024-07-14,1720915200,2.028082895609626
2024-07-15,1721001600,2.1470283222525977
2024-07-16,1721088000,2.157361231541158
2024-07-17,1721174400,2.125404695893747
2024-07-18,1721260800,2.116225857013664
2024-07-19,1721347200,2.2020575342385373
2024-07-20,1721433600,2.2150688119252817
2024-07-21,1721520000,2.24273579699222
2024-07-22,1721606400,2.2233147924974714
2024-07-23,1721692800,2.163656626600112
2024-07-24,1721779200,2.1448149649763417
2024-07-25,1721865600,2.1557891800204096
2024-07-26,1721952000,2.224806315218543
2024-07-27,1722038400,2.228387119143288
2024-07-28,1722124800,2.230629179094182
2024-07-29,1722211200,2.1860450921977708
2024-07-30,1722297600,2.1621020694369832
2024-07-31,1722384000,2.113420673998271
2024-08-01,1722470400,2.1268395416449684
2024-08-02,1722556800,2.008353702367046
2024-08-03,1722643200,1.9812443013728793
2024-08-04,1722729600,1.9041213695639059
2024-08-05,1722816000,1.7775091411934436
2024-08-06,1722902400,1.8342378945378837
2024-08-07,1722988800,1.8050421151488918
2024-08-08,1723075200,2.0233746871513696
2024-08-09,1723161600,1.9836226255124891
2024-08-10,1723248000,1.985881163357535
2024-08-11,1723334400,1.9198117608913363
2024-08-12,1723420800,1.9378073606453943
2024-08-13,1723507200,1.974840919551763
2024-08-14,1723593600,1.9202807032603828
2024-08-15,1723680000,1.8816093757950276
2024-08-16,1723766400,1.923372458540656
2024-08-17,1723852800,1.9391799797938285
2024-08-18,1723939200,1.9187380634788647
2024-08-19,1724025600,1.937983511382208
2024-08-20,1724112000,1.9285074647790232
2024-08-21,1724198400,1.9929786513492436
2024-08-22,1724284800,1.9682960533362137
2024-08-23,1724371200,2.0863118471025026
2024-08-24,1724457600,2.082254486262678
2024-08-25,1724544000,2.097158946699036
2024-08-26,1724630400,2.0472981332875193
2024-08-27,1724716800,1.9386683808445782
2024-08-28,1724803200,1.9241281360400555
2024-08-29,1724889600,1.9287041400673273
2024-08-30,1724976000,1.9221952968810903
2024-08-31,1725062400,1.915811124967317
2024-09-01,1725148800,1.8637801944516852
2024-09-02,1725235200,1.877143284457
2024-09-03,1725321600,1.829729699885
2024-09-04,1725408000,1.841861370616
2024-09-05,1725494400,1.781930708989
2024-09-06,1725580800,1.710811543806
2024-09-07,1725667200,1.718206634267
2024-09-08,1725753600,1.743469313486
2024-09-09,1725840000,1.814072811646
2024-09-10,1725926400,1.830850569033
2024-09-11,1726012800,1.822802476165
2024-09-12,1726099200,1.844923692611
2024-09-13,1726185600,1.918166417135
2024-09-14,1726272000,1.901061522523
2024-09-15,1726358400,1.873189573393
2024-09-16,1726444800,1.844209085413
2024-09-17,1726531200,1.906555569386
2024-09-18,1726617600,1.938486988135
2024-09-19,1726704000,1.989407371018
2024-09-20,1726790400,1.991251479392
2024-09-21,1726876800,1.997224680189
2024-09-22,1726963200,2.00309504051
2024-09-23,1727049600,1.993210662996
2024-09-24,1727136000,2.02322807255
2024-09-25,1727222400,1.980828516174
2024-09-26,1727308800,2.040909822528
2024-09-27,1727395200,2.061133588941
2024-09-28,1727481600,2.059734897491
2024-09-29,1727568000,2.054377793402
2024-09-30,1727654400,1.980655974681
2024-10-01,1727740800,1.906306811115
2024-10-02,1727827200,1.901135632078
2024-10-03,1727913600,1.903667765594
2024-10-04,1728000000,1.942653036999
2024-10-05,1728086400,1.941600018448
2024-10-06,1728172800,1.964736190677
2024-10-07,1728259200,1.952455630153
2024-10-08,1728345600,1.926780183281
2024-10-09,1728432000,1.880158282942
2024-10-10,1728518400,1.868650690361
2024-10-11,1728604800,1.931911669891
2024-10-12,1728691200,1.953970337674
2024-10-13,1728777600,1.939547429605
2024-10-14,1728864000,2.039522213226
2024-10-15,1728950400,2.060181206339
2024-10-16,1729036800,2.079852586869
2024-10-17,1729123200,2.067823405287
2024-10-18,1729209600,2.097751626956
2024-10-19,1729296000,2.095293659588
2024-10-20,1729382400,2.110307256847
2024-10-21,1729468800,2.056928495458
2024-10-22,1729555200,2.0548573040083666
2024-10-23,1729641600,2.030149964645596
2024-10-24,1729728000,2.0735534317639304
2024-10-25,1729814400,2.015882390039284
2024-10-26,1729900800,2.038385405545456
2024-10-27,1729987200,2.0672450714484367
2024-10-28,1730073600,2.12079659111609
2024-10-29,1730160000,2.1993875776152856
2024-10-30,1730246400,2.1895048875101897
2024-10-31,1730332800,2.1253164193551783
2024-11-01,1730419200,2.096717117505966
2024-11-02,1730505600,2.088469515716
2024-11-03,1730592000,2.072996077959187
2024-11-04,1730678400,2.0421715913323313
2024-11-05,1730764800,2.0934035678438234
2024-11-06,1730851200,2.265383861200003
2024-11-07,1730937600,2.268079148113374
2024-11-08,1731024000,2.2784564278185018
2024-11-09,1731110400,2.2854908075229896
2024-11-10,1731196800,2.3862991652271037
2024-11-11,1731283200,2.614736204421691
2024-11-12,1731369600,2.574402718870185
2024-11-13,1731456000,2.6237625094988872
2024-11-14,1731542400,2.516917131040333
2024-11-15,1731628800,2.6166281818489865
2024-11-16,1731715200,2.5963251574245816
2024-11-17,1731801600,2.570045957525609
2024-11-18,1731888000,2.586767436063493
2024-11-19,1731974400,2.616096692148944
2024-11-20,1732060800,2.6545840511759584
2024-11-21,1732147200,2.7357035205093947
2024-11-22,1732233600,2.7268624607806946
2024-11-23,1732320000,2.682475835762373
2024-11-24,1732406400,2.684190145202477
2024-11-25,1732492800,2.550936868826199
2024-11-26,1732579200,2.504171774475637
2024-11-27,1732665600,2.606953545179931
2024-11-28,1732752000,2.5937387638687115
2024-11-29,1732838400,2.630994842256662
2024-11-30,1732924800,2.6035102735918114
2024-12-01,1733011200,2.627590012401485
2024-12-02,1733097600,2.572610271286454
2024-12-03,1733184000,2.5714581344527003
2024-12-04,1733270400,2.6375374682187815
2024-12-05,1733356800,2.5624396365200885
2024-12-06,1733443200,2.6197013566280365
2024-12-07,1733529600,2.6172416537051104
2024-12-08,1733616000,2.635830347444721
2024-12-09,1733702400,2.528321562198401
2024-12-10,1733788800,2.504255955643038
2024-12-11,1733875200,2.607825988676539
2024-12-12,1733961600,2.5725090268010704
2024-12-13,1734048000,2.5964143923269845
2024-12-14,1734134400,2.5956011229498386
2024-12-15,1734220800,2.671579602981782
2024-12-16,1734307200,2.690487024205537
2024-12-17,1734393600,2.6825053486643022
2024-12-18,1734480000,2.5337669288940026
2024-12-19,1734566400,2.449250681750823
2024-12-20,1734652800,2.438923701718572
2024-12-21,1734739200,2.424795342221161
2024-12-22,1734825600,2.36832468298583
2024-12-23,1734912000,2.3466031181287983
2024-12-24,1734998400,2.4325472895826454
2024-12-25,1735084800,2.4457574461003446
2024-12-26,1735171200,2.3548963638187823
2024-12-27,1735257600,2.316536046291274
2024-12-28,1735344000,2.3373921900161463
2024-12-29,1735430400,2.2939806186069815
2024-12-30,1735516800,2.264447243535571
2024-12-31,1735603200,2.2808124449322915
2025-01-01,1735689600,2.3030404933089104
2025-01-02,1735776000,2.3578841474857937
2025-01-03,1735862400,2.3862905574570155
2025-01-04,1735948800,2.3875160097101222
2025-01-05,1736035200,2.390965860098841
2025-01-06,1736121600,2.477062799747396
2025-01-07,1736208000,2.3467027834219376
2025-01-08,1736294400,2.298665904666954
2025-01-09,1736380800,2.233820238836667
2025-01-10,1736467200,2.290082536703305
2025-01-11,1736553600,2.285501707170164
2025-01-12,1736640000,2.278657758123868
2025-01-13,1736726400,2.2779845089607447
2025-01-14,1736812800,2.3280580564665416
2025-01-15,1736899200,2.4095410827754344
2025-01-16,1736985600,2.3989108291075403
2025-01-17,1737072000,2.495913169030756
2025-01-18,1737158400,2.4946785705686336
2025-01-19,1737244800,2.4106728700866626
2025-01-20,1737331200,2.4450561327537335
2025-01-21,1737417600,2.518858900509325
2025-01-22,1737504000,2.459018475131256
2025-01-23,1737590400,2.455447281433525
2025-01-24,1737676800,2.4651832101972833
2025-01-25,1737763200,2.4670204525538764
2025-01-26,1737849600,2.418361700134125
2025-01-27,1737936000,2.393412498448327
2025-01-28,1738022400,2.3732871181658965
2025-01-29,1738108800,2.436318963363576
2025-01-30,1738195200,2.4577562130040627
2025-01-31,1738281600,2.3926271926371028
2025-02-01,1738368000,2.353296238999732
2025-02-02,1738454400,2.278588298536274
2025-02-03,1738540800,2.3717271049935724
2025-02-04,1738627200,2.280750094282139
2025-02-05,1738713600,2.2465355832791136
2025-02-06,1738800000,2.243314171452448
2025-02-07,1738886400,2.2387599646519227
2025-02-08,1738972800,2.2429885869544703
2025-02-09,1739059200,2.232532160927027
2025-02-10,1739145600,2.2560105134383015
2025-02-11,1739232000,2.2178405166069126
2025-02-12,1739318400,2.2614665289821283
2025-02-13,1739404800,2.2326518009087044
2025-02-14,1739491200,2.2516623241667397
2025-02-15,1739577600,2.254483790385446
2025-02-16,1739664000,2.2219614753167987
2025-02-17,1739750400,2.212551004856131
2025-02-18,1739836800,2.2037234329299973
2025-02-19,1739923200,2.23047321584031
2025-02-20,1740009600,2.269163375900631
2025-02-21,1740096000,2.2145337837142764
2025-02-22,1740182400,2.2259723481715947
2025-02-23,1740268800,2.213616967746432
2025-02-24,1740355200,2.116419481382366
2025-02-25,1740441600,2.0450571925613175
2025-02-26,1740528000,1.9371568882829038
2025-02-27,1740614400,1.9512523008535438
2025-02-28,1740700800,1.9428821960052791
2025-03-01,1740787200,1.979772195615528
2025-03-02,1740873600,2.17233527887869
2025-03-03,1740960000,1.9890487557357124
2025-03-04,1741046400,2.011926611190173
2025-03-05,1741132800,2.085499742580572
2025-03-06,1741219200,2.074588033844596
2025-03-07,1741305600,1.990605455895191
2025-03-08,1741392000,1.9817025600012972
2025-03-09,1741478400,1.8553174468191107
2025-03-10,1741564800,1.8183074680565463
2025-03-11,1741651200,1.9029557814450992
2025-03-12,1741737600,1.9218834269936982
2025-03-13,1741824000,1.864334615532672
2025-03-14,1741910400,1.9320354593333133
2025-03-15,1741996800,1.9374873260847636
2025-03-16,1742083200,1.894746119450727
2025-03-17,1742169600,1.9296028955456381
2025-03-18,1742256000,1.8989060236861497
2025-03-19,1742342400,1.9911932421344407
2025-03-20,1742428800,1.929826803780835
2025-03-21,1742515200,1.928165154014055
2025-03-22,1742601600,1.9223588315764386
2025-03-23,1742688000,1.966380986053732
2025-03-24,1742774400,2.0008793939408274
2025-03-25,1742860800,2.0026741040033817
2025-03-26,1742947200,1.9885114032158295
2025-03-27,1743033600,1.996709094176898
2025-03-28,1743120000,1.9282823462091283
2025-03-29,1743206400,1.8872433668233977
2025-03-30,1743292800,1.881216185430681
2025-03-31,1743379200,1.8870880493017759
2025-04-01,1743465600,1.9500766862141923
2025-04-02,1743552000,1.8882773504046593
2025-04-03,1743638400,1.8941542618128036
2025-04-04,1743724800,1.9126673444102584
2025-04-05,1743811200,1.9016833447333794
2025-04-06,1743897600,1.7801240635878879
2025-04-07,1743984000,1.8128169226747144
2025-04-08,1744070400,1.7439655745926916
2025-04-09,1744156800,1.8872309635239621
2025-04-10,1744243200,1.8147281216378452
2025-04-11,1744329600,1.9005276237422863
2025-04-12,1744416000,1.9432833469455524
2025-04-13,1744502400,1.9039218772421993
2025-04-14,1744588800,1.9262023235820704
2025-04-15,1744675200,1.9071370551656621
2025-04-16,1744761600,1.9172708051026972
2025-04-17,1744848000,1.9396573992306128
2025-04-18,1744934400,1.927799316975245
2025-04-19,1745020800,1.9434572717156722
2025-04-20,1745107200,1.9426378432392224
2025-04-21,1745193600,1.9927995689339313
2025-04-22,1745280000,2.1282639230663345
2025-04-23,1745366400,2.1261098636422497
2025-04-24,1745452800,2.126194044694234
2025-04-25,1745539200,2.139689228562994
2025-04-26,1745625600,2.1368454882429617
2025-04-27,1745712000,2.116303078347162
2025-04-28,1745798400,2.1414599497479094
2025-04-29,1745884800,2.1164915940420426
2025-04-30,1745971200,2.117664419217392
2025-05-01,1746057600,2.1635056908519745
2025-05-02,1746144000,2.1700257371132774
2025-05-03,1746230400,2.148827641148182
2025-05-04,1746316800,2.1136160468529854
2025-05-05,1746403200,2.1198315170018898
2025-05-06,1746489600,2.1566030190508587
2025-05-07,1746576000,2.1641775871229822
2025-05-08,1746662400,2.2908345636251912
2025-05-09,1746748800,2.2831068959043845
2025-05-10,1746835200,2.3179930154044754
2025-05-11,1746921600,2.30314847924649
2025-05-12,1747008000,2.276547512358493
2025-05-13,1747094400,2.2970209363653464
2025-05-14,1747180800,2.2817352097814925
2025-05-15,1747267200,2.2793299047250057
2025-05-16,1747353600,2.272925986368772
2025-05-17,1747440000,2.263971398372875
2025-05-18,1747526400,2.3240704676353836
2025-05-19,1747612800,2.309462953385517
2025-05-20,1747699200,2.3328187609635207
2025-05-21,1747785600,2.387132485847717
2025-05-22,1747872000,2.4191148692725477
2025-05-23,1747958400,2.325244185229265
2025-05-24,1748044800,2.3375230632787902
2025-05-25,1748131200,2.3575883785824456
2025-05-26,1748217600,2.3615409622706873
2025-05-27,1748304000,2.3483230152239987
2025-05-28,1748390400,2.319565765914059
2025-05-29,1748476800,2.269515917375292
2025-05-30,1748563200,2.2301710388100866
2025-05-31,1748649600,2.2453195179282552
2025-06-01,1748736000,2.2668244854256177
2025-06-02,1748822400,2.263174032245519
2025-06-03,1748908800,2.249049850630191
2025-06-04,1748995200,2.2306295386760513
2025-06-05,1749081600,2.1644219757163037
2025-06-06,1749168000,2.221377259248508
2025-06-07,1749254400,2.246857184421021
2025-06-08,1749340800,2.2465926766265145
2025-06-09,1749427200,2.3383291419548384
2025-06-10,1749513600,2.3319943207037923
2025-06-11,1749600000,2.2994649025476215
2025-06-12,1749686400,2.2419620475504867
2025-06-13,1749772800,2.2394272436628913
2025-06-14,1749859200,2.227143824699812
2025-06-15,1749945600,2.227219971359887
2025-06-16,1750032000,2.258771912231857
2025-06-17,1750118400,2.2032072026463054
2025-06-18,1750204800,2.20581725377894
2025-06-19,1750291200,2.202308074044105
2025-06-20,1750377600,2.1712340906871987
2025-06-21,1750464000,2.1341088047568837
2025-06-22,1750550400,2.1199152283858615
2025-06-23,1750636800,2.2134869832042128
2025-06-24,1750723200,2.220349702793955
2025-06-25,1750809600,2.2450664068043222
2025-06-26,1750896000,2.2341438252792543
2025-06-27,1750982400,2.2307257878946083
2025-06-28,1751068800,2.2355962704995864
2025-06-29,1751155200,2.255148786868359
2025-06-30,1751241600,2.224449219216365
