d,unixTs,nupl
2020-01-01,1577836800,0.2233
2020-01-02,1577923200,0.1984
2020-01-03,1578009600,0.2386
2020-01-04,1578096000,0.2416
2020-01-05,1578182400,0.2418
2020-01-06,1578268800,0.2823
2020-01-07,1578355200,0.3145
2020-01-08,1578441600,0.3076
2020-01-09,1578528000,0.2858
2020-01-10,1578614400,0.3128
2020-01-11,1578700800,0.3044
2020-01-12,1578787200,0.3155
2020-01-13,1578873600,0.3117
2020-01-14,1578960000,0.3649
2020-01-15,1579046400,0.3625
2020-01-16,1579132800,0.3552
2020-01-17,1579219200,0.3686
2020-01-18,1579305600,0.3694
2020-01-19,1579392000,0.352
2020-01-20,1579478400,0.3482
2020-01-21,1579564800,0.355
2020-01-22,1579651200,0.3487
2020-01-23,1579737600,0.3268
2020-01-24,1579824000,0.3311
2020-01-25,1579910400,0.3247
2020-01-26,1579996800,0.3425
2020-01-27,1580083200,0.3663
2020-01-28,1580169600,0.3924
2020-01-29,1580256000,0.3922
2020-01-30,1580342400,0.4037
2020-01-31,1580428800,0.393
2020-02-01,1580515200,0.3943
2020-02-02,1580601600,0.3916
2020-02-03,1580688000,0.3872
2020-02-04,1580774400,0.3792
2020-02-05,1580860800,0.4086
2020-02-06,1580947200,0.4137
2020-02-07,1581033600,0.4151
2020-02-08,1581120000,0.4208
2020-02-09,1581206400,0.4339
2020-02-10,1581292800,0.4164
2020-02-11,1581379200,0.438
2020-02-12,1581465600,0.442
2020-02-13,1581552000,0.4346
2020-02-14,1581638400,0.4408
2020-02-15,1581724800,0.4155
2020-02-16,1581811200,0.4176
2020-02-17,1581897600,0.4014
2020-02-18,1581984000,0.43
2020-02-19,1582070400,0.3968
2020-02-20,1582156800,0.3955
2020-02-21,1582243200,0.4008
2020-02-22,1582329600,0.399
2020-02-23,1582416000,0.4165
2020-02-24,1582502400,0.3967
2020-02-25,1582588800,0.3764
2020-02-26,1582675200,0.3384
2020-02-27,1582761600,0.3373
2020-02-28,1582848000,0.3353
2020-02-29,1582934400,0.3224
2020-03-01,1583020800,0.3194
2020-03-02,1583107200,0.3469
2020-03-03,1583193600,0.3364
2020-03-04,1583280000,0.3371
2020-03-05,1583366400,0.3593
2020-03-06,1583452800,0.365
2020-03-07,1583539200,0.3473
2020-03-08,1583625600,0.2843
2020-03-09,1583712000,0.2663
2020-03-10,1583798400,0.2683
2020-03-11,1583884800,0.2729
2020-03-12,1583971200,-0.1396
2020-03-13,1584057600,0.0023
2020-03-14,1584144000,-0.0876
2020-03-15,1584230400,-0.0431
2020-03-16,1584316800,-0.1104
2020-03-17,1584403200,-0.026
2020-03-18,1584489600,-0.0299
2020-03-19,1584576000,0.104
2020-03-20,1584662400,0.1013
2020-03-21,1584748800,0.1017
2020-03-22,1584835200,0.0487
2020-03-23,1584921600,0.1446
2020-03-24,1585008000,0.1797
2020-03-25,1585094400,0.1695
2020-03-26,1585180800,0.1772
2020-03-27,1585267200,0.1444
2020-03-28,1585353600,0.1093
2020-03-29,1585440000,0.0609
2020-03-30,1585526400,0.1388
2020-03-31,1585612800,0.1386
2020-04-01,1585699200,0.1683
2020-04-02,1585785600,0.1865
2020-04-03,1585872000,0.1817
2020-04-04,1585958400,0.1945
2020-04-05,1586044800,0.1863
2020-04-06,1586131200,0.2417
2020-04-07,1586217600,0.2303
2020-04-08,1586304000,0.2491
2020-04-09,1586390400,0.2415
2020-04-10,1586476800,0.1961
2020-04-11,1586563200,0.1989
2020-04-12,1586649600,0.2098
2020-04-13,1586736000,0.1968
2020-04-14,1586822400,0.1983
2020-04-15,1586908800,0.1684
2020-04-16,1586995200,0.2268
2020-04-17,1587081600,0.2217
2020-04-18,1587168000,0.2409
2020-04-19,1587254400,0.229
2020-04-20,1587340800,0.1961
2020-04-21,1587427200,0.1983
2020-04-22,1587513600,0.2266
2020-04-23,1587600000,0.2636
2020-04-24,1587686400,0.2649
2020-04-25,1587772800,0.2678
2020-04-26,1587859200,0.2815
2020-04-27,1587945600,0.2887
2020-04-28,1588032000,0.2878
2020-04-29,1588118400,0.3636
2020-04-30,1588204800,0.3539
2020-05-01,1588291200,0.3677
2020-05-02,1588377600,0.3757
2020-05-03,1588464000,0.3696
2020-05-04,1588550400,0.3681
2020-05-05,1588636800,0.3748
2020-05-06,1588723200,0.3924
2020-05-07,1588809600,0.4326
2020-05-08,1588896000,0.4236
2020-05-09,1588982400,0.4066
2020-05-10,1589068800,0.3483
2020-05-11,1589155200,0.3396
2020-05-12,1589241600,0.3565
2020-05-13,1589328000,0.3903
2020-05-14,1589414400,0.4191
2020-05-15,1589500800,0.3894
2020-05-16,1589587200,0.3937
2020-05-17,1589673600,0.4113
2020-05-18,1589760000,0.4128
2020-05-19,1589846400,0.4136
2020-05-20,1589932800,0.3988
2020-05-21,1590019200,0.3695
2020-05-22,1590105600,0.3759
2020-05-23,1590192000,0.3772
2020-05-24,1590278400,0.3507
2020-05-25,1590364800,0.3586
2020-05-26,1590451200,0.3533
2020-05-27,1590537600,0.3764
2020-05-28,1590624000,0.402
2020-05-29,1590710400,0.3931
2020-05-30,1590796800,0.409
2020-05-31,1590883200,0.3929
2020-06-01,1590969600,0.4365
2020-06-02,1591056000,0.396
2020-06-03,1591142400,0.4037
2020-06-04,1591228800,0.4135
2020-06-05,1591315200,0.403
2020-06-06,1591401600,0.4044
2020-06-07,1591488000,0.409
2020-06-08,1591574400,0.4093
2020-06-09,1591660800,0.4095
2020-06-10,1591747200,0.4156
2020-06-11,1591833600,0.3775
2020-06-12,1591920000,0.3891
2020-06-13,1592006400,0.3893
2020-06-14,1592092800,0.3815
2020-06-15,1592179200,0.3877
2020-06-16,1592265600,0.3925
2020-06-17,1592352000,0.3878
2020-06-18,1592438400,0.3825
2020-06-19,1592524800,0.3756
2020-06-20,1592611200,0.3802
2020-06-21,1592697600,0.3752
2020-06-22,1592784000,0.4005
2020-06-23,1592870400,0.3956
2020-06-24,1592956800,0.3752
2020-06-25,1593043200,0.3722
2020-06-26,1593129600,0.3646
2020-06-27,1593216000,0.3535
2020-06-28,1593302400,0.361
2020-06-29,1593388800,0.3661
2020-06-30,1593475200,0.363
2020-07-01,1593561600,0.3696
2020-07-02,1593648000,0.3594
2020-07-03,1593734400,0.3574
2020-07-04,1593820800,0.3615
2020-07-05,1593907200,0.3582
2020-07-06,1593993600,0.3757
2020-07-07,1594080000,0.3698
2020-07-08,1594166400,0.381
2020-07-09,1594252800,0.3673
2020-07-10,1594339200,0.3708
2020-07-11,1594425600,0.3675
2020-07-12,1594512000,0.3709
2020-07-13,1594598400,0.3673
2020-07-14,1594684800,0.3686
2020-07-15,1594771200,0.364
2020-07-16,1594857600,0.3595
2020-07-17,1594944000,0.3612
2020-07-18,1595030400,0.3625
2020-07-19,1595116800,0.3653
2020-07-20,1595203200,0.3617
2020-07-21,1595289600,0.3764
2020-07-22,1595376000,0.3853
2020-07-23,1595462400,0.3898
2020-07-24,1595548800,0.3856
2020-07-25,1595635200,0.3951
2020-07-26,1595721600,0.4087
2020-07-27,1595808000,0.4659
2020-07-28,1595894400,0.4593
2020-07-29,1595980800,0.4666
2020-07-30,1596067200,0.4666
2020-07-31,1596153600,0.4751
2020-08-01,1596240000,0.4947
2020-08-02,1596326400,0.4624
2020-08-03,1596412800,0.4674
2020-08-04,1596499200,0.4654
2020-08-05,1596585600,0.4875
2020-08-06,1596672000,0.4876
2020-08-07,1596758400,0.4785
2020-08-08,1596844800,0.4839
2020-08-09,1596931200,0.4804
2020-08-10,1597017600,0.488
2020-08-11,1597104000,0.4658
2020-08-12,1597190400,0.4736
2020-08-13,1597276800,0.4817
2020-08-14,1597363200,0.4809
2020-08-15,1597449600,0.4845
2020-08-16,1597536000,0.4855
2020-08-17,1597622400,0.5011
2020-08-18,1597708800,0.4872
2020-08-19,1597795200,0.4758
2020-08-20,1597881600,0.481
2020-08-21,1597968000,0.4651
2020-08-22,1598054400,0.4721
2020-08-23,1598140800,0.4712
2020-08-24,1598227200,0.4754
2020-08-25,1598313600,0.4561
2020-08-26,1598400000,0.4611
2020-08-27,1598486400,0.4534
2020-08-28,1598572800,0.4629
2020-08-29,1598659200,0.4611
2020-08-30,1598745600,0.4702
2020-08-31,1598832000,0.4686
2020-09-01,1598918400,0.4804
2020-09-02,1599004800,0.455
2020-09-03,1599091200,0.3947
2020-09-04,1599177600,0.4067
2020-09-05,1599264000,0.387
2020-09-06,1599350400,0.3945
2020-09-07,1599436800,0.4012
2020-09-08,1599523200,0.3861
2020-09-09,1599609600,0.393
2020-09-10,1599696000,0.3995
2020-09-11,1599782400,0.4026
2020-09-12,1599868800,0.4054
2020-09-13,1599955200,0.3988
2020-09-14,1600041600,0.4177
2020-09-15,1600128000,0.4236
2020-09-16,1600214400,0.4328
2020-09-17,1600300800,0.4307
2020-09-18,1600387200,0.4295
2020-09-19,1600473600,0.4369
2020-09-20,1600560000,0.4288
2020-09-21,1600646400,0.4037
2020-09-22,1600732800,0.4068
2020-09-23,1600819200,0.3905
2020-09-24,1600905600,0.4188
2020-09-25,1600992000,0.4154
2020-09-26,1601078400,0.4184
2020-09-27,1601164800,0.4192
2020-09-28,1601251200,0.4173
2020-09-29,1601337600,0.4224
2020-09-30,1601424000,0.4186
2020-10-01,1601510400,0.4095
2020-10-02,1601596800,0.4074
2020-10-03,1601683200,0.4066
2020-10-04,1601769600,0.4125
2020-10-05,1601856000,0.418
2020-10-06,1601942400,0.4083
2020-10-07,1602028800,0.4119
2020-10-08,1602115200,0.4241
2020-10-09,1602201600,0.4324
2020-10-10,1602288000,0.4435
2020-10-11,1602374400,0.4468
2020-10-12,1602460800,0.4544
2020-10-13,1602547200,0.4486
2020-10-14,1602633600,0.4471
2020-10-15,1602720000,0.4507
2020-10-16,1602806400,0.4426
2020-10-17,1602892800,0.4436
2020-10-18,1602979200,0.4495
2020-10-19,1603065600,0.4599
2020-10-20,1603152000,0.4672
2020-10-21,1603238400,0.5033
2020-10-22,1603324800,0.505
2020-10-23,1603411200,0.5021
2020-10-24,1603497600,0.5072
2020-10-25,1603584000,0.5039
2020-10-26,1603670400,0.5048
2020-10-27,1603756800,0.5246
2020-10-28,1603843200,0.5099
2020-10-29,1603929600,0.5154
2020-10-30,1604016000,0.5193
2020-10-31,1604102400,0.5255
2020-11-01,1604188800,0.5223
2020-11-02,1604275200,0.5159
2020-11-03,1604361600,0.5227
2020-11-04,1604448000,0.5257
2020-11-05,1604534400,0.5666
2020-11-06,1604620800,0.5651
2020-11-07,1604707200,0.5428
2020-11-08,1604793600,0.5594
2020-11-09,1604880000,0.5531
2020-11-10,1604966400,0.552
2020-11-11,1605052800,0.5625
2020-11-12,1605139200,0.5756
2020-11-13,1605225600,0.5753
2020-11-14,1605312000,0.5686
2020-11-15,1605398400,0.565
2020-11-16,1605484800,0.5833
2020-11-17,1605571200,0.6028
2020-11-18,1605657600,0.6016
2020-11-19,1605744000,0.6007
2020-11-20,1605830400,0.6148
2020-11-21,1605916800,0.6139
2020-11-22,1606003200,0.6084
2020-11-23,1606089600,0.6044
2020-11-24,1606176000,0.618
2020-11-25,1606262400,0.6087
2020-11-26,1606348800,0.5702
2020-11-27,1606435200,0.5689
2020-11-28,1606521600,0.5839
2020-11-29,1606608000,0.5933
2020-11-30,1606694400,0.6208
2020-12-01,1606780800,0.6021
2020-12-02,1606867200,0.6081
2020-12-03,1606953600,0.6116
2020-12-04,1607040000,0.5955
2020-12-05,1607126400,0.603
2020-12-06,1607212800,0.6074
2020-12-07,1607299200,0.6028
2020-12-08,1607385600,0.5839
2020-12-09,1607472000,0.5872
2020-12-10,1607558400,0.5802
2020-12-11,1607644800,0.5741
2020-12-12,1607731200,0.5899
2020-12-13,1607817600,0.5942
2020-12-14,1607904000,0.5958
2020-12-15,1607990400,0.5974
2020-12-16,1608076800,0.6302
2020-12-17,1608163200,0.6478
2020-12-18,1608249600,0.6457
2020-12-19,1608336000,0.656
2020-12-20,1608422400,0.6492
2020-12-21,1608508800,0.6386
2020-12-22,1608595200,0.6468
2020-12-23,1608681600,0.6366
2020-12-24,1608768000,0.6394
2020-12-25,1608854400,0.6525
2020-12-26,1608940800,0.674
2020-12-27,1609027200,0.6704
2020-12-28,1609113600,0.6703
2020-12-29,1609200000,0.6674
2020-12-30,1609286400,0.6824
2020-12-31,1609372800,0.6816
2021-01-01,1609459200,0.6821
2021-01-02,1609545600,0.7025
2021-01-03,1609632000,0.7088
2021-01-04,1609718400,0.6913
2021-01-05,1609804800,0.7066
2021-01-06,1609891200,0.7223
2021-01-07,1609977600,0.7328
2021-01-08,1610064000,0.7361
2021-01-09,1610150400,0.7289
2021-01-10,1610236800,0.7123
2021-01-11,1610323200,0.6853
2021-01-12,1610409600,0.6694
2021-01-13,1610496000,0.6987
2021-01-14,1610582400,0.7093
2021-01-15,1610668800,0.6891
2021-01-16,1610755200,0.6835
2021-01-17,1610841600,0.6817
2021-01-18,1610928000,0.6843
2021-01-19,1611014400,0.6803
2021-01-20,1611100800,0.6728
2021-01-21,1611187200,0.6257
2021-01-22,1611273600,0.6474
2021-01-23,1611360000,0.6365
2021-01-24,1611446400,0.6382
2021-01-25,1611532800,0.6399
2021-01-26,1611619200,0.6418
2021-01-27,1611705600,0.613
2021-01-28,1611792000,0.6473
2021-01-29,1611878400,0.6517
2021-01-30,1611964800,0.6526
2021-01-31,1612051200,0.639
2021-02-01,1612137600,0.6427
2021-02-02,1612224000,0.6613
2021-02-03,1612310400,0.6776
2021-02-04,1612396800,0.6717
2021-02-05,1612483200,0.6768
2021-02-06,1612569600,0.686
2021-02-07,1612656000,0.6817
2021-02-08,1612742400,0.7266
2021-02-09,1612828800,0.7236
2021-02-10,1612915200,0.7116
2021-02-11,1613001600,0.7257
2021-02-12,1613088000,0.7207
2021-02-13,1613174400,0.7181
2021-02-14,1613260800,0.7264
2021-02-15,1613347200,0.7192
2021-02-16,1613433600,0.7232
2021-02-17,1613520000,0.7364
2021-02-18,1613606400,0.7304
2021-02-19,1613692800,0.7442
2021-02-20,1613779200,0.7421
2021-02-21,1613865600,0.7474
2021-02-22,1613952000,0.7288
2021-02-23,1614038400,0.696
2021-02-24,1614124800,0.6997
2021-02-25,1614211200,0.6852
2021-02-26,1614297600,0.6738
2021-02-27,1614384000,0.6716
2021-02-28,1614470400,0.6676
2021-03-01,1614556800,0.6942
2021-03-02,1614643200,0.6846
2021-03-03,1614729600,0.6982
2021-03-04,1614816000,0.6837
2021-03-05,1614902400,0.6846
2021-03-06,1614988800,0.6851
2021-03-07,1615075200,0.6975
2021-03-08,1615161600,0.7015
2021-03-09,1615248000,0.7142
2021-03-10,1615334400,0.7193
2021-03-11,1615420800,0.7247
2021-03-12,1615507200,0.7199
2021-03-13,1615593600,0.7361
2021-03-14,1615680000,0.7286
2021-03-15,1615766400,0.7091
2021-03-16,1615852800,0.7095
2021-03-17,1615939200,0.7186
2021-03-18,1616025600,0.7132
2021-03-19,1616112000,0.7146
2021-03-20,1616198400,0.7141
2021-03-21,1616284800,0.7093
2021-03-22,1616371200,0.6924
2021-03-23,1616457600,0.691
2021-03-24,1616544000,0.6785
2021-03-25,1616630400,0.6706
2021-03-26,1616716800,0.6884
2021-03-27,1616803200,0.6941
2021-03-28,1616889600,0.6918
2021-03-29,1616976000,0.7004
2021-03-30,1617062400,0.7044
2021-03-31,1617148800,0.7038
2021-04-01,1617235200,0.702
2021-04-02,1617321600,0.7019
2021-04-03,1617408000,0.6925
2021-04-04,1617494400,0.6968
2021-04-05,1617580800,0.6988
2021-04-06,1617667200,0.6903
2021-04-07,1617753600,0.6797
2021-04-08,1617840000,0.6881
2021-04-09,1617926400,0.6878
2021-04-10,1618012800,0.6947
2021-04-11,1618099200,0.6955
2021-04-12,1618185600,0.694
2021-04-13,1618272000,0.7088
2021-04-14,1618358400,0.7038
2021-04-15,1618444800,0.7036
2021-04-16,1618531200,0.6948
2021-04-17,1618617600,0.6875
2021-04-18,1618704000,0.6621
2021-04-19,1618790400,0.6582
2021-04-20,1618876800,0.6616
2021-04-21,1618963200,0.6462
2021-04-22,1619049600,0.6309
2021-04-23,1619136000,0.6239
2021-04-24,1619222400,0.6182
2021-04-25,1619308800,0.6078
2021-04-26,1619395200,0.6428
2021-04-27,1619481600,0.6482
2021-04-28,1619568000,0.646
2021-04-29,1619654400,0.6367
2021-04-30,1619740800,0.6611
2021-05-01,1619827200,0.6613
2021-05-02,1619913600,0.6531
2021-05-03,1620000000,0.6563
2021-05-04,1620086400,0.6333
2021-05-05,1620172800,0.6553
2021-05-06,1620259200,0.6486
2021-05-07,1620345600,0.6515
2021-05-08,1620432000,0.6592
2021-05-09,1620518400,0.6557
2021-05-10,1620604800,0.6406
2021-05-11,1620691200,0.6445
2021-05-12,1620777600,0.6045
2021-05-13,1620864000,0.5917
2021-05-14,1620950400,0.5967
2021-05-15,1621036800,0.5715
2021-05-16,1621123200,0.5621
2021-05-17,1621209600,0.538
2021-05-18,1621296000,0.5309
2021-05-19,1621382400,0.4706
2021-05-20,1621468800,0.5127
2021-05-21,1621555200,0.4665
2021-05-22,1621641600,0.4741
2021-05-23,1621728000,0.4315
2021-05-24,1621814400,0.4868
2021-05-25,1621900800,0.4827
2021-05-26,1621987200,0.4947
2021-05-27,1622073600,0.4862
2021-05-28,1622160000,0.4453
2021-05-29,1622246400,0.4312
2021-05-30,1622332800,0.4462
2021-05-31,1622419200,0.4707
2021-06-01,1622505600,0.4609
2021-06-02,1622592000,0.4751
2021-06-03,1622678400,0.4947
2021-06-04,1622764800,0.4643
2021-06-05,1622851200,0.4425
2021-06-06,1622937600,0.4476
2021-06-07,1623024000,0.4161
2021-06-08,1623110400,0.4132
2021-06-09,1623196800,0.473
2021-06-10,1623283200,0.4656
2021-06-11,1623369600,0.4705
2021-06-12,1623456000,0.4483
2021-06-13,1623542400,0.494
2021-06-14,1623628800,0.5122
2021-06-15,1623715200,0.5093
2021-06-16,1623801600,0.484
2021-06-17,1623888000,0.4812
2021-06-18,1623974400,0.4714
2021-06-19,1624060800,0.446
2021-06-20,1624147200,0.4343
2021-06-21,1624233600,0.3975
2021-06-22,1624320000,0.4039
2021-06-23,1624406400,0.4165
2021-06-24,1624492800,0.4378
2021-06-25,1624579200,0.3979
2021-06-26,1624665600,0.3806
2021-06-27,1624752000,0.4049
2021-06-28,1624838400,0.435
2021-06-29,1624924800,0.4626
2021-06-30,1625011200,0.4386
2021-07-01,1625097600,0.4196
2021-07-02,1625184000,0.4273
2021-07-03,1625270400,0.4427
2021-07-04,1625356800,0.4525
2021-07-05,1625443200,0.4294
2021-07-06,1625529600,0.4301
2021-07-07,1625616000,0.4423
2021-07-08,1625702400,0.4111
2021-07-09,1625788800,0.4299
2021-07-10,1625875200,0.4201
2021-07-11,1625961600,0.4287
2021-07-12,1626048000,0.4109
2021-07-13,1626134400,0.4079
2021-07-14,1626220800,0.4113
2021-07-15,1626307200,0.3924
2021-07-16,1626393600,0.3873
2021-07-17,1626480000,0.3867
2021-07-18,1626566400,0.3888
2021-07-19,1626652800,0.3725
2021-07-20,1626739200,0.3533
2021-07-21,1626825600,0.393
2021-07-22,1626912000,0.4014
2021-07-23,1626998400,0.4228
2021-07-24,1627084800,0.4349
2021-07-25,1627171200,0.4501
2021-07-26,1627257600,0.4819
2021-07-27,1627344000,0.4864
2021-07-28,1627430400,0.5091
2021-07-29,1627516800,0.4998
2021-07-30,1627603200,0.5128
2021-07-31,1627689600,0.5234
2021-08-01,1627776000,0.5179
2021-08-02,1627862400,0.4931
2021-08-03,1627948800,0.4799
2021-08-04,1628035200,0.4981
2021-08-05,1628121600,0.5123
2021-08-06,1628208000,0.5318
2021-08-07,1628294400,0.5446
2021-08-08,1628380800,0.5434
2021-08-09,1628467200,0.5659
2021-08-10,1628553600,0.5578
2021-08-11,1628640000,0.5591
2021-08-12,1628726400,0.5465
2021-08-13,1628812800,0.5767
2021-08-14,1628899200,0.5662
2021-08-15,1628985600,0.5667
2021-08-16,1629072000,0.5599
2021-08-17,1629158400,0.5495
2021-08-18,1629244800,0.5446
2021-08-19,1629331200,0.5632
2021-08-20,1629417600,0.5808
2021-08-21,1629504000,0.5839
2021-08-22,1629590400,0.5779
2021-08-23,1629676800,0.5861
2021-08-24,1629763200,0.5762
2021-08-25,1629849600,0.5775
2021-08-26,1629936000,0.5616
2021-08-27,1630022400,0.5781
2021-08-28,1630108800,0.5761
2021-08-29,1630195200,0.5771
2021-08-30,1630281600,0.5748
2021-08-31,1630368000,0.5593
2021-09-01,1630454400,0.5701
2021-09-02,1630540800,0.5805
2021-09-03,1630627200,0.5825
2021-09-04,1630713600,0.5826
2021-09-05,1630800000,0.5962
2021-09-06,1630886400,0.6031
2021-09-07,1630972800,0.5543
2021-09-08,1631059200,0.5479
2021-09-09,1631145600,0.5482
2021-09-10,1631232000,0.537
2021-09-11,1631318400,0.5366
2021-09-12,1631404800,0.5471
2021-09-13,1631491200,0.5353
2021-09-14,1631577600,0.5529
2021-09-15,1631664000,0.564
2021-09-16,1631750400,0.5538
2021-09-17,1631836800,0.5534
2021-09-18,1631923200,0.5617
2021-09-19,1632009600,0.5576
2021-09-20,1632096000,0.518
2021-09-21,1632182400,0.4827
2021-09-22,1632268800,0.5172
2021-09-23,1632355200,0.5302
2021-09-24,1632441600,0.5117
2021-09-25,1632528000,0.5085
2021-09-26,1632614400,0.5099
2021-09-27,1632700800,0.5052
2021-09-28,1632787200,0.4948
2021-09-29,1632873600,0.4905
2021-09-30,1632960000,0.5169
2021-10-01,1633046400,0.5586
2021-10-02,1633132800,0.5571
2021-10-03,1633219200,0.5609
2021-10-04,1633305600,0.5676
2021-10-05,1633392000,0.5854
2021-10-06,1633478400,0.6076
2021-10-07,1633564800,0.5984
2021-10-08,1633651200,0.5987
2021-10-09,1633737600,0.6034
2021-10-10,1633824000,0.6084
2021-10-11,1633910400,0.6207
2021-10-12,1633996800,0.6116
2021-10-13,1634083200,0.6183
2021-10-14,1634169600,0.6174
2021-10-15,1634256000,0.6408
2021-10-16,1634342400,0.637
2021-10-17,1634428800,0.6396
2021-10-18,1634515200,0.6401
2021-10-19,1634601600,0.6514
2021-10-20,1634688000,0.6585
2021-10-21,1634774400,0.6372
2021-10-22,1634860800,0.6273
2021-10-23,1634947200,0.63
2021-10-24,1635033600,0.6267
2021-10-25,1635120000,0.6379
2021-10-26,1635206400,0.6217
2021-10-27,1635292800,0.6099
2021-10-28,1635379200,0.6219
2021-10-29,1635465600,0.6309
2021-10-30,1635552000,0.628
2021-10-31,1635638400,0.6241
2021-11-01,1635724800,0.6211
2021-11-02,1635811200,0.6304
2021-11-03,1635897600,0.6286
2021-11-04,1635984000,0.619
2021-11-05,1636070400,0.6156
2021-11-06,1636156800,0.618
2021-11-07,1636243200,0.6272
2021-11-08,1636329600,0.6497
2021-11-09,1636416000,0.6461
2021-11-10,1636502400,0.6325
2021-11-11,1636588800,0.6328
2021-11-12,1636675200,0.6227
2021-11-13,1636761600,0.6242
2021-11-14,1636848000,0.6275
2021-11-15,1636934400,0.6192
2021-11-16,1637020800,0.597
2021-11-17,1637107200,0.5952
2021-11-18,1637193600,0.5722
2021-11-19,1637280000,0.5809
2021-11-20,1637366400,0.5927
2021-11-21,1637452800,0.5876
2021-11-22,1637539200,0.5688
2021-11-23,1637625600,0.5778
2021-11-24,1637712000,0.5739
2021-11-25,1637798400,0.5842
2021-11-26,1637884800,0.5451
2021-11-27,1637971200,0.5521
2021-11-28,1638057600,0.572
2021-11-29,1638144000,0.5762
2021-11-30,1638230400,0.5698
2021-12-01,1638316800,0.5698
2021-12-02,1638403200,0.5653
2021-12-03,1638489600,0.5423
2021-12-04,1638576000,0.5023
2021-12-05,1638662400,0.5042
2021-12-06,1638748800,0.5163
2021-12-07,1638835200,0.5156
2021-12-08,1638921600,0.515
2021-12-09,1639008000,0.4899
2021-12-10,1639094400,0.4849
2021-12-11,1639180800,0.5042
2021-12-12,1639267200,0.5121
2021-12-13,1639353600,0.4779
2021-12-14,1639440000,0.4936
2021-12-15,1639526400,0.499
2021-12-16,1639612800,0.4868
2021-12-17,1639699200,0.4727
2021-12-18,1639785600,0.479
2021-12-19,1639872000,0.4787
2021-12-20,1639958400,0.4798
2021-12-21,1640044800,0.5018
2021-12-22,1640131200,0.4977
2021-12-23,1640217600,0.5169
2021-12-24,1640304000,0.5173
2021-12-25,1640390400,0.5155
2021-12-26,1640476800,0.5173
2021-12-27,1640563200,0.5171
2021-12-28,1640649600,0.4861
2021-12-29,1640736000,0.4733
2021-12-30,1640822400,0.4801
2021-12-31,1640908800,0.4718
2022-01-01,1640995200,0.4851
2022-01-02,1641081600,0.4828
2022-01-03,1641168000,0.473
2022-01-04,1641254400,0.4672
2022-01-05,1641340800,0.4389
2022-01-06,1641427200,0.4344
2022-01-07,1641513600,0.4133
2022-01-08,1641600000,0.4176
2022-01-09,1641686400,0.4189
2022-01-10,1641772800,0.4181
2022-01-11,1641859200,0.4312
2022-01-12,1641945600,0.4462
2022-01-13,1642032000,0.4292
2022-01-14,1642118400,0.4356
2022-01-15,1642204800,0.4369
2022-01-16,1642291200,0.4363
2022-01-17,1642377600,0.4241
2022-01-18,1642464000,0.4272
2022-01-19,1642550400,0.4193
2022-01-20,1642636800,0.4053
2022-01-21,1642723200,0.3398
2022-01-22,1642809600,0.3128
2022-01-23,1642896000,0.337
2022-01-24,1642982400,0.3448
2022-01-25,1643068800,0.3502
2022-01-26,1643155200,0.3484
2022-01-27,1643241600,0.3522
2022-01-28,1643328000,0.3657
2022-01-29,1643414400,0.3721
2022-01-30,1643500800,0.3709
2022-01-31,1643587200,0.3788
2022-02-01,1643673600,0.3806
2022-02-02,1643760000,0.3503
2022-02-03,1643846400,0.3527
2022-02-04,1643932800,0.4149
2022-02-05,1644019200,0.4207
2022-02-06,1644105600,0.4321
2022-02-07,1644192000,0.451
2022-02-08,1644278400,0.454
2022-02-09,1644364800,0.4565
2022-02-10,1644451200,0.4465
2022-02-11,1644537600,0.43
2022-02-12,1644624000,0.4272
2022-02-13,1644710400,0.4275
2022-02-14,1644796800,0.4335
2022-02-15,1644883200,0.4564
2022-02-16,1644969600,0.4508
2022-02-17,1645056000,0.405
2022-02-18,1645142400,0.397
2022-02-19,1645228800,0.3978
2022-02-20,1645315200,0.3741
2022-02-21,1645401600,0.3504
2022-02-22,1645488000,0.3692
2022-02-23,1645574400,0.3542
2022-02-24,1645660800,0.3707
2022-02-25,1645747200,0.3873
2022-02-26,1645833600,0.3833
2022-02-27,1645920000,0.3609
2022-02-28,1646006400,0.4401
2022-03-01,1646092800,0.4539
2022-03-02,1646179200,0.4493
2022-03-03,1646265600,0.4297
2022-03-04,1646352000,0.3816
2022-03-05,1646438400,0.386
2022-03-06,1646524800,0.3704
2022-03-07,1646611200,0.3666
2022-03-08,1646697600,0.3765
2022-03-09,1646784000,0.4238
2022-03-10,1646870400,0.3867
2022-03-11,1646956800,0.3771
2022-03-12,1647043200,0.3791
2022-03-13,1647129600,0.3604
2022-03-14,1647216000,0.3898
2022-03-15,1647302400,0.3855
2022-03-16,1647388800,0.4108
2022-03-17,1647475200,0.4094
2022-03-18,1647561600,0.4211
2022-03-19,1647648000,0.426
2022-03-20,1647734400,0.4135
2022-03-21,1647820800,0.4102
2022-03-22,1647907200,0.428
2022-03-23,1647993600,0.4323
2022-03-24,1648080000,0.4477
2022-03-25,1648166400,0.4496
2022-03-26,1648252800,0.4516
2022-03-27,1648339200,0.4772
2022-03-28,1648425600,0.4808
2022-03-29,1648512000,0.4824
2022-03-30,1648598400,0.4782
2022-03-31,1648684800,0.4607
2022-04-01,1648771200,0.4681
2022-04-02,1648857600,0.4646
2022-04-03,1648944000,0.4701
2022-04-04,1649030400,0.4722
2022-04-05,1649116800,0.461
2022-04-06,1649203200,0.4321
2022-04-07,1649289600,0.4356
2022-04-08,1649376000,0.4182
2022-04-09,1649462400,0.4243
2022-04-10,1649548800,0.4188
2022-04-11,1649635200,0.3799
2022-04-12,1649721600,0.3876
2022-04-13,1649808000,0.4031
2022-04-14,1649894400,0.3843
2022-04-15,1649980800,0.3934
2022-04-16,1650067200,0.3922
2022-04-17,1650153600,0.381
2022-04-18,1650240000,0.3978
2022-04-19,1650326400,0.4073
2022-04-20,1650412800,0.4058
2022-04-21,1650499200,0.3911
2022-04-22,1650585600,0.3806
2022-04-23,1650672000,0.3782
2022-04-24,1650758400,0.3771
2022-04-25,1650844800,0.3919
2022-04-26,1650931200,0.3547
2022-04-27,1651017600,0.3735
2022-04-28,1651104000,0.3818
2022-04-29,1651190400,0.3641
2022-04-30,1651276800,0.3495
2022-05-01,1651363200,0.362
2022-05-02,1651449600,0.3647
2022-05-03,1651536000,0.3511
2022-05-04,1651622400,0.3822
2022-05-05,1651708800,0.3304
2022-05-06,1651795200,0.3225
2022-05-07,1651881600,0.3127
2022-05-08,1651968000,0.2842
2022-05-09,1652054400,0.2047
2022-05-10,1652140800,0.2201
2022-05-11,1652227200,0.1659
2022-05-12,1652313600,0.1746
2022-05-13,1652400000,0.1834
2022-05-14,1652486400,0.2029
2022-05-15,1652572800,0.2316
2022-05-16,1652659200,0.1992
2022-05-17,1652745600,0.2142
2022-05-18,1652832000,0.1701
2022-05-19,1652918400,0.2115
2022-05-20,1653004800,0.1849
2022-05-21,1653091200,0.1905
2022-05-22,1653177600,0.2147
2022-05-23,1653264000,0.1823
2022-05-24,1653350400,0.1977
2022-05-25,1653436800,0.1963
2022-05-26,1653523200,0.1903
2022-05-27,1653609600,0.1714
2022-05-28,1653696000,0.1838
2022-05-29,1653782400,0.1906
2022-05-30,1653868800,0.2524
2022-05-31,1653955200,0.2539
2022-06-01,1654041600,0.2052
2022-06-02,1654128000,0.2245
2022-06-03,1654214400,0.2034
2022-06-04,1654300800,0.2076
2022-06-05,1654387200,0.211
2022-06-06,1654473600,0.247
2022-06-07,1654560000,0.244
2022-06-08,1654646400,0.2208
2022-06-09,1654732800,0.2176
2022-06-10,1654819200,0.1917
2022-06-11,1654905600,0.1724
2022-06-12,1654992000,0.1263
2022-06-13,1655078400,-0.0391
2022-06-14,1655164800,-0.043
2022-06-15,1655251200,-0.0177
2022-06-16,1655337600,-0.1235
2022-06-17,1655424000,-0.1106
2022-06-18,1655510400,-0.1908
2022-06-19,1655596800,-0.1048
2022-06-20,1655683200,-0.0996
2022-06-21,1655769600,-0.0915
2022-06-22,1655856000,-0.1266
2022-06-23,1655942400,-0.0679
2022-06-24,1656028800,-0.0568
2022-06-25,1656115200,-0.0487
2022-06-26,1656201600,-0.0684
2022-06-27,1656288000,-0.0832
2022-06-28,1656374400,-0.1081
2022-06-29,1656460800,-0.117
2022-06-30,1656547200,-0.156
2022-07-01,1656633600,-0.1537
2022-07-02,1656720000,-0.1597
2022-07-03,1656806400,-0.1562
2022-07-04,1656892800,-0.102
2022-07-05,1656979200,-0.1033
2022-07-06,1657065600,-0.0816
2022-07-07,1657152000,-0.0271
2022-07-08,1657238400,-0.019
2022-07-09,1657324800,-0.0282
2022-07-10,1657411200,-0.065
2022-07-11,1657497600,-0.1071
2022-07-12,1657584000,-0.1423
2022-07-13,1657670400,-0.0959
2022-07-14,1657756800,-0.0738
2022-07-15,1657843200,-0.0555
2022-07-16,1657929600,-0.0374
2022-07-17,1658016000,-0.0378
2022-07-18,1658102400,0.011200000000000002
2022-07-19,1658188800,0.0602
2022-07-20,1658275200,0.0562
2022-07-21,1658361600,0.0526
2022-07-22,1658448000,0.0359
2022-07-23,1658534400,0.027
2022-07-24,1658620800,0.0345
2022-07-25,1658707200,-0.0155
2022-07-26,1658793600,-0.0304
2022-07-27,1658880000,0.0463
2022-07-28,1658966400,0.0834
2022-07-29,1659052800,0.0877
2022-07-30,1659139200,0.0751
2022-07-31,1659225600,0.0648
2022-08-01,1659312000,0.0637
2022-08-02,1659398400,0.052
2022-08-03,1659484800,0.0641
2022-08-04,1659571200,0.0362
2022-08-05,1659657600,0.0618
2022-08-06,1659744000,0.0516
2022-08-07,1659830400,0.058
2022-08-08,1659916800,0.0836
2022-08-09,1660003200,0.0604
2022-08-10,1660089600,0.0887
2022-08-11,1660176000,0.0893
2022-08-12,1660262400,0.1063
2022-08-13,1660348800,0.1074
2022-08-14,1660435200,0.1034
2022-08-15,1660521600,0.0951
2022-08-16,1660608000,0.087
2022-08-17,1660694400,0.0668
2022-08-18,1660780800,0.0623
2022-08-19,1660867200,-0.0393
2022-08-20,1660953600,-0.0272
2022-08-21,1661040000,-0.0078
2022-08-22,1661126400,-0.0191
2022-08-23,1661212800,-0.0078
2022-08-24,1661299200,-0.0125
2022-08-25,1661385600,-0.0045
2022-08-26,1661472000,-0.0701
2022-08-27,1661558400,-0.0802
2022-08-28,1661644800,-0.1004
2022-08-29,1661731200,-0.068
2022-08-30,1661817600,-0.0906
2022-08-31,1661904000,-0.0793
2022-09-01,1661990400,-0.0743
2022-09-02,1662076800,-0.0818
2022-09-03,1662163200,-0.0896
2022-09-04,1662249600,-0.0811
2022-09-05,1662336000,-0.0897
2022-09-06,1662422400,-0.143
2022-09-07,1662508800,-0.1161
2022-09-08,1662595200,-0.114
2022-09-09,1662681600,-0.0081
2022-09-10,1662768000,0.0082
2022-09-11,1662854400,0.0092
2022-09-12,1662940800,0.037
2022-09-13,1663027200,-0.0645
2022-09-14,1663113600,-0.0592
2022-09-15,1663200000,-0.0872
2022-09-16,1663286400,-0.0844
2022-09-17,1663372800,-0.0638
2022-09-18,1663459200,-0.1014
2022-09-19,1663545600,-0.0933
2022-09-20,1663632000,-0.132
2022-09-21,1663718400,-0.1534
2022-09-22,1663804800,-0.0995
2022-09-23,1663891200,-0.1042
2022-09-24,1663977600,-0.1274
2022-09-25,1664064000,-0.135
2022-09-26,1664150400,-0.1107
2022-09-27,1664236800,-0.1154
2022-09-28,1664323200,-0.0947
2022-09-29,1664409600,-0.0895
2022-09-30,1664496000,-0.0946
2022-10-01,1664582400,-0.1014
2022-10-02,1664668800,-0.1183
2022-10-03,1664755200,-0.0831
2022-10-04,1664841600,-0.0454
2022-10-05,1664928000,-0.0547
2022-10-06,1665014400,-0.0651
2022-10-07,1665100800,-0.087
2022-10-08,1665187200,-0.0934
2022-10-09,1665273600,-0.0926
2022-10-10,1665360000,-0.1077
2022-10-11,1665446400,-0.114
2022-10-12,1665532800,-0.106
2022-10-13,1665619200,-0.0925
2022-10-14,1665705600,-0.1041
2022-10-15,1665792000,-0.1102
2022-10-16,1665878400,-0.099
2022-10-17,1665964800,-0.0815
2022-10-18,1666051200,-0.0941
2022-10-19,1666137600,-0.1054
2022-10-20,1666224000,-0.1108
2022-10-21,1666310400,-0.1024
2022-10-22,1666396800,-0.0997
2022-10-23,1666483200,-0.0796
2022-10-24,1666569600,-0.092
2022-10-25,1666656000,-0.0513
2022-10-26,1666742400,-0.0163
2022-10-27,1666828800,-0.0421
2022-10-28,1666915200,-0.0256
2022-10-29,1667001600,-0.0158
2022-10-30,1667088000,-0.0248
2022-10-31,1667174400,-0.0308
2022-11-01,1667260800,-0.0309
2022-11-02,1667347200,-0.0477
2022-11-03,1667433600,-0.0449
2022-11-04,1667520000,0.001
2022-11-05,1667606400,0.0071
2022-11-06,1667692800,-0.0087
2022-11-07,1667779200,-0.0245
2022-11-08,1667865600,-0.1354
2022-11-09,1667952000,-0.3263
2022-11-10,1668038400,-0.1906
2022-11-11,1668124800,-0.2325
2022-11-12,1668211200,-0.2401
2022-11-13,1668297600,-0.2734
2022-11-14,1668384000,-0.2479
2022-11-15,1668470400,-0.229
2022-11-16,1668556800,-0.2406
2022-11-17,1668643200,-0.2342
2022-11-18,1668729600,-0.2217
2022-11-19,1668816000,-0.2186
2022-11-20,1668902400,-0.2513
2022-11-21,1668988800,-0.286
2022-11-22,1669075200,-0.2531
2022-11-23,1669161600,-0.2233
2022-11-24,1669248000,-0.2219
2022-11-25,1669334400,-0.2255
2022-11-26,1669420800,-0.2304
2022-11-27,1669507200,-0.23835
2022-11-28,1669593600,-0.2463
2022-11-29,1669680000,-0.2283
2022-11-30,1669766400,-0.1754
2022-12-01,1669852800,-0.1897
2022-12-02,1669939200,-0.1811
2022-12-03,1670025600,-0.193
2022-12-04,1670112000,-0.1769
2022-12-05,1670198400,-0.1839
2022-12-06,1670284800,-0.1759
2022-12-07,1670371200,-0.1912
2022-12-08,1670457600,-0.1642
2022-12-09,1670544000,-0.1696
2022-12-10,1670630400,-0.1704
2022-12-11,1670716800,-0.172
2022-12-12,1670803200,-0.1648
2022-12-13,1670889600,-0.1265
2022-12-14,1670976000,-0.1233
2022-12-15,1671062400,-0.153
2022-12-16,1671148800,-0.2034
2022-12-17,1671235200,-0.191
2022-12-18,1671321600,-0.1907
2022-12-19,1671408000,-0.2143
2022-12-20,1671494400,-0.1798
2022-12-21,1671580800,-0.186
2022-12-22,1671667200,-0.1846
2022-12-23,1671753600,-0.1864
2022-12-24,1671840000,-0.1822
2022-12-25,1671926400,-0.1824
2022-12-26,1672012800,-0.1784
2022-12-27,1672099200,-0.1906
2022-12-28,1672185600,-0.2005
2022-12-29,1672272000,-0.1926
2022-12-30,1672358400,-0.1948
2022-12-31,1672444800,-0.1973
2023-01-01,1672531200,-0.19119999999999998
2023-01-02,1672617600,-0.1851
2023-01-03,1672704000,-0.1859
2023-01-04,1672790400,-0.1728
2023-01-05,1672876800,-0.174
2023-01-06,1672963200,-0.1641
2023-01-07,1673049600,-0.16044999999999998
2023-01-08,1673136000,-0.1568
2023-01-09,1673222400,-0.1484
2023-01-10,1673308800,-0.1313
2023-01-11,1673395200,-0.1051
2023-01-12,1673481600,-0.045
2023-01-13,1673568000,0.0067
2023-01-14,1673654400,0.0601
2023-01-15,1673740800,0.0539
2023-01-16,1673827200,0.0671
2023-01-17,1673913600,0.0665
2023-01-18,1674000000,0.0456
2023-01-19,1674086400,0.0622
2023-01-20,1674172800,0.127
2023-01-21,1674259200,0.12775
2023-01-22,1674345600,0.1285
2023-01-23,1674432000,0.1263
2023-01-24,1674518400,0.1241
2023-01-25,1674604800,0.1425
2023-01-26,1674691200,0.1393
2023-01-27,1674777600,0.1421
2023-01-28,1674864000,0.1397
2023-01-29,1674950400,0.1671
2023-01-30,1675036800,0.1315
2023-01-31,1675123200,0.1435
2023-02-01,1675209600,0.164
2023-02-02,1675296000,0.156
2023-02-03,1675382400,0.1536
2023-02-04,1675468800,0.15
2023-02-05,1675555200,0.1353
2023-02-06,1675641600,0.1272
2023-02-07,1675728000,0.1465
2023-02-08,1675814400,0.1342
2023-02-09,1675900800,0.0901
2023-02-10,1675987200,0.0821
2023-02-11,1676073600,0.0924
2023-02-12,1676160000,0.0886
2023-02-13,1676246400,0.0898
2023-02-14,1676332800,0.1071
2023-02-15,1676419200,0.1828
2023-02-16,1676505600,0.1632
2023-02-17,1676592000,0.1921
2023-02-18,1676678400,0.1929
2023-02-19,1676764800,0.1839
2023-02-20,1676851200,0.1979
2023-02-21,1676937600,0.1847
2023-02-22,1677024000,0.1769
2023-02-23,1677110400,0.168
2023-02-24,1677196800,0.142
2023-02-25,1677283200,0.14865
2023-02-26,1677369600,0.1553
2023-02-27,1677456000,0.1485
2023-02-28,1677542400,0.1417
2023-03-01,1677628800,0.1589
2023-03-02,1677715200,0.1539
2023-03-03,1677801600,0.1119
2023-03-04,1677888000,0.1113
2023-03-05,1677974400,0.1152
2023-03-06,1678060800,0.1152
2023-03-07,1678147200,0.1088
2023-03-08,1678233600,0.0896
2023-03-09,1678320000,0.0302
2023-03-10,1678406400,0.0609625
2023-03-11,1678492800,0.091725
2023-03-12,1678579200,0.1224875
2023-03-13,1678665600,0.15325
2023-03-14,1678752000,0.1840125
2023-03-15,1678838400,0.214775
2023-03-16,1678924800,0.2455375
2023-03-17,1679011200,0.2763
2023-03-18,1679097600,0.2636
2023-03-19,1679184000,0.2944
2023-03-20,1679270400,0.2849
2023-03-21,1679356800,0.2927
2023-03-22,1679443200,0.271
2023-03-23,1679529600,0.2967
2023-03-24,1679616000,0.2728
2023-03-25,1679702400,0.2695666666666667
2023-03-26,1679788800,0.2663333333333333
2023-03-27,1679875200,0.2631
2023-03-28,1679961600,0.2664
2023-03-29,1680048000,0.2943
2023-03-30,1680134400,0.296
2023-03-31,1680220800,0.3074
2023-04-01,1680307200,0.3066
2023-04-02,1680393600,0.2983
2023-04-03,1680480000,0.2903
2023-04-04,1680566400,0.2967
2023-04-05,1680652800,0.29503333333333337
2023-04-06,1680739200,0.29336666666666666
2023-04-07,1680825600,0.2917
2023-04-08,1680912000,0.2923
2023-04-09,1680998400,0.30946666666666667
2023-04-10,1681084800,0.32663333333333333
2023-04-11,1681171200,0.3438
2023-04-12,1681257600,0.34486666666666665
2023-04-13,1681344000,0.3459333333333333
2023-04-14,1681430400,0.347
2023-04-15,1681516800,0.33924
2023-04-16,1681603200,0.33148
2023-04-17,1681689600,0.32371999999999995
2023-04-18,1681776000,0.31595999999999996
2023-04-19,1681862400,0.3082
2023-04-20,1681948800,0.28915
2023-04-21,1682035200,0.2701
2023-04-22,1682121600,0.2841
2023-04-23,1682208000,0.2782
2023-04-24,1682294400,0.28700000000000003
2023-04-25,1682380800,0.2958
2023-04-26,1682467200,0.2975
2023-04-27,1682553600,0.323
2023-04-28,1682640000,0.3198
2023-04-29,1682726400,0.3167
2023-04-30,1682812800,0.3199
2023-05-01,1682899200,0.2899
2023-05-02,1682985600,0.3039
2023-05-03,1683072000,0.3112
2023-05-04,1683158400,0.31694999999999995
2023-05-05,1683244800,0.3227
2023-05-06,1683331200,0.30656666666666665
2023-05-07,1683417600,0.2904333333333333
2023-05-08,1683504000,0.2743
2023-05-09,1683590400,0.2722
2023-05-10,1683676800,0.2724
2023-05-11,1683763200,0.2548
2023-05-12,1683849600,0.2488
2023-05-13,1683936000,0.2508
2023-05-14,1684022400,0.2528
2023-05-15,1684108800,0.2606
2023-05-16,1684195200,0.2547
2023-05-17,1684281600,0.2522
2023-05-18,1684368000,0.2497
2023-05-19,1684454400,0.2511
2023-05-20,1684540800,0.2569
2023-05-21,1684627200,0.2479
2023-05-22,1684713600,0.2491
2023-05-23,1684800000,0.2591
2023-05-24,1684886400,0.2344
2023-05-25,1684972800,0.238
2023-05-26,1685059200,0.2447
2023-05-27,1685145600,0.2484
2023-05-28,1685232000,0.2814
2023-05-29,1685318400,0.2726
2023-05-30,1685404800,0.271
2023-05-31,1685491200,0.2577
2023-06-01,1685577600,0.2467
2023-06-02,1685664000,0.2584
2023-06-03,1685750400,0.2571
2023-06-04,1685836800,0.2558
2023-06-05,1685923200,0.2166
2023-06-06,1686009600,0.2572
2023-06-07,1686096000,0.2327
2023-06-08,1686182400,0.2379
2023-06-09,1686268800,0.2364
2023-06-10,1686355200,0.2187
2023-06-11,1686441600,0.2201
2023-06-12,1686528000,0.2202
2023-06-13,1686614400,0.2195
2023-06-14,1686700800,0.1953
2023-06-15,1686787200,0.21
2023-06-16,1686873600,0.233
2023-06-17,1686960000,0.2383
2023-06-18,1687046400,0.2334
2023-06-19,1687132800,0.2459
2023-06-20,1687219200,0.2863
2023-06-21,1687305600,0.30515000000000003
2023-06-22,1687392000,0.324
2023-06-23,1687478400,0.3384
2023-06-24,1687564800,0.3361
2023-06-25,1687651200,0.3341
2023-06-26,1687737600,0.3291
2023-06-27,1687824000,0.3267
2023-06-28,1687910400,0.3243
2023-06-29,1687996800,0.3322
2023-06-30,1688083200,0.3322
2023-07-01,1688169600,0.3334
2023-07-02,1688256000,0.3335
2023-07-03,1688342400,0.3447
2023-07-04,1688428800,0.3374
2023-07-05,1688515200,0.3307
2023-07-06,1688601600,0.32
2023-07-07,1688688000,0.3276
2023-07-08,1688774400,0.326
2023-07-09,1688860800,0.3237
2023-07-10,1688947200,0.3286
2023-07-11,1689033600,0.3331
2023-07-12,1689120000,0.3278
2023-07-13,1689206400,0.35
2023-07-14,1689292800,0.3259
2023-07-15,1689379200,0.3254
2023-07-16,1689465600,0.3244
2023-07-17,1689552000,0.3222
2023-07-18,1689638400,0.315
2023-07-19,1689724800,0.31445
2023-07-20,1689811200,0.3139
2023-07-21,1689897600,0.3167
2023-07-22,1689984000,0.3141
2023-07-23,1690070400,0.3115
2023-07-24,1690156800,0.3089
2023-07-25,1690243200,0.3063
2023-07-26,1690329600,0.3037
2023-07-27,1690416000,0.3005
2023-07-28,1690502400,0.3056
2023-07-29,1690588800,0.3066
2023-07-30,1690675200,0.305375
2023-07-31,1690761600,0.30415000000000003
2023-08-01,1690848000,0.302925
2023-08-02,1690934400,0.3017
2023-08-03,1691020800,0.3006
2023-08-04,1691107200,0.2995
2023-08-05,1691193600,0.2996
2023-08-06,1691280000,0.2997
2023-08-07,1691366400,0.3025
2023-08-08,1691452800,0.3168
2023-08-09,1691539200,0.3121
2023-08-10,1691625600,0.3085
2023-08-11,1691712000,0.3077
2023-08-12,1691798400,0.3079
2023-08-13,1691884800,0.3048
2023-08-14,1691971200,0.3076
2023-08-15,1692057600,0.3018
2023-08-16,1692144000,0.2918
2023-08-17,1692230400,0.2364
2023-08-18,1692316800,0.2189
2023-08-19,1692403200,0.2207
2023-08-20,1692489600,0.22068333333333334
2023-08-21,1692576000,0.22066666666666668
2023-08-22,1692662400,0.22065
2023-08-23,1692748800,0.22063333333333332
2023-08-24,1692835200,0.22061666666666666
2023-08-25,1692921600,0.2206
2023-08-26,1693008000,0.2196
2023-08-27,1693094400,0.2219
2023-08-28,1693180800,0.2226
2023-08-29,1693267200,0.2671
2023-08-30,1693353600,0.257
2023-08-31,1693440000,0.2186
2023-09-01,1693526400,0.2143
2023-09-02,1693612800,0.2164
2023-09-03,1693699200,0.2193
2023-09-04,1693785600,0.2144
2023-09-05,1693872000,0.2141
2023-09-06,1693958400,0.2134
2023-09-07,1694044800,0.2272
2023-09-08,1694131200,0.2181
2023-09-09,1694217600,0.2179
2023-09-10,1694304000,0.20625
2023-09-11,1694390400,0.1946
2023-09-12,1694476800,0.2172
2023-09-13,1694563200,0.2282
2023-09-14,1694649600,0.2375
2023-09-15,1694736000,0.2408
2023-09-16,1694822400,0.2374
2023-09-17,1694908800,0.2358
2023-09-18,1694995200,0.2343
2023-09-19,1695081600,0.2546
2023-09-20,1695168000,0.2528
2023-09-21,1695254400,0.2371
2023-09-22,1695340800,0.2374
2023-09-23,1695427200,0.2372
2023-09-24,1695513600,0.2288
2023-09-25,1695600000,0.2285
2023-09-26,1695686400,0.2262
2023-09-27,1695772800,0.2304
2023-09-28,1695859200,0.2502
2023-09-29,1695945600,0.2467
2023-09-30,1696032000,0.2484
2023-10-01,1696118400,0.2745
2023-10-02,1696204800,0.2642
2023-10-03,1696291200,0.2607
2023-10-04,1696377600,0.27
2023-10-05,1696464000,0.2602
2023-10-06,1696550400,0.2732
2023-10-07,1696636800,0.2742
2023-10-08,1696723200,0.2732
2023-10-09,1696809600,0.2639
2023-10-10,1696896000,0.2593
2023-10-11,1696982400,0.243
2023-10-12,1697068800,0.2402
2023-10-13,1697155200,0.2431
2023-10-14,1697241600,0.2433
2023-10-15,1697328000,0.2507
2023-10-16,1697414400,0.2865
2023-10-17,1697500800,0.2841
2023-10-18,1697587200,0.2817
2023-10-19,1697673600,0.2909
2023-10-20,1697760000,0.3051
2023-10-21,1697846400,0.3193
2023-10-22,1697932800,0.3206
2023-10-23,1698019200,0.3802
2023-10-24,1698105600,0.3956
2023-10-25,1698192000,0.4053
2023-10-26,1698278400,0.3989
2023-10-27,1698364800,0.3935
2023-10-28,1698451200,0.3966
2023-10-29,1698537600,0.4048
2023-10-30,1698624000,0.4029
2023-10-31,1698710400,0.4048
2023-11-01,1698796800,0.417
2023-11-02,1698883200,0.4074
2023-11-03,1698969600,0.4039
2023-11-04,1699056000,0.4101
2023-11-05,1699142400,0.4092
2023-11-06,1699228800,0.4083
2023-11-07,1699315200,0.4144
2023-11-08,1699401600,0.4201
2023-11-09,1699488000,0.4325
2023-11-10,1699574400,0.4422
2023-11-11,1699660800,0.4362
2023-11-12,1699747200,0.4371
2023-11-13,1699833600,0.429
2023-11-14,1699920000,0.4136
2023-11-15,1700006400,0.4476
2023-11-16,1700092800,0.4217
2023-11-17,1700179200,0.4279
2023-11-18,1700265600,0.4278
2023-11-19,1700352000,0.43455
2023-11-20,1700438400,0.4413
2023-11-21,1700524800,0.4178
2023-11-22,1700611200,0.4273
2023-11-23,1700697600,0.4368
2023-11-24,1700784000,0.4425
2023-11-25,1700870400,0.4435
2023-11-26,1700956800,0.4386
2023-11-27,1701043200,0.4346
2023-11-28,1701129600,0.43865
2023-11-29,1701216000,0.4427
2023-11-30,1701302400,0.4407
2023-12-01,1701388800,0.4541
2023-12-02,1701475200,0.46245
2023-12-03,1701561600,0.4708
2023-12-04,1701648000,0.4935
2023-12-05,1701734400,0.517
2023-12-06,1701820800,0.512
2023-12-07,1701907200,0.506
2023-12-08,1701993600,0.50795
2023-12-09,1702080000,0.5099
2023-12-10,1702166400,0.5096
2023-12-11,1702252800,0.4793
2023-12-12,1702339200,0.4814
2023-12-13,1702425600,0.4986
2023-12-14,1702512000,0.4993
2023-12-15,1702598400,0.486
2023-12-16,1702684800,0.4884
2023-12-17,1702771200,0.4787
2023-12-18,1702857600,0.4926
2023-12-19,1702944000,0.4878
2023-12-20,1703030400,0.5026
2023-12-21,1703116800,0.5051
2023-12-22,1703203200,0.506
2023-12-23,1703289600,0.503
2023-12-24,1703376000,0.4947
2023-12-25,1703462400,0.5005
2023-12-26,1703548800,0.4866
2023-12-27,1703635200,0.4961
2023-12-28,1703721600,0.4867
2023-12-29,1703808000,0.4779
2023-12-30,1703894400,0.4801
2023-12-31,1703980800,0.48
2024-01-01,1704067200,0.5012
2024-01-02,1704153600,0.5102
2024-01-03,1704240000,0.485
2024-01-04,1704326400,0.4978
2024-01-05,1704412800,0.4959
2024-01-06,1704499200,0.4931
2024-01-07,1704585600,0.492
2024-01-08,1704672000,0.525
2024-01-09,1704758400,0.5148
2024-01-10,1704844800,0.5216
2024-01-11,1704931200,0.5163
2024-01-12,1705017600,0.4765
2024-01-13,1705104000,0.4767
2024-01-14,1705190400,0.4647
2024-01-15,1705276800,0.4725
2024-01-16,1705363200,0.4778
2024-01-17,1705449600,0.4717
2024-01-18,1705536000,0.4525
2024-01-19,1705622400,0.4566
2024-01-20,1705708800,0.4574
2024-01-21,1705795200,0.4556
2024-01-22,1705881600,0.4288
2024-01-23,1705968000,0.4308
2024-01-24,1706054400,0.4348
2024-01-25,1706140800,0.4318
2024-01-26,1706227200,0.4576
2024-01-27,1706313600,0.4608
2024-01-28,1706400000,0.4588
2024-01-29,1706486400,0.4738
2024-01-30,1706572800,0.4693
2024-01-31,1706659200,0.464
2024-02-01,1706745600,0.4691
2024-02-02,1706832000,0.4705
2024-02-03,1706918400,0.4683
2024-02-04,1707004800,0.4631
2024-02-05,1707091200,0.4633
2024-02-06,1707177600,0.4686
2024-02-07,1707264000,0.4818
2024-02-08,1707350400,0.4935
2024-02-09,1707436800,0.5124
2024-02-10,1707523200,0.5182
2024-02-11,1707609600,0.5219
2024-02-12,1707696000,0.5378
2024-02-13,1707782400,0.5337
2024-02-14,1707868800,0.5513340066914422
2024-02-15,1707955200,0.5490405722107858
2024-02-16,1708041600,0.5495370629623225
2024-02-17,1708128000,0.547735488570768
2024-02-18,1708214400,0.5477163909104006
2024-02-19,1708300800,0.549868640656157
2024-02-20,1708387200,0.5464830801281205
2024-02-21,1708473600,0.5503329269088052
2024-02-22,1708560000,0.5457467523867406
2024-02-23,1708646400,0.5350647848799217
2024-02-24,1708732800,0.5354131949895811
2024-02-25,1708819200,0.5417157881362764
2024-02-26,1708905600,0.5419337908575541
2024-02-27,1708992000,0.5629654618292023
2024-02-28,1709078400,0.5766722233112497
2024-02-29,1709164800,0.6091796212110475
2024-03-01,1709251200,0.5992226408574308
2024-03-02,1709337600,0.6057061142389741
2024-03-03,1709424000,0.6101231442588005
2024-03-04,1709510400,0.6085792429035591
2024-03-05,1709596800,0.6096202204705825
2024-03-06,1709683200,0.6036416350918022
2024-03-07,1709769600,0.6199198126186596
2024-03-08,1709856000,0.6171901651050411
2024-03-09,1709942400,0.6237372641016503
2024-03-10,1710028800,0.6236771552264513
2024-03-11,1710115200,0.6399411383484879
2024-03-12,1710201600,0.6367444195621424
2024-03-13,1710288000,0.635749530933191
2024-03-14,1710374400,0.6344837320509735
2024-03-15,1710460800,0.6258303585764298
2024-03-16,1710547200,0.614658987599848
2024-03-17,1710633600,0.6067887177283686
2024-03-18,1710720000,0.6061088773803749
2024-03-19,1710806400,0.6027258969188708
2024-03-20,1710892800,0.6036507292303664
2024-03-21,1710979200,0.6019667659654795
2024-03-22,1711065600,0.5871130441421366
2024-03-23,1711152000,0.5755187039699795
2024-03-24,1711238400,0.593488199666733
2024-03-25,1711324800,0.5890390962818758
2024-03-26,1711411200,0.6029199202601065
2024-03-27,1711497600,0.6039025859569772
2024-03-28,1711584000,0.5988589441267251
2024-03-29,1711670400,0.6059778771696519
2024-03-30,1711756800,0.599312257988571
2024-03-31,1711843200,0.5993145596818199
2024-04-01,1711929600,0.6058546454360625
2024-04-02,1712016000,0.5950401951750001
2024-04-03,1712102400,0.5733395670607266
2024-04-04,1712188800,0.5836592238698339
2024-04-05,1712275200,0.5836592238698339
2024-04-06,1712361600,0.5832310397790054
2024-04-07,1712448000,0.5898075246313566
2024-04-08,1712534400,0.5906332884612977
2024-04-09,1712620800,0.6028784961123125
2024-04-10,1712707200,0.5888205748104292
2024-04-11,1712793600,0.5955913331434644
2024-04-12,1712880000,0.5932224983602986
2024-04-13,1712966400,0.5766501637216295
2024-04-14,1713052800,0.5611007363909679
2024-04-15,1713139200,0.5662862487942055
2024-04-16,1713225600,0.550407403671193
2024-04-17,1713312000,0.5528288318715433
2024-04-18,1713398400,0.5343520652488777
2024-04-19,1713484800,0.5494796779563597
2024-04-20,1713571200,0.5520365329313791
2024-04-21,1713657600,0.5597604333179415
2024-04-22,1713744000,0.5593268381651709
2024-04-23,1713830400,0.5714300635270595
2024-04-24,1713916800,0.5514058358671834
2024-04-25,1714003200,0.551883893152847
2024-04-26,1714089600,0.5536970928554936
2024-04-27,1714176000,0.5481085535489507
2024-04-29,1714348800,0.5481349195017877
2024-04-30,1714435200,0.5471531724156047
2024-05-01,1714521600,0.5250715748801129
2024-05-02,1714608000,0.505963558157002
2024-05-03,1714694400,0.5119799419702787
2024-05-04,1714780800,0.5406740945760566
2024-05-05,1714867200,0.5489255963472669
2024-05-06,1714953600,0.5485231670184145
2024-05-07,1715040000,0.5423373959187155
2024-05-08,1715126400,0.5361044228247455
2024-05-09,1715212800,0.5268072145860568
2024-05-10,1715299200,0.5404433151509168
2024-05-11,1715385600,0.5243775724997871
2024-05-12,1715472000,0.524006327755865
2024-05-13,1715558400,0.5286747751533465
2024-05-14,1715644800,0.5286146557659219
2024-05-15,1715731200,0.5278169343673419
2024-05-16,1715817600,0.553124447317441
2024-05-17,1715904000,0.5595422382485956
2024-05-18,1715990400,0.5639433657062952
2024-05-19,1716076800,0.5640523205265756
2024-05-20,1716163200,0.5583712292559958
2024-05-21,1716249600,0.5861817367365203
2024-05-22,1716336000,0.5744167508502146
2024-05-23,1716422400,0.5657588123401593
2024-05-24,1716508800,0.5665317239407099
2024-05-25,1716595200,0.5706713886396382
2024-05-26,1716681600,0.5748887832613487
2024-05-27,1716768000,0.5692314124229748
2024-05-28,1716854400,0.5672221045695748
2024-05-29,1716940800,0.5604336804814994
2024-05-30,1717027200,0.5552241351392013
2024-05-31,1717113600,0.56014870218012
2024-06-01,1717200000,0.5547775299536382
2024-06-02,1717286400,0.5558242319113154
2024-06-03,1717372800,0.553893256091993
2024-06-04,1717459200,0.5605753076665602
2024-06-05,1717545600,0.5713524210910833
2024-06-06,1717632000,0.5725758366082142
2024-06-07,1717718400,0.5555725330517509
2024-06-08,1717804800,0.5624578334542396
2024-06-09,1717891200,0.5623990044340044
2024-06-10,1717977600,0.5635266454035599
2024-06-11,1718064000,0.5618744640746172
2024-06-12,1718150400,0.5528292789687533
2024-06-13,1718236800,0.5532544692560832
2024-06-14,1718323200,0.5375271189042572
2024-06-15,1718409600,0.5388692577461478
2024-06-16,1718496000,0.5416580901052387
2024-06-17,1718582400,0.541674922825872
2024-06-18,1718668800,0.5411283628141896
2024-06-19,1718755200,0.5288281525411629
2024-06-20,1718841600,0.5136995272968576
2024-06-21,1718928000,0.5226487113121436
2024-06-22,1719014400,0.5213269695833125
2024-06-23,1719100800,0.5230278397288929
2024-06-24,1719187200,0.5192611695833388
2024-06-25,1719273600,0.48992092907832774
2024-06-26,1719360000,0.5051756787613599
2024-06-27,1719446400,0.5012667433910694
2024-06-28,1719532800,0.5008626871312596
2024-06-29,1719619200,0.4955132593715812
2024-06-30,1719705600,0.4966380669069338
2024-07-01,1719792000,0.503694836350428
2024-07-02,1719878400,0.5124876976475145
2024-07-03,1719964800,0.503492343093339
2024-07-04,1720051200,0.4886688101195089
2024-07-05,1720137600,0.47448648639064167
2024-07-06,1720224000,0.42944581426044315
2024-07-07,1720310400,0.4678130489066038
2024-07-08,1720396800,0.4570056411021197
2024-07-09,1720483200,0.4559204651830919
2024-07-10,1720569600,0.46683555900925233
2024-07-11,1720656000,0.46396604116600415
2024-07-12,1720742400,0.46352664205909444
2024-07-13,1720828800,0.46467881307431763
2024-07-14,1720915200,0.4743951282170819
2024-07-15,1721001600,0.494745802245566
2024-07-16,1721088000,0.5042040012385361
2024-07-17,1721174400,0.5194982632725097
2024-07-18,1721260800,0.5181375137430527
2024-07-19,1721347200,0.5128461421884812
2024-07-20,1721433600,0.5351556451132414
2024-07-21,1721520000,0.5363281018773479
2024-07-22,1721606400,0.5429771847968075
2024-07-23,1721692800,0.5392703311961233
2024-07-24,1721779200,0.5251092088921524
2024-07-25,1721865600,0.5240197934504937
2024-07-26,1721952000,0.5246870489465796
2024-07-27,1722038400,0.5385942483869142
2024-07-28,1722124800,0.544178416934978
2024-07-29,1722211200,0.5381386271020813
2024-07-30,1722297600,0.5347366059059632
2024-07-31,1722384000,0.5261921117934114
2024-08-01,1722470400,0.5162446462086917
2024-08-02,1722556800,0.5156090085112954
2024-08-03,1722643200,0.4940333657197083
2024-08-04,1722729600,0.4817269521968474
2024-08-05,1722816000,0.46547753339996234
2024-08-06,1722902400,0.42486871430827694
2024-08-07,1722988800,0.4448728016234406
2024-08-08,1723075200,0.4345703023243822
2024-08-09,1723161600,0.48484151398024783
2024-08-10,1723248000,0.4833335773115378
2024-08-11,1723334400,0.48531180523687334
2024-08-12,1723420800,0.46757559306316226
2024-08-13,1723507200,0.46754929775896703
2024-08-14,1723593600,0.48498890538702194
2024-08-15,1723680000,0.4666151526635464
2024-08-16,1723766400,0.4542055716776401
2024-08-17,1723852800,0.46855029850970903
2024-08-18,1723939200,0.47034110587458205
2024-08-19,1724025600,0.4716017674335174
2024-08-20,1724112000,0.46761532117777405
2024-08-21,1724198400,0.4705963465345433
2024-08-22,1724284800,0.48684056644444695
2024-08-23,1724371200,0.4801494252799423
2024-08-24,1724457600,0.5107453235581032
2024-08-25,1724544000,0.505528625948664
2024-08-26,1724630400,0.5107819523836479
2024-08-27,1724716800,0.5014976732440536
2024-08-28,1724803200,0.4783176631217354
2024-08-29,1724889600,0.46661951148437447
2024-08-30,1724976000,0.4694625462829069
2024-08-31,1725062400,0.46658363626549065
2024-09-01,1725148800,0.46646636831253724
2024-09-02,1725235200,0.46066630453789614
2024-09-03,1725321600,0.453471187540394
2024-09-04,1725408000,0.4570709739866591
2024-09-05,1725494400,0.43867077015421985
2024-09-06,1725580800,0.43979398916217605
2024-09-07,1725667200,0.41443093451147306
2024-09-08,1725753600,0.41675377029209365
2024-09-09,1725840000,0.42230197004746245
2024-09-10,1725926400,0.45291530622191295
2024-09-11,1726012800,0.4526824083516137
2024-09-12,1726099200,0.4504892532235881
2024-09-13,1726185600,0.4557530346529144
2024-09-14,1726272000,0.4763321592135281
2024-09-15,1726358400,0.4743048285919657
2024-09-16,1726444800,0.47010217824394895
2024-09-17,1726531200,0.4556551343317703
2024-09-18,1726617600,0.4758090320040991
2024-09-19,1726704000,0.47421067555290725
2024-09-20,1726790400,0.4952248887542828
2024-09-21,1726876800,0.4974395724113564
2024-09-22,1726963200,0.4969561848091638
2024-09-23,1727049600,0.493963128168051
2024-09-24,1727136000,0.49789117753761786
2024-09-25,1727222400,0.5033320343311969
2024-09-26,1727308800,0.4977115592918012
2024-09-27,1727395200,0.5094626388032463
2024-09-28,1727481600,0.5149268813477856
2024-09-29,1727568000,0.51368771921936
2024-09-30,1727654400,0.5151398798767783
2024-10-01,1727740800,0.49891959678259556
2024-10-02,1727827200,0.4775596534408206
2024-10-03,1727913600,0.4363642273895236
2024-10-04,1728000000,0.47438021843188827
2024-10-05,1728086400,0.4870406267879339
2024-10-06,1728172800,0.48371275428836563
2024-10-07,1728259200,0.4872315182077778
2024-10-08,1728345600,0.49105172199910974
2024-10-09,1728432000,0.4831695569820285
2024-10-10,1728518400,0.4704385414179772
2024-10-11,1728604800,0.43661836969564155
2024-10-12,1728691200,0.4853104249822663
2024-10-13,1728777600,0.48792732923608767
2024-10-14,1728864000,0.4852157864981578
2024-10-15,1728950400,0.5066616855298326
2024-10-16,1729036800,0.5105124897574875
2024-10-17,1729123200,0.5184820658318735
2024-10-18,1729209600,0.5141638482001923
2024-10-19,1729296000,0.5226166793684732
2024-10-20,1729382400,0.5207061350695473
2024-10-21,1729468800,0.5236540025578482
2024-10-22,1729555200,0.5156109008275422
2024-10-23,1729641600,0.5135959546143611
2024-10-24,1729728000,0.5057845992346511
2024-10-25,1729814400,0.5192639671549777
2024-10-26,1729900800,0.5114862362424841
2024-10-27,1729987200,0.510319656202878
2024-10-28,1730073600,0.5168762160655022
2024-10-29,1730160000,0.5280174767482968
2024-10-30,1730246400,0.544851491069073
2024-10-31,1730332800,0.5424876783258815
2024-11-01,1730419200,0.530322531805307
2024-11-02,1730505600,0.5223003113665232
2024-11-03,1730592000,0.5176475473954841
2024-11-04,1730678400,0.5173833539590161
2024-11-05,1730764800,0.5108293474116072
2024-11-06,1730851200,0.5199882787232768
2024-11-07,1730937600,0.5575240045602545
2024-11-08,1731024000,0.5573843437947288
2024-11-09,1731110400,0.5602699589519111
2024-11-10,1731196800,0.5596035810925295
2024-11-11,1731283200,0.5779092333637903
2024-11-12,1731369600,0.6116972554143956
2024-11-13,1731456000,0.6101065779638651
2024-11-14,1731542400,0.6127733966087462
2024-11-15,1731628800,0.618097460336136
2024-11-16,1731715200,0.6173404573093956
2024-11-17,1731801600,0.6108620584737514
2024-11-18,1731888000,0.608004029640245
2024-11-19,1731974400,0.6131704459842745
2024-11-20,1732060800,0.6132970984191752
2024-11-21,1732147200,0.6174980679189582
2024-11-22,1732233600,0.5929487175860447
2024-11-23,1732320000,0.6296175780469128
2024-11-24,1732406400,0.6261633967434933
2024-11-25,1732492800,0.6258047930510072
2024-11-26,1732579200,0.6104960239971139
2024-11-27,1732665600,0.5986437759356453
2024-11-28,1732752000,0.6159698457873115
2024-11-29,1732838400,0.6130949624755594
2024-11-30,1732924800,0.6189926151930303
2024-12-01,1733011200,0.6150908661695959
2024-12-02,1733097600,0.6185029925670668
2024-12-03,1733184000,0.6084684329873908
2024-12-04,1733270400,0.609618872818123
2024-12-05,1733356800,0.6134826096106976
2024-12-06,1733443200,0.6041517628216159
2024-12-07,1733529600,0.5979557735802213
2024-12-08,1733616000,0.616429355423066
2024-12-09,1733702400,0.5825559366431927
2024-12-10,1733788800,0.5972670724499202
2024-12-11,1733875200,0.5995632096621497
2024-12-12,1733961600,0.598601370525087
2024-12-13,1734048000,0.6113098674235176
2024-12-14,1734134400,0.6142001161418303
2024-12-15,1734220800,0.6132892133424258
2024-12-16,1734307200,0.6192032471788139
2024-12-17,1734393600,0.6260430624462288
2024-12-18,1734480000,0.6254087092535354
2024-12-19,1734566400,0.6053677497455813
2024-12-20,1734652800,0.5928140455348466
2024-12-21,1734739200,0.5890734061428882
2024-12-22,1734825600,0.5874535966264377
2024-12-23,1734912000,0.5753795674938567
2024-12-24,1734998400,0.5741877137439826
2024-12-25,1735084800,0.5892157221235662
2024-12-26,1735171200,0.5672766563428272
2024-12-27,1735257600,0.5725288778778599
2024-12-28,1735344000,0.5691303170553214
2024-12-29,1735430400,0.5724026092905523
2024-12-30,1735516800,0.5616179148181483
2024-12-31,1735603200,0.5583265508498393
2025-01-01,1735689600,0.5611609026383185
2025-01-02,1735776000,0.5667670314394033
2025-01-03,1735862400,0.5760239381603012
2025-01-04,1735948800,0.5655897350072415
2025-01-05,1736035200,0.5814427333021676
2025-01-06,1736121600,0.58241825848249
2025-01-07,1736208000,0.5948104492545636
2025-01-08,1736294400,0.5735015102788927
2025-01-09,1736380800,0.5652777751546167
2025-01-10,1736467200,0.5524324234966695
2025-01-11,1736553600,0.5515972957629196
2025-01-12,1736640000,0.5626685989268245
2025-01-13,1736726400,0.5598143421044264
2025-01-14,1736812800,0.5603000374372394
2025-01-15,1736899200,0.5702076029143162
2025-01-16,1736985600,0.5822722773315202
2025-01-17,1737072000,0.5743312592571627
2025-01-18,1737158400,0.5986960584448445
2025-01-19,1737244800,0.5851780586205998
2025-01-20,1737331200,0.5910114346234846
2025-01-21,1737417600,0.5931380492445467
2025-01-22,1737504000,0.601948002351266
2025-01-23,1737590400,0.5913539779496391
2025-01-24,1737676800,0.5913592104410861
2025-01-25,1737763200,0.5945283839237928
2025-01-26,1737849600,0.5954210498045585
2025-01-27,1737936000,0.5915239936988415
2025-01-28,1738022400,0.5644411785973786
2025-01-29,1738108800,0.5778767383943917
2025-01-30,1738195200,0.58786768763019
2025-01-31,1738281600,0.5931760511486797
2025-02-01,1738368000,0.581636260783578
2025-02-02,1738454400,0.5746529285166035
2025-02-03,1738540800,0.5611702020688203
2025-02-04,1738627200,0.5774705797855743
2025-02-05,1738713600,0.559621754740327
2025-02-06,1738800000,0.5541718818558979
2025-02-07,1738886400,0.5547817945545378
2025-02-08,1738972800,0.5510669131699718
2025-02-09,1739059200,0.5527625850959186
2025-02-10,1739145600,0.5493776423738911
2025-02-11,1739232000,0.5560884300651565
2025-02-12,1739318400,0.5481520988449372
2025-02-13,1739404800,0.5584689722982668
2025-02-14,1739491200,0.5508728992439513
2025-02-15,1739577600,0.5543500291654416
2025-02-16,1739664000,0.5558595515627393
2025-02-17,1739750400,0.5517989005910766
2025-02-18,1739836800,0.5484535225366907
2025-02-19,1739923200,0.5455758119771753
2025-02-20,1740009600,0.5510259704784402
2025-02-21,1740096000,0.5582344771752785
2025-02-22,1740182400,0.5469536104034978
2025-02-23,1740268800,0.5507346588303191
2025-02-24,1740355200,0.5473901690050853
2025-02-25,1740441600,0.530140622443671
2025-02-26,1740528000,0.511719900546386
2025-02-27,1740614400,0.4871496755370405
2025-02-28,1740700800,0.48739256671434944
2025-03-01,1740787200,0.4850807404985593
2025-03-02,1740873600,0.4963466733164334
2025-03-03,1740960000,0.5395278308833344
2025-03-04,1741046400,0.49719895544490034
2025-03-05,1741132800,0.5042860141870394
2025-03-06,1741219200,0.5191195579747772
2025-03-07,1741305600,0.5180267566154158
2025-03-08,1741392000,0.4978920172700931
2025-03-09,1741478400,0.49586053405260805
2025-03-10,1741564800,0.459363027480194
2025-03-11,1741651200,0.45412813970302873
2025-03-12,1741737600,0.4766076577465837
2025-03-13,1741824000,0.479907358789744
2025-03-14,1741910400,0.4650276082172043
2025-03-15,1741996800,0.4842738356153049
2025-03-16,1742083200,0.4840436123012365
2025-03-17,1742169600,0.4701123104696471
2025-03-18,1742256000,0.4817859295797449
2025-03-19,1742342400,0.471607303136658
2025-03-20,1742428800,0.49403886912695305
2025-03-21,1742515200,0.47894094664057707
2025-03-22,1742601600,0.4814376284444851
2025-03-23,1742688000,0.4806036484508119
2025-03-24,1742774400,0.48923637012765875
2025-03-25,1742860800,0.501002395139366
2025-03-26,1742947200,0.5007889618624852
2025-03-27,1743033600,0.4969894556092885
2025-03-28,1743120000,0.47749657370993664
2025-03-29,1743206400,0.4823648878130368
2025-03-30,1743292800,0.4684289834711036
2025-03-31,1743379200,0.46558645438993973
2025-04-01,1743465600,0.4705625260722464
2025-04-02,1743552000,0.4869374638711952
2025-04-03,1743638400,0.4825510666589117
2025-04-04,1743724800,0.4699911064117125
2025-04-05,1743811200,0.4798158680475205
2025-04-06,1743897600,0.47187674087081916
2025-04-07,1743984000,0.44323009667186
2025-04-08,1744070400,0.4479094424394677
2025-04-09,1744156800,0.43132188695318574
2025-04-10,1744243200,0.4741673956708339
2025-04-11,1744329600,0.4499765590545933
2025-04-12,1744416000,0.47565147352296017
2025-04-13,1744502400,0.4862752280200933
2025-04-14,1744588800,0.4748770610434433
2025-04-15,1744675200,0.4811680038642187
2025-04-16,1744761600,0.4769791601881441
2025-04-17,1744848000,0.48225164402068144
2025-04-18,1744934400,0.48518048210413234
2025-04-19,1745020800,0.48248384403696903
2025-04-20,1745107200,0.48665326901291783
2025-04-21,1745193600,0.48399075869693486
2025-04-22,1745280000,0.4965986337867028
2025-04-23,1745366400,0.5272091204330148
2025-04-24,1745452800,0.5279506631877333
2025-04-25,1745539200,0.5257814675166624
2025-04-26,1745625600,0.5319342543691633
2025-04-27,1745712000,0.5302736128506804
2025-04-28,1745798400,0.5291602530823877
2025-04-29,1745884800,0.5299575490379399
2025-04-30,1745971200,0.5294874808621329
2025-05-01,1746057600,0.528713530657216
2025-05-02,1746144000,0.5378107216930624
2025-05-03,1746230400,0.5384046354230114
2025-05-04,1746316800,0.536182388379495
2025-05-05,1746403200,0.5320157210657129
2025-05-06,1746489600,0.5274870033257366
2025-05-07,1746576000,0.526525444432853
2025-05-08,1746662400,0.5368221540023792
2025-05-09,1746748800,0.5606722022904579
2025-05-10,1746835200,0.5622845328013514
2025-05-11,1746921600,0.5647548160329414
2025-05-12,1747008000,0.5666238073431009
2025-05-13,1747094400,0.5571173168814818
2025-05-14,1747180800,0.5617370518221684
2025-05-15,1747267200,0.5608872440078868
2025-05-16,1747353600,0.5587255758745822
2025-05-17,1747440000,0.5600493021788525
2025-05-18,1747526400,0.5582312804172817
2025-05-19,1747612800,0.5609515311982636
2025-05-20,1747699200,0.5654864011554128
2025-05-21,1747785600,0.5692904883615423
2025-05-22,1747872000,0.575109491051804
2025-05-23,1747958400,0.5839106879787644
2025-05-24,1748044800,0.5739490892047764
2025-05-25,1748131200,0.5754764147023266
2025-05-26,1748217600,0.5686334986079034
2025-05-27,1748304000,0.5750215392802196
2025-05-28,1748390400,0.572671467588371
2025-05-29,1748476800,0.5663668954953844
2025-05-30,1748563200,0.5616944717448922
2025-05-31,1748649600,0.5544924045315424
2025-06-01,1748736000,0.5552576333093058
2025-06-02,1748822400,0.5568658498780562
2025-06-03,1748908800,0.5534293313275969
2025-06-04,1748995200,0.5542193182219081
2025-06-05,1749081600,0.5521278101682954
2025-06-06,1749168000,0.5362850831782782
2025-06-07,1749254400,0.5493407668252515
2025-06-08,1749340800,0.5550869566069295
2025-06-09,1749427200,0.5567748700234794
2025-06-10,1749513600,0.5712869793681714
2025-06-11,1749600000,0.5699857226890049
2025-06-12,1749686400,0.564077052032532
2025-06-13,1749772800,0.5447027072771427
2025-06-14,1749859200,0.5518205554870164
2025-06-15,1749945600,0.5503723885031698
2025-06-16,1750032000,0.5468963786021034
2025-06-17,1750118400,0.5628200172043459
2025-06-18,1750204800,0.5452944824514699
2025-06-19,1750291200,0.54737687612601
2025-06-20,1750377600,0.5270653738595299
2025-06-21,1750464000,0.5404150073545139
2025-06-22,1750550400,0.5310243876221437
2025-06-23,1750636800,0.5215662978642215
2025-06-24,1750723200,0.5400293060733022
2025-06-25,1750809600,0.5489158544089812
2025-06-26,1750896000,0.5542801682856069
2025-06-27,1750982400,0.5513500994707468
2025-06-28,1751068800,0.5516441108768495
2025-06-29,1751155200,0.5524069296965733
2025-06-30,1751241600,0.5522286885727731
