d,unixTs,puellMultiple
2020-01-01,1577836800,0.888
2020-01-02,1577923200,1.118
2020-01-03,1578009600,1.114
2020-01-04,1578096000,1.080
2020-01-05,1578182400,0.944
2020-01-06,1578268800,1.287
2020-01-07,1578355200,1.028
2020-01-08,1578441600,1.100
2020-01-09,1578528000,1.084
2020-01-10,1578614400,1.170
2020-01-11,1578700800,1.100
2020-01-12,1578787200,1.034
2020-01-13,1578873600,1.138
2020-01-14,1578960000,1.180
2020-01-15,1579046400,1.227
2020-01-16,1579132800,1.251
2020-01-17,1579219200,1.039
2020-01-18,1579305600,1.146
2020-01-19,1579392000,1.153
2020-01-20,1579478400,1.171
2020-01-21,1579564800,1.180
2020-01-22,1579651200,1.161
2020-01-23,1579737600,1.116
2020-01-24,1579824000,1.190
2020-01-25,1579910400,1.065
2020-01-26,1579996800,0.995
2020-01-27,1580083200,1.142
2020-01-28,1580169600,1.286
2020-01-29,1580256000,1.277
2020-01-30,1580342400,1.158
2020-01-31,1580428800,1.215
2020-02-01,1580515200,1.143
2020-02-02,1580601600,1.173
2020-02-03,1580688000,1.031
2020-02-04,1580774400,1.302
2020-02-05,1580860800,1.117
2020-02-06,1580947200,1.155
2020-02-07,1581033600,1.166
2020-02-08,1581120000,1.311
2020-02-09,1581206400,1.015
2020-02-10,1581292800,1.278
2020-02-11,1581379200,1.234
2020-02-12,1581465600,1.208
2020-02-13,1581552000,1.169
2020-02-14,1581638400,1.173
2020-02-15,1581724800,1.176
2020-02-16,1581811200,1.262
2020-02-17,1581897600,1.267
2020-02-18,1581984000,1.124
2020-02-19,1582070400,1.000
2020-02-20,1582156800,1.231
2020-02-21,1582243200,1.177
2020-02-22,1582329600,1.162
2020-02-23,1582416000,1.114
2020-02-24,1582502400,1.100
2020-02-25,1582588800,0.977
2020-02-26,1582675200,1.052
2020-02-27,1582761600,1.125
2020-02-28,1582848000,0.970
2020-02-29,1582934400,1.226
2020-03-01,1583020800,1.074
2020-03-02,1583107200,1.084
2020-03-03,1583193600,1.179
2020-03-04,1583280000,1.189
2020-03-05,1583366400,1.139
2020-03-06,1583452800,1.120
2020-03-07,1583539200,1.026
2020-03-08,1583625600,0.947
2020-03-09,1583712000,0.834
2020-03-10,1583798400,0.754
2020-03-11,1583884800,0.597
2020-03-12,1583971200,0.561
2020-03-13,1584057600,0.525
2020-03-14,1584144000,0.508
2020-03-15,1584230400,0.475
2020-03-16,1584316800,0.531
2020-03-17,1584403200,0.430
2020-03-18,1584489600,0.529
2020-03-19,1584576000,0.536
2020-03-20,1584662400,0.610
2020-03-21,1584748800,0.590
2020-03-22,1584835200,0.578
2020-03-23,1584921600,0.712
2020-03-24,1585008000,0.490
2020-03-25,1585094400,0.859
2020-03-26,1585180800,0.799
2020-03-27,1585267200,0.668
2020-03-28,1585353600,0.707
2020-03-29,1585440000,0.750
2020-03-30,1585526400,0.810
2020-03-31,1585612800,0.804
2020-04-01,1585699200,0.822
2020-04-02,1585785600,0.704
2020-04-03,1585872000,0.851
2020-04-04,1585958400,0.938
2020-04-05,1586044800,0.737
2020-04-06,1586131200,0.951
2020-04-07,1586217600,0.836
2020-04-08,1586304000,0.884
2020-04-09,1586390400,0.879
2020-04-10,1586476800,0.860
2020-04-11,1586563200,0.838
2020-04-12,1586649600,0.920
2020-04-13,1586736000,0.905
2020-04-14,1586822400,0.876
2020-04-15,1586908800,0.858
2020-04-16,1586995200,0.703
2020-04-17,1587081600,0.897
2020-04-18,1587168000,0.848
2020-04-19,1587254400,0.861
2020-04-20,1587340800,0.798
2020-04-21,1587427200,0.727
2020-04-22,1587513600,0.828
2020-04-23,1587600000,0.841
2020-04-24,1587686400,0.798
2020-04-25,1587772800,0.818
2020-04-26,1587859200,0.852
2020-04-27,1587945600,0.929
2020-04-28,1588032000,0.985
2020-04-29,1588118400,0.905
2020-04-30,1588204800,0.967
2020-05-01,1588291200,1.028
2020-05-02,1588377600,1.155
2020-05-03,1588464000,1.083
2020-05-04,1588550400,1.094
2020-05-05,1588636800,1.098
2020-05-06,1588723200,1.129
2020-05-07,1588809600,1.037
2020-05-08,1588896000,0.999
2020-05-09,1588982400,1.135
2020-05-10,1589068800,0.938
2020-05-11,1589155200,0.494
2020-05-12,1589241600,0.426
2020-05-13,1589328000,0.430
2020-05-14,1589414400,0.449
2020-05-15,1589500800,0.456
2020-05-16,1589587200,0.381
2020-05-17,1589673600,0.481
2020-05-18,1589760000,0.434
2020-05-19,1589846400,0.424
2020-05-20,1589932800,0.461
2020-05-21,1590019200,0.396
2020-05-22,1590105600,0.426
2020-05-23,1590192000,0.398
2020-05-24,1590278400,0.435
2020-05-25,1590364800,0.429
2020-05-26,1590451200,0.496
2020-05-27,1590537600,0.493
2020-05-28,1590624000,0.471
2020-05-29,1590710400,0.595
2020-05-30,1590796800,0.558
2020-05-31,1590883200,0.539
2020-06-01,1590969600,0.485
2020-06-02,1591056000,0.530
2020-06-03,1591142400,0.587
2020-06-04,1591228800,0.684
2020-06-05,1591315200,0.751
2020-06-06,1591401600,0.615
2020-06-07,1591488000,0.628
2020-06-08,1591574400,0.622
2020-06-09,1591660800,0.645
2020-06-10,1591747200,0.683
2020-06-11,1591833600,0.614
2020-06-12,1591920000,0.596
2020-06-13,1592006400,0.634
2020-06-14,1592092800,0.521
2020-06-15,1592179200,0.571
2020-06-16,1592265600,0.523
2020-06-17,1592352000,0.464
2020-06-18,1592438400,0.534
2020-06-19,1592524800,0.517
2020-06-20,1592611200,0.547
2020-06-21,1592697600,0.561
2020-06-22,1592784000,0.617
2020-06-23,1592870400,0.526
2020-06-24,1592956800,0.532
2020-06-25,1593043200,0.614
2020-06-26,1593129600,0.510
2020-06-27,1593216000,0.562
2020-06-28,1593302400,0.549
2020-06-29,1593388800,0.556
2020-06-30,1593475200,0.620
2020-07-01,1593561600,0.620
2020-07-02,1593648000,0.616
2020-07-03,1593734400,0.599
2020-07-04,1593820800,0.620
2020-07-05,1593907200,0.604
2020-07-06,1593993600,0.628
2020-07-07,1594080000,0.602
2020-07-08,1594166400,0.641
2020-07-09,1594252800,0.634
2020-07-10,1594339200,0.613
2020-07-11,1594425600,0.602
2020-07-12,1594512000,0.580
2020-07-13,1594598400,0.571
2020-07-14,1594684800,0.544
2020-07-15,1594771200,0.533
2020-07-16,1594857600,0.465
2020-07-17,1594944000,0.514
2020-07-18,1595030400,0.522
2020-07-19,1595116800,0.560
2020-07-20,1595203200,0.510
2020-07-21,1595289600,0.597
2020-07-22,1595376000,0.570
2020-07-23,1595462400,0.671
2020-07-24,1595548800,0.603
2020-07-25,1595635200,0.688
2020-07-26,1595721600,0.723
2020-07-27,1595808000,0.698
2020-07-28,1595894400,0.725
2020-07-29,1595980800,0.664
2020-07-30,1596067200,0.767
2020-07-31,1596153600,0.716
2020-08-01,1596240000,0.695
2020-08-02,1596326400,0.811
2020-08-03,1596412800,0.725
2020-08-04,1596499200,0.677
2020-08-05,1596585600,0.824
2020-08-06,1596672000,0.792
2020-08-07,1596758400,0.751
2020-08-08,1596844800,0.822
2020-08-09,1596931200,0.736
2020-08-10,1597017600,0.795
2020-08-11,1597104000,0.825
2020-08-12,1597190400,0.787
2020-08-13,1597276800,0.896
2020-08-14,1597363200,0.845
2020-08-15,1597449600,0.826
2020-08-16,1597536000,0.704
2020-08-17,1597622400,0.770
2020-08-18,1597708800,0.744
2020-08-19,1597795200,0.797
2020-08-20,1597881600,0.823
2020-08-21,1597968000,0.733
2020-08-22,1598054400,0.847
2020-08-23,1598140800,0.812
2020-08-24,1598227200,0.674
2020-08-25,1598313600,0.757
2020-08-26,1598400000,0.679
2020-08-27,1598486400,0.876
2020-08-28,1598572800,0.783
2020-08-29,1598659200,0.695
2020-08-30,1598745600,0.821
2020-08-31,1598832000,0.865
2020-09-01,1598918400,0.773
2020-09-02,1599004800,0.624
2020-09-03,1599091200,0.668
2020-09-04,1599177600,0.677
2020-09-05,1599264000,0.730
2020-09-06,1599350400,0.864
2020-09-07,1599436800,0.747
2020-09-08,1599523200,0.728
2020-09-09,1599609600,0.783
2020-09-10,1599696000,0.689
2020-09-11,1599782400,0.854
2020-09-12,1599868800,0.807
2020-09-13,1599955200,0.907
2020-09-14,1600041600,0.814
2020-09-15,1600128000,0.825
2020-09-16,1600214400,0.947
2020-09-17,1600300800,0.878
2020-09-18,1600387200,0.805
2020-09-19,1600473600,0.759
2020-09-20,1600560000,0.743
2020-09-21,1600646400,0.666
2020-09-22,1600732800,0.714
2020-09-23,1600819200,0.725
2020-09-24,1600905600,0.890
2020-09-25,1600992000,0.795
2020-09-26,1601078400,0.808
2020-09-27,1601164800,0.685
2020-09-28,1601251200,0.757
2020-09-29,1601337600,0.833
2020-09-30,1601424000,0.653
2020-10-01,1601510400,0.714
2020-10-02,1601596800,0.793
2020-10-03,1601683200,0.839
2020-10-04,1601769600,0.752
2020-10-05,1601856000,0.688
2020-10-06,1601942400,0.806
2020-10-07,1602028800,0.884
2020-10-08,1602115200,0.789
2020-10-09,1602201600,0.812
2020-10-10,1602288000,0.801
2020-10-11,1602374400,0.866
2020-10-12,1602460800,0.955
2020-10-13,1602547200,0.857
2020-10-14,1602633600,0.876
2020-10-15,1602720000,0.887
2020-10-16,1602806400,0.901
2020-10-17,1602892800,0.697
2020-10-18,1602979200,0.744
2020-10-19,1603065600,0.871
2020-10-20,1603152000,0.848
2020-10-21,1603238400,0.905
2020-10-22,1603324800,0.863
2020-10-23,1603411200,1.014
2020-10-24,1603497600,0.778
2020-10-25,1603584000,0.734
2020-10-26,1603670400,0.692
2020-10-27,1603756800,0.680
2020-10-28,1603843200,0.746
2020-10-29,1603929600,0.775
2020-10-30,1604016000,0.802
2020-10-31,1604102400,0.883
2020-11-01,1604188800,0.665
2020-11-02,1604275200,1.010
2020-11-03,1604361600,1.159
2020-11-04,1604448000,1.184
2020-11-05,1604534400,1.233
2020-11-06,1604620800,1.120
2020-11-07,1604707200,1.105
2020-11-08,1604793600,1.464
2020-11-09,1604880000,1.164
2020-11-10,1604966400,1.195
2020-11-11,1605052800,1.347
2020-11-12,1605139200,1.174
2020-11-13,1605225600,1.183
2020-11-14,1605312000,1.241
2020-11-15,1605398400,1.386
2020-11-16,1605484800,1.436
2020-11-17,1605571200,1.555
2020-11-18,1605657600,1.261
2020-11-19,1605744000,1.618
2020-11-20,1605830400,1.628
2020-11-21,1605916800,1.655
2020-11-22,1606003200,1.388
2020-11-23,1606089600,1.337
2020-11-24,1606176000,1.489
2020-11-25,1606262400,1.315
2020-11-26,1606348800,1.348
2020-11-27,1606435200,1.398
2020-11-28,1606521600,1.394
2020-11-29,1606608000,1.135
2020-11-30,1606694400,1.460
2020-12-01,1606780800,1.284
2020-12-02,1606867200,1.558
2020-12-03,1606953600,1.374
2020-12-04,1607040000,1.401
2020-12-05,1607126400,1.339
2020-12-06,1607212800,1.462
2020-12-07,1607299200,1.341
2020-12-08,1607385600,1.310
2020-12-09,1607472000,1.206
2020-12-10,1607558400,1.263
2020-12-11,1607644800,1.258
2020-12-12,1607731200,1.512
2020-12-13,1607817600,1.413
2020-12-14,1607904000,1.374
2020-12-15,1607990400,1.540
2020-12-16,1608076800,1.480
2020-12-17,1608163200,1.818
2020-12-18,1608249600,1.890
2020-12-19,1608336000,1.779
2020-12-20,1608422400,1.560
2020-12-21,1608508800,1.696
2020-12-22,1608595200,1.788
2020-12-23,1608681600,1.486
2020-12-24,1608768000,1.764
2020-12-25,1608854400,1.798
2020-12-26,1608940800,1.934
2020-12-27,1609027200,2.133
2020-12-28,1609113600,2.036
2020-12-29,1609200000,2.431
2020-12-30,1609286400,2.353
2020-12-31,1609372800,2.131
2021-01-01,1609459200,2.347
2021-01-02,1609545600,2.542
2021-01-03,1609632000,2.649
2021-01-04,1609718400,2.561
2021-01-05,1609804800,3.095
2021-01-06,1609891200,3.126
2021-01-07,1609977600,2.851
2021-01-08,1610064000,2.640
2021-01-09,1610150400,2.854
2021-01-10,1610236800,2.534
2021-01-11,1610323200,2.320
2021-01-12,1610409600,2.625
2021-01-13,1610496000,2.648
2021-01-14,1610582400,2.615
2021-01-15,1610668800,2.437
2021-01-16,1610755200,2.191
2021-01-17,1610841600,2.416
2021-01-18,1610928000,2.450
2021-01-19,1611014400,2.265
2021-01-20,1611100800,1.807
2021-01-21,1611187200,2.095
2021-01-22,1611273600,2.245
2021-01-23,1611360000,2.007
2021-01-24,1611446400,2.029
2021-01-25,1611532800,2.341
2021-01-26,1611619200,1.916
2021-01-27,1611705600,2.155
2021-01-28,1611792000,2.297
2021-01-29,1611878400,2.061
2021-01-30,1611964800,2.102
2021-01-31,1612051200,1.756
2021-02-01,1612137600,2.386
2021-02-02,1612224000,2.460
2021-02-03,1612310400,2.584
2021-02-04,1612396800,2.784
2021-02-05,1612483200,2.697
2021-02-06,1612569600,2.613
2021-02-07,1612656000,3.193
2021-02-08,1612742400,2.830
2021-02-09,1612828800,2.730
2021-02-10,1612915200,2.607
2021-02-11,1613001600,2.835
2021-02-12,1613088000,3.097
2021-02-13,1613174400,3.004
2021-02-14,1613260800,3.025
2021-02-15,1613347200,2.451
2021-02-16,1613433600,2.957
2021-02-17,1613520000,2.889
2021-02-18,1613606400,3.464
2021-02-19,1613692800,3.289
2021-02-20,1613779200,3.250
2021-02-21,1613865600,2.863
2021-02-22,1613952000,2.452
2021-02-23,1614038400,3.115
2021-02-24,1614124800,2.917
2021-02-25,1614211200,2.516
2021-02-26,1614297600,2.804
2021-02-27,1614384000,2.307
2021-02-28,1614470400,2.496
2021-03-01,1614556800,2.660
2021-03-02,1614643200,2.951
2021-03-03,1614729600,2.368
2021-03-04,1614816000,2.763
2021-03-05,1614902400,2.815
2021-03-06,1614988800,2.807
2021-03-07,1615075200,3.021
2021-03-08,1615161600,2.852
2021-03-09,1615248000,3.092
2021-03-10,1615334400,2.808
2021-03-11,1615420800,3.140
2021-03-12,1615507200,3.176
2021-03-13,1615593600,3.381
2021-03-14,1615680000,2.966
2021-03-15,1615766400,2.985
2021-03-16,1615852800,2.811
2021-03-17,1615939200,3.068
2021-03-18,1616025600,2.989
2021-03-19,1616112000,3.093
2021-03-20,1616198400,3.068
2021-03-21,1616284800,2.797
2021-03-22,1616371200,2.968
2021-03-23,1616457600,2.686
2021-03-24,1616544000,2.651
2021-03-25,1616630400,2.477
2021-03-26,1616716800,2.941
2021-03-27,1616803200,2.906
2021-03-28,1616889600,2.835
2021-03-29,1616976000,2.777
2021-03-30,1617062400,2.973
2021-03-31,1617148800,2.731
2021-04-01,1617235200,2.632
2021-04-02,1617321600,2.378
2021-04-03,1617408000,2.678
2021-04-04,1617494400,2.872
2021-04-05,1617580800,2.606
2021-04-06,1617667200,2.738
2021-04-07,1617753600,2.396
2021-04-08,1617840000,2.707
2021-04-09,1617926400,2.856
2021-04-10,1618012800,2.635
2021-04-11,1618099200,2.602
2021-04-12,1618185600,2.703
2021-04-13,1618272000,2.533
2021-04-14,1618358400,3.223
2021-04-15,1618444800,1.873
2021-04-16,1618531200,1.616
2021-04-17,1618617600,2.051
2021-04-18,1618704000,1.584
2021-04-19,1618790400,2.107
2021-04-20,1618876800,1.586
2021-04-21,1618963200,2.147
2021-04-22,1619049600,1.983
2021-04-23,1619136000,2.093
2021-04-24,1619222400,1.974
2021-04-25,1619308800,1.753
2021-04-26,1619395200,2.218
2021-04-27,1619481600,2.199
2021-04-28,1619568000,1.842
2021-04-29,1619654400,2.349
2021-04-30,1619740800,2.247
2021-05-01,1619827200,2.906
2021-05-02,1619913600,2.798
2021-05-03,1620000000,2.672
2021-05-04,1620086400,2.462
2021-05-05,1620172800,2.615
2021-05-06,1620259200,2.670
2021-05-07,1620345600,2.704
2021-05-08,1620432000,2.901
2021-05-09,1620518400,2.679
2021-05-10,1620604800,2.579
2021-05-11,1620691200,2.309
2021-05-12,1620777600,2.083
2021-05-13,1620864000,1.749
2021-05-14,1620950400,1.506
2021-05-15,1621036800,1.575
2021-05-16,1621123200,1.360
2021-05-17,1621209600,1.104
2021-05-18,1621296000,1.211
2021-05-19,1621382400,1.173
2021-05-20,1621468800,1.047
2021-05-21,1621555200,1.116
2021-05-22,1621641600,1.055
2021-05-23,1621728000,1.238
2021-05-24,1621814400,1.194
2021-05-25,1621900800,1.210
2021-05-26,1621987200,1.138
2021-05-27,1622073600,1.067
2021-05-28,1622160000,1.012
2021-05-29,1622246400,1.288
2021-05-30,1622332800,1.316
2021-05-31,1622419200,1.299
2021-06-01,1622505600,1.554
2021-06-02,1622592000,1.427
2021-06-03,1622678400,1.195
2021-06-04,1622764800,1.145
2021-06-05,1622851200,1.320
2021-06-06,1622937600,1.102
2021-06-07,1623024000,1.223
2021-06-08,1623110400,1.152
2021-06-09,1623196800,1.061
2021-06-10,1623283200,0.952
2021-06-11,1623369600,1.146
2021-06-12,1623456000,1.248
2021-06-13,1623542400,1.323
2021-06-14,1623628800,1.274
2021-06-15,1623715200,1.134
2021-06-16,1623801600,1.188
2021-06-17,1623888000,1.063
2021-06-18,1623974400,0.877
2021-06-19,1624060800,0.894
2021-06-20,1624147200,0.795
2021-06-21,1624233600,0.703
2021-06-22,1624320000,0.809
2021-06-23,1624406400,0.866
2021-06-24,1624492800,0.828
2021-06-25,1624579200,0.674
2021-06-26,1624665600,0.475
2021-06-27,1624752000,0.717
2021-06-28,1624838400,0.766
2021-06-29,1624924800,0.730
2021-06-30,1625011200,0.760
2021-07-01,1625097600,0.718
2021-07-02,1625184000,1.035
2021-07-03,1625270400,0.956
2021-07-04,1625356800,1.051
2021-07-05,1625443200,1.135
2021-07-06,1625529600,0.976
2021-07-07,1625616000,1.064
2021-07-08,1625702400,1.035
2021-07-09,1625788800,1.257
2021-07-10,1625875200,0.993
2021-07-11,1625961600,0.966
2021-07-12,1626048000,1.026
2021-07-13,1626134400,1.285
2021-07-14,1626220800,0.933
2021-07-15,1626307200,1.083
2021-07-16,1626393600,1.033
2021-07-17,1626480000,1.043
2021-07-18,1626566400,1.197
2021-07-19,1626652800,0.827
2021-07-20,1626739200,1.058
2021-07-21,1626825600,1.120
2021-07-22,1626912000,1.021
2021-07-23,1626998400,1.187
2021-07-24,1627084800,1.209
2021-07-25,1627171200,1.261
2021-07-26,1627257600,1.489
2021-07-27,1627344000,1.399
2021-07-28,1627430400,1.427
2021-07-29,1627516800,1.539
2021-07-30,1627603200,1.460
2021-07-31,1627689600,1.357
2021-08-01,1627776000,1.237
2021-08-02,1627862400,1.420
2021-08-03,1627948800,1.184
2021-08-04,1628035200,1.430
2021-08-05,1628121600,1.480
2021-08-06,1628208000,1.611
2021-08-07,1628294400,1.502
2021-08-08,1628380800,1.516
2021-08-09,1628467200,1.612
2021-08-10,1628553600,1.438
2021-08-11,1628640000,1.432
2021-08-12,1628726400,1.443
2021-08-13,1628812800,1.640
2021-08-14,1628899200,1.811
2021-08-15,1628985600,1.560
2021-08-16,1629072000,1.615
2021-08-17,1629158400,1.271
2021-08-18,1629244800,1.499
2021-08-19,1629331200,1.639
2021-08-20,1629417600,1.729
2021-08-21,1629504000,1.671
2021-08-22,1629590400,2.008
2021-08-23,1629676800,1.512
2021-08-24,1629763200,1.601
2021-08-25,1629849600,1.403
2021-08-26,1629936000,1.453
2021-08-27,1630022400,1.394
2021-08-28,1630108800,1.540
2021-08-29,1630195200,1.280
2021-08-30,1630281600,1.364
2021-08-31,1630368000,1.334
2021-09-01,1630454400,1.467
2021-09-02,1630540800,1.467
2021-09-03,1630627200,1.533
2021-09-04,1630713600,1.675
2021-09-05,1630800000,1.780
2021-09-06,1630886400,1.405
2021-09-07,1630972800,1.282
2021-09-08,1631059200,1.241
2021-09-09,1631145600,1.184
2021-09-10,1631232000,1.294
2021-09-11,1631318400,1.313
2021-09-12,1631404800,1.380
2021-09-13,1631491200,1.519
2021-09-14,1631577600,1.311
2021-09-15,1631664000,1.243
2021-09-16,1631750400,1.324
2021-09-17,1631836800,1.421
2021-09-18,1631923200,1.432
2021-09-19,1632009600,1.329
2021-09-20,1632096000,0.941
2021-09-21,1632182400,1.100
2021-09-22,1632268800,1.389
2021-09-23,1632355200,1.186
2021-09-24,1632441600,1.150
2021-09-25,1632528000,1.118
2021-09-26,1632614400,1.225
2021-09-27,1632700800,1.162
2021-09-28,1632787200,0.998
2021-09-29,1632873600,1.382
2021-09-30,1632960000,1.239
2021-10-01,1633046400,1.648
2021-10-02,1633132800,1.322
2021-10-03,1633219200,1.402
2021-10-04,1633305600,1.536
2021-10-05,1633392000,1.315
2021-10-06,1633478400,1.370
2021-10-07,1633564800,1.166
2021-10-08,1633651200,1.482
2021-10-09,1633737600,1.557
2021-10-10,1633824000,1.492
2021-10-11,1633910400,1.339
2021-10-12,1633996800,1.717
2021-10-13,1634083200,1.389
2021-10-14,1634169600,1.526
2021-10-15,1634256000,1.423
2021-10-16,1634342400,1.720
2021-10-17,1634428800,1.598
2021-10-18,1634515200,1.729
2021-10-19,1634601600,1.701
2021-10-20,1634688000,1.590
2021-10-21,1634774400,1.647
2021-10-22,1634860800,1.519
2021-10-23,1634947200,1.587
2021-10-24,1635033600,1.946
2021-10-25,1635120000,1.531
2021-10-26,1635206400,1.549
2021-10-27,1635292800,1.555
2021-10-28,1635379200,1.778
2021-10-29,1635465600,1.593
2021-10-30,1635552000,1.417
2021-10-31,1635638400,1.496
2021-11-01,1635724800,1.641
2021-11-02,1635811200,1.664
2021-11-03,1635897600,1.437
2021-11-04,1635984000,1.543
2021-11-05,1636070400,1.539
2021-11-06,1636156800,1.564
2021-11-07,1636243200,1.474
2021-11-08,1636329600,1.643
2021-11-09,1636416000,1.549
2021-11-10,1636502400,1.642
2021-11-11,1636588800,1.452
2021-11-12,1636675200,1.567
2021-11-13,1636761600,1.618
2021-11-14,1636848000,1.521
2021-11-15,1636934400,1.426
2021-11-16,1637020800,1.408
2021-11-17,1637107200,1.282
2021-11-18,1637193600,1.243
2021-11-19,1637280000,1.352
2021-11-20,1637366400,1.213
2021-11-21,1637452800,1.236
2021-11-22,1637539200,1.180
2021-11-23,1637625600,1.388
2021-11-24,1637712000,1.184
2021-11-25,1637798400,1.094
2021-11-26,1637884800,1.201
2021-11-27,1637971200,1.221
2021-11-28,1638057600,1.268
2021-11-29,1638144000,1.168
2021-11-30,1638230400,1.194
2021-12-01,1638316800,1.333
2021-12-02,1638403200,1.367
2021-12-03,1638489600,1.153
2021-12-04,1638576000,1.236
2021-12-05,1638662400,1.309
2021-12-06,1638748800,1.170
2021-12-07,1638835200,1.272
2021-12-08,1638921600,1.169
2021-12-09,1639008000,1.105
2021-12-10,1639094400,1.109
2021-12-11,1639180800,1.044
2021-12-12,1639267200,0.979
2021-12-13,1639353600,1.059
2021-12-14,1639440000,1.019
2021-12-15,1639526400,0.810
2021-12-16,1639612800,1.019
2021-12-17,1639699200,0.885
2021-12-18,1639785600,1.028
2021-12-19,1639872000,0.994
2021-12-20,1639958400,1.160
2021-12-21,1640044800,1.056
2021-12-22,1640131200,1.128
2021-12-23,1640217600,1.120
2021-12-24,1640304000,1.084
2021-12-25,1640390400,0.991
2021-12-26,1640476800,1.093
2021-12-27,1640563200,0.928
2021-12-28,1640649600,0.978
2021-12-29,1640736000,0.813
2021-12-30,1640822400,1.001
2021-12-31,1640908800,1.184
2022-01-01,1640995200,1.082
2022-01-02,1641081600,0.940
2022-01-03,1641168000,0.975
2022-01-04,1641254400,0.943
2022-01-05,1641340800,0.910
2022-01-06,1641427200,0.840
2022-01-07,1641513600,0.870
2022-01-08,1641600000,0.853
2022-01-09,1641686400,0.858
2022-01-10,1641772800,0.976
2022-01-11,1641859200,0.882
2022-01-12,1641945600,1.100
2022-01-13,1642032000,0.988
2022-01-14,1642118400,1.033
2022-01-15,1642204800,1.087
2022-01-16,1642291200,0.977
2022-01-17,1642377600,0.830
2022-01-18,1642464000,1.039
2022-01-19,1642550400,0.989
2022-01-20,1642636800,0.702
2022-01-21,1642723200,0.673
2022-01-22,1642809600,0.734
2022-01-23,1642896000,0.789
2022-01-24,1642982400,0.805
2022-01-25,1643068800,0.687
2022-01-26,1643155200,0.695
2022-01-27,1643241600,0.834
2022-01-28,1643328000,0.813
2022-01-29,1643414400,0.795
2022-01-30,1643500800,0.788
2022-01-31,1643587200,0.855
2022-02-01,1643673600,0.809
2022-02-02,1643760000,0.780
2022-02-03,1643846400,0.764
2022-02-04,1643932800,0.708
2022-02-05,1644019200,0.946
2022-02-06,1644105600,0.855
2022-02-07,1644192000,0.974
2022-02-08,1644278400,0.891
2022-02-09,1644364800,0.919
2022-02-10,1644451200,0.862
2022-02-11,1644537600,1.130
2022-02-12,1644624000,0.955
2022-02-13,1644710400,0.935
2022-02-14,1644796800,1.116
2022-02-15,1644883200,0.985
2022-02-16,1644969600,0.914
2022-02-17,1645056000,0.769
2022-02-18,1645142400,0.857
2022-02-19,1645228800,0.798
2022-02-20,1645315200,0.656
2022-02-21,1645401600,0.836
2022-02-22,1645488000,0.806
2022-02-23,1645574400,0.728
2022-02-24,1645660800,0.760
2022-02-25,1645747200,0.705
2022-02-26,1645833600,0.740
2022-02-27,1645920000,0.960
2022-02-28,1646006400,1.037
2022-03-01,1646092800,0.864
2022-03-02,1646179200,0.909
2022-03-03,1646265600,0.786
2022-03-04,1646352000,0.701
2022-03-05,1646438400,0.729
2022-03-06,1646524800,0.818
2022-03-07,1646611200,0.832
2022-03-08,1646697600,0.841
2022-03-09,1646784000,0.832
2022-03-10,1646870400,0.779
2022-03-11,1646956800,0.885
2022-03-12,1647043200,0.832
2022-03-13,1647129600,0.886
2022-03-14,1647216000,0.800
2022-03-15,1647302400,0.932
2022-03-16,1647388800,0.953
2022-03-17,1647475200,0.876
2022-03-18,1647561600,0.959
2022-03-19,1647648000,0.934
2022-03-20,1647734400,0.923
2022-03-21,1647820800,0.929
2022-03-22,1647907200,0.912
2022-03-23,1647993600,0.926
2022-03-24,1648080000,1.020
2022-03-25,1648166400,1.057
2022-03-26,1648252800,0.904
2022-03-27,1648339200,1.109
2022-03-28,1648425600,1.059
2022-03-29,1648512000,0.941
2022-03-30,1648598400,0.931
2022-03-31,1648684800,0.966
2022-04-01,1648771200,0.920
2022-04-02,1648857600,0.958
2022-04-03,1648944000,1.094
2022-04-04,1649030400,0.984
2022-04-05,1649116800,0.966
2022-04-06,1649203200,0.895
2022-04-07,1649289600,0.843
2022-04-08,1649376000,0.974
2022-04-09,1649462400,0.884
2022-04-10,1649548800,0.810
2022-04-11,1649635200,0.918
2022-04-12,1649721600,0.864
2022-04-13,1649808000,0.827
2022-04-14,1649894400,0.963
2022-04-15,1649980800,0.815
2022-04-16,1650067200,0.985
2022-04-17,1650153600,0.823
2022-04-18,1650240000,0.774
2022-04-19,1650326400,0.997
2022-04-20,1650412800,1.028
2022-04-21,1650499200,0.808
2022-04-22,1650585600,0.971
2022-04-23,1650672000,1.018
2022-04-24,1650758400,0.988
2022-04-25,1650844800,0.803
2022-04-26,1650931200,1.005
2022-04-27,1651017600,0.792
2022-04-28,1651104000,0.874
2022-04-29,1651190400,0.855
2022-04-30,1651276800,0.971
2022-05-01,1651363200,0.935
2022-05-02,1651449600,0.858
2022-05-03,1651536000,0.880
2022-05-04,1651622400,0.872
2022-05-05,1651708800,0.781
2022-05-06,1651795200,0.776
2022-05-07,1651881600,0.808
2022-05-08,1651968000,0.725
2022-05-09,1652054400,0.730
2022-05-10,1652140800,0.644
2022-05-11,1652227200,0.606
2022-05-12,1652313600,0.689
2022-05-13,1652400000,0.656
2022-05-14,1652486400,0.590
2022-05-15,1652572800,0.760
2022-05-16,1652659200,0.694
2022-05-17,1652745600,0.598
2022-05-18,1652832000,0.573
2022-05-19,1652918400,0.581
2022-05-20,1653004800,0.617
2022-05-21,1653091200,0.575
2022-05-22,1653177600,0.723
2022-05-23,1653264000,0.553
2022-05-24,1653350400,0.662
2022-05-25,1653436800,0.643
2022-05-26,1653523200,0.614
2022-05-27,1653609600,0.669
2022-05-28,1653696000,0.682
2022-05-29,1653782400,0.760
2022-05-30,1653868800,0.723
2022-05-31,1653955200,0.631
2022-06-01,1654041600,0.594
2022-06-02,1654128000,0.661
2022-06-03,1654214400,0.646
2022-06-04,1654300800,0.681
2022-06-05,1654387200,0.733
2022-06-06,1654473600,0.788
2022-06-07,1654560000,0.839
2022-06-08,1654646400,0.685
2022-06-09,1654732800,0.667
2022-06-10,1654819200,0.681
2022-06-11,1654905600,0.532
2022-06-12,1654992000,0.464
2022-06-13,1655078400,0.504
2022-06-14,1655164800,0.581
2022-06-15,1655251200,0.378
2022-06-16,1655337600,0.347
2022-06-17,1655424000,0.465
2022-06-18,1655510400,0.428
2022-06-19,1655596800,0.426
2022-06-20,1655683200,0.487
2022-06-21,1655769600,0.405
2022-06-22,1655856000,0.504
2022-06-23,1655942400,0.432
2022-06-24,1656028800,0.509
2022-06-25,1656115200,0.457
2022-06-26,1656201600,0.443
2022-06-27,1656288000,0.465
2022-06-28,1656374400,0.476
2022-06-29,1656460800,0.519
2022-06-30,1656547200,0.407
2022-07-01,1656633600,0.417
2022-07-02,1656720000,0.470
2022-07-03,1656806400,0.455
2022-07-04,1656892800,0.375
2022-07-05,1656979200,0.412
2022-07-06,1657065600,0.536
2022-07-07,1657152000,0.509
2022-07-08,1657238400,0.457
2022-07-09,1657324800,0.504
2022-07-10,1657411200,0.388
2022-07-11,1657497600,0.462
2022-07-12,1657584000,0.351
2022-07-13,1657670400,0.404
2022-07-14,1657756800,0.469
2022-07-15,1657843200,0.498
2022-07-16,1657929600,0.410
2022-07-17,1658016000,0.465
2022-07-18,1658102400,0.513
2022-07-19,1658188800,0.467
2022-07-20,1658275200,0.513
2022-07-21,1658361600,0.478
2022-07-22,1658448000,0.552
2022-07-23,1658534400,0.568
2022-07-24,1658620800,0.488
2022-07-25,1658707200,0.542
2022-07-26,1658793600,0.605
2022-07-27,1658880000,0.539
2022-07-28,1658966400,0.562
2022-07-29,1659052800,0.490
2022-07-30,1659139200,0.572
2022-07-31,1659225600,0.512
2022-08-01,1659312000,0.576
2022-08-02,1659398400,0.535
2022-08-03,1659484800,0.483
2022-08-04,1659571200,0.565
2022-08-05,1659657600,0.601
2022-08-06,1659744000,0.598
2022-08-07,1659830400,0.558
2022-08-08,1659916800,0.541
2022-08-09,1660003200,0.578
2022-08-10,1660089600,0.548
2022-08-11,1660176000,0.615
2022-08-12,1660262400,0.557
2022-08-13,1660348800,0.532
2022-08-14,1660435200,0.575
2022-08-15,1660521600,0.583
2022-08-16,1660608000,0.498
2022-08-17,1660694400,0.554
2022-08-18,1660780800,0.617
2022-08-19,1660867200,0.524
2022-08-20,1660953600,0.524
2022-08-21,1661040000,0.516
2022-08-22,1661126400,0.620
2022-08-23,1661212800,0.525
2022-08-24,1661299200,0.577
2022-08-25,1661385600,0.600
2022-08-26,1661472000,0.490
2022-08-27,1661558400,0.535
2022-08-28,1661644800,0.539
2022-08-29,1661731200,0.545
2022-08-30,1661817600,0.497
2022-08-31,1661904000,0.472
2022-09-01,1661990400,0.439
2022-09-02,1662076800,0.498
2022-09-03,1662163200,0.575
2022-09-04,1662249600,0.520
2022-09-05,1662336000,0.461
2022-09-06,1662422400,0.486
2022-09-07,1662508800,0.424
2022-09-08,1662595200,0.544
2022-09-09,1662681600,0.591
2022-09-10,1662768000,0.691
2022-09-11,1662854400,0.595
2022-09-12,1662940800,0.482
2022-09-13,1663027200,0.449
2022-09-14,1663113600,0.507
2022-09-15,1663200000,0.443
2022-09-16,1663286400,0.601
2022-09-17,1663372800,0.527
2022-09-18,1663459200,0.449
2022-09-19,1663545600,0.507
2022-09-20,1663632000,0.462
2022-09-21,1663718400,0.441
2022-09-22,1663804800,0.464
2022-09-23,1663891200,0.492
2022-09-24,1663977600,0.493
2022-09-25,1664064000,0.515
2022-09-26,1664150400,0.441
2022-09-27,1664236800,0.523
2022-09-28,1664323200,0.502
2022-09-29,1664409600,0.591
2022-09-30,1664496000,0.630
2022-10-01,1664582400,0.540
2022-10-02,1664668800,0.548
2022-10-03,1664755200,0.602
2022-10-04,1664841600,0.642
2022-10-05,1664928000,0.578
2022-10-06,1665014400,0.611
2022-10-07,1665100800,0.622
2022-10-08,1665187200,0.563
2022-10-09,1665273600,0.592
2022-10-10,1665360000,0.552
2022-10-11,1665446400,0.485
2022-10-12,1665532800,0.515
2022-10-13,1665619200,0.557
2022-10-14,1665705600,0.541
2022-10-15,1665792000,0.519
2022-10-16,1665878400,0.551
2022-10-17,1665964800,0.517
2022-10-18,1666051200,0.546
2022-10-19,1666137600,0.524
2022-10-20,1666224000,0.570
2022-10-21,1666310400,0.499
2022-10-22,1666396800,0.581
2022-10-23,1666483200,0.506
2022-10-24,1666569600,0.474
2022-10-25,1666656000,0.625
2022-10-26,1666742400,0.533
2022-10-27,1666828800,0.639
2022-10-28,1666915200,0.583
2022-10-29,1667001600,0.548
2022-10-30,1667088000,0.699
2022-10-31,1667174400,0.584
2022-11-01,1667260800,0.488
2022-11-02,1667347200,0.661
2022-11-03,1667433600,0.546
2022-11-04,1667520000,0.645
2022-11-05,1667606400,0.578
2022-11-06,1667692800,0.599
2022-11-07,1667779200,0.613
2022-11-08,1667865600,0.479
2022-11-09,1667952000,0.528
2022-11-10,1668038400,0.466
2022-11-11,1668124800,0.578
2022-11-12,1668211200,0.436
2022-11-13,1668297600,0.426
2022-11-14,1668384000,0.546
2022-11-15,1668470400,0.524
2022-11-16,1668556800,0.485
2022-11-17,1668643200,0.489
2022-11-18,1668729600,0.520
2022-11-19,1668816000,0.515
2022-11-20,1668902400,0.435
2022-11-21,1668988800,0.437
2022-11-22,1669075200,0.502
2022-11-23,1669161600,0.462
2022-11-24,1669248000,0.440
2022-11-25,1669334400,0.389
2022-11-26,1669420800,0.487
2022-11-27,1669507200,0.493
2022-11-28,1669593600,0.473
2022-11-29,1669680000,0.522
2022-11-30,1669766400,0.573
2022-12-01,1669852800,0.473
2022-12-02,1669939200,0.493
2022-12-03,1670025600,0.535
2022-12-04,1670112000,0.555
2022-12-05,1670198400,0.519
2022-12-06,1670284800,0.654
2022-12-07,1670371200,0.652
2022-12-08,1670457600,0.592
2022-12-09,1670544000,0.601
2022-12-10,1670630400,0.574
2022-12-11,1670716800,0.564
2022-12-12,1670803200,0.674
2022-12-13,1670889600,0.607
2022-12-14,1670976000,0.557
2022-12-15,1671062400,0.500
2022-12-16,1671148800,0.538
2022-12-17,1671235200,0.566
2022-12-18,1671321600,0.522
2022-12-19,1671408000,0.554
2022-12-20,1671494400,0.565
2022-12-21,1671580800,0.535
2022-12-22,1671667200,0.524
2022-12-23,1671753600,0.356
2022-12-24,1671840000,0.565
2022-12-25,1671926400,0.520
2022-12-26,1672012800,0.461
2022-12-27,1672099200,0.668
2022-12-28,1672185600,0.566
2022-12-29,1672272000,0.634
2022-12-30,1672358400,0.625
2022-12-31,1672444800,0.626
2023-01-01,1672531200,0.635
2023-01-02,1672617600,0.628
2023-01-03,1672704000,0.591
2023-01-04,1672790400,0.650
2023-01-05,1672876800,0.753
2023-01-06,1672963200,0.645
2023-01-07,1673049600,0.646
2023-01-08,1673136000,0.648
2023-01-09,1673222400,0.733
2023-01-10,1673308800,0.654
2023-01-11,1673395200,0.712
2023-01-12,1673481600,0.792
2023-01-13,1673568000,0.903
2023-01-14,1673654400,0.857
2023-01-15,1673740800,0.787
2023-01-16,1673827200,0.837
2023-01-17,1673913600,0.736
2023-01-18,1674000000,0.778
2023-01-19,1674086400,0.764
2023-01-20,1674172800,0.804
2023-01-21,1674259200,0.878
2023-01-22,1674345600,0.928
2023-01-23,1674432000,0.748
2023-01-24,1674518400,1.039
2023-01-25,1674604800,0.917
2023-01-26,1674691200,0.914
2023-01-27,1674777600,0.996
2023-01-28,1674864000,0.988
2023-01-29,1674950400,0.813
2023-01-30,1675036800,0.689
2023-01-31,1675123200,0.843
2023-02-01,1675209600,0.886
2023-02-02,1675296000,0.812
2023-02-03,1675382400,0.828
2023-02-04,1675468800,0.911
2023-02-05,1675555200,0.881
2023-02-06,1675641600,0.866
2023-02-07,1675728000,0.832
2023-02-08,1675814400,0.931
2023-02-09,1675900800,0.839
2023-02-10,1675987200,0.856
2023-02-11,1676073600,0.936
2023-02-12,1676160000,0.904
2023-02-13,1676246400,0.912
2023-02-14,1676332800,1.059
2023-02-15,1676419200,1.138
2023-02-16,1676505600,1.089
2023-02-17,1676592000,1.111
2023-02-18,1676678400,1.061
2023-02-19,1676764800,0.982
2023-02-20,1676851200,1.098
2023-02-21,1676937600,0.913
2023-02-22,1677024000,1.105
2023-02-23,1677110400,0.846
2023-02-24,1677196800,0.672
2023-02-25,1677283200,1.073
2023-02-26,1677369600,0.894
2023-02-27,1677456000,0.864
2023-02-28,1677542400,1.096
2023-03-01,1677628800,0.924
2023-03-02,1677715200,1.029
2023-03-03,1677801600,0.932
2023-03-04,1677888000,0.955
2023-03-05,1677974400,0.814
2023-03-06,1678060800,1.008
2023-03-07,1678147200,0.797
2023-03-08,1678233600,0.761
2023-03-09,1678320000,0.764
2023-03-10,1678406400,0.944
2023-03-11,1678492800,0.989
2023-03-12,1678579200,1.057
2023-03-13,1678665600,1.010
2023-03-14,1678752000,1.004
2023-03-15,1678838400,0.941
2023-03-16,1678924800,1.134
2023-03-17,1679011200,1.230
2023-03-18,1679097600,1.175
2023-03-19,1679184000,1.210
2023-03-20,1679270400,1.155
2023-03-21,1679356800,1.231
2023-03-22,1679443200,1.472
2023-03-23,1679529600,1.263
2023-03-24,1679616000,1.134
2023-03-25,1679702400,1.152
2023-03-26,1679788800,1.148
2023-03-27,1679875200,1.047
2023-03-28,1679961600,1.198
2023-03-29,1680048000,1.249
2023-03-30,1680134400,1.158
2023-03-31,1680220800,1.152
2023-04-01,1680307200,1.213
2023-04-02,1680393600,1.057
2023-04-03,1680480000,1.323
2023-04-04,1680566400,1.140
2023-04-05,1680652800,1.308
2023-04-06,1680739200,1.158
2023-04-07,1680825600,1.202
2023-04-08,1680912000,1.213
2023-04-09,1680998400,1.072
2023-04-10,1681084800,1.368
2023-04-11,1681171200,1.407
2023-04-12,1681257600,1.269
2023-04-13,1681344000,1.256
2023-04-14,1681430400,1.414
2023-04-15,1681516800,1.110
2023-04-16,1681603200,1.351
2023-04-17,1681689600,1.492
2023-04-18,1681776000,1.186
2023-04-19,1681862400,1.116
2023-04-20,1681948800,1.178
2023-04-21,1682035200,1.235
2023-04-22,1682121600,1.211
2023-04-23,1682208000,1.161
2023-04-24,1682294400,1.061
2023-04-25,1682380800,1.108
2023-04-26,1682467200,1.153
2023-04-27,1682553600,1.300
2023-04-28,1682640000,1.208
2023-04-29,1682726400,1.313
2023-04-30,1682812800,1.547
2023-05-01,1682899200,1.121
2023-05-02,1682985600,1.242
2023-05-03,1683072000,1.280
2023-05-04,1683158400,1.070
2023-05-05,1683244800,1.311
2023-05-06,1683331200,1.219
2023-05-07,1683417600,1.159
2023-05-08,1683504000,1.274
2023-05-09,1683590400,1.435
2023-05-10,1683676800,1.244
2023-05-11,1683763200,1.153
2023-05-12,1683849600,1.189
2023-05-13,1683936000,1.431
2023-05-14,1684022400,1.223
2023-05-15,1684108800,1.264
2023-05-16,1684195200,1.340
2023-05-17,1684281600,1.157
2023-05-18,1684368000,1.232
2023-05-19,1684454400,1.085
2023-05-20,1684540800,1.236
2023-05-21,1684627200,1.182
2023-05-22,1684713600,1.282
2023-05-23,1684800000,1.135
2023-05-24,1684886400,1.222
2023-05-25,1684972800,1.250
2023-05-26,1685059200,1.190
2023-05-27,1685145600,1.374
2023-05-28,1685232000,1.375
2023-05-29,1685318400,1.305
2023-05-30,1685404800,1.174
2023-05-31,1685491200,1.084
2023-06-01,1685577600,1.368
2023-06-02,1685664000,1.078
2023-06-03,1685750400,1.231
2023-06-04,1685836800,1.090
2023-06-05,1685923200,1.260
2023-06-06,1686009600,1.091
2023-06-07,1686096000,1.255
2023-06-08,1686182400,1.374
2023-06-09,1686268800,1.224
2023-06-10,1686355200,1.298
2023-06-11,1686441600,1.249
2023-06-12,1686528000,1.168
2023-06-13,1686614400,0.932
2023-06-14,1686700800,1.161
2023-06-15,1686787200,1.235
2023-06-16,1686873600,1.137
2023-06-17,1686960000,1.217
2023-06-18,1687046400,1.162
2023-06-19,1687132800,1.175
2023-06-20,1687219200,1.112
2023-06-21,1687305600,1.251
2023-06-22,1687392000,1.167
2023-06-23,1687478400,1.357
2023-06-24,1687564800,1.417
2023-06-25,1687651200,1.341
2023-06-26,1687737600,1.301
2023-06-27,1687824000,0.985
2023-06-28,1687910400,1.346
2023-06-29,1687996800,1.456
2023-06-30,1688083200,1.228
2023-07-01,1688169600,1.576
2023-07-02,1688256000,1.284
2023-07-03,1688342400,1.306
2023-07-04,1688428800,1.427
2023-07-05,1688515200,1.249
2023-07-06,1688601600,1.588
2023-07-07,1688688000,1.609
2023-07-08,1688774400,1.520
2023-07-09,1688860800,1.394
2023-07-10,1688947200,1.229
2023-07-11,1689033600,1.300
2023-07-12,1689120000,1.119
2023-07-13,1689206400,1.239
2023-07-14,1689292800,1.237
2023-07-15,1689379200,1.386
2023-07-16,1689465600,1.210
2023-07-17,1689552000,1.425
2023-07-18,1689638400,1.304
2023-07-19,1689724800,1.123
2023-07-20,1689811200,0.986
2023-07-21,1689897600,1.171
2023-07-22,1689984000,1.298
2023-07-23,1690070400,1.285
2023-07-24,1690156800,1.183
2023-07-25,1690243200,1.239
2023-07-26,1690329600,1.181
2023-07-27,1690416000,1.202
2023-07-28,1690502400,1.135
2023-07-29,1690588800,1.437
2023-07-30,1690675200,1.204
2023-07-31,1690761600,1.197
2023-08-01,1690848000,1.310
2023-08-02,1690934400,1.285
2023-08-03,1691020800,1.025
2023-08-04,1691107200,1.303
2023-08-05,1691193600,1.386
2023-08-06,1691280000,1.238
2023-08-07,1691366400,1.082
2023-08-08,1691452800,1.392
2023-08-09,1691539200,1.085
2023-08-10,1691625600,1.288
2023-08-11,1691712000,1.424
2023-08-12,1691798400,1.145
2023-08-13,1691884800,1.455
2023-08-14,1691971200,1.441
2023-08-15,1692057600,1.353
2023-08-16,1692144000,1.200
2023-08-17,1692230400,1.044
2023-08-18,1692316800,1.054
2023-08-19,1692403200,1.222
2023-08-20,1692489600,1.241
2023-08-21,1692576000,1.069
2023-08-22,1692662400,1.081
2023-08-23,1692748800,1.045
2023-08-24,1692835200,1.011
2023-08-25,1692921600,1.025
2023-08-26,1693008000,0.870
2023-08-27,1693094400,0.886
2023-08-28,1693180800,1.256
2023-08-29,1693267200,0.988
2023-08-30,1693353600,1.073
2023-08-31,1693440000,1.118
2023-09-01,1693526400,1.127
2023-09-02,1693612800,1.174
2023-09-03,1693699200,1.100
2023-09-04,1693785600,0.915
2023-09-05,1693872000,0.994
2023-09-06,1693958400,1.093
2023-09-07,1694044800,0.984
2023-09-08,1694131200,1.116
2023-09-09,1694217600,1.083
2023-09-10,1694304000,1.140
2023-09-11,1694390400,1.040
2023-09-12,1694476800,1.098
2023-09-13,1694563200,1.224
2023-09-14,1694649600,1.424
2023-09-15,1694736000,1.168
2023-09-16,1694822400,1.120
2023-09-17,1694908800,1.183
2023-09-18,1694995200,1.071
2023-09-19,1695081600,1.120
2023-09-20,1695168000,1.036
2023-09-21,1695254400,0.968
2023-09-22,1695340800,1.169
2023-09-23,1695427200,1.082
2023-09-24,1695513600,1.073
2023-09-25,1695600000,1.003
2023-09-26,1695686400,1.162
2023-09-27,1695772800,1.109
2023-09-28,1695859200,1.110
2023-09-29,1695945600,1.044
2023-09-30,1696032000,1.105
2023-10-01,1696118400,1.212
2023-10-02,1696204800,1.259
2023-10-03,1696291200,1.019
2023-10-04,1696377600,1.082
2023-10-05,1696464000,1.249
2023-10-06,1696550400,1.335
2023-10-07,1696636800,1.153
2023-10-08,1696723200,1.199
2023-10-09,1696809600,1.237
2023-10-10,1696896000,1.194
2023-10-11,1696982400,1.226
2023-10-12,1697068800,1.028
2023-10-13,1697155200,1.088
2023-10-14,1697241600,1.255
2023-10-15,1697328000,1.112
2023-10-16,1697414400,1.273
2023-10-17,1697500800,1.134
2023-10-18,1697587200,1.108
2023-10-19,1697673600,1.097
2023-10-20,1697760000,1.236
2023-10-21,1697846400,1.261
2023-10-22,1697932800,1.420
2023-10-23,1698019200,1.170
2023-10-24,1698105600,1.359
2023-10-25,1698192000,1.401
2023-10-26,1698278400,1.424
2023-10-27,1698364800,1.485
2023-10-28,1698451200,1.288
2023-10-29,1698537600,1.460
2023-10-30,1698624000,1.455
2023-10-31,1698710400,1.428
2023-11-01,1698796800,1.356
2023-11-02,1698883200,1.273
2023-11-03,1698969600,1.587
2023-11-04,1699056000,1.537
2023-11-05,1699142400,1.193
2023-11-06,1699228800,1.262
2023-11-07,1699315200,1.427
2023-11-08,1699401600,1.400
2023-11-09,1699488000,1.533
2023-11-10,1699574400,1.572
2023-11-11,1699660800,1.581
2023-11-12,1699747200,1.170
2023-11-13,1699833600,1.297
2023-11-14,1699920000,1.475
2023-11-15,1700006400,1.407
2023-11-16,1700092800,1.439
2023-11-17,1700179200,1.426
2023-11-18,1700265600,1.661
2023-11-19,1700352000,1.621
2023-11-20,1700438400,1.422
2023-11-21,1700524800,1.376
2023-11-22,1700611200,1.418
2023-11-23,1700697600,1.633
2023-11-24,1700784000,1.544
2023-11-25,1700870400,1.403
2023-11-26,1700956800,1.238
2023-11-27,1701043200,1.419
2023-11-28,1701129600,1.311
2023-11-29,1701216000,1.285
2023-11-30,1701302400,1.658
2023-12-01,1701388800,1.268
2023-12-02,1701475200,1.664
2023-12-03,1701561600,1.634
2023-12-04,1701648000,1.526
2023-12-05,1701734400,1.489
2023-12-06,1701820800,1.244
2023-12-07,1701907200,1.488
2023-12-08,1701993600,1.708
2023-12-09,1702080000,1.519
2023-12-10,1702166400,1.611
2023-12-11,1702252800,1.474
2023-12-12,1702339200,1.576
2023-12-13,1702425600,1.544
2023-12-14,1702512000,1.676
2023-12-15,1702598400,1.567
2023-12-16,1702684800,1.514
2023-12-17,1702771200,1.739
2023-12-18,1702857600,1.658
2023-12-19,1702944000,1.527
2023-12-20,1703030400,1.543
2023-12-21,1703116800,1.775
2023-12-22,1703203200,1.676
2023-12-23,1703289600,1.757
2023-12-24,1703376000,1.442
2023-12-25,1703462400,1.401
2023-12-26,1703548800,1.326
2023-12-27,1703635200,1.220
2023-12-28,1703721600,1.494
2023-12-29,1703808000,1.439
2023-12-30,1703894400,1.544
2023-12-31,1703980800,1.597
2024-01-01,1704067200,1.374
2024-01-02,1704153600,1.573
2024-01-03,1704240000,1.745
2024-01-04,1704326400,1.410
2024-01-05,1704412800,1.421
2024-01-06,1704499200,1.193
2024-01-07,1704585600,1.330
2024-01-08,1704672000,1.608
2024-01-09,1704758400,1.427
2024-01-10,1704844800,1.832
2024-01-11,1704931200,1.638
2024-01-12,1705017600,1.548
2024-01-13,1705104000,1.217
2024-01-14,1705190400,1.099
2024-01-15,1705276800,1.222
2024-01-16,1705363200,1.168
2024-01-17,1705449600,1.323
2024-01-18,1705536000,1.238
2024-01-19,1705622400,1.341
2024-01-20,1705708800,1.306
2024-01-21,1705795200,1.420
2024-01-22,1705881600,1.370
2024-01-23,1705968000,1.344
2024-01-24,1706054400,1.611
2024-01-25,1706140800,1.417
2024-01-26,1706227200,1.600
2024-01-27,1706313600,1.490
2024-01-28,1706400000,1.492
2024-01-29,1706486400,1.367
2024-01-30,1706572800,1.231
2024-01-31,1706659200,1.449
2024-02-01,1706745600,1.781
2024-02-02,1706832000,1.422
2024-02-03,1706918400,1.443
2024-02-04,1707004800,1.451
2024-02-05,1707091200,1.595
2024-02-06,1707177600,1.538
2024-02-07,1707264000,1.356
2024-02-08,1707350400,1.693
2024-02-09,1707436800,1.567
2024-02-10,1707523200,1.422
2024-02-11,1707609600,1.920
2024-02-12,1707696000,1.435
2024-02-13,1707782400,1.540
2024-02-14,1707868800,1.738
2024-02-15,1707955200,1.488
2024-02-16,1708041600,1.646
2024-02-17,1708128000,1.338
2024-02-18,1708214400,1.492
2024-02-19,1708300800,1.558
2024-02-20,1708387200,1.506
2024-02-21,1708473600,1.457
2024-02-22,1708560000,1.696
2024-02-23,1708646400,1.481
2024-02-24,1708732800,1.772
2024-02-25,1708819200,1.512
2024-02-26,1708905600,1.530
2024-02-27,1708992000,1.928
2024-02-28,1709078400,1.688
2024-02-29,1709164800,1.983
2024-03-01,1709251200,1.619
2024-03-02,1709337600,1.999
2024-03-03,1709424000,1.793
2024-03-04,1709510400,2.171
2024-03-05,1709596800,1.875
2024-03-06,1709683200,2.434
2024-03-07,1709769600,2.113
2024-03-08,1709856000,2.231
2024-03-09,1709942400,1.962
2024-03-10,1710028800,2.433
2024-03-11,1710115200,1.989
2024-03-12,1710201600,2.300
2024-03-13,1710288000,1.976
2024-03-14,1710374400,1.723
2024-03-15,1710460800,1.836
2024-03-16,1710547200,1.937
2024-03-17,1710633600,1.890
2024-03-18,1710720000,1.879
2024-03-19,1710806400,1.946
2024-03-20,1710892800,1.509
2024-03-21,1710979200,1.644
2024-03-22,1711065600,1.920
2024-03-23,1711152000,2.179
2024-03-24,1711238400,1.757
2024-03-25,1711324800,1.779
2024-03-26,1711411200,1.780
2024-03-27,1711497600,2.027
2024-03-28,1711584000,1.890
2024-03-29,1711670400,2.020
2024-03-30,1711756800,1.820
2024-03-31,1711843200,1.946
2024-04-01,1711929600,1.798
2024-04-02,1712016000,1.736
2024-04-03,1712102400,1.741
2024-04-04,1712188800,1.848
2024-04-05,1712275200,1.963
2024-04-06,1712361600,2.153
2024-04-07,1712448000,2.061
2024-04-08,1712534400,1.828
2024-04-09,1712620800,1.926
2024-04-10,1712707200,1.668
2024-04-11,1712793600,1.642
2024-04-12,1712880000,1.899
2024-04-13,1712966400,1.844
2024-04-14,1713052800,1.595
2024-04-15,1713139200,1.872
2024-04-16,1713225600,1.492
2024-04-17,1713312000,1.631
2024-04-18,1713398400,1.678
2024-04-19,1713484800,0.745
2024-04-20,1713571200,0.803
2024-04-21,1713657600,0.898
2024-04-22,1713744000,0.984
2024-04-23,1713830400,0.877
2024-04-24,1713916800,0.813
2024-04-25,1714003200,0.747
2024-04-26,1714089600,0.782
2024-04-27,1714176000,0.776
2024-04-28,1714262400,0.737
2024-04-29,1714348800,0.753
2024-04-30,1714435200,0.676
2024-05-01,1714521600,0.756
2024-05-02,1714608000,0.716
2024-05-03,1714694400,0.793
2024-05-04,1714780800,0.784
2024-05-05,1714867200,0.679
2024-05-06,1714953600,0.670
2024-05-07,1715040000,0.683
2024-05-08,1715126400,0.804
2024-05-09,1715212800,0.777
2024-05-10,1715299200,0.851
2024-05-11,1715385600,0.714
2024-05-12,1715472000,0.813
2024-05-13,1715558400,0.737
2024-05-14,1715644800,0.822
2024-05-15,1715731200,0.815
2024-05-16,1715817600,0.912
2024-05-17,1715904000,0.753
2024-05-18,1715990400,0.896
2024-05-19,1716076800,0.975
2024-05-20,1716163200,0.850
2024-05-21,1716249600,0.927
2024-05-22,1716336000,1.003
2024-05-23,1716422400,0.961
2024-05-24,1716508800,0.970
2024-05-25,1716595200,1.005
2024-05-26,1716681600,0.745
2024-05-27,1716768000,0.800
2024-05-28,1716854400,0.809
2024-05-29,1716940800,0.735
2024-05-30,1717027200,0.871
2024-05-31,1717113600,0.833
2024-06-01,1717200000,0.828
2024-06-02,1717286400,0.942
2024-06-03,1717372800,0.824
2024-06-04,1717459200,0.762
2024-06-05,1717545600,0.820
2024-06-06,1717632000,0.857
2024-06-07,1717718400,1.037
2024-06-08,1717804800,0.926
2024-06-09,1717891200,0.839
2024-06-10,1717977600,0.720
2024-06-11,1718064000,0.865
2024-06-12,1718150400,0.840
2024-06-13,1718236800,0.733
2024-06-14,1718323200,0.769
2024-06-15,1718409600,0.941
2024-06-16,1718496000,0.806
2024-06-17,1718582400,0.857
2024-06-18,1718668800,0.769
2024-06-19,1718755200,0.747
2024-06-20,1718841600,0.776
2024-06-21,1718928000,0.845
2024-06-22,1719014400,0.614
2024-06-23,1719100800,0.792
2024-06-24,1719187200,0.663
2024-06-25,1719273600,0.637
2024-06-26,1719360000,0.693
2024-06-27,1719446400,0.705
2024-06-28,1719532800,0.827
2024-06-29,1719619200,0.657
2024-06-30,1719705600,0.767
2024-07-01,1719792000,0.795
2024-07-02,1719878400,0.756
2024-07-03,1719964800,0.696
2024-07-04,1720051200,0.595
2024-07-05,1720137600,0.833
2024-07-06,1720224000,0.686
2024-07-07,1720310400,0.782
2024-07-08,1720396800,0.775
2024-07-09,1720483200,0.681
2024-07-10,1720569600,0.696
2024-07-11,1720656000,0.753
2024-07-12,1720742400,0.793
2024-07-13,1720828800,0.883
2024-07-14,1720915200,0.859
2024-07-15,1721001600,0.830
2024-07-16,1721088000,0.885
2024-07-17,1721174400,0.715
2024-07-18,1721260800,0.850
2024-07-19,1721347200,0.959
2024-07-20,1721433600,0.994
2024-07-21,1721520000,1.044
2024-07-22,1721606400,0.962
2024-07-23,1721692800,0.790
2024-07-24,1721779200,0.924
2024-07-25,1721865600,0.937
2024-07-26,1721952000,0.903
2024-07-27,1722038400,0.869
2024-07-28,1722124800,1.025
2024-07-29,1722211200,0.854
2024-07-30,1722297600,0.785
2024-07-31,1722384000,0.785
2024-08-01,1722470400,0.662
2024-08-02,1722556800,0.705
2024-08-03,1722643200,0.717
2024-08-04,1722729600,0.730
2024-08-05,1722816000,0.675
2024-08-06,1722902400,0.579
2024-08-07,1722988800,0.688
2024-08-08,1723075200,0.680
2024-08-09,1723161600,0.676
2024-08-10,1723248000,0.816
2024-08-11,1723334400,0.701
2024-08-12,1723420800,0.777
2024-08-13,1723507200,0.669
2024-08-14,1723593600,0.795
2024-08-15,1723680000,0.721
2024-08-16,1723766400,0.763
2024-08-17,1723852800,0.790
2024-08-18,1723939200,0.665
2024-08-19,1724025600,0.764
2024-08-20,1724112000,0.774
2024-08-21,1724198400,0.832
2024-08-22,1724284800,0.904
2024-08-23,1724371200,0.842
2024-08-24,1724457600,0.737
2024-08-25,1724544000,0.725
2024-08-26,1724630400,0.726
2024-08-27,1724716800,0.816
2024-08-28,1724803200,0.672
2024-08-29,1724889600,0.720
2024-08-30,1724976000,0.743
2024-08-31,1725062400,0.698
2024-09-01,1725148800,0.847
2024-09-02,1725235200,0.736
2024-09-03,1725321600,0.750
2024-09-04,1725408000,0.745
2024-09-05,1725494400,0.668
2024-09-06,1725580800,0.731
2024-09-07,1725667200,0.784
2024-09-08,1725753600,0.709
2024-09-09,1725840000,0.676
2024-09-10,1725926400,0.530
2024-09-11,1726012800,0.756
2024-09-12,1726099200,0.637
2024-09-13,1726185600,0.714
2024-09-14,1726272000,0.764
2024-09-15,1726358400,0.623
2024-09-16,1726444800,0.773
2024-09-17,1726531200,0.724
2024-09-18,1726617600,0.658
2024-09-19,1726704000,0.783
2024-09-20,1726790400,0.731
2024-09-21,1726876800,0.739
2024-09-22,1726963200,0.790
2024-09-23,1727049600,0.797
2024-09-24,1727136000,0.775
2024-09-25,1727222400,0.722
2024-09-26,1727308800,0.769
2024-09-27,1727395200,0.724
2024-09-28,1727481600,0.867
2024-09-29,1727568000,0.739
2024-09-30,1727654400,0.815
2024-10-01,1727740800,0.802
2024-10-02,1727827200,0.818
2024-10-03,1727913600,0.893
2024-10-04,1728000000,0.797
2024-10-05,1728086400,0.813
2024-10-06,1728172800,0.823
2024-10-07,1728259200,0.883
2024-10-08,1728345600,0.655
2024-10-09,1728432000,0.794
2024-10-10,1728518400,0.744
2024-10-11,1728604800,0.769
2024-10-12,1728691200,0.736
2024-10-13,1728777600,0.781
2024-10-14,1728864000,0.887
2024-10-15,1728950400,0.811
2024-10-16,1729036800,0.898
2024-10-17,1729123200,0.790
2024-10-18,1729209600,1.003
2024-10-19,1729296000,1.012
2024-10-20,1729382400,0.977
2024-10-21,1729468800,0.789
2024-10-22,1729555200,0.853
2024-10-23,1729641600,0.848
2024-10-24,1729728000,0.859
2024-10-25,1729814400,0.829
2024-10-26,1729900800,0.928
2024-10-27,1729987200,0.994
2024-10-28,1730073600,0.966
2024-10-29,1730160000,1.036
2024-10-30,1730246400,0.941
2024-10-31,1730332800,0.900
2024-11-01,1730419200,0.826
2024-11-02,1730505600,0.768
2024-11-03,1730592000,0.867
2024-11-04,1730678400,0.818
2024-11-05,1730764800,0.980
2024-11-06,1730851200,1.003
2024-11-07,1730937600,0.919
2024-11-08,1731024000,0.903
2024-11-09,1731110400,1.007
2024-11-10,1731196800,1.023
2024-11-11,1731283200,1.087
2024-11-12,1731369600,1.054
2024-11-13,1731456000,0.936
2024-11-14,1731542400,1.154
2024-11-15,1731628800,1.200
2024-11-16,1731715200,1.135
2024-11-17,1731801600,1.191
2024-11-18,1731888000,1.360
2024-11-19,1731974400,1.165
2024-11-20,1732060800,1.193
2024-11-21,1732147200,1.189
2024-11-22,1732233600,1.133
2024-11-23,1732320000,1.103
2024-11-24,1732406400,1.323
2024-11-25,1732492800,1.071
2024-11-26,1732579200,1.070
2024-11-27,1732665600,1.138
2024-11-28,1732752000,0.987
2024-11-29,1732838400,1.323
2024-11-30,1732924800,1.287
2024-12-01,1733011200,1.016
2024-12-02,1733097600,1.259
2024-12-03,1733184000,1.214
2024-12-04,1733270400,1.254
2024-12-05,1733356800,1.133
2024-12-06,1733443200,1.183
2024-12-07,1733529600,1.226
2024-12-08,1733616000,1.354
2024-12-09,1733702400,1.241
2024-12-10,1733788800,1.196
2024-12-11,1733875200,1.231
2024-12-12,1733961600,1.429
2024-12-13,1734048000,1.337
2024-12-14,1734134400,1.188
2024-12-15,1734220800,1.298
2024-12-16,1734307200,1.196
2024-12-17,1734393600,1.199
2024-12-18,1734480000,1.173
2024-12-19,1734566400,1.220
2024-12-20,1734652800,1.166
2024-12-21,1734739200,1.221
2024-12-22,1734825600,1.091
2024-12-23,1734912000,1.078
2024-12-24,1734998400,1.240
2024-12-25,1735084800,1.240
2024-12-26,1735171200,1.036
2024-12-27,1735257600,1.230
2024-12-28,1735344000,1.124
2024-12-29,1735430400,1.219
2024-12-30,1735516800,1.214
2024-12-31,1735603200,0.995
2025-01-01,1735689600,1.092
2025-01-02,1735776000,1.334
2025-01-03,1735862400,1.150
2025-01-04,1735948800,1.207
2025-01-05,1736035200,1.265
2025-01-06,1736121600,1.119
2025-01-07,1736208000,1.070
2025-01-08,1736294400,0.979
2025-01-09,1736380800,1.156
2025-01-10,1736467200,1.109
2025-01-11,1736553600,1.076
2025-01-12,1736640000,1.337
2025-01-13,1736726400,0.995
2025-01-14,1736812800,1.223
2025-01-15,1736899200,1.144
2025-01-16,1736985600,1.051
2025-01-17,1737072000,1.284
2025-01-18,1737158400,1.113
2025-01-19,1737244800,1.241
2025-01-20,1737331200,1.277
2025-01-21,1737417600,1.154
2025-01-22,1737504000,1.274
2025-01-23,1737590400,1.159
2025-01-24,1737676800,1.199
2025-01-25,1737763200,1.097
2025-01-26,1737849600,1.152
2025-01-27,1737936000,1.299
2025-01-28,1738022400,1.223
2025-01-29,1738108800,1.315
2025-01-30,1738195200,1.241
2025-01-31,1738281600,1.042
2025-02-01,1738368000,1.509
2025-02-02,1738454400,1.357
2025-02-03,1738540800,1.265
2025-02-04,1738627200,1.043
2025-02-05,1738713600,1.132
2025-02-06,1738800000,1.140
2025-02-07,1738886400,1.356
2025-02-08,1738972800,1.257
2025-02-09,1739059200,1.121
2025-02-10,1739145600,1.101
2025-02-11,1739232000,0.968
2025-02-12,1739318400,1.059
2025-02-13,1739404800,1.242
2025-02-14,1739491200,1.207
2025-02-15,1739577600,1.272
2025-02-16,1739664000,1.183
2025-02-17,1739750400,1.069
2025-02-18,1739836800,1.089
2025-02-19,1739923200,0.993
2025-02-20,1740009600,1.043
2025-02-21,1740096000,1.011
2025-02-22,1740182400,1.096
2025-02-23,1740268800,1.012
2025-02-24,1740355200,0.976
2025-02-25,1740441600,1.067
2025-02-26,1740528000,1.079
2025-02-27,1740614400,1.040
2025-02-28,1740700800,1.077
2025-03-01,1740787200,1.015
2025-03-02,1740873600,0.977
2025-03-03,1740960000,1.065
2025-03-04,1741046400,1.050
2025-03-05,1741132800,1.002
2025-03-06,1741219200,1.267
2025-03-07,1741305600,1.018
2025-03-08,1741392000,0.980
2025-03-09,1741478400,1.067
2025-03-10,1741564800,1.014
2025-03-11,1741651200,0.954
2025-03-12,1741737600,1.071
2025-03-13,1741824000,1.082
2025-03-14,1741910400,1.004
2025-03-15,1741996800,0.938
2025-03-16,1742083200,1.009
2025-03-17,1742169600,0.994
2025-03-18,1742256000,0.994
2025-03-19,1742342400,1.118
2025-03-20,1742428800,1.015
2025-03-21,1742515200,1.036
2025-03-22,1742601600,1.070
2025-03-23,1742688000,1.140
2025-03-24,1742774400,1.149
2025-03-25,1742860800,1.114
2025-03-26,1742947200,1.130
2025-03-27,1743033600,1.107
2025-03-28,1743120000,1.116
2025-03-29,1743206400,1.002
2025-03-30,1743292800,0.972
2025-03-31,1743379200,1.055
2025-04-01,1743465600,0.997
2025-04-02,1743552000,1.232
2025-04-03,1743638400,1.095
2025-04-04,1743724800,1.312
2025-04-05,1743811200,1.190
2025-04-06,1743897600,0.987
2025-04-07,1743984000,1.009
2025-04-08,1744070400,1.026
2025-04-09,1744156800,0.954
2025-04-10,1744243200,1.011
2025-04-11,1744329600,1.090
2025-04-12,1744416000,1.086
2025-04-13,1744502400,1.274
2025-04-14,1744588800,1.119
2025-04-15,1744675200,1.071
2025-04-16,1744761600,1.110
2025-04-17,1744848000,1.159
2025-04-18,1744934400,1.026
2025-04-19,1745020800,1.059
2025-04-20,1745107200,0.936
2025-04-21,1745193600,0.984
2025-04-22,1745280000,1.294
2025-04-23,1745366400,0.954
2025-04-24,1745452800,1.181
2025-04-25,1745539200,1.217
2025-04-26,1745625600,1.122
2025-04-27,1745712000,1.127
2025-04-28,1745798400,1.191
2025-04-29,1745884800,1.220
2025-04-30,1745971200,1.103
2025-05-01,1746057600,1.153
2025-05-02,1746144000,1.362
2025-05-03,1746230400,1.389
2025-05-04,1746316800,1.157
2025-05-05,1746403200,1.461
2025-05-06,1746489600,1.173
2025-05-07,1746576000,1.287
2025-05-08,1746662400,1.435
2025-05-09,1746748800,1.260
2025-05-10,1746835200,1.370
2025-05-11,1746921600,1.351
2025-05-12,1747008000,1.299
2025-05-13,1747094400,1.177
2025-05-14,1747180800,1.295
2025-05-15,1747267200,1.220
2025-05-16,1747353600,1.277
2025-05-17,1747440000,1.483
2025-05-18,1747526400,1.284
2025-05-19,1747612800,1.363
2025-05-20,1747699200,1.359
2025-05-21,1747785600,1.436
2025-05-22,1747872000,1.427
2025-05-23,1747958400,1.304
2025-05-24,1748044800,1.408
2025-05-25,1748131200,1.431
2025-05-26,1748217600,1.313
2025-05-27,1748304000,1.507
2025-05-28,1748390400,1.430
2025-05-29,1748476800,1.368
2025-05-30,1748563200,1.429
2025-05-31,1748649600,1.191
2025-06-01,1748736000,1.191
2025-06-02,1748822400,1.283
2025-06-03,1748908800,1.114
2025-06-04,1748995200,1.149
2025-06-05,1749081600,1.179
2025-06-06,1749168000,1.271
2025-06-07,1749254400,1.359
2025-06-08,1749340800,1.295
2025-06-09,1749427200,1.558
2025-06-10,1749513600,1.281
2025-06-11,1749600000,1.310
2025-06-12,1749686400,1.283
2025-06-13,1749772800,1.326
2025-06-14,1749859200,1.194
2025-06-15,1749945600,1.301
2025-06-16,1750032000,1.025
2025-06-17,1750118400,1.217
2025-06-18,1750204800,1.102
2025-06-19,1750291200,1.290
2025-06-20,1750377600,1.183
2025-06-21,1750464000,0.892
2025-06-22,1750550400,0.932
2025-06-23,1750636800,1.022
2025-06-24,1750723200,1.263
2025-06-25,1750809600,1.380
2025-06-26,1750896000,1.011
2025-06-27,1750982400,1.275
2025-06-28,1751068800,1.497
2025-06-29,1751155200,1.268
2025-06-30,1751241600,1.153
