d,unixTs,realizedProfitLth
2020-01-01,1577836800,2216.10749140
2020-01-02,1577923200,2452.43010620
2020-01-03,1578009600,2245.38058450
2020-01-04,1578096000,2139.23325440
2020-01-05,1578182400,1974.95688280
2020-01-06,1578268800,1866.10630750
2020-01-07,1578355200,1820.31960140
2020-01-08,1578441600,1821.92245200
2020-01-09,1578528000,1969.81845620
2020-01-10,1578614400,1931.97499920
2020-01-11,1578700800,1775.86214920
2020-01-12,1578787200,1696.95267410
2020-01-13,1578873600,1750.17226020
2020-01-14,1578960000,1876.45247430
2020-01-15,1579046400,2330.43993410
2020-01-16,1579132800,2737.60719090
2020-01-17,1579219200,2571.14739110
2020-01-18,1579305600,2394.54499860
2020-01-19,1579392000,2329.98299170
2020-01-20,1579478400,2207.05569100
2020-01-21,1579564800,2149.81369930
2020-01-22,1579651200,2104.54913590
2020-01-23,1579737600,2416.75597630
2020-01-24,1579824000,2729.14156060
2020-01-25,1579910400,2650.84628350
2020-01-26,1579996800,2504.15123130
2020-01-27,1580083200,2420.01226040
2020-01-28,1580169600,2302.27981740
2020-01-29,1580256000,3904.32328490
2020-01-30,1580342400,3643.13953410
2020-01-31,1580428800,3717.16884580
2020-02-01,1580515200,3415.51997780
2020-02-02,1580601600,3185.41252770
2020-02-03,1580688000,4809.99094880
2020-02-04,1580774400,4537.15425000
2020-02-05,1580860800,4180.53238970
2020-02-06,1580947200,4018.76108070
2020-02-07,1581033600,7637.51564290
2020-02-08,1581120000,6915.14057370
2020-02-09,1581206400,6497.72200880
2020-02-10,1581292800,8124.04521520
2020-02-11,1581379200,7483.94728110
2020-02-12,1581465600,6848.06096800
2020-02-13,1581552000,6631.22525540
2020-02-14,1581638400,6169.45688110
2020-02-15,1581724800,5591.56059030
2020-02-16,1581811200,5038.64287410
2020-02-17,1581897600,4668.61095690
2020-02-18,1581984000,4374.42081390
2020-02-19,1582070400,4580.64644460
2020-02-20,1582156800,4653.15729400
2020-02-21,1582243200,4319.75473930
2020-02-22,1582329600,3924.10976100
2020-02-23,1582416000,3612.17314170
2020-02-24,1582502400,3374.21634960
2020-02-25,1582588800,3624.06019090
2020-02-26,1582675200,3555.61914500
2020-02-27,1582761600,3359.77961770
2020-02-28,1582848000,3447.14696490
2020-02-29,1582934400,3141.57433930
2020-03-01,1583020800,2915.66802370
2020-03-02,1583107200,3554.29557090
2020-03-03,1583193600,4303.12970000
2020-03-04,1583280000,3896.42902540
2020-03-05,1583366400,3588.26763430
2020-03-06,1583452800,3432.99574620
2020-03-07,1583539200,3116.50360500
2020-03-08,1583625600,3001.45148740
2020-03-09,1583712000,3202.90202270
2020-03-10,1583798400,3153.43177570
2020-03-11,1583884800,2996.42795380
2020-03-12,1583971200,4174.35045180
2020-03-13,1584057600,4213.37609720
2020-03-14,1584144000,3972.37851870
2020-03-15,1584230400,3616.79621760
2020-03-16,1584316800,3555.75376090
2020-03-17,1584403200,3395.37289050
2020-03-18,1584489600,3106.99791870
2020-03-19,1584576000,2769.69472230
2020-03-20,1584662400,2509.25634510
2020-03-21,1584748800,2267.54903460
2020-03-22,1584835200,2198.42104890
2020-03-23,1584921600,2081.21258060
2020-03-24,1585008000,1904.19072700
2020-03-25,1585094400,2238.46333000
2020-03-26,1585180800,2513.84433320
2020-03-27,1585267200,2465.39311480
2020-03-28,1585353600,2264.17934840
2020-03-29,1585440000,2095.43505220
2020-03-30,1585526400,1893.83811270
2020-03-31,1585612800,1732.35976140
2020-04-01,1585699200,1556.28039100
2020-04-02,1585785600,1443.21398630
2020-04-03,1585872000,1331.61841170
2020-04-04,1585958400,1250.95299450
2020-04-05,1586044800,1142.01834630
2020-04-06,1586131200,1113.42661120
2020-04-07,1586217600,1146.91028440
2020-04-08,1586304000,1105.61546100
2020-04-09,1586390400,1057.07297540
2020-04-10,1586476800,1111.96797960
2020-04-11,1586563200,1010.08409360
2020-04-12,1586649600,961.30776770
2020-04-13,1586736000,923.22383420
2020-04-14,1586822400,870.54852430
2020-04-15,1586908800,819.30629960
2020-04-16,1586995200,828.01565280
2020-04-17,1587081600,801.34731980
2020-04-18,1587168000,805.94317450
2020-04-19,1587254400,876.43778150
2020-04-20,1587340800,881.92096340
2020-04-21,1587427200,869.50224680
2020-04-22,1587513600,871.20325830
2020-04-23,1587600000,974.22145960
2020-04-24,1587686400,932.05997610
2020-04-25,1587772800,896.01810500
2020-04-26,1587859200,967.56583720
2020-04-27,1587945600,1071.28946380
2020-04-28,1588032000,1029.06581610
2020-04-29,1588118400,1210.42135540
2020-04-30,1588204800,1274.52669740
2020-05-01,1588291200,1263.51309660
2020-05-02,1588377600,1184.94292900
2020-05-03,1588464000,1198.40884020
2020-05-04,1588550400,1168.70156460
2020-05-05,1588636800,1180.70565430
2020-05-06,1588723200,1972.32711720
2020-05-07,1588809600,3514.92313080
2020-05-08,1588896000,3659.89244780
2020-05-09,1588982400,3669.08220680
2020-05-10,1589068800,3551.68154530
2020-05-11,1589155200,4184.48242660
2020-05-12,1589241600,3805.44167280
2020-05-13,1589328000,3465.33198650
2020-05-14,1589414400,3243.36364980
2020-05-15,1589500800,3056.88220890
2020-05-16,1589587200,2932.13758830
2020-05-17,1589673600,2718.28799860
2020-05-18,1589760000,2686.71598960
2020-05-19,1589846400,2518.54832550
2020-05-20,1589932800,2372.97026000
2020-05-21,1590019200,2323.46374430
2020-05-22,1590105600,2193.92567620
2020-05-23,1590192000,2012.90886940
2020-05-24,1590278400,1867.32919550
2020-05-25,1590364800,1746.28217700
2020-05-26,1590451200,1769.24225980
2020-05-27,1590537600,1704.52369920
2020-05-28,1590624000,1702.29742560
2020-05-29,1590710400,1619.83081820
2020-05-30,1590796800,1552.73455530
2020-05-31,1590883200,1591.08589310
2020-06-01,1590969600,2707.49504940
2020-06-02,1591056000,2762.25049830
2020-06-03,1591142400,2798.44078880
2020-06-04,1591228800,2672.18915470
2020-06-05,1591315200,2505.98087890
2020-06-06,1591401600,2524.30750130
2020-06-07,1591488000,2441.63178100
2020-06-08,1591574400,3846.17902530
2020-06-09,1591660800,3673.54731920
2020-06-10,1591747200,3548.17849180
2020-06-11,1591833600,3371.83231380
2020-06-12,1591920000,3102.64150020
2020-06-13,1592006400,2902.24559090
2020-06-14,1592092800,2734.24663390
2020-06-15,1592179200,2631.09084470
2020-06-16,1592265600,2567.20664900
2020-06-17,1592352000,2408.78373970
2020-06-18,1592438400,2422.76096000
2020-06-19,1592524800,2283.10540210
2020-06-20,1592611200,2196.22175000
2020-06-21,1592697600,2215.21662700
2020-06-22,1592784000,2249.28931230
2020-06-23,1592870400,2319.14201180
2020-06-24,1592956800,2227.84957280
2020-06-25,1593043200,2063.01686100
2020-06-26,1593129600,2117.75987700
2020-06-27,1593216000,2090.02262270
2020-06-28,1593302400,2068.00687460
2020-06-29,1593388800,2242.40337620
2020-06-30,1593475200,2149.74260490
2020-07-01,1593561600,2063.61831730
2020-07-02,1593648000,1966.57349520
2020-07-03,1593734400,1848.86725360
2020-07-04,1593820800,1727.30057090
2020-07-05,1593907200,1579.26206640
2020-07-06,1593993600,1574.36533160
2020-07-07,1594080000,1638.15078380
2020-07-08,1594166400,2850.78144690
2020-07-09,1594252800,2714.85960050
2020-07-10,1594339200,2503.07202290
2020-07-11,1594425600,2292.37177680
2020-07-12,1594512000,2147.05276650
2020-07-13,1594598400,2010.23929710
2020-07-14,1594684800,2665.28237650
2020-07-15,1594771200,3022.20788320
2020-07-16,1594857600,2772.57074090
2020-07-17,1594944000,2549.77096530
2020-07-18,1595030400,2344.17446720
2020-07-19,1595116800,2336.11407730
2020-07-20,1595203200,2146.24553150
2020-07-21,1595289600,2066.65175300
2020-07-22,1595376000,2354.06357620
2020-07-23,1595462400,2448.58071570
2020-07-24,1595548800,2405.90286620
2020-07-25,1595635200,2285.21698400
2020-07-26,1595721600,2209.58399070
2020-07-27,1595808000,2435.34969330
2020-07-28,1595894400,3687.89480390
2020-07-29,1595980800,3688.99962970
2020-07-30,1596067200,3891.03514210
2020-07-31,1596153600,4236.17359920
2020-08-01,1596240000,4036.83707980
2020-08-02,1596326400,4176.64862880
2020-08-03,1596412800,4204.67621960
2020-08-04,1596499200,3993.21520780
2020-08-05,1596585600,4263.81880590
2020-08-06,1596672000,4453.78438250
2020-08-07,1596758400,4828.21993290
2020-08-08,1596844800,4527.86169130
2020-08-09,1596931200,4475.93728680
2020-08-10,1597017600,4225.57172690
2020-08-11,1597104000,5329.70996440
2020-08-12,1597190400,5145.29026860
2020-08-13,1597276800,4821.21688760
2020-08-14,1597363200,4974.58005030
2020-08-15,1597449600,4759.90865450
2020-08-16,1597536000,4525.42143020
2020-08-17,1597622400,5651.09656140
2020-08-18,1597708800,5275.33164080
2020-08-19,1597795200,5007.49572810
2020-08-20,1597881600,4908.01916430
2020-08-21,1597968000,5536.70437840
2020-08-22,1598054400,5027.02735120
2020-08-23,1598140800,4643.83254680
2020-08-24,1598227200,4460.92002180
2020-08-25,1598313600,4617.27667770
2020-08-26,1598400000,4443.20096930
2020-08-27,1598486400,4236.09523510
2020-08-28,1598572800,4400.14476400
2020-08-29,1598659200,4014.05788080
2020-08-30,1598745600,3734.09119770
2020-08-31,1598832000,4253.07638100
2020-09-01,1598918400,4671.61057200
2020-09-02,1599004800,5024.93713760
2020-09-03,1599091200,4817.21273940
2020-09-04,1599177600,5216.56296940
2020-09-05,1599264000,4858.61643980
2020-09-06,1599350400,4593.45873750
2020-09-07,1599436800,4446.24424520
2020-09-08,1599523200,4176.62490820
2020-09-09,1599609600,3931.92125490
2020-09-10,1599696000,3715.55117590
2020-09-11,1599782400,3780.14182600
2020-09-12,1599868800,3479.94980610
2020-09-13,1599955200,3254.64964820
2020-09-14,1600041600,3098.65128010
2020-09-15,1600128000,3624.02060930
2020-09-16,1600214400,4095.37383970
2020-09-17,1600300800,4048.70136900
2020-09-18,1600387200,4270.85875880
2020-09-19,1600473600,4432.78977710
2020-09-20,1600560000,4300.32198100
2020-09-21,1600646400,4068.45871570
2020-09-22,1600732800,5227.52387110
2020-09-23,1600819200,4988.71446970
2020-09-24,1600905600,5001.34629280
2020-09-25,1600992000,5029.40491590
2020-09-26,1601078400,4767.81630910
2020-09-27,1601164800,4516.78728570
2020-09-28,1601251200,4224.94166750
2020-09-29,1601337600,5383.15238680
2020-09-30,1601424000,5277.45657270
2020-10-01,1601510400,4931.45015440
2020-10-02,1601596800,5000.02652120
2020-10-03,1601683200,4539.68069370
2020-10-04,1601769600,4165.43441600
2020-10-05,1601856000,3907.84446730
2020-10-06,1601942400,3782.34983430
2020-10-07,1602028800,4014.83691680
2020-10-08,1602115200,4074.14640990
2020-10-09,1602201600,3976.89819540
2020-10-10,1602288000,3684.79847470
2020-10-11,1602374400,3498.37257930
2020-10-12,1602460800,3635.67413420
2020-10-13,1602547200,3394.67092730
2020-10-14,1602633600,3730.92282960
2020-10-15,1602720000,3885.35159820
2020-10-16,1602806400,3637.39268690
2020-10-17,1602892800,3361.33349750
2020-10-18,1602979200,3134.67554980
2020-10-19,1603065600,5149.52429200
2020-10-20,1603152000,5051.46115380
2020-10-21,1603238400,4965.00003790
2020-10-22,1603324800,7123.90115550
2020-10-23,1603411200,10391.45489530
2020-10-24,1603497600,9534.20596450
2020-10-25,1603584000,8857.16674650
2020-10-26,1603670400,8216.78099500
2020-10-27,1603756800,8394.20126110
2020-10-28,1603843200,8465.50373890
2020-10-29,1603929600,8271.52835940
2020-10-30,1604016000,7944.97521280
2020-10-31,1604102400,7548.03528200
2020-11-01,1604188800,7494.32431920
2020-11-02,1604275200,8988.47341160
2020-11-03,1604361600,21542.28547360
2020-11-04,1604448000,19728.87517740
2020-11-05,1604534400,20264.31626780
2020-11-06,1604620800,18978.81064140
2020-11-07,1604707200,17485.13038760
2020-11-08,1604793600,16125.77797320
2020-11-09,1604880000,15490.95336240
2020-11-10,1604966400,14591.78820140
2020-11-11,1605052800,13781.22076640
2020-11-12,1605139200,13566.75588410
2020-11-13,1605225600,13334.70968750
2020-11-14,1605312000,12695.20126670
2020-11-15,1605398400,11733.22837090
2020-11-16,1605484800,11239.93115490
2020-11-17,1605571200,11516.01280970
2020-11-18,1605657600,12089.82733000
2020-11-19,1605744000,11999.84225270
2020-11-20,1605830400,14458.01735870
2020-11-21,1605916800,14937.99140300
2020-11-22,1606003200,14098.56295600
2020-11-23,1606089600,13288.50194440
2020-11-24,1606176000,14551.24234510
2020-11-25,1606262400,13914.30738510
2020-11-26,1606348800,15542.24866670
2020-11-27,1606435200,15185.00430600
2020-11-28,1606521600,13757.63010110
2020-11-29,1606608000,12733.13821690
2020-11-30,1606694400,13176.62821290
2020-12-01,1606780800,13526.28908750
2020-12-02,1606867200,13840.20205570
2020-12-03,1606953600,14518.96230210
2020-12-04,1607040000,14405.09775460
2020-12-05,1607126400,13218.56145390
2020-12-06,1607212800,12294.89196180
2020-12-07,1607299200,12230.88230850
2020-12-08,1607385600,12451.13360950
2020-12-09,1607472000,12219.27338890
2020-12-10,1607558400,13706.02800440
2020-12-11,1607644800,13827.53717680
2020-12-12,1607731200,13866.56611980
2020-12-13,1607817600,17230.60087600
2020-12-14,1607904000,16319.67257240
2020-12-15,1607990400,15914.64639440
2020-12-16,1608076800,17305.22135090
2020-12-17,1608163200,18236.89591100
2020-12-18,1608249600,18853.11967490
2020-12-19,1608336000,18116.79624740
2020-12-20,1608422400,18641.81689920
2020-12-21,1608508800,18285.98962890
2020-12-22,1608595200,22150.37811680
2020-12-23,1608681600,25109.37471250
2020-12-24,1608768000,24618.88523140
2020-12-25,1608854400,22237.56758650
2020-12-26,1608940800,20708.83653190
2020-12-27,1609027200,20658.74633970
2020-12-28,1609113600,31554.34471320
2020-12-29,1609200000,30135.55791940
2020-12-30,1609286400,27871.96332080
2020-12-31,1609372800,26611.00723620
2021-01-01,1609459200,25870.64394020
2021-01-02,1609545600,29355.84638740
2021-01-03,1609632000,29348.12372390
2021-01-04,1609718400,30519.91144880
2021-01-05,1609804800,29353.36097900
2021-01-06,1609891200,27687.48393910
2021-01-07,1609977600,28348.97358320
2021-01-08,1610064000,29028.57645650
2021-01-09,1610150400,29055.41172070
2021-01-10,1610236800,27942.74835840
2021-01-11,1610323200,28336.79122480
2021-01-12,1610409600,26603.24975620
2021-01-13,1610496000,24478.18302450
2021-01-14,1610582400,23190.92644500
2021-01-15,1610668800,23478.59370600
2021-01-16,1610755200,22122.54835320
2021-01-17,1610841600,20727.51518720
2021-01-18,1610928000,20232.29742130
2021-01-19,1611014400,18974.97731530
2021-01-20,1611100800,17658.22699210
2021-01-21,1611187200,17138.39664570
2021-01-22,1611273600,16149.05365700
2021-01-23,1611360000,14761.00779880
2021-01-24,1611446400,13531.59116870
2021-01-25,1611532800,12641.74848670
2021-01-26,1611619200,11799.15622910
2021-01-27,1611705600,15950.13834770
2021-01-28,1611792000,15417.51827470
2021-01-29,1611878400,15782.03101090
2021-01-30,1611964800,15123.63058550
2021-01-31,1612051200,15648.40104860
2021-02-01,1612137600,14382.92181960
2021-02-02,1612224000,13476.84531660
2021-02-03,1612310400,12837.04508380
2021-02-04,1612396800,12988.94339010
2021-02-05,1612483200,13419.86196150
2021-02-06,1612569600,12725.99878220
2021-02-07,1612656000,12778.13439020
2021-02-08,1612742400,12882.46885720
2021-02-09,1612828800,13484.05277000
2021-02-10,1612915200,14211.24935570
2021-02-11,1613001600,13879.41649670
2021-02-12,1613088000,13677.40735330
2021-02-13,1613174400,12647.41883230
2021-02-14,1613260800,12067.86116290
2021-02-15,1613347200,11542.20938660
2021-02-16,1613433600,11654.79298690
2021-02-17,1613520000,11969.37691650
2021-02-18,1613606400,12977.69432430
2021-02-19,1613692800,14207.71471420
2021-02-20,1613779200,14882.12049840
2021-02-21,1613865600,14710.53782910
2021-02-22,1613952000,15486.50769840
2021-02-23,1614038400,18048.06042160
2021-02-24,1614124800,19055.67184190
2021-02-25,1614211200,19213.39692060
2021-02-26,1614297600,19044.65216010
2021-02-27,1614384000,17873.94473630
2021-02-28,1614470400,16547.94325980
2021-03-01,1614556800,15168.76425580
2021-03-02,1614643200,15885.57943630
2021-03-03,1614729600,14686.19533150
2021-03-04,1614816000,13964.23487760
2021-03-05,1614902400,14270.07364230
2021-03-06,1614988800,13359.52494020
2021-03-07,1615075200,12250.84523130
2021-03-08,1615161600,13152.16650490
2021-03-09,1615248000,12626.92265510
2021-03-10,1615334400,12169.35220440
2021-03-11,1615420800,12907.26415410
2021-03-12,1615507200,12857.03888240
2021-03-13,1615593600,12115.32468170
2021-03-14,1615680000,12578.42976120
2021-03-15,1615766400,12199.40067420
2021-03-16,1615852800,11741.22586370
2021-03-17,1615939200,11938.30968970
2021-03-18,1616025600,11174.44198280
2021-03-19,1616112000,10482.23027640
2021-03-20,1616198400,10442.75052480
2021-03-21,1616284800,9859.36849330
2021-03-22,1616371200,10757.58664670
2021-03-23,1616457600,11719.21843690
2021-03-24,1616544000,11510.84034970
2021-03-25,1616630400,13078.66718410
2021-03-26,1616716800,12809.46418720
2021-03-27,1616803200,12791.81438450
2021-03-28,1616889600,12107.72122340
2021-03-29,1616976000,11284.77492660
2021-03-30,1617062400,10789.72773990
2021-03-31,1617148800,11043.13051020
2021-04-01,1617235200,12876.24158580
2021-04-02,1617321600,12868.47053620
2021-04-03,1617408000,11773.37666720
2021-04-04,1617494400,11051.26435550
2021-04-05,1617580800,10709.13386810
2021-04-06,1617667200,18573.93522280
2021-04-07,1617753600,17272.22948620
2021-04-08,1617840000,15846.97017800
2021-04-09,1617926400,14781.69450570
2021-04-10,1618012800,13874.52111730
2021-04-11,1618099200,14262.93467910
2021-04-12,1618185600,14612.15944030
2021-04-13,1618272000,14217.49741180
2021-04-14,1618358400,15353.47935330
2021-04-15,1618444800,16007.60795680
2021-04-16,1618531200,14949.67084160
2021-04-17,1618617600,14423.53390130
2021-04-18,1618704000,23621.96580790
2021-04-19,1618790400,21261.61572940
2021-04-20,1618876800,20133.62542530
2021-04-21,1618963200,18698.49122790
2021-04-22,1619049600,17394.66409770
2021-04-23,1619136000,17398.76292610
2021-04-24,1619222400,17247.70441420
2021-04-25,1619308800,16377.84955560
2021-04-26,1619395200,15633.69507910
2021-04-27,1619481600,16402.16389450
2021-04-28,1619568000,15510.15544600
2021-04-29,1619654400,16189.19997090
2021-04-30,1619740800,16498.21737450
2021-05-01,1619827200,15098.09003300
2021-05-02,1619913600,14200.89324590
2021-05-03,1620000000,13732.82751720
2021-05-04,1620086400,14052.31270840
2021-05-05,1620172800,13657.72110190
2021-05-06,1620259200,13597.12780360
2021-05-07,1620345600,14242.13112740
2021-05-08,1620432000,13003.32762660
2021-05-09,1620518400,12504.96403340
2021-05-10,1620604800,12325.37759540
2021-05-11,1620691200,11719.41455560
2021-05-12,1620777600,12837.13473950
2021-05-13,1620864000,13997.42265010
2021-05-14,1620950400,13326.20089840
2021-05-15,1621036800,12672.76805690
2021-05-16,1621123200,11970.94531600
2021-05-17,1621209600,11623.64139420
2021-05-18,1621296000,11453.15623250
2021-05-19,1621382400,14445.34670830
2021-05-20,1621468800,14009.98049020
2021-05-21,1621555200,14032.42341560
2021-05-22,1621641600,12925.81750580
2021-05-23,1621728000,13442.63739200
2021-05-24,1621814400,14311.67859250
2021-05-25,1621900800,13246.71082080
2021-05-26,1621987200,12866.05748110
2021-05-27,1622073600,11566.46014550
2021-05-28,1622160000,10869.81075390
2021-05-29,1622246400,9877.50483660
2021-05-30,1622332800,10408.17891200
2021-05-31,1622419200,9394.88014490
2021-06-01,1622505600,10924.48281580
2021-06-02,1622592000,10225.76153440
2021-06-03,1622678400,10482.41364110
2021-06-04,1622764800,9533.21437050
2021-06-05,1622851200,8649.32313170
2021-06-06,1622937600,7923.63711290
2021-06-07,1623024000,7809.08044100
2021-06-08,1623110400,7758.98448560
2021-06-09,1623196800,7784.00918540
2021-06-10,1623283200,8084.60930480
2021-06-11,1623369600,8457.45447760
2021-06-12,1623456000,7603.66523320
2021-06-13,1623542400,7076.80063040
2021-06-14,1623628800,6858.26314550
2021-06-15,1623715200,7091.49451510
2021-06-16,1623801600,6748.47265350
2021-06-17,1623888000,6269.15688760
2021-06-18,1623974400,5993.92406180
2021-06-19,1624060800,5447.58596690
2021-06-20,1624147200,5130.60819500
2021-06-21,1624233600,5506.46313670
2021-06-22,1624320000,5609.85879090
2021-06-23,1624406400,5939.03883260
2021-06-24,1624492800,6415.94774260
2021-06-25,1624579200,6516.48220060
2021-06-26,1624665600,5911.70956670
2021-06-27,1624752000,5646.00915810
2021-06-28,1624838400,5327.82404440
2021-06-29,1624924800,4918.42393870
2021-06-30,1625011200,4706.35541020
2021-07-01,1625097600,4738.45845600
2021-07-02,1625184000,4814.36680730
2021-07-03,1625270400,4418.93604270
2021-07-04,1625356800,4201.56054590
2021-07-05,1625443200,4079.73363480
2021-07-06,1625529600,3931.88746970
2021-07-07,1625616000,4074.41714110
2021-07-08,1625702400,3867.53364260
2021-07-09,1625788800,3793.48500000
2021-07-10,1625875200,3481.02355550
2021-07-11,1625961600,3234.03474330
2021-07-12,1626048000,4260.84287450
2021-07-13,1626134400,4045.24701320
2021-07-14,1626220800,3867.81058680
2021-07-15,1626307200,3849.11862910
2021-07-16,1626393600,3877.16475260
2021-07-17,1626480000,9564.30045300
2021-07-18,1626566400,8584.58675220
2021-07-19,1626652800,8033.05189730
2021-07-20,1626739200,8269.68501900
2021-07-21,1626825600,7882.05616850
2021-07-22,1626912000,7819.82865130
2021-07-23,1626998400,7010.12395550
2021-07-24,1627084800,6279.51455240
2021-07-25,1627171200,5632.25662280
2021-07-26,1627257600,9040.19554350
2021-07-27,1627344000,12853.37326360
2021-07-28,1627430400,14667.77420610
2021-07-29,1627516800,25418.96046600
2021-07-30,1627603200,22667.37886090
2021-07-31,1627689600,20059.43746790
2021-08-01,1627776000,17766.14902820
2021-08-02,1627862400,15866.69991610
2021-08-03,1627948800,14143.24873050
2021-08-04,1628035200,12607.08739060
2021-08-05,1628121600,11357.71017760
2021-08-06,1628208000,10720.77459830
2021-08-07,1628294400,9708.69728160
2021-08-08,1628380800,9002.65718350
2021-08-09,1628467200,8259.69955240
2021-08-10,1628553600,7521.53991290
2021-08-11,1628640000,7117.60607650
2021-08-12,1628726400,6553.79681890
2021-08-13,1628812800,6140.24992780
2021-08-14,1628899200,7153.61692790
2021-08-15,1628985600,6453.60299810
2021-08-16,1629072000,5997.06032880
2021-08-17,1629158400,5755.57147120
2021-08-18,1629244800,5907.33730770
2021-08-19,1629331200,5591.91760780
2021-08-20,1629417600,5249.89201060
2021-08-21,1629504000,4968.02517600
2021-08-22,1629590400,4970.12069930
2021-08-23,1629676800,5646.86762730
2021-08-24,1629763200,5351.63150830
2021-08-25,1629849600,8102.25484070
2021-08-26,1629936000,8376.46983460
2021-08-27,1630022400,7813.70555590
2021-08-28,1630108800,7346.68271450
2021-08-29,1630195200,6752.69595130
2021-08-30,1630281600,6582.89210000
2021-08-31,1630368000,6785.85365380
2021-09-01,1630454400,6573.33798010
2021-09-02,1630540800,6112.74125780
2021-09-03,1630627200,5931.54528210
2021-09-04,1630713600,5527.76546770
2021-09-05,1630800000,5119.69895880
2021-09-06,1630886400,4985.27446090
2021-09-07,1630972800,4830.01579930
2021-09-08,1631059200,4545.61943400
2021-09-09,1631145600,5279.52895710
2021-09-10,1631232000,5276.99686090
2021-09-11,1631318400,4959.12257970
2021-09-12,1631404800,4621.88098230
2021-09-13,1631491200,4404.25159440
2021-09-14,1631577600,4401.52877530
2021-09-15,1631664000,4955.99489690
2021-09-16,1631750400,5520.58089150
2021-09-17,1631836800,5310.15317830
2021-09-18,1631923200,4941.19573790
2021-09-19,1632009600,4568.76191090
2021-09-20,1632096000,4487.03047610
2021-09-21,1632182400,4154.86431130
2021-09-22,1632268800,4047.89170540
2021-09-23,1632355200,3844.15767520
2021-09-24,1632441600,3688.84945020
2021-09-25,1632528000,3338.65018370
2021-09-26,1632614400,10470.52369200
2021-09-27,1632700800,9842.41793800
2021-09-28,1632787200,8988.78569760
2021-09-29,1632873600,8427.33021170
2021-09-30,1632960000,7954.17984430
2021-10-01,1633046400,7444.38106630
2021-10-02,1633132800,6861.86842480
2021-10-03,1633219200,6297.04089620
2021-10-04,1633305600,5893.23373290
2021-10-05,1633392000,5722.02863550
2021-10-06,1633478400,5470.96318900
2021-10-07,1633564800,5497.85051910
2021-10-08,1633651200,5308.82024740
2021-10-09,1633737600,5034.56007010
2021-10-10,1633824000,5481.06029200
2021-10-11,1633910400,5383.90868690
2021-10-12,1633996800,6331.25732720
2021-10-13,1634083200,6153.80419020
2021-10-14,1634169600,5902.34657350
2021-10-15,1634256000,5783.94120990
2021-10-16,1634342400,5915.49598510
2021-10-17,1634428800,5539.83701450
2021-10-18,1634515200,6273.77095720
2021-10-19,1634601600,9259.22374040
2021-10-20,1634688000,9560.10092650
2021-10-21,1634774400,9478.60218580
2021-10-22,1634860800,9470.77890240
2021-10-23,1634947200,8765.98579370
2021-10-24,1635033600,8558.14457530
2021-10-25,1635120000,8517.57450570
2021-10-26,1635206400,8353.15456100
2021-10-27,1635292800,7858.13659080
2021-10-28,1635379200,7429.79268040
2021-10-29,1635465600,7048.79540710
2021-10-30,1635552000,6594.43913760
2021-10-31,1635638400,7482.05355060
2021-11-01,1635724800,9713.40892370
2021-11-02,1635811200,11995.10334340
2021-11-03,1635897600,12437.47985810
2021-11-04,1635984000,11428.69731670
2021-11-05,1636070400,12003.47973990
2021-11-06,1636156800,11212.74633930
2021-11-07,1636243200,10093.34172900
2021-11-08,1636329600,10163.27189160
2021-11-09,1636416000,9806.86143230
2021-11-10,1636502400,10590.11826560
2021-11-11,1636588800,10018.26175850
2021-11-12,1636675200,9525.30934970
2021-11-13,1636761600,8878.39131480
2021-11-14,1636848000,8154.26245600
2021-11-15,1636934400,8410.90162800
2021-11-16,1637020800,10847.01495900
2021-11-17,1637107200,11242.97887210
2021-11-18,1637193600,10774.29518840
2021-11-19,1637280000,10197.07319920
2021-11-20,1637366400,9253.95911200
2021-11-21,1637452800,8449.72715090
2021-11-22,1637539200,8051.42449330
2021-11-23,1637625600,7823.12074670
2021-11-24,1637712000,7515.99518230
2021-11-25,1637798400,12259.94704920
2021-11-26,1637884800,11873.71305020
2021-11-27,1637971200,10557.53001640
2021-11-28,1638057600,9789.43085420
2021-11-29,1638144000,9357.49563380
2021-11-30,1638230400,9138.75060820
2021-12-01,1638316800,9406.56004710
2021-12-02,1638403200,8841.80910150
2021-12-03,1638489600,8298.35509440
2021-12-04,1638576000,8017.70860410
2021-12-05,1638662400,7361.70011920
2021-12-06,1638748800,7326.07634660
2021-12-07,1638835200,9333.77284140
2021-12-08,1638921600,8749.38677560
2021-12-09,1639008000,8877.57275680
2021-12-10,1639094400,8325.65977340
2021-12-11,1639180800,7769.04189470
2021-12-12,1639267200,7006.76337570
2021-12-13,1639353600,6696.30818100
2021-12-14,1639440000,7426.89856670
2021-12-15,1639526400,7132.23023390
2021-12-16,1639612800,7499.59387280
2021-12-17,1639699200,7064.22095590
2021-12-18,1639785600,6652.41888610
2021-12-19,1639872000,6021.47527080
2021-12-20,1639958400,5630.48364310
2021-12-21,1640044800,5299.52766090
2021-12-22,1640131200,5385.48682780
2021-12-23,1640217600,5792.20096660
2021-12-24,1640304000,5285.23409770
2021-12-25,1640390400,4919.80664650
2021-12-26,1640476800,4735.28721610
2021-12-27,1640563200,4526.91394890
2021-12-28,1640649600,4480.23385830
2021-12-29,1640736000,4360.84932160
2021-12-30,1640822400,5397.33285390
2021-12-31,1640908800,6357.30460440
2022-01-01,1640995200,5862.33826080
2022-01-02,1641081600,5249.65420370
2022-01-03,1641168000,5042.79077180
2022-01-04,1641254400,4745.07977340
2022-01-05,1641340800,4864.19749880
2022-01-06,1641427200,5412.07969890
2022-01-07,1641513600,5182.35251370
2022-01-08,1641600000,4734.76004430
2022-01-09,1641686400,4355.96826510
2022-01-10,1641772800,4359.60932580
2022-01-11,1641859200,4094.20796740
2022-01-12,1641945600,4359.76461060
2022-01-13,1642032000,4095.05827420
2022-01-14,1642118400,3881.95008890
2022-01-15,1642204800,3528.91002980
2022-01-16,1642291200,3345.85297640
2022-01-17,1642377600,3247.80421630
2022-01-18,1642464000,3137.34494590
2022-01-19,1642550400,3253.07364190
2022-01-20,1642636800,3402.09255460
2022-01-21,1642723200,3487.01082910
2022-01-22,1642809600,3879.91218150
2022-01-23,1642896000,3975.67680290
2022-01-24,1642982400,4024.04141450
2022-01-25,1643068800,4230.14210480
2022-01-26,1643155200,3968.12723600
2022-01-27,1643241600,4376.40710830
2022-01-28,1643328000,4007.67047570
2022-01-29,1643414400,3801.73128580
2022-01-30,1643500800,3491.58993980
2022-01-31,1643587200,3284.39252290
2022-02-01,1643673600,14395.53283250
2022-02-02,1643760000,12837.86320340
2022-02-03,1643846400,11445.20593990
2022-02-04,1643932800,10170.34610170
2022-02-05,1644019200,9046.80514370
2022-02-06,1644105600,8115.23650980
2022-02-07,1644192000,7526.19569170
2022-02-08,1644278400,6946.27965900
2022-02-09,1644364800,6473.14746430
2022-02-10,1644451200,6462.61560360
2022-02-11,1644537600,6324.35970150
2022-02-12,1644624000,5673.76937420
2022-02-13,1644710400,5176.17490550
2022-02-14,1644796800,4700.48557890
2022-02-15,1644883200,4548.43873640
2022-02-16,1644969600,4286.57708370
2022-02-17,1645056000,4312.44167090
2022-02-18,1645142400,4026.34537210
2022-02-19,1645228800,3673.42387770
2022-02-20,1645315200,3550.36143820
2022-02-21,1645401600,3744.67577570
2022-02-22,1645488000,3508.48519590
2022-02-23,1645574400,4000.96601880
2022-02-24,1645660800,3807.09962380
2022-02-25,1645747200,3631.01684600
2022-02-26,1645833600,3388.34694060
2022-02-27,1645920000,3409.64310390
2022-02-28,1646006400,5626.78964460
2022-03-01,1646092800,5173.80409230
2022-03-02,1646179200,5200.87271850
2022-03-03,1646265600,5521.80842660
2022-03-04,1646352000,5308.72318890
2022-03-05,1646438400,4792.69584830
2022-03-06,1646524800,4450.59899040
2022-03-07,1646611200,4640.25182280
2022-03-08,1646697600,4617.89676760
2022-03-09,1646784000,4490.77542690
2022-03-10,1646870400,4307.15640550
2022-03-11,1646956800,7131.64230950
2022-03-12,1647043200,6512.77548050
2022-03-13,1647129600,5939.69502170
2022-03-14,1647216000,5525.22376320
2022-03-15,1647302400,5089.91427280
2022-03-16,1647388800,5342.23174600
2022-03-17,1647475200,6181.11488580
2022-03-18,1647561600,5574.37762070
2022-03-19,1647648000,5225.57321080
2022-03-20,1647734400,4675.42984070
2022-03-21,1647820800,4444.99082880
2022-03-22,1647907200,4100.43735960
2022-03-23,1647993600,3913.71341640
2022-03-24,1648080000,3630.38836690
2022-03-25,1648166400,8932.09610020
2022-03-26,1648252800,8015.99040840
2022-03-27,1648339200,7142.61027840
2022-03-28,1648425600,6567.48330830
2022-03-29,1648512000,7369.88168830
2022-03-30,1648598400,6621.17293490
2022-03-31,1648684800,6285.59339340
2022-04-01,1648771200,5963.97317330
2022-04-02,1648857600,5362.52827820
2022-04-03,1648944000,5017.32545720
2022-04-04,1649030400,4827.85848520
2022-04-05,1649116800,4664.92814830
2022-04-06,1649203200,4345.80842850
2022-04-07,1649289600,4021.52517110
2022-04-08,1649376000,3733.38126690
2022-04-09,1649462400,3380.87098280
2022-04-10,1649548800,3107.81644300
2022-04-11,1649635200,3160.30280880
2022-04-12,1649721600,5188.39814940
2022-04-13,1649808000,4753.45377130
2022-04-14,1649894400,7270.89095630
2022-04-15,1649980800,6499.78055500
2022-04-16,1650067200,5741.96048170
2022-04-17,1650153600,5121.44289690
2022-04-18,1650240000,4605.24439790
2022-04-19,1650326400,4309.26816350
2022-04-20,1650412800,4042.59719780
2022-04-21,1650499200,6858.12201000
2022-04-22,1650585600,6323.53799360
2022-04-23,1650672000,5768.97960300
2022-04-24,1650758400,5141.09277690
2022-04-25,1650844800,4704.49897260
2022-04-26,1650931200,4341.64659530
2022-04-27,1651017600,3947.09017100
2022-04-28,1651104000,3772.25073170
2022-04-29,1651190400,3609.91159930
2022-04-30,1651276800,3331.38838020
2022-05-01,1651363200,3132.20839170
2022-05-02,1651449600,2915.66774380
2022-05-03,1651536000,2899.57999610
2022-05-04,1651622400,2949.84550870
2022-05-05,1651708800,3028.09791090
2022-05-06,1651795200,2980.90611880
2022-05-07,1651881600,2698.14596770
2022-05-08,1651968000,2662.90846680
2022-05-09,1652054400,3154.67840400
2022-05-10,1652140800,3152.15077920
2022-05-11,1652227200,3457.74859670
2022-05-12,1652313600,3829.76526520
2022-05-13,1652400000,4253.40969060
2022-05-14,1652486400,7611.70750940
2022-05-15,1652572800,6757.75259580
2022-05-16,1652659200,6097.05611770
2022-05-17,1652745600,5508.95355350
2022-05-18,1652832000,4975.87628130
2022-05-19,1652918400,4542.68660350
2022-05-20,1653004800,4186.06236480
2022-05-21,1653091200,3776.11417240
2022-05-22,1653177600,3360.96306530
2022-05-23,1653264000,3133.34665010
2022-05-24,1653350400,2915.65740790
2022-05-25,1653436800,2751.78561440
2022-05-26,1653523200,2536.51112250
2022-05-27,1653609600,2601.74835860
2022-05-28,1653696000,2397.95129530
2022-05-29,1653782400,2338.15031490
2022-05-30,1653868800,2244.54743970
2022-05-31,1653955200,2345.10009360
2022-06-01,1654041600,2628.76302790
2022-06-02,1654128000,2452.01691350
2022-06-03,1654214400,2560.09641660
2022-06-04,1654300800,2342.47245480
2022-06-05,1654387200,2121.03178470
2022-06-06,1654473600,2001.32192280
2022-06-07,1654560000,1964.18873930
2022-06-08,1654646400,2004.15562480
2022-06-09,1654732800,1870.38587660
2022-06-10,1654819200,2241.18322140
2022-06-11,1654905600,2052.91694230
2022-06-12,1654992000,2021.56713490
2022-06-13,1655078400,3064.68074270
2022-06-14,1655164800,3333.66454990
2022-06-15,1655251200,3692.68324140
2022-06-16,1655337600,3372.02986230
2022-06-17,1655424000,7672.59264650
2022-06-18,1655510400,7298.79645450
2022-06-19,1655596800,6632.37957520
2022-06-20,1655683200,6009.84056930
2022-06-21,1655769600,5397.34959920
2022-06-22,1655856000,4973.57496190
2022-06-23,1655942400,4457.88786180
2022-06-24,1656028800,4129.08188850
2022-06-25,1656115200,4488.58945520
2022-06-26,1656201600,3991.23074550
2022-06-27,1656288000,3650.58279320
2022-06-28,1656374400,3451.42388480
2022-06-29,1656460800,3682.08202890
2022-06-30,1656547200,3467.79646390
2022-07-01,1656633600,3147.24716870
2022-07-02,1656720000,2878.14656840
2022-07-03,1656806400,2577.82503590
2022-07-04,1656892800,2338.89678080
2022-07-05,1656979200,2153.13546850
2022-07-06,1657065600,1942.00908310
2022-07-07,1657152000,1766.29414700
2022-07-08,1657238400,1717.31673360
2022-07-09,1657324800,1570.17081060
2022-07-10,1657411200,1404.50224580
2022-07-11,1657497600,1399.18442520
2022-07-12,1657584000,1403.13488820
2022-07-13,1657670400,1298.97805370
2022-07-14,1657756800,1325.25400420
2022-07-15,1657843200,1190.13412970
2022-07-16,1657929600,1135.48563760
2022-07-17,1658016000,1021.52562590
2022-07-18,1658102400,1092.31971280
2022-07-19,1658188800,2546.66504960
2022-07-20,1658275200,2502.39385730
2022-07-21,1658361600,3468.25328570
2022-07-22,1658448000,3094.20801350
2022-07-23,1658534400,2872.70003940
2022-07-24,1658620800,2581.24483490
2022-07-25,1658707200,2382.73853150
2022-07-26,1658793600,2321.97676090
2022-07-27,1658880000,2150.83026060
2022-07-28,1658966400,1931.18004170
2022-07-29,1659052800,1762.87473650
2022-07-30,1659139200,1634.15483960
2022-07-31,1659225600,1495.01334890
2022-08-01,1659312000,1360.28734050
2022-08-02,1659398400,1402.85837570
2022-08-03,1659484800,1342.11574390
2022-08-04,1659571200,1431.66035650
2022-08-05,1659657600,1301.77907830
2022-08-06,1659744000,1338.05513100
2022-08-07,1659830400,1388.73655470
2022-08-08,1659916800,1337.20391600
2022-08-09,1660003200,1310.86699610
2022-08-10,1660089600,2166.40328650
2022-08-11,1660176000,1987.80279340
2022-08-12,1660262400,1838.12743570
2022-08-13,1660348800,1646.45791630
2022-08-14,1660435200,1470.87397210
2022-08-15,1660521600,1329.16557780
2022-08-16,1660608000,1258.83548340
2022-08-17,1660694400,1159.08167790
2022-08-18,1660780800,1213.16865690
2022-08-19,1660867200,1305.40831280
2022-08-20,1660953600,1242.67107380
2022-08-21,1661040000,1119.42909480
2022-08-22,1661126400,1136.10344330
2022-08-23,1661212800,1131.01587420
2022-08-24,1661299200,1071.76984250
2022-08-25,1661385600,991.65707780
2022-08-26,1661472000,1083.54879670
2022-08-27,1661558400,1045.32691770
2022-08-28,1661644800,1584.41390230
2022-08-29,1661731200,2060.90654200
2022-08-30,1661817600,1995.02579150
2022-08-31,1661904000,1805.16291220
2022-09-01,1661990400,1715.68469490
2022-09-02,1662076800,1632.96318390
2022-09-03,1662163200,1521.11709180
2022-09-04,1662249600,1962.45831290
2022-09-05,1662336000,1786.37210290
2022-09-06,1662422400,1922.90983100
2022-09-07,1662508800,1898.06572700
2022-09-08,1662595200,1722.34828300
2022-09-09,1662681600,1591.69183040
2022-09-10,1662768000,1454.73132640
2022-09-11,1662854400,1312.27191400
2022-09-12,1662940800,1224.02349400
2022-09-13,1663027200,1164.20236890
2022-09-14,1663113600,1127.79012660
2022-09-15,1663200000,1062.57457760
2022-09-16,1663286400,993.46156240
2022-09-17,1663372800,914.94073440
2022-09-18,1663459200,831.61508920
2022-09-19,1663545600,1131.48554870
2022-09-20,1663632000,1163.66523530
2022-09-21,1663718400,1205.38058990
2022-09-22,1663804800,1152.68229150
2022-09-23,1663891200,1109.28921530
2022-09-24,1663977600,1016.29434740
2022-09-25,1664064000,949.63103650
2022-09-26,1664150400,970.63968230
2022-09-27,1664236800,1205.14980860
2022-09-28,1664323200,1121.01319970
2022-09-29,1664409600,1056.73350030
2022-09-30,1664496000,1014.72221530
2022-10-01,1664582400,949.11949510
2022-10-02,1664668800,874.48049640
2022-10-03,1664755200,844.27735520
2022-10-04,1664841600,828.98981660
2022-10-05,1664928000,904.57112500
2022-10-06,1665014400,939.18446010
2022-10-07,1665100800,1088.93409110
2022-10-08,1665187200,1009.00177070
2022-10-09,1665273600,932.84071880
2022-10-10,1665360000,914.37676040
2022-10-11,1665446400,1015.37378150
2022-10-12,1665532800,1012.08559370
2022-10-13,1665619200,979.89505110
2022-10-14,1665705600,981.72375850
2022-10-15,1665792000,907.07667170
2022-10-16,1665878400,846.86474690
2022-10-17,1665964800,1459.88809570
2022-10-18,1666051200,4611.88163990
2022-10-19,1666137600,4152.33343500
2022-10-20,1666224000,3683.56851150
2022-10-21,1666310400,3323.20590760
2022-10-22,1666396800,3365.53591950
2022-10-23,1666483200,3003.81799380
2022-10-24,1666569600,2744.07960320
2022-10-25,1666656000,2850.80686400
2022-10-26,1666742400,2668.62124270
2022-10-27,1666828800,2796.49087690
2022-10-28,1666915200,2526.35600530
2022-10-29,1667001600,2317.00083190
2022-10-30,1667088000,2100.13475510
2022-10-31,1667174400,1967.98015070
2022-11-01,1667260800,1820.82981260
2022-11-02,1667347200,2048.57878210
2022-11-03,1667433600,1976.79959070
2022-11-04,1667520000,4175.80156990
2022-11-05,1667606400,4116.85820020
2022-11-06,1667692800,3658.92195020
2022-11-07,1667779200,3260.43955650
2022-11-08,1667865600,3134.50844400
2022-11-09,1667952000,3317.09600560
2022-11-10,1668038400,3220.05156660
2022-11-11,1668124800,4045.85621030
2022-11-12,1668211200,4197.42256150
2022-11-13,1668297600,3759.93144510
2022-11-14,1668384000,3524.64051800
2022-11-15,1668470400,3187.62582960
2022-11-16,1668556800,3635.77543210
2022-11-17,1668643200,3240.81618410
2022-11-18,1668729600,3423.50496230
2022-11-19,1668816000,3039.10027130
2022-11-20,1668902400,2868.16300800
2022-11-21,1668988800,2618.78561700
2022-11-22,1669075200,2573.70996230
2022-11-23,1669161600,6340.25437730
2022-11-24,1669248000,5716.43374240
2022-11-25,1669334400,5088.55149180
2022-11-26,1669420800,4473.84179640
2022-11-27,1669507200,3993.12042160
2022-11-28,1669593600,3593.45162700
2022-11-29,1669680000,3282.56957470
2022-11-30,1669766400,2922.44041170
2022-12-01,1669852800,2897.94405820
2022-12-02,1669939200,2692.78414300
2022-12-03,1670025600,2420.30352720
2022-12-04,1670112000,2198.71377810
2022-12-05,1670198400,2025.86443590
2022-12-06,1670284800,1890.87912560
2022-12-07,1670371200,1797.45742320
2022-12-08,1670457600,1662.48190870
2022-12-09,1670544000,1571.92910580
2022-12-10,1670630400,1550.10065110
2022-12-11,1670716800,1438.80254540
2022-12-12,1670803200,1380.65042980
2022-12-13,1670889600,1361.39548730
2022-12-14,1670976000,1464.71482880
2022-12-15,1671062400,1376.80216220
2022-12-16,1671148800,1397.33448910
2022-12-17,1671235200,1384.45663360
2022-12-18,1671321600,1297.26039970
2022-12-19,1671408000,1232.67992740
2022-12-20,1671494400,1138.37902290
2022-12-21,1671580800,1042.60803990
2022-12-22,1671667200,1007.53311280
2022-12-23,1671753600,1098.54914760
2022-12-24,1671840000,1044.69987530
2022-12-25,1671926400,997.08537420
2022-12-26,1672012800,917.38346740
2022-12-27,1672099200,867.68705890
2022-12-28,1672185600,878.79591130
2022-12-29,1672272000,1211.76203580
2022-12-30,1672358400,1350.93444170
2022-12-31,1672444800,1319.52697550
2023-01-01,1672531200,1237.43375140
2023-01-02,1672617600,1212.57861580
2023-01-03,1672704000,1182.27571060
2023-01-04,1672790400,1113.05008590
2023-01-05,1672876800,1951.27848340
2023-01-06,1672963200,1984.36288790
2023-01-07,1673049600,1907.33440880
2023-01-08,1673136000,1726.81285070
2023-01-09,1673222400,1632.96986340
2023-01-10,1673308800,1713.27556300
2023-01-11,1673395200,1666.67633090
2023-01-12,1673481600,1596.56472440
2023-01-13,1673568000,1481.53295380
2023-01-14,1673654400,1345.48376910
2023-01-15,1673740800,1246.89293990
2023-01-16,1673827200,1756.55877790
2023-01-17,1673913600,1642.63093830
2023-01-18,1674000000,1672.91103600
2023-01-19,1674086400,1549.01907790
2023-01-20,1674172800,1441.52306970
2023-01-21,1674259200,1328.82275850
2023-01-22,1674345600,1227.52453170
2023-01-23,1674432000,1131.49170960
2023-01-24,1674518400,1120.61685660
2023-01-25,1674604800,1114.83228870
2023-01-26,1674691200,1147.96943550
2023-01-27,1674777600,1118.98449700
2023-01-28,1674864000,1049.15368600
2023-01-29,1674950400,985.75517340
2023-01-30,1675036800,944.87896430
2023-01-31,1675123200,951.57889700
2023-02-01,1675209600,921.44098890
2023-02-02,1675296000,863.76192230
2023-02-03,1675382400,924.36339620
2023-02-04,1675468800,856.37503220
2023-02-05,1675555200,865.65683830
2023-02-06,1675641600,868.01789050
2023-02-07,1675728000,800.49450660
2023-02-08,1675814400,871.31861860
2023-02-09,1675900800,877.53897310
2023-02-10,1675987200,884.47658150
2023-02-11,1676073600,870.59026170
2023-02-12,1676160000,841.05183060
2023-02-13,1676246400,830.30108130
2023-02-14,1676332800,769.76662390
2023-02-15,1676419200,768.50072530
2023-02-16,1676505600,833.22827750
2023-02-17,1676592000,825.39453630
2023-02-18,1676678400,763.83517440
2023-02-19,1676764800,844.98757830
2023-02-20,1676851200,815.50783690
2023-02-21,1676937600,827.42543020
2023-02-22,1677024000,863.32710350
2023-02-23,1677110400,866.29464440
2023-02-24,1677196800,1017.27677970
2023-02-25,1677283200,945.17307290
2023-02-26,1677369600,918.03047550
2023-02-27,1677456000,1106.67355840
2023-02-28,1677542400,1122.34210390
2023-03-01,1677628800,1341.65795620
2023-03-02,1677715200,1288.65202400
2023-03-03,1677801600,1314.44373820
2023-03-04,1677888000,1321.34747970
2023-03-05,1677974400,1316.86513760
2023-03-06,1678060800,1305.25818170
2023-03-07,1678147200,1269.24018970
2023-03-08,1678233600,1232.31391110
2023-03-09,1678320000,1259.29218280
2023-03-10,1678406400,1210.71810790
2023-03-11,1678492800,1178.57589160
2023-03-12,1678579200,1101.38900250
2023-03-13,1678665600,1230.68147230
2023-03-14,1678752000,1466.52395420
2023-03-15,1678838400,1763.03967450
2023-03-16,1678924800,1940.45434560
2023-03-17,1679011200,1800.55779890
2023-03-18,1679097600,1764.25277790
2023-03-19,1679184000,1716.89748990
2023-03-20,1679270400,1748.29181250
2023-03-21,1679356800,1840.03183260
2023-03-22,1679443200,1988.75742000
2023-03-23,1679529600,2257.70277700
2023-03-24,1679616000,2235.77926200
2023-03-25,1679702400,2125.40344780
2023-03-26,1679788800,2014.33803990
2023-03-27,1679875200,1849.87347600
2023-03-28,1679961600,1850.66097130
2023-03-29,1680048000,1713.04589260
2023-03-30,1680134400,1698.26929300
2023-03-31,1680220800,2211.49407310
2023-04-01,1680307200,2112.19504860
2023-04-02,1680393600,1957.72713880
2023-04-03,1680480000,2065.86442740
2023-04-04,1680566400,2082.48522040
2023-04-05,1680652800,2106.20667240
2023-04-06,1680739200,2049.03389780
2023-04-07,1680825600,2038.37115730
2023-04-08,1680912000,1871.76429020
2023-04-09,1680998400,1703.76332390
2023-04-10,1681084800,1671.71881330
2023-04-11,1681171200,2125.41576320
2023-04-12,1681257600,2434.95552020
2023-04-13,1681344000,2415.27780130
2023-04-14,1681430400,2567.50084740
2023-04-15,1681516800,2374.37607630
2023-04-16,1681603200,2213.94920290
2023-04-17,1681689600,2101.92380790
2023-04-18,1681776000,2100.92009450
2023-04-19,1681862400,2905.00675400
2023-04-20,1681948800,2802.74514990
2023-04-21,1682035200,2638.92292350
2023-04-22,1682121600,2413.51794480
2023-04-23,1682208000,2252.16747150
2023-04-24,1682294400,2150.93670080
2023-04-25,1682380800,2076.89936880
2023-04-26,1682467200,2004.36907430
2023-04-27,1682553600,1951.46238750
2023-04-28,1682640000,2106.43380110
2023-04-29,1682726400,2402.42925330
2023-04-30,1682812800,2178.21283370
2023-05-01,1682899200,2076.92387720
2023-05-02,1682985600,2017.00767420
2023-05-03,1683072000,2025.65764360
2023-05-04,1683158400,1992.53679200
2023-05-05,1683244800,1877.99062020
2023-05-06,1683331200,1718.23749330
2023-05-07,1683417600,8732.82795860
2023-05-08,1683504000,8714.09371800
2023-05-09,1683590400,7741.21882800
2023-05-10,1683676800,7027.73209830
2023-05-11,1683763200,6510.82752310
2023-05-12,1683849600,6329.41619580
2023-05-13,1683936000,5643.69037000
2023-05-14,1684022400,5305.37431780
2023-05-15,1684108800,6577.83244560
2023-05-16,1684195200,6052.55197990
2023-05-17,1684281600,5466.96310620
2023-05-18,1684368000,4918.84311790
2023-05-19,1684454400,4497.57660160
2023-05-20,1684540800,4084.98018690
2023-05-21,1684627200,3840.23349980
2023-05-22,1684713600,3967.36937290
2023-05-23,1684800000,3715.86125500
2023-05-24,1684886400,3570.62059030
2023-05-25,1684972800,5458.42114110
2023-05-26,1685059200,5192.49664670
2023-05-27,1685145600,4636.67382630
2023-05-28,1685232000,4298.45892160
2023-05-29,1685318400,4036.64426840
2023-05-30,1685404800,4087.69475080
2023-05-31,1685491200,3994.28270300
2023-06-01,1685577600,4124.76898190
2023-06-02,1685664000,3865.62436980
2023-06-03,1685750400,3483.94407490
2023-06-04,1685836800,3170.65054290
2023-06-05,1685923200,3423.62735710
2023-06-06,1686009600,3193.53706690
2023-06-07,1686096000,3033.90881630
2023-06-08,1686182400,3034.98879110
2023-06-09,1686268800,2845.09769560
2023-06-10,1686355200,2697.72326700
2023-06-11,1686441600,2566.55817860
2023-06-12,1686528000,2537.33190200
2023-06-13,1686614400,2710.16387870
2023-06-14,1686700800,3139.99611350
2023-06-15,1686787200,3153.57830710
2023-06-16,1686873600,3034.53460740
2023-06-17,1686960000,2719.71565340
2023-06-18,1687046400,3187.78384190
2023-06-19,1687132800,3040.58367220
2023-06-20,1687219200,3079.34965020
2023-06-21,1687305600,3412.81810020
2023-06-22,1687392000,3274.06351360
2023-06-23,1687478400,3769.21755770
2023-06-24,1687564800,3651.53647270
2023-06-25,1687651200,3613.74350720
2023-06-26,1687737600,3430.86876400
2023-06-27,1687824000,3593.37656260
2023-06-28,1687910400,4348.47377040
2023-06-29,1687996800,4485.91644680
2023-06-30,1688083200,4314.67661850
2023-07-01,1688169600,5805.20894710
2023-07-02,1688256000,5286.40192810
2023-07-03,1688342400,4898.06374920
2023-07-04,1688428800,4545.58039200
2023-07-05,1688515200,4202.12804610
2023-07-06,1688601600,4087.51788700
2023-07-07,1688688000,3794.36654330
2023-07-08,1688774400,3430.42568710
2023-07-09,1688860800,3199.29930090
2023-07-10,1688947200,3073.92342440
2023-07-11,1689033600,3320.63768860
2023-07-12,1689120000,3161.45402110
2023-07-13,1689206400,3170.10399990
2023-07-14,1689292800,3279.30033710
2023-07-15,1689379200,2990.06717030
2023-07-16,1689465600,2754.36282430
2023-07-17,1689552000,2683.73842490
2023-07-18,1689638400,2913.32257100
2023-07-19,1689724800,2779.80866170
2023-07-20,1689811200,2783.27720650
2023-07-21,1689897600,2660.70157480
2023-07-22,1689984000,2560.23082210
2023-07-23,1690070400,2423.00583650
2023-07-24,1690156800,2482.22869670
2023-07-25,1690243200,2294.73905550
2023-07-26,1690329600,2163.50376920
2023-07-27,1690416000,2181.68930610
2023-07-28,1690502400,2315.53797810
2023-07-29,1690588800,2156.73166200
2023-07-30,1690675200,1994.54286750
2023-07-31,1690761600,1919.02843660
2023-08-01,1690848000,1862.23627300
2023-08-02,1690934400,1873.38328870
2023-08-03,1691020800,1782.95345560
2023-08-04,1691107200,1862.68787620
2023-08-05,1691193600,1711.42814210
2023-08-06,1691280000,1653.60596440
2023-08-07,1691366400,1622.16047890
2023-08-08,1691452800,1680.52802030
2023-08-09,1691539200,1814.99782380
2023-08-10,1691625600,1855.77053320
2023-08-11,1691712000,1922.22742110
2023-08-12,1691798400,1969.81657780
2023-08-13,1691884800,1963.18264970
2023-08-14,1691971200,2117.37228300
2023-08-15,1692057600,2133.90727230
2023-08-16,1692144000,2125.58274290
2023-08-17,1692230400,2385.22847890
2023-08-18,1692316800,2612.47588770
2023-08-19,1692403200,2350.95959710
2023-08-20,1692489600,2173.17383240
2023-08-21,1692576000,2063.00161330
2023-08-22,1692662400,2229.66521240
2023-08-23,1692748800,2046.80182260
2023-08-24,1692835200,1935.29779850
2023-08-25,1692921600,1905.45542950
2023-08-26,1693008000,1745.86565350
2023-08-27,1693094400,1844.47136580
2023-08-28,1693180800,1851.90489990
2023-08-29,1693267200,1898.47453380
2023-08-30,1693353600,1874.10525490
2023-08-31,1693440000,1868.03665410
2023-09-01,1693526400,1861.88892730
2023-09-02,1693612800,1701.60930650
2023-09-03,1693699200,1564.37502440
2023-09-04,1693785600,1537.84040420
2023-09-05,1693872000,1544.46739370
2023-09-06,1693958400,1594.20434540
2023-09-07,1694044800,1506.59047620
2023-09-08,1694131200,1442.18637740
2023-09-09,1694217600,1339.03972570
2023-09-10,1694304000,1250.59488020
2023-09-11,1694390400,1237.76669930
2023-09-12,1694476800,1214.64603840
2023-09-13,1694563200,1158.23433500
2023-09-14,1694649600,1569.96072770
2023-09-15,1694736000,1557.70523750
2023-09-16,1694822400,1486.36832620
2023-09-17,1694908800,1407.33834440
2023-09-18,1694995200,1695.99092160
2023-09-19,1695081600,2710.02195250
2023-09-20,1695168000,2610.10289020
2023-09-21,1695254400,2374.28943150
2023-09-22,1695340800,2167.41034510
2023-09-23,1695427200,1971.25281240
2023-09-24,1695513600,1831.47795820
2023-09-25,1695600000,1825.89943140
2023-09-26,1695686400,1779.37398670
2023-09-27,1695772800,1660.58923110
2023-09-28,1695859200,1654.66201810
2023-09-29,1695945600,1768.11351560
2023-09-30,1696032000,1779.80456840
2023-10-01,1696118400,1700.43298800
2023-10-02,1696204800,1799.80583110
2023-10-03,1696291200,1888.49632550
2023-10-04,1696377600,2078.47475950
2023-10-05,1696464000,1960.15097940
2023-10-06,1696550400,2180.40511980
2023-10-07,1696636800,2418.46269500
2023-10-08,1696723200,2214.14993500
2023-10-09,1696809600,2762.43386580
2023-10-10,1696896000,2644.60295570
2023-10-11,1696982400,2856.45413150
2023-10-12,1697068800,2684.16026380
2023-10-13,1697155200,2506.32116950
2023-10-14,1697241600,3466.09624120
2023-10-15,1697328000,3127.17446180
2023-10-16,1697414400,2906.47612050
2023-10-17,1697500800,2762.48789200
2023-10-18,1697587200,2653.87056940
2023-10-19,1697673600,2592.85521740
2023-10-20,1697760000,2666.65592180
2023-10-21,1697846400,2498.61185330
2023-10-22,1697932800,2366.68833380
2023-10-23,1698019200,2656.80165160
2023-10-24,1698105600,3583.13746540
2023-10-25,1698192000,3733.94624620
2023-10-26,1698278400,4992.14134740
2023-10-27,1698364800,4877.92361510
2023-10-28,1698451200,4625.32162950
2023-10-29,1698537600,4353.47047780
2023-10-30,1698624000,4206.39801300
2023-10-31,1698710400,4095.38019830
2023-11-01,1698796800,5229.84148850
2023-11-02,1698883200,4971.89038290
2023-11-03,1698969600,4866.78899900
2023-11-04,1699056000,4513.43018980
2023-11-05,1699142400,4135.32548830
2023-11-06,1699228800,3914.83085820
2023-11-07,1699315200,3900.86189690
2023-11-08,1699401600,3711.66812020
2023-11-09,1699488000,5483.85563660
2023-11-10,1699574400,5277.15465210
2023-11-11,1699660800,4849.55134630
2023-11-12,1699747200,4434.17389850
2023-11-13,1699833600,4240.85585160
2023-11-14,1699920000,4060.94881530
2023-11-15,1700006400,4291.99284690
2023-11-16,1700092800,4431.31044690
2023-11-17,1700179200,4226.58940050
2023-11-18,1700265600,3918.91442450
2023-11-19,1700352000,3780.16495270
2023-11-20,1700438400,3758.15832880
2023-11-21,1700524800,4749.96936280
2023-11-22,1700611200,4771.85265630
2023-11-23,1700697600,4378.78528070
2023-11-24,1700784000,4097.80108140
2023-11-25,1700870400,3751.04291710
2023-11-26,1700956800,3598.34218170
2023-11-27,1701043200,3392.25327510
2023-11-28,1701129600,3487.84684980
2023-11-29,1701216000,3360.22647650
2023-11-30,1701302400,3711.58965320
2023-12-01,1701388800,3814.33832940
2023-12-02,1701475200,3833.03974160
2023-12-03,1701561600,3607.31174700
2023-12-04,1701648000,4294.00338190
2023-12-05,1701734400,4576.66258600
2023-12-06,1701820800,5644.62390030
2023-12-07,1701907200,5674.37061510
2023-12-08,1701993600,5637.74958590
2023-12-09,1702080000,5599.87318790
2023-12-10,1702166400,5235.11618010
2023-12-11,1702252800,5658.72487630
2023-12-12,1702339200,7133.09562450
2023-12-13,1702425600,6737.67395200
2023-12-14,1702512000,6222.52584070
2023-12-15,1702598400,6817.89009070
2023-12-16,1702684800,6673.77791130
2023-12-17,1702771200,6015.17610890
2023-12-18,1702857600,6378.01846440
2023-12-19,1702944000,6219.79997230
2023-12-20,1703030400,6563.33865190
2023-12-21,1703116800,6250.27574480
2023-12-22,1703203200,6336.28724660
2023-12-23,1703289600,6116.45963470
2023-12-24,1703376000,6630.12727940
2023-12-25,1703462400,6158.68111510
2023-12-26,1703548800,5656.70644880
2023-12-27,1703635200,8401.13971970
2023-12-28,1703721600,7837.63475210
2023-12-29,1703808000,7712.34349900
2023-12-30,1703894400,7361.50980430
2023-12-31,1703980800,6746.21137630
2024-01-01,1704067200,6165.41451210
2024-01-02,1704153600,6394.07391890
2024-01-03,1704240000,6703.83888310
2024-01-04,1704326400,14578.76754960
2024-01-05,1704412800,13710.92366670
2024-01-06,1704499200,12267.10051940
2024-01-07,1704585600,11026.65987630
2024-01-08,1704672000,10213.35806000
2024-01-09,1704758400,10141.25113360
2024-01-10,1704844800,9575.18226830
2024-01-11,1704931200,9403.77499060
2024-01-12,1705017600,8770.98599540
2024-01-13,1705104000,8014.71660790
2024-01-14,1705190400,7389.90471850
2024-01-15,1705276800,6913.92768820
2024-01-16,1705363200,12067.06909150
2024-01-17,1705449600,11345.35793370
2024-01-18,1705536000,10799.85667990
2024-01-19,1705622400,10272.34271540
2024-01-20,1705708800,9167.85263370
2024-01-21,1705795200,8185.41116010
2024-01-22,1705881600,7911.36175120
2024-01-23,1705968000,7705.99059670
2024-01-24,1706054400,9873.65473740
2024-01-25,1706140800,9571.33070420
2024-01-26,1706227200,8888.67089680
2024-01-27,1706313600,8104.93263930
2024-01-28,1706400000,7274.43734560
2024-01-29,1706486400,6741.49218060
2024-01-30,1706572800,8052.48867420
2024-01-31,1706659200,8030.34701950
2024-02-01,1706745600,7395.93778660
2024-02-02,1706832000,7038.52186490
2024-02-03,1706918400,6267.76455990
2024-02-04,1707004800,5792.23508370
2024-02-05,1707091200,5732.68362910
2024-02-06,1707177600,6492.41385610
2024-02-07,1707264000,6195.80046780
2024-02-08,1707350400,5874.64472370
2024-02-09,1707436800,5704.08338400
2024-02-10,1707523200,5474.65604770
2024-02-11,1707609600,5221.82422050
2024-02-12,1707696000,5289.71520110
2024-02-13,1707782400,5134.01296080
2024-02-14,1707868800,7135.44753790
2024-02-15,1707955200,7078.48922530
2024-02-16,1708041600,7197.41480820
2024-02-17,1708128000,6701.80000280
2024-02-18,1708214400,6195.33111640
2024-02-19,1708300800,8124.90539880
2024-02-20,1708387200,7575.73333860
2024-02-21,1708473600,7170.11291790
2024-02-22,1708560000,7346.35616770
2024-02-23,1708646400,8120.67177550
2024-02-24,1708732800,7453.93139280
2024-02-25,1708819200,6875.66683800
2024-02-26,1708905600,7099.57744070
2024-02-27,1708992000,7602.82122190
2024-02-28,1709078400,11322.15040330
2024-02-29,1709164800,11883.71450920
2024-03-01,1709251200,14556.65742540
2024-03-02,1709337600,13169.49524080
2024-03-03,1709424000,12132.40341000
2024-03-04,1709510400,12794.46072810
2024-03-05,1709596800,15756.83520870
2024-03-06,1709683200,25391.21772270
2024-03-07,1709769600,26105.44541030
2024-03-08,1709856000,25443.86673290
2024-03-09,1709942400,23033.13997170
2024-03-10,1710028800,21554.11328460
2024-03-11,1710115200,21170.98164770
2024-03-12,1710201600,20186.02784470
2024-03-13,1710288000,19013.48119540
2024-03-14,1710374400,19350.74724490
2024-03-15,1710460800,18410.91901260
2024-03-16,1710547200,16727.63384510
2024-03-17,1710633600,17116.05969830
2024-03-18,1710720000,15960.13783720
2024-03-19,1710806400,14737.26011620
2024-03-20,1710892800,13787.72584620
2024-03-21,1710979200,13532.56050880
2024-03-22,1711065600,14349.62174540
2024-03-23,1711152000,22769.85165420
2024-03-24,1711238400,20587.71403770
2024-03-25,1711324800,25337.31303710
2024-03-26,1711411200,23302.56739350
2024-03-27,1711497600,21217.49415790
2024-03-28,1711584000,21310.64545720
2024-03-29,1711670400,19303.79969170
2024-03-30,1711756800,17227.50027330
2024-03-31,1711843200,15527.40329150
2024-04-01,1711929600,18993.57880740
2024-04-02,1712016000,20225.59983470
2024-04-03,1712102400,18883.30742390
2024-04-04,1712188800,17134.76492100
2024-04-05,1712275200,15417.10014410
2024-04-06,1712361600,13947.10799610
2024-04-07,1712448000,12615.43279660
2024-04-08,1712534400,11642.87189460
2024-04-09,1712620800,10778.00334680
2024-04-10,1712707200,9956.73421880
2024-04-11,1712793600,9277.48127700
2024-04-12,1712880000,8759.62329220
2024-04-13,1712966400,8093.91413520
2024-04-14,1713052800,7637.94556010
2024-04-15,1713139200,7331.89265790
2024-04-16,1713225600,7719.79359740
2024-04-17,1713312000,7323.49270580
2024-04-18,1713398400,7997.59890780
2024-04-19,1713484800,8236.66063820
2024-04-20,1713571200,7356.38843090
2024-04-21,1713657600,6624.82589910
2024-04-22,1713744000,6378.27782990
2024-04-23,1713830400,6147.94231600
2024-04-24,1713916800,10417.30176250
2024-04-25,1714003200,9688.22240570
2024-04-26,1714089600,8935.19261860
2024-04-27,1714176000,8381.31873560
2024-04-28,1714262400,8378.18236030
2024-04-29,1714348800,8039.12856860
2024-04-30,1714435200,7779.30486400
2024-05-01,1714521600,7371.47907880
2024-05-02,1714608000,6881.89298900
2024-05-03,1714694400,6462.55941020
2024-05-04,1714780800,5920.99092900
2024-05-05,1714867200,5345.56845080
2024-05-06,1714953600,5255.50118330
2024-05-07,1715040000,4972.17830740
2024-05-08,1715126400,4739.66424970
2024-05-09,1715212800,4459.87994040
2024-05-10,1715299200,4200.23361670
2024-05-11,1715385600,4045.76800350
2024-05-12,1715472000,3990.25025520
2024-05-13,1715558400,4012.95266880
2024-05-14,1715644800,4104.53865830
2024-05-15,1715731200,6107.85924060
2024-05-16,1715817600,5796.11008890
2024-05-17,1715904000,5773.51764070
2024-05-18,1715990400,5338.74614230
2024-05-19,1716076800,5061.91305700
2024-05-20,1716163200,5293.57676250
2024-05-21,1716249600,5642.88954870
2024-05-22,1716336000,5801.26780720
2024-05-23,1716422400,6098.02242060
2024-05-24,1716508800,5962.92824750
2024-05-25,1716595200,5449.11993580
2024-05-26,1716681600,5460.86736280
2024-05-27,1716768000,5779.85014390
2024-05-28,1716854400,22919.65584130
2024-05-29,1716940800,20563.94869810
2024-05-30,1717027200,18429.60036390
2024-05-31,1717113600,16690.24966100
2024-06-01,1717200000,14887.85704940
2024-06-02,1717286400,13422.88507860
2024-06-03,1717372800,13080.94099010
2024-06-04,1717459200,12081.01894140
2024-06-05,1717545600,11388.75842900
2024-06-06,1717632000,12063.07045060
2024-06-07,1717718400,11605.40745490
2024-06-08,1717804800,10571.40104040
2024-06-09,1717891200,9589.82408790
2024-06-10,1717977600,8859.10293410
2024-06-11,1718064000,10414.06415870
2024-06-12,1718150400,9944.47799120
2024-06-13,1718236800,9022.82442520
2024-06-14,1718323200,8483.98454740
2024-06-15,1718409600,8063.67400880
2024-06-16,1718496000,7269.51652220
2024-06-17,1718582400,6967.10866300
2024-06-18,1718668800,6612.30761500
2024-06-19,1718755200,6121.00960180
2024-06-20,1718841600,5708.47294850
2024-06-21,1718928000,6160.94550610
2024-06-22,1719014400,8829.83634520
2024-06-23,1719100800,7956.58053290
2024-06-24,1719187200,7969.59785910
2024-06-25,1719273600,7352.31090220
2024-06-26,1719360000,7123.38141070
2024-06-27,1719446400,8923.49202200
2024-06-28,1719532800,8551.63000960
2024-06-29,1719619200,7678.25415060
2024-06-30,1719705600,6942.81638950
2024-07-01,1719792000,6737.15416920
2024-07-02,1719878400,6232.26195970
2024-07-03,1719964800,6969.59887720
2024-07-04,1720051200,8041.74260450
2024-07-05,1720137600,9882.35569760
2024-07-06,1720224000,8840.69958320
2024-07-07,1720310400,8178.76319930
2024-07-08,1720396800,7366.14770500
2024-07-09,1720483200,7532.96323970
2024-07-10,1720569600,7395.77365140
2024-07-11,1720656000,6745.06657980
2024-07-12,1720742400,6476.44849500
2024-07-13,1720828800,5957.19849690
2024-07-14,1720915200,5468.18162100
2024-07-15,1721001600,5573.19692790
2024-07-16,1721088000,5197.93367590
2024-07-17,1721174400,5402.10398390
2024-07-18,1721260800,5743.29328790
2024-07-19,1721347200,6873.82315050
2024-07-20,1721433600,6315.06478420
2024-07-21,1721520000,5762.46554220
2024-07-22,1721606400,5645.27330810
2024-07-23,1721692800,8425.92916970
2024-07-24,1721779200,7790.64089200
2024-07-25,1721865600,7290.19890230
2024-07-26,1721952000,6777.52331620
2024-07-27,1722038400,6461.69212920
2024-07-28,1722124800,5933.21860280
2024-07-29,1722211200,5848.89367040
2024-07-30,1722297600,6203.89160260
2024-07-31,1722384000,5726.55103660
2024-08-01,1722470400,6306.93651950
2024-08-02,1722556800,5963.05586570
2024-08-03,1722643200,5655.76798600
2024-08-04,1722729600,5434.97898260
2024-08-05,1722816000,7129.47440970
2024-08-06,1722902400,6457.34995600
2024-08-07,1722988800,6714.49221460
2024-08-08,1723075200,6426.57325650
2024-08-09,1723161600,6086.49301430
2024-08-10,1723248000,6900.04446800
2024-08-11,1723334400,6180.46572300
2024-08-12,1723420800,5764.89451600
2024-08-13,1723507200,5518.42925070
2024-08-14,1723593600,5077.73440060
2024-08-15,1723680000,4830.94847290
2024-08-16,1723766400,4498.29684260
2024-08-17,1723852800,4055.52724950
2024-08-18,1723939200,3737.40878400
2024-08-19,1724025600,3579.75562590
2024-08-20,1724112000,3480.51031350
2024-08-21,1724198400,3502.00027500
2024-08-22,1724284800,3481.61419850
2024-08-23,1724371200,3726.40043360
2024-08-24,1724457600,3453.75325440
2024-08-25,1724544000,3157.37532430
2024-08-26,1724630400,3169.18788430
2024-08-27,1724716800,3331.89446880
2024-08-28,1724803200,3347.08675830
2024-08-29,1724889600,5095.05695770
2024-08-30,1724976000,4753.80272980
2024-08-31,1725062400,4521.68869220
2024-09-01,1725148800,4094.86042290
2024-09-02,1725235200,3788.38247820
2024-09-03,1725321600,3654.25957040
2024-09-04,1725408000,3632.57166190
2024-09-05,1725494400,3433.18836640
2024-09-06,1725580800,3789.56142810
2024-09-07,1725667200,3437.99815860
2024-09-08,1725753600,3096.68454270
2024-09-09,1725840000,3636.78137170
2024-09-10,1725926400,3498.74417000
2024-09-11,1726012800,3327.93814590
2024-09-12,1726099200,3170.64035040
2024-09-13,1726185600,3896.79857050
2024-09-14,1726272000,3609.52512580
2024-09-15,1726358400,3377.08712780
2024-09-16,1726444800,3588.97641750
2024-09-17,1726531200,3578.74389980
2024-09-18,1726617600,3652.62305090
2024-09-19,1726704000,3595.22482310
2024-09-20,1726790400,4241.54316440
2024-09-21,1726876800,4027.99099870
2024-09-22,1726963200,3759.56262370
2024-09-23,1727049600,4485.47394950
2024-09-24,1727136000,4285.49256680
2024-09-25,1727222400,4855.29042970
2024-09-26,1727308800,5061.51936840
2024-09-27,1727395200,4794.34857030
2024-09-28,1727481600,4412.38177390
2024-09-29,1727568000,4092.96362520
2024-09-30,1727654400,4016.61068670
2024-10-01,1727740800,3812.86932890
2024-10-02,1727827200,3563.58904220
2024-10-03,1727913600,3439.82647760
2024-10-04,1728000000,3641.03524540
2024-10-05,1728086400,3344.51493630
2024-10-06,1728172800,3123.33623720
2024-10-07,1728259200,3011.45306380
2024-10-08,1728345600,13707.11037640
2024-10-09,1728432000,12721.42577150
2024-10-10,1728518400,11329.94137030
2024-10-11,1728604800,13171.06445590
2024-10-12,1728691200,12374.41328980
2024-10-13,1728777600,11192.55901590
2024-10-14,1728864000,10344.29102660
2024-10-15,1728950400,10647.49287840
2024-10-16,1729036800,9817.16061350
2024-10-17,1729123200,9224.56775120
2024-10-18,1729209600,8656.64984320
2024-10-19,1729296000,8108.78627130
2024-10-20,1729382400,9704.32195060
2024-10-21,1729468800,11335.09415730
2024-10-22,1729555200,10377.59477310
2024-10-23,1729641600,9552.35425440
2024-10-24,1729728000,8823.84372185
2024-10-25,1729814400,8279.30304821
2024-10-26,1729900800,7554.86058478
2024-10-27,1729987200,6883.46743467
2024-10-28,1730073600,6577.96044759
2024-10-29,1730160000,6760.37017187
2024-10-30,1730246400,6737.99779224
2024-10-31,1730332800,6492.38613465
2024-11-01,1730419200,6385.53824513
2024-11-02,1730505600,6009.54359368
2024-11-03,1730592000,5540.08755711
2024-11-04,1730678400,5464.78263205
2024-11-05,1730764800,5362.59169027
2024-11-06,1730851200,8113.89399119
2024-11-07,1730937600,7901.80036301
2024-11-08,1731024000,8061.36745724
2024-11-09,1731110400,7412.18412248
2024-11-10,1731196800,7439.85767370
2024-11-11,1731283200,8585.70965979
2024-11-12,1731369600,10364.96260251
2024-11-13,1731456000,11973.17929606
2024-11-14,1731542400,15447.72601301
2024-11-15,1731628800,16117.89227285
2024-11-16,1731715200,14946.35723535
2024-11-17,1731801600,13716.82522759
2024-11-18,1731888000,13447.29659169
2024-11-19,1731974400,16683.67109126
2024-11-20,1732060800,17955.05803276
2024-11-21,1732147200,20778.37380208
2024-11-22,1732233600,22607.07317718
2024-11-23,1732320000,21700.51518428
2024-11-24,1732406400,19946.17708837
2024-11-25,1732492800,20231.77689766
2024-11-26,1732579200,20102.33864192
2024-11-27,1732665600,19471.12832646
2024-11-28,1732752000,18861.50712174
2024-11-29,1732838400,17655.65281800
2024-11-30,1732924800,16052.83357396
2024-12-01,1733011200,14642.83832549
2024-12-02,1733097600,14726.79380948
2024-12-03,1733184000,15373.33399388
2024-12-04,1733270400,14812.59710870
2024-12-05,1733356800,20893.65251583
2024-12-06,1733443200,24200.26109293
2024-12-07,1733529600,21907.93298383
2024-12-08,1733616000,19854.09265996
2024-12-09,1733702400,20290.25587979
2024-12-10,1733788800,18713.73375381
2024-12-11,1733875200,18916.90731355
2024-12-12,1733961600,17429.16772856
2024-12-13,1734048000,16752.93210311
2024-12-14,1734134400,15392.66370112
2024-12-15,1734220800,14739.89895863
2024-12-16,1734307200,14716.61172531
2024-12-17,1734393600,16469.38314200
2024-12-18,1734480000,16677.81535371
2024-12-19,1734566400,20264.58259153
2024-12-20,1734652800,19883.43937476
2024-12-21,1734739200,17955.63594955
2024-12-22,1734825600,16435.37108410
2024-12-23,1734912000,19980.26479710
2024-12-24,1734998400,20347.03306782
2024-12-25,1735084800,18174.25572232
2024-12-26,1735171200,17079.63228913
2024-12-27,1735257600,16793.94427918
2024-12-28,1735344000,15219.31231908
2024-12-29,1735430400,14712.96777181
2024-12-30,1735516800,16349.62340491
2024-12-31,1735603200,16262.04903151
2025-01-01,1735689600,15719.81360081
2025-01-02,1735776000,14776.20986764
2025-01-03,1735862400,13487.24863897
2025-01-04,1735948800,12229.59964868
2025-01-05,1736035200,11037.12858510
2025-01-06,1736121600,10392.43193566
2025-01-07,1736208000,11450.55746610
2025-01-08,1736294400,10856.00097998
2025-01-09,1736380800,10073.96719038
2025-01-10,1736467200,9573.92541488
2025-01-11,1736553600,8700.31865731
2025-01-12,1736640000,7949.90750213
2025-01-13,1736726400,7415.80478608
2025-01-14,1736812800,7065.50231030
2025-01-15,1736899200,7538.64446212
2025-01-16,1736985600,7952.64384497
2025-01-17,1737072000,7900.64384497
2025-01-18,1737158400,7852.64384497
2025-01-19,1737244800,7822.64384497
2025-01-20,1737331200,7724.04818434
2025-01-21,1737417600,8411.82011174
2025-01-22,1737504000,9113.58830334
2025-01-23,1737590400,13221.17582012
2025-01-24,1737676800,12156.87455888
2025-01-25,1737763200,11039.11071694
2025-01-26,1737849600,10044.46139439
2025-01-27,1737936000,10130.91007678
2025-01-28,1738022400,9540.43451397
2025-01-29,1738108800,8774.12505649
2025-01-30,1738195200,8332.51928932
2025-01-31,1738281600,7982.04319144
2025-02-01,1738368000,7351.95226700
2025-02-02,1738454400,6936.28552819
2025-02-03,1738540800,7274.45959884
2025-02-04,1738627200,9012.18520549
2025-02-05,1738713600,10408.17446729
2025-02-06,1738800000,10710.90844596
2025-02-07,1738886400,10029.71170547
2025-02-08,1738972800,9184.47673388
2025-02-09,1739059200,8444.89613373
2025-02-11,1739232000,9243.53232164
2025-02-12,1739318400,8594.83189253
2025-02-13,1739404800,7968.38296659
2025-02-14,1739491200,7535.69534833
2025-02-15,1739577600,7017.31622048
2025-02-16,1739664000,6337.58935454
2025-02-17,1739750400,5850.06523034
2025-02-18,1739836800,5645.82977887
2025-02-19,1739923200,5298.65582981
2025-02-20,1740009600,4994.85513546
2025-02-21,1740096000,4975.44485423
2025-02-22,1740182400,4865.10315360
2025-02-23,1740268800,4519.42833131
2025-02-24,1740355200,4494.47367545
2025-02-25,1740441600,5880.62023972
2025-02-26,1740528000,6823.67213565
2025-02-27,1740614400,7187.56833898
2025-02-28,1740700800,7333.48916805
2025-03-01,1740787200,6706.56985553
2025-03-02,1740873600,6265.92755367
2025-03-03,1740960000,6564.43244038
2025-03-04,1741046400,6286.79315825
2025-03-05,1741132800,5982.51772454
2025-03-06,1741219200,6666.28919805
2025-03-07,1741305600,6744.90298706
2025-03-08,1741392000,6075.50941017
2025-03-09,1741478400,5625.37013656
2025-03-10,1741564800,6576.20319275
2025-03-11,1741651200,7007.12280396
2025-03-12,1741737600,7291.58409073
2025-03-13,1741824000,6948.42150738
2025-03-14,1741910400,6794.82627803
2025-03-15,1741996800,6067.89783495
2025-03-16,1742083200,5634.67400154
2025-03-17,1742169600,5379.24309452
2025-03-18,1742256000,5182.24856788
2025-03-19,1742342400,5098.36628748
2025-03-20,1742428800,5338.77962887
2025-03-21,1742515200,4915.02957925
2025-03-22,1742601600,4781.48489958
2025-03-23,1742688000,4351.92910926
2025-03-24,1742774400,4185.68110374
2025-03-25,1742860800,3964.83025415
2025-03-26,1742947200,4053.73086047
2025-03-27,1743033600,3996.97192251
2025-03-28,1743120000,5432.37589382
2025-03-29,1743206400,4977.49483149
2025-03-30,1743292800,4607.23062959
2025-03-31,1743379200,4682.27737484
2025-04-01,1743465600,4433.45011322
2025-04-02,1743552000,5240.97327222
2025-04-03,1743638400,6909.65543479
2025-04-04,1743724800,6705.29427143
2025-04-05,1743811200,6117.56820219
2025-04-06,1743897600,5693.27480739
2025-04-07,1743984000,6776.73404127
2025-04-08,1744070400,6343.29715973
2025-04-09,1744156800,6405.39029075
2025-04-10,1744243200,6916.67355025
2025-04-11,1744329600,6957.21703296
2025-04-12,1744416000,6347.33538655
2025-04-13,1744502400,5975.01190217
2025-04-14,1744588800,5672.05413562
2025-04-15,1744675200,5299.23378616
2025-04-16,1744761600,5423.37000156
2025-04-17,1744848000,5085.21267511
2025-04-18,1744934400,4645.79810420
2025-04-19,1745020800,4171.43865114
2025-04-20,1745107200,3863.10274817
2025-04-21,1745193600,3845.99478437
2025-04-22,1745280000,3942.84988638
2025-04-23,1745366400,4368.53152406
2025-04-24,1745452800,5064.70066331
2025-04-25,1745539200,7425.47988664
2025-04-26,1745625600,6937.99550249
2025-04-27,1745712000,6322.90386787
2025-04-28,1745798400,6665.38291789
2025-04-29,1745884800,7405.68914443
2025-04-30,1745971200,7173.57411608
2025-05-01,1746057600,7029.38125624
2025-05-02,1746144000,7161.14560527
2025-05-03,1746230400,6511.04754589
2025-05-04,1746316800,5864.27116805
2025-05-05,1746403200,7345.66318801
2025-05-06,1746489600,8135.23869352
2025-05-07,1746576000,8046.85067032
2025-05-08,1746662400,8149.39719762
2025-05-09,1746748800,8145.66494906
2025-05-10,1746835200,7352.00946118
2025-05-11,1746921600,6794.47697624
2025-05-12,1747008000,6844.44610860
2025-05-13,1747094400,8139.06306781
2025-05-14,1747180800,7845.11384407
2025-05-15,1747267200,8647.80000218
2025-05-16,1747353600,7835.36876763
2025-05-17,1747440000,7278.35189231
2025-05-18,1747526400,8273.52600789
2025-05-19,1747612800,8650.32796923
2025-05-20,1747699200,9281.76999978
2025-05-21,1747785600,9428.00092820
2025-05-22,1747872000,9368.19343745
2025-05-23,1747958400,8516.11378880
2025-05-24,1748044800,7914.40473289
2025-05-25,1748131200,8916.95567902
2025-05-26,1748217600,9995.69181452
2025-05-27,1748304000,9578.25157064
2025-05-28,1748390400,10211.79913218
2025-05-29,1748476800,9505.92810660
2025-05-30,1748563200,8515.50724411
2025-05-31,1748649600,7717.44261753
2025-06-01,1748736000,7406.41944881
2025-06-02,1748822400,6866.05416198
2025-06-03,1748908800,7861.43820183
2025-06-04,1748995200,7211.51049547
2025-06-05,1749081600,6820.49312691
2025-06-06,1749168000,6437.56027699
2025-06-07,1749254400,6086.73015217
2025-06-08,1749340800,5753.54549492
2025-06-09,1749427200,5870.90296815
2025-06-10,1749513600,6016.92068333
2025-06-11,1749600000,5712.85600072
2025-06-12,1749686400,6602.58565222
2025-06-13,1749772800,5971.30300365
2025-06-14,1749859200,5613.79073908
2025-06-15,1749945600,6357.93309098
2025-06-16,1750032000,6181.15586576
2025-06-17,1750118400,6105.04391991
2025-06-18,1750204800,5966.08267579
2025-06-19,1750291200,5872.04624722
2025-06-20,1750377600,5557.79588580
2025-06-21,1750464000,5660.08129791
2025-06-22,1750550400,5849.14842589
2025-06-23,1750636800,6167.94147049
2025-06-24,1750723200,6327.43936536
2025-06-25,1750809600,7727.25942292
2025-06-26,1750896000,9060.56317841
2025-06-27,1750982400,8149.69526235
2025-06-28,1751068800,7390.99873074
2025-06-29,1751155200,8771.99259082
2025-06-30,1751241600,8507.35245303
