d,unixTs,trueMarketMean
2020-01-01,1577836800,7946.9595
2020-01-02,1577923200,7950.7865
2020-01-03,1578009600,7949.5842
2020-01-04,1578096000,7950.7389
2020-01-05,1578182400,7957.6806
2020-01-06,1578268800,7964.9068
2020-01-07,1578355200,7969.3901
2020-01-08,1578441600,7973.0418
2020-01-09,1578528000,7979.8101
2020-01-10,1578614400,7981.8728
2020-01-11,1578700800,7985.5194
2020-01-12,1578787200,7988.8816
2020-01-13,1578873600,8013.0466
2020-01-14,1578960000,8026.5270
2020-01-15,1579046400,8033.0745
2020-01-16,1579132800,8042.9664
2020-01-17,1579219200,8047.5812
2020-01-18,1579305600,8047.3128
2020-01-19,1579392000,8047.4123
2020-01-20,1579478400,8050.9227
2020-01-21,1579564800,8052.1131
2020-01-22,1579651200,8050.0295
2020-01-23,1579737600,8051.9175
2020-01-24,1579824000,8053.8474
2020-01-25,1579910400,8057.6137
2020-01-26,1579996800,8065.4277
2020-01-27,1580083200,8078.0289
2020-01-28,1580169600,8092.1997
2020-01-29,1580256000,8109.3029
2020-01-30,1580342400,8124.3633
2020-01-31,1580428800,8128.8736
2020-02-01,1580515200,8127.0645
2020-02-02,1580601600,8117.8965
2020-02-03,1580688000,8120.3513
2020-02-04,1580774400,8130.4715
2020-02-05,1580860800,8151.5606
2020-02-06,1580947200,8174.3050
2020-02-07,1581033600,8186.6468
2020-02-08,1581120000,8196.9043
2020-02-09,1581206400,8215.1077
2020-02-10,1581292800,8233.7484
2020-02-11,1581379200,8246.2251
2020-02-12,1581465600,8255.4712
2020-02-13,1581552000,8266.1123
2020-02-14,1581638400,8265.4869
2020-02-15,1581724800,8270.4645
2020-02-16,1581811200,8270.3468
2020-02-17,1581897600,8295.8501
2020-02-18,1581984000,8294.2700
2020-02-19,1582070400,8290.3310
2020-02-20,1582156800,8293.7113
2020-02-21,1582243200,8297.1524
2020-02-22,1582329600,8304.0132
2020-02-23,1582416000,8306.6640
2020-02-24,1582502400,8312.6010
2020-02-25,1582588800,8303.2027
2020-02-26,1582675200,8297.6511
2020-02-27,1582761600,8295.5019
2020-02-28,1582848000,8292.8989
2020-02-29,1582934400,8290.1988
2020-03-01,1583020800,8292.9378
2020-03-02,1583107200,8291.6513
2020-03-03,1583193600,8267.1725
2020-03-04,1583280000,8269.0600
2020-03-05,1583366400,8273.1367
2020-03-06,1583452800,8273.0580
2020-03-07,1583539200,8266.6636
2020-03-08,1583625600,8246.5017
2020-03-09,1583712000,8235.3594
2020-03-10,1583798400,8202.0337
2020-03-11,1583884800,7990.5875
2020-03-12,1583971200,7921.3117
2020-03-13,1584057600,7888.2460
2020-03-14,1584144000,7878.2254
2020-03-15,1584230400,7837.0490
2020-03-16,1584316800,7819.8539
2020-03-17,1584403200,7814.2083
2020-03-18,1584489600,7821.6851
2020-03-19,1584576000,7805.9808
2020-03-20,1584662400,7806.2639
2020-03-21,1584748800,7805.0084
2020-03-22,1584835200,7807.9406
2020-03-23,1584921600,7824.4599
2020-03-24,1585008000,7820.8618
2020-03-25,1585094400,7822.7468
2020-03-26,1585180800,7816.4285
2020-03-27,1585267200,7812.3031
2020-03-28,1585353600,7803.6898
2020-03-29,1585440000,7801.8057
2020-03-30,1585526400,7798.0167
2020-03-31,1585612800,7771.2241
2020-04-01,1585699200,7772.0964
2020-04-02,1585785600,7772.1244
2020-04-03,1585872000,7773.8300
2020-04-04,1585958400,7775.4361
2020-04-05,1586044800,7790.6897
2020-04-06,1586131200,7786.3404
2020-04-07,1586217600,7792.4661
2020-04-08,1586304000,7793.9646
2020-04-09,1586390400,7755.5071
2020-04-10,1586476800,7755.8859
2020-04-11,1586563200,7757.7606
2020-04-12,1586649600,7755.9397
2020-04-13,1586736000,7755.9802
2020-04-14,1586822400,7751.6950
2020-04-15,1586908800,7754.3343
2020-04-16,1586995200,7755.0513
2020-04-17,1587081600,7758.6213
2020-04-18,1587168000,7758.7145
2020-04-19,1587254400,7752.8323
2020-04-20,1587340800,7751.2108
2020-04-21,1587427200,7754.1078
2020-04-22,1587513600,7762.3564
2020-04-23,1587600000,7768.4511
2020-04-24,1587686400,7771.3840
2020-04-25,1587772800,7774.8820
2020-04-26,1587859200,7793.2890
2020-04-27,1587945600,7796.4388
2020-04-28,1588032000,7864.3197
2020-04-29,1588118400,7885.8925
2020-04-30,1588204800,7901.9782
2020-05-01,1588291200,7911.0844
2020-05-02,1588377600,7917.3090
2020-05-03,1588464000,7925.6291
2020-05-04,1588550400,7933.5461
2020-05-05,1588636800,7953.2682
2020-05-06,1588723200,8014.3159
2020-05-07,1588809600,8031.6882
2020-05-08,1588896000,8031.5457
2020-05-09,1588982400,8025.7309
2020-05-10,1589068800,8013.9313
2020-05-11,1589155200,8015.2327
2020-05-12,1589241600,8032.8552
2020-05-13,1589328000,8049.6488
2020-05-14,1589414400,8052.6949
2020-05-15,1589500800,8056.5512
2020-05-16,1589587200,8064.2499
2020-05-17,1589673600,8082.9656
2020-05-18,1589760000,8097.9377
2020-05-19,1589846400,8100.8302
2020-05-20,1589932800,8095.6801
2020-05-21,1590019200,8097.1084
2020-05-22,1590105600,8101.2426
2020-05-23,1590192000,8100.3766
2020-05-24,1590278400,8095.9454
2020-05-25,1590364800,8096.0163
2020-05-26,1590451200,8103.5754
2020-05-27,1590537600,8110.6309
2020-05-28,1590624000,8115.5722
2020-05-29,1590710400,8121.4610
2020-05-30,1590796800,8122.1839
2020-05-31,1590883200,8151.4522
2020-06-01,1590969600,8148.0731
2020-06-02,1591056000,8155.6206
2020-06-03,1591142400,8166.1673
2020-06-04,1591228800,8168.4210
2020-06-05,1591315200,8172.1688
2020-06-06,1591401600,8176.1334
2020-06-07,1591488000,8191.1494
2020-06-08,1591574400,8197.9996
2020-06-09,1591660800,8204.7973
2020-06-10,1591747200,8199.4892
2020-06-11,1591833600,8203.7400
2020-06-12,1591920000,8206.9803
2020-06-13,1592006400,8209.3494
2020-06-14,1592092800,8213.7795
2020-06-15,1592179200,8219.5215
2020-06-16,1592265600,8221.9779
2020-06-17,1592352000,8244.8597
2020-06-18,1592438400,8245.0312
2020-06-19,1592524800,8248.5836
2020-06-20,1592611200,8251.7060
2020-06-21,1592697600,8261.1572
2020-06-22,1592784000,8265.8099
2020-06-23,1592870400,8258.1941
2020-06-24,1592956800,8257.6259
2020-06-25,1593043200,8280.8839
2020-06-26,1593129600,8280.9308
2020-06-27,1593216000,8281.8263
2020-06-28,1593302400,8285.0258
2020-06-29,1593388800,8288.4238
2020-06-30,1593475200,8291.7341
2020-07-01,1593561600,8292.1720
2020-07-02,1593648000,8293.7920
2020-07-03,1593734400,8296.6486
2020-07-04,1593820800,8298.8081
2020-07-05,1593907200,8304.6361
2020-07-06,1593993600,8306.2582
2020-07-07,1594080000,8318.8175
2020-07-08,1594166400,8321.6424
2020-07-09,1594252800,8324.3154
2020-07-10,1594339200,8326.7687
2020-07-11,1594425600,8329.5717
2020-07-12,1594512000,8331.0186
2020-07-13,1594598400,8334.6177
2020-07-14,1594684800,8336.5275
2020-07-15,1594771200,8338.2398
2020-07-16,1594857600,8339.3676
2020-07-17,1594944000,8341.8108
2020-07-18,1595030400,8345.7947
2020-07-19,1595116800,8347.6071
2020-07-20,1595203200,8352.2652
2020-07-21,1595289600,8359.4810
2020-07-22,1595376000,8366.9163
2020-07-23,1595462400,8371.5228
2020-07-24,1595548800,8378.0713
2020-07-25,1595635200,8386.2032
2020-07-26,1595721600,8429.2589
2020-07-27,1595808000,8454.5490
2020-07-28,1595894400,8473.0739
2020-07-29,1595980800,8490.3054
2020-07-30,1596067200,8508.0093
2020-07-31,1596153600,8525.0445
2020-08-01,1596240000,8530.6335
2020-08-02,1596326400,8560.7186
2020-08-03,1596412800,8569.8938
2020-08-04,1596499200,8598.4546
2020-08-05,1596585600,8636.6248
2020-08-06,1596672000,8664.6830
2020-08-07,1596758400,8686.3562
2020-08-08,1596844800,8699.2153
2020-08-09,1596931200,8714.4049
2020-08-10,1597017600,8726.2836
2020-08-11,1597104000,8736.5913
2020-08-12,1597190400,8753.3860
2020-08-13,1597276800,8767.8341
2020-08-14,1597363200,8777.9022
2020-08-15,1597449600,8786.9731
2020-08-16,1597536000,8821.6283
2020-08-17,1597622400,8831.0250
2020-08-18,1597708800,8836.7839
2020-08-19,1597795200,8848.0139
2020-08-20,1597881600,8853.4764
2020-08-21,1597968000,8859.6475
2020-08-22,1598054400,8864.4839
2020-08-23,1598140800,8876.3812
2020-08-24,1598227200,8879.6158
2020-08-25,1598313600,8885.6966
2020-08-26,1598400000,8889.9314
2020-08-27,1598486400,8900.7204
2020-08-28,1598572800,8903.0012
2020-08-29,1598659200,8913.0297
2020-08-30,1598745600,8925.4623
2020-08-31,1598832000,8945.2567
2020-09-01,1598918400,8947.4581
2020-09-02,1599004800,8928.6123
2020-09-03,1599091200,8929.0868
2020-09-04,1599177600,8923.1630
2020-09-05,1599264000,8923.6208
2020-09-06,1599350400,8922.8715
2020-09-07,1599436800,8919.4853
2020-09-08,1599523200,8918.2563
2020-09-09,1599609600,8919.7245
2020-09-10,1599696000,8919.2382
2020-09-11,1599782400,8919.5426
2020-09-12,1599868800,8921.1056
2020-09-13,1599955200,8926.8842
2020-09-14,1600041600,8935.0922
2020-09-15,1600128000,8946.7860
2020-09-16,1600214400,8952.8635
2020-09-17,1600300800,8960.1861
2020-09-18,1600387200,8969.1054
2020-09-19,1600473600,8972.4879
2020-09-20,1600560000,8967.0499
2020-09-21,1600646400,8976.4566
2020-09-22,1600732800,8971.4036
2020-09-23,1600819200,8976.8020
2020-09-24,1600905600,8982.0648
2020-09-25,1600992000,8986.6347
2020-09-26,1601078400,8989.3827
2020-09-27,1601164800,8992.8336
2020-09-28,1601251200,9008.0062
2020-09-29,1601337600,9009.4660
2020-09-30,1601424000,9009.7116
2020-10-01,1601510400,9010.8993
2020-10-02,1601596800,9013.2417
2020-10-03,1601683200,9017.1642
2020-10-04,1601769600,9023.5331
2020-10-05,1601856000,9024.9719
2020-10-06,1601942400,9030.0496
2020-10-07,1602028800,9039.1694
2020-10-08,1602115200,9050.2360
2020-10-09,1602201600,9058.5448
2020-10-10,1602288000,9066.7502
2020-10-11,1602374400,9076.8402
2020-10-12,1602460800,9085.8203
2020-10-13,1602547200,9095.3797
2020-10-14,1602633600,9105.7382
2020-10-15,1602720000,9109.8079
2020-10-16,1602806400,9114.4589
2020-10-17,1602892800,9120.3099
2020-10-18,1602979200,9145.7330
2020-10-19,1603065600,9166.1575
2020-10-20,1603152000,9209.3678
2020-10-21,1603238400,9290.9607
2020-10-22,1603324800,9302.4942
2020-10-23,1603411200,9324.0724
2020-10-24,1603497600,9336.1870
2020-10-25,1603584000,9348.7764
2020-10-26,1603670400,9387.4695
2020-10-27,1603756800,9407.0805
2020-10-28,1603843200,9433.7045
2020-10-29,1603929600,9449.9158
2020-10-30,1604016000,9470.5576
2020-10-31,1604102400,9488.7791
2020-11-01,1604188800,9515.6553
2020-11-02,1604275200,9635.0662
2020-11-03,1604361600,9668.3013
2020-11-04,1604448000,9765.4751
2020-11-05,1604534400,9812.1513
2020-11-06,1604620800,9817.2714
2020-11-07,1604707200,9868.1619
2020-11-08,1604793600,9895.9403
2020-11-09,1604880000,9921.6704
2020-11-10,1604966400,9953.2475
2020-11-11,1605052800,10000.5538
2020-11-12,1605139200,10035.5831
2020-11-13,1605225600,10053.5573
2020-11-14,1605312000,10066.0887
2020-11-15,1605398400,10102.5062
2020-11-16,1605484800,10177.6250
2020-11-17,1605571200,10286.6658
2020-11-18,1605657600,10321.3897
2020-11-19,1605744000,10438.3282
2020-11-20,1605830400,10490.5163
2020-11-21,1605916800,10514.0167
2020-11-22,1606003200,10565.0725
2020-11-23,1606089600,10637.8699
2020-11-24,1606176000,10670.6686
2020-11-25,1606262400,10689.2913
2020-11-26,1606348800,10714.1195
2020-11-27,1606435200,10733.6141
2020-11-28,1606521600,10757.8038
2020-11-29,1606608000,10848.4341
2020-11-30,1606694400,10898.0326
2020-12-01,1606780800,10961.1157
2020-12-02,1606867200,11010.1712
2020-12-03,1606953600,11033.2802
2020-12-04,1607040000,11051.3997
2020-12-05,1607126400,11069.7771
2020-12-06,1607212800,11101.2588
2020-12-07,1607299200,11117.7094
2020-12-08,1607385600,11177.1480
2020-12-09,1607472000,11192.7612
2020-12-10,1607558400,11205.2481
2020-12-11,1607644800,11239.9093
2020-12-12,1607731200,11328.1063
2020-12-13,1607817600,11360.9760
2020-12-14,1607904000,11404.6903
2020-12-15,1607990400,11533.0697
2020-12-16,1608076800,11733.1759
2020-12-17,1608163200,11957.5531
2020-12-18,1608249600,12021.2549
2020-12-19,1608336000,12091.9646
2020-12-20,1608422400,12149.6168
2020-12-21,1608508800,12303.2949
2020-12-22,1608595200,12427.6684
2020-12-23,1608681600,12555.8152
2020-12-24,1608768000,12596.6563
2020-12-25,1608854400,12691.9480
2020-12-26,1608940800,12818.0412
2020-12-27,1609027200,13133.2937
2020-12-28,1609113600,13363.1523
2020-12-29,1609200000,13534.5399
2020-12-30,1609286400,13659.7657
2020-12-31,1609372800,13817.7439
2021-01-01,1609459200,14105.6932
2021-01-02,1609545600,14369.0828
2021-01-03,1609632000,14555.6843
2021-01-04,1609718400,14819.3962
2021-01-05,1609804800,15133.7070
2021-01-06,1609891200,15621.6370
2021-01-07,1609977600,16077.4978
2021-01-08,1610064000,16369.5372
2021-01-09,1610150400,16494.8912
2021-01-10,1610236800,16607.9407
2021-01-11,1610323200,16678.3846
2021-01-12,1610409600,16824.5486
2021-01-13,1610496000,17008.1436
2021-01-14,1610582400,17100.7702
2021-01-15,1610668800,17159.2246
2021-01-16,1610755200,17209.2507
2021-01-17,1610841600,17324.4061
2021-01-18,1610928000,17383.2727
2021-01-19,1611014400,17431.2498
2021-01-20,1611100800,17413.6505
2021-01-21,1611187200,17447.4561
2021-01-22,1611273600,17470.3364
2021-01-23,1611360000,17488.3305
2021-01-24,1611446400,17514.5663
2021-01-25,1611532800,17544.8935
2021-01-26,1611619200,17619.7737
2021-01-27,1611705600,17733.3373
2021-01-28,1611792000,17859.7967
2021-01-29,1611878400,17916.2378
2021-01-30,1611964800,17967.5723
2021-01-31,1612051200,18010.5215
2021-02-01,1612137600,18109.5488
2021-02-02,1612224000,18205.1405
2021-02-03,1612310400,18319.9907
2021-02-04,1612396800,18488.4142
2021-02-05,1612483200,18584.4315
2021-02-06,1612569600,18674.5161
2021-02-07,1612656000,18987.0841
2021-02-08,1612742400,19393.5927
2021-02-09,1612828800,19616.3671
2021-02-10,1612915200,19832.6128
2021-02-11,1613001600,20057.6972
2021-02-12,1613088000,20106.4900
2021-02-13,1613174400,20192.0963
2021-02-14,1613260800,20430.9605
2021-02-15,1613347200,20580.9355
2021-02-16,1613433600,20840.1301
2021-02-17,1613520000,21092.9998
2021-02-18,1613606400,21664.9190
2021-02-19,1613692800,21865.5614
2021-02-20,1613779200,22061.0701
2021-02-21,1613865600,22229.4404
2021-02-22,1613952000,22425.1416
2021-02-23,1614038400,22608.6946
2021-02-24,1614124800,22745.1666
2021-02-25,1614211200,22911.3645
2021-02-26,1614297600,22864.0671
2021-02-27,1614384000,22897.2385
2021-02-28,1614470400,23066.8946
2021-03-01,1614556800,23150.7325
2021-03-02,1614643200,23252.7209
2021-03-03,1614729600,23303.0914
2021-03-04,1614816000,23392.7753
2021-03-05,1614902400,23441.1130
2021-03-06,1614988800,23500.6642
2021-03-07,1615075200,23642.6667
2021-03-08,1615161600,23800.3937
2021-03-09,1615248000,23967.8050
2021-03-10,1615334400,24237.1008
2021-03-11,1615420800,24440.9052
2021-03-12,1615507200,24627.1796
2021-03-13,1615593600,24754.8827
2021-03-14,1615680000,24865.1795
2021-03-15,1615766400,24999.0117
2021-03-16,1615852800,25155.8580
2021-03-17,1615939200,25229.8571
2021-03-18,1616025600,25302.5730
2021-03-19,1616112000,25381.4119
2021-03-20,1616198400,25452.3623
2021-03-21,1616284800,25529.7161
2021-03-22,1616371200,25699.1774
2021-03-23,1616457600,25775.5070
2021-03-24,1616544000,25873.7512
2021-03-25,1616630400,26043.1840
2021-03-26,1616716800,26125.2279
2021-03-27,1616803200,26178.2398
2021-03-28,1616889600,26303.7380
2021-03-29,1616976000,26460.4159
2021-03-30,1617062400,26570.6895
2021-03-31,1617148800,26732.7995
2021-04-01,1617235200,26840.3132
2021-04-02,1617321600,26867.2072
2021-04-03,1617408000,26918.1576
2021-04-04,1617494400,26998.4216
2021-04-05,1617580800,27450.3786
2021-04-06,1617667200,27504.2589
2021-04-07,1617753600,27598.1440
2021-04-08,1617840000,27660.1116
2021-04-09,1617926400,27802.9647
2021-04-10,1618012800,27863.7993
2021-04-11,1618099200,27985.6512
2021-04-12,1618185600,28206.8798
2021-04-13,1618272000,28426.5728
2021-04-14,1618358400,28602.9868
2021-04-15,1618444800,28687.3235
2021-04-16,1618531200,28766.2953
2021-04-17,1618617600,29090.9958
2021-04-18,1618704000,29125.9336
2021-04-19,1618790400,29181.7960
2021-04-20,1618876800,29189.1421
2021-04-21,1618963200,29238.9033
2021-04-22,1619049600,29253.9663
2021-04-23,1619136000,29298.6012
2021-04-24,1619222400,29290.0119
2021-04-25,1619308800,29405.7235
2021-04-26,1619395200,29535.4508
2021-04-27,1619481600,29587.6291
2021-04-28,1619568000,29688.5878
2021-04-29,1619654400,29854.3052
2021-04-30,1619740800,29907.2954
2021-05-01,1619827200,29949.8960
2021-05-02,1619913600,30026.1124
2021-05-03,1620000000,30062.5546
2021-05-04,1620086400,30167.0155
2021-05-05,1620172800,30320.1465
2021-05-06,1620259200,30500.9920
2021-05-07,1620345600,30555.5112
2021-05-08,1620432000,30627.5365
2021-05-09,1620518400,30667.0021
2021-05-10,1620604800,30716.7886
2021-05-11,1620691200,30754.8577
2021-05-12,1620777600,30744.9192
2021-05-13,1620864000,30752.4217
2021-05-14,1620950400,30742.4109
2021-05-15,1621036800,30727.7320
2021-05-16,1621123200,30634.9239
2021-05-17,1621209600,30592.9175
2021-05-18,1621296000,30337.4842
2021-05-19,1621382400,30253.5019
2021-05-20,1621468800,30166.3531
2021-05-21,1621555200,30109.5397
2021-05-22,1621641600,30064.2471
2021-05-23,1621728000,30134.7366
2021-05-24,1621814400,30086.3817
2021-05-25,1621900800,30103.7493
2021-05-26,1621987200,30073.3560
2021-05-27,1622073600,30010.1937
2021-05-28,1622160000,29983.5694
2021-05-29,1622246400,30001.1092
2021-05-30,1622332800,30013.0165
2021-05-31,1622419200,30024.3724
2021-06-01,1622505600,30011.7365
2021-06-02,1622592000,30051.5341
2021-06-03,1622678400,30007.4821
2021-06-04,1622764800,29983.8193
2021-06-05,1622851200,29971.7161
2021-06-06,1622937600,29909.6478
2021-06-07,1623024000,29824.6679
2021-06-08,1623110400,29909.8709
2021-06-09,1623196800,29885.8437
2021-06-10,1623283200,29897.3021
2021-06-11,1623369600,29886.0265
2021-06-12,1623456000,29918.5571
2021-06-13,1623542400,29983.8107
2021-06-14,1623628800,30011.2204
2021-06-15,1623715200,30004.2861
2021-06-16,1623801600,29972.1536
2021-06-17,1623888000,29943.3527
2021-06-18,1623974400,29938.5988
2021-06-19,1624060800,29940.4039
2021-06-20,1624147200,29836.3628
2021-06-21,1624233600,29810.9632
2021-06-22,1624320000,29803.8011
2021-06-23,1624406400,29812.3418
2021-06-24,1624492800,29488.5491
2021-06-25,1624579200,29466.7118
2021-06-26,1624665600,29499.0070
2021-06-27,1624752000,29499.4702
2021-06-28,1624838400,29509.2189
2021-06-29,1624924800,29502.4871
2021-06-30,1625011200,29466.3865
2021-07-01,1625097600,29384.8895
2021-07-02,1625184000,29395.8268
2021-07-03,1625270400,29409.9197
2021-07-04,1625356800,29403.3180
2021-07-05,1625443200,29401.0985
2021-07-06,1625529600,29403.8022
2021-07-07,1625616000,29375.8527
2021-07-08,1625702400,29388.9009
2021-07-09,1625788800,29390.4953
2021-07-10,1625875200,29399.8878
2021-07-11,1625961600,29406.2717
2021-07-12,1626048000,29387.7052
2021-07-13,1626134400,29370.5583
2021-07-14,1626220800,29330.3877
2021-07-15,1626307200,29301.0192
2021-07-16,1626393600,29369.1074
2021-07-17,1626480000,29362.0856
2021-07-18,1626566400,29342.5906
2021-07-19,1626652800,29327.8466
2021-07-20,1626739200,29343.8220
2021-07-21,1626825600,29363.4285
2021-07-22,1626912000,29304.1280
2021-07-23,1626998400,29317.9173
2021-07-24,1627084800,29330.5654
2021-07-25,1627171200,29461.8786
2021-07-26,1627257600,29687.6846
2021-07-27,1627344000,29815.0173
2021-07-28,1627430400,30075.2442
2021-07-29,1627516800,30138.5141
2021-07-30,1627603200,30160.1938
2021-07-31,1627689600,30160.0385
2021-08-01,1627776000,30172.0292
2021-08-02,1627862400,30159.9553
2021-08-03,1627948800,30192.6046
2021-08-04,1628035200,30228.0215
2021-08-05,1628121600,30290.3938
2021-08-06,1628208000,30333.0253
2021-08-07,1628294400,30355.7385
2021-08-08,1628380800,30451.8079
2021-08-09,1628467200,30505.4641
2021-08-10,1628553600,30545.0346
2021-08-11,1628640000,30572.2140
2021-08-12,1628726400,30646.9051
2021-08-13,1628812800,30717.0743
2021-08-14,1628899200,30740.0205
2021-08-15,1628985600,30771.2998
2021-08-16,1629072000,30784.7208
2021-08-17,1629158400,30827.0230
2021-08-18,1629244800,30885.2056
2021-08-19,1629331200,30972.0539
2021-08-20,1629417600,31012.0507
2021-08-21,1629504000,31050.3332
2021-08-22,1629590400,31129.9696
2021-08-23,1629676800,31144.8174
2021-08-24,1629763200,31285.5428
2021-08-25,1629849600,31328.9940
2021-08-26,1629936000,31370.7407
2021-08-27,1630022400,31398.1029
2021-08-28,1630108800,31420.4668
2021-08-29,1630195200,31438.4957
2021-08-30,1630281600,31473.0158
2021-08-31,1630368000,31541.7299
2021-09-01,1630454400,31602.8361
2021-09-02,1630540800,31650.4258
2021-09-03,1630627200,31688.0566
2021-09-04,1630713600,31726.4708
2021-09-05,1630800000,31787.6776
2021-09-06,1630886400,31737.0117
2021-09-07,1630972800,31742.3901
2021-09-08,1631059200,31798.5866
2021-09-09,1631145600,31780.7515
2021-09-10,1631232000,31793.9648
2021-09-11,1631318400,31818.7893
2021-09-12,1631404800,31813.3990
2021-09-13,1631491200,31867.1063
2021-09-14,1631577600,31955.2007
2021-09-15,1631664000,31984.1705
2021-09-16,1631750400,32005.9512
2021-09-17,1631836800,32033.1903
2021-09-18,1631923200,32046.0805
2021-09-19,1632009600,31963.8901
2021-09-20,1632096000,31904.9097
2021-09-21,1632182400,31952.7889
2021-09-22,1632268800,31983.5872
2021-09-23,1632355200,31959.6094
2021-09-24,1632441600,31965.6255
2021-09-25,1632528000,32146.6476
2021-09-26,1632614400,32146.8127
2021-09-27,1632700800,32122.0013
2021-09-28,1632787200,32122.4276
2021-09-29,1632873600,32170.0158
2021-09-30,1632960000,32283.7559
2021-10-01,1633046400,32339.3522
2021-10-02,1633132800,32367.4996
2021-10-03,1633219200,32437.4777
2021-10-04,1633305600,32544.8091
2021-10-05,1633392000,32809.2530
2021-10-06,1633478400,32920.0856
2021-10-07,1633564800,32978.0817
2021-10-08,1633651200,33029.7278
2021-10-09,1633737600,33079.2822
2021-10-10,1633824000,33184.4454
2021-10-11,1633910400,33270.1114
2021-10-12,1633996800,33367.4011
2021-10-13,1634083200,33474.2072
2021-10-14,1634169600,33668.8252
2021-10-15,1634256000,33737.2580
2021-10-16,1634342400,33791.6739
2021-10-17,1634428800,34048.2556
2021-10-18,1634515200,34200.4005
2021-10-19,1634601600,34432.6159
2021-10-20,1634688000,34537.7802
2021-10-21,1634774400,34555.6909
2021-10-22,1634860800,34592.6341
2021-10-23,1634947200,34672.0794
2021-10-24,1635033600,34832.8314
2021-10-25,1635120000,34872.2377
2021-10-26,1635206400,34866.1686
2021-10-27,1635292800,34963.0388
2021-10-28,1635379200,35072.0662
2021-10-29,1635465600,35109.6447
2021-10-30,1635552000,35267.6430
2021-10-31,1635638400,35328.4286
2021-11-01,1635724800,35557.2585
2021-11-02,1635811200,35689.1528
2021-11-03,1635897600,35711.0668
2021-11-04,1635984000,35790.4534
2021-11-05,1636070400,35842.0407
2021-11-06,1636156800,35886.4813
2021-11-07,1636243200,36134.4292
2021-11-08,1636329600,36272.3095
2021-11-09,1636416000,36338.5536
2021-11-10,1636502400,36427.5715
2021-11-11,1636588800,36929.4356
2021-11-12,1636675200,36963.7171
2021-11-13,1636761600,37000.9307
2021-11-14,1636848000,37088.3749
2021-11-15,1636934400,37129.5713
2021-11-16,1637020800,37177.3014
2021-11-17,1637107200,37091.9257
2021-11-18,1637193600,37119.3869
2021-11-19,1637280000,37162.1910
2021-11-20,1637366400,37176.0547
2021-11-21,1637452800,37121.6491
2021-11-22,1637539200,37153.2484
2021-11-23,1637625600,37175.7944
2021-11-24,1637712000,37450.8242
2021-11-25,1637798400,37341.1648
2021-11-26,1637884800,37342.9619
2021-11-27,1637971200,37392.2394
2021-11-28,1638057600,37470.2465
2021-11-29,1638144000,37490.8369
2021-11-30,1638230400,37549.5908
2021-12-01,1638316800,37545.8358
2021-12-02,1638403200,37485.8120
2021-12-03,1638489600,37326.8403
2021-12-04,1638576000,37311.5082
2021-12-05,1638662400,37282.4539
2021-12-06,1638748800,37361.3620
2021-12-07,1638835200,37354.1074
2021-12-08,1638921600,37275.9854
2021-12-09,1639008000,37248.9894
2021-12-10,1639094400,37281.6022
2021-12-11,1639180800,37296.3931
2021-12-12,1639267200,37241.0469
2021-12-13,1639353600,37271.7530
2021-12-14,1639440000,37290.6937
2021-12-15,1639526400,37278.1199
2021-12-16,1639612800,37234.3520
2021-12-17,1639699200,37244.9299
2021-12-18,1639785600,37252.1424
2021-12-19,1639872000,37237.6714
2021-12-20,1639958400,37280.1921
2021-12-21,1640044800,37286.4213
2021-12-22,1640131200,37348.2323
2021-12-23,1640217600,37379.8742
2021-12-24,1640304000,37375.8349
2021-12-25,1640390400,37396.7281
2021-12-26,1640476800,37413.2888
2021-12-27,1640563200,37364.9789
2021-12-28,1640649600,37327.1504
2021-12-29,1640736000,37333.6646
2021-12-30,1640822400,37315.8690
2021-12-31,1640908800,37330.4358
2022-01-01,1640995200,37336.2866
2022-01-02,1641081600,37321.7546
2022-01-03,1641168000,37284.7519
2022-01-04,1641254400,37227.4310
2022-01-05,1641340800,37186.8159
2022-01-06,1641427200,37107.4603
2022-01-07,1641513600,37097.6287
2022-01-08,1641600000,37096.4459
2022-01-09,1641686400,37081.5855
2022-01-10,1641772800,37077.2372
2022-01-11,1641859200,37109.3512
2022-01-12,1641945600,37084.4659
2022-01-13,1642032000,37086.1633
2022-01-14,1642118400,37096.1314
2022-01-15,1642204800,37104.9875
2022-01-16,1642291200,37068.1376
2022-01-17,1642377600,37058.0980
2022-01-18,1642464000,36996.3950
2022-01-19,1642550400,36944.5715
2022-01-20,1642636800,36701.2175
2022-01-21,1642723200,36633.4144
2022-01-22,1642809600,36626.9601
2022-01-23,1642896000,36578.5821
2022-01-24,1642982400,36565.6213
2022-01-25,1643068800,36542.3695
2022-01-26,1643155200,36517.1646
2022-01-27,1643241600,36477.9872
2022-01-28,1643328000,36414.8255
2022-01-29,1643414400,36383.8497
2022-01-30,1643500800,36383.9369
2022-01-31,1643587200,36409.2749
2022-02-01,1643673600,36375.9125
2022-02-02,1643760000,36358.2117
2022-02-03,1643846400,36441.4082
2022-02-04,1643932800,36463.2437
2022-02-05,1644019200,36480.3660
2022-02-06,1644105600,36543.6158
2022-02-07,1644192000,36580.2006
2022-02-08,1644278400,36610.0622
2022-02-09,1644364800,36620.7979
2022-02-10,1644451200,36628.7816
2022-02-11,1644537600,36648.1989
2022-02-12,1644624000,36656.4487
2022-02-13,1644710400,36665.2011
2022-02-14,1644796800,36722.6303
2022-02-15,1644883200,36738.1382
2022-02-16,1644969600,36671.3307
2022-02-17,1645056000,36649.5397
2022-02-18,1645142400,36652.7512
2022-02-19,1645228800,36629.8913
2022-02-20,1645315200,36573.9206
2022-02-21,1645401600,36575.9836
2022-02-22,1645488000,36560.8332
2022-02-23,1645574400,36565.3296
2022-02-24,1645660800,36566.5437
2022-02-25,1645747200,36557.5344
2022-02-26,1645833600,36535.5284
2022-02-27,1645920000,36667.5443
2022-02-28,1646006400,36722.4181
2022-03-01,1646092800,36736.9316
2022-03-02,1646179200,36751.2883
2022-03-03,1646265600,36667.5630
2022-03-04,1646352000,36673.7451
2022-03-05,1646438400,36669.5871
2022-03-06,1646524800,36640.7552
2022-03-07,1646611200,36611.0864
2022-03-08,1646697600,36684.4337
2022-03-09,1646784000,36718.9686
2022-03-10,1646870400,36643.2233
2022-03-11,1646956800,36646.4229
2022-03-12,1647043200,36642.3482
2022-03-13,1647129600,36663.5958
2022-03-14,1647216000,36652.4126
2022-03-15,1647302400,36697.8810
2022-03-16,1647388800,36653.0673
2022-03-17,1647475200,36683.7942
2022-03-18,1647561600,36700.9706
2022-03-19,1647648000,36702.9734
2022-03-20,1647734400,36710.0472
2022-03-21,1647820800,36751.7864
2022-03-22,1647907200,36780.7634
2022-03-23,1647993600,36825.5427
2022-03-24,1648080000,36977.5955
2022-03-25,1648166400,36990.7376
2022-03-26,1648252800,37059.0301
2022-03-27,1648339200,37164.0819
2022-03-28,1648425600,37218.7798
2022-03-29,1648512000,37254.6290
2022-03-30,1648598400,37227.3887
2022-03-31,1648684800,37271.9626
2022-04-01,1648771200,37274.4692
2022-04-02,1648857600,37300.0569
2022-04-03,1648944000,37326.4808
2022-04-04,1649030400,37326.2201
2022-04-05,1649116800,37266.3087
2022-04-06,1649203200,37266.0107
2022-04-07,1649289600,37229.6623
2022-04-08,1649376000,37241.3041
2022-04-09,1649462400,37238.9382
2022-04-10,1649548800,37171.2799
2022-04-11,1649635200,37208.8324
2022-04-12,1649721600,37224.8703
2022-04-13,1649808000,37221.7966
2022-04-14,1649894400,37235.2412
2022-04-15,1649980800,37238.2723
2022-04-16,1650067200,37238.1314
2022-04-17,1650153600,37250.6367
2022-04-18,1650240000,37269.9879
2022-04-19,1650326400,37278.4093
2022-04-20,1650412800,37314.9139
2022-04-21,1650499200,37277.6566
2022-04-22,1650585600,37279.3513
2022-04-23,1650672000,37282.0829
2022-04-24,1650758400,37284.9886
2022-04-25,1650844800,37218.6421
2022-04-26,1650931200,37226.6690
2022-04-27,1651017600,37231.4818
2022-04-28,1651104000,37193.7681
2022-04-29,1651190400,37168.0925
2022-04-30,1651276800,37178.6674
2022-05-01,1651363200,37113.9914
2022-05-02,1651449600,37052.4145
2022-05-03,1651536000,37085.4145
2022-05-04,1651622400,37009.3869
2022-05-05,1651708800,36967.1033
2022-05-06,1651795200,36954.6118
2022-05-07,1651881600,36910.6288
2022-05-08,1651968000,36639.7758
2022-05-09,1652054400,36551.0664
2022-05-10,1652140800,36284.5355
2022-05-11,1652227200,36178.3945
2022-05-12,1652313600,36082.0745
2022-05-13,1652400000,36110.4110
2022-05-14,1652486400,36127.3799
2022-05-15,1652572800,36083.4602
2022-05-16,1652659200,36053.9043
2022-05-17,1652745600,35993.1624
2022-05-18,1652832000,35953.3035
2022-05-19,1652918400,35894.6685
2022-05-20,1653004800,35891.6180
2022-05-21,1653091200,35906.3117
2022-05-22,1653177600,35850.5216
2022-05-23,1653264000,35848.4841
2022-05-24,1653350400,35832.0565
2022-05-25,1653436800,35798.3852
2022-05-26,1653523200,35727.2497
2022-05-27,1653609600,35734.0963
2022-05-28,1653696000,35743.4476
2022-05-29,1653782400,35773.5210
2022-05-30,1653868800,35806.2951
2022-05-31,1653955200,35729.7324
2022-06-01,1654041600,35637.3522
2022-06-02,1654128000,35593.6701
2022-06-03,1654214400,35557.5364
2022-06-04,1654300800,35554.6823
2022-06-05,1654387200,35546.2483
2022-06-06,1654473600,35496.9664
2022-06-07,1654560000,35471.7725
2022-06-08,1654646400,35419.9847
2022-06-09,1654732800,35380.7249
2022-06-10,1654819200,35338.9278
2022-06-11,1654905600,35287.2834
2022-06-12,1654992000,34850.9814
2022-06-13,1655078400,34563.2924
2022-06-14,1655164800,34380.4434
2022-06-15,1655251200,34210.2292
2022-06-16,1655337600,34003.3650
2022-06-17,1655424000,33855.2439
2022-06-18,1655510400,33856.1770
2022-06-19,1655596800,33826.7611
2022-06-20,1655683200,33759.7992
2022-06-21,1655769600,33685.7964
2022-06-22,1655856000,33681.3672
2022-06-23,1655942400,33646.0491
2022-06-24,1656028800,33649.2147
2022-06-25,1656115200,33646.3379
2022-06-26,1656201600,33598.7633
2022-06-27,1656288000,33559.8491
2022-06-28,1656374400,33516.4886
2022-06-29,1656460800,33378.6891
2022-06-30,1656547200,33320.9701
2022-07-01,1656633600,33307.3508
2022-07-02,1656720000,33284.5120
2022-07-03,1656806400,33293.5522
2022-07-04,1656892800,33281.4477
2022-07-05,1656979200,33213.8715
2022-07-06,1657065600,33217.9340
2022-07-07,1657152000,33204.3509
2022-07-08,1657238400,33153.2764
2022-07-09,1657324800,33146.4733
2022-07-10,1657411200,33013.1665
2022-07-11,1657497600,32983.1954
2022-07-12,1657584000,32987.1639
2022-07-13,1657670400,32957.6810
2022-07-14,1657756800,32818.8816
2022-07-15,1657843200,32827.1122
2022-07-16,1657929600,32826.2790
2022-07-17,1658016000,32836.9164
2022-07-18,1658102400,32769.6391
2022-07-19,1658188800,32782.3886
2022-07-20,1658275200,32695.7155
2022-07-21,1658361600,32626.5343
2022-07-22,1658448000,32605.8954
2022-07-23,1658534400,32604.2012
2022-07-24,1658620800,32558.0949
2022-07-25,1658707200,32531.7368
2022-07-26,1658793600,32557.4144
2022-07-27,1658880000,32582.2781
2022-07-28,1658966400,32586.0410
2022-07-29,1659052800,32590.3804
2022-07-30,1659139200,32582.5819
2022-07-31,1659225600,32591.1056
2022-08-01,1659312000,32577.6184
2022-08-02,1659398400,32571.5881
2022-08-03,1659484800,32540.5791
2022-08-04,1659571200,32549.1721
2022-08-05,1659657600,32552.2905
2022-08-06,1659744000,32556.5078
2022-08-07,1659830400,32566.8887
2022-08-08,1659916800,32518.2479
2022-08-09,1660003200,32538.7932
2022-08-10,1660089600,32535.3559
2022-08-11,1660176000,32551.2339
2022-08-12,1660262400,32556.7634
2022-08-13,1660348800,32559.2550
2022-08-14,1660435200,32550.8980
2022-08-15,1660521600,32553.2718
2022-08-16,1660608000,32534.0371
2022-08-17,1660694400,32530.2937
2022-08-18,1660780800,32454.6414
2022-08-19,1660867200,32452.0120
2022-08-20,1660953600,32457.8118
2022-08-21,1661040000,32439.0954
2022-08-22,1661126400,32431.0943
2022-08-23,1661212800,32421.6054
2022-08-24,1661299200,32411.9311
2022-08-25,1661385600,32381.7955
2022-08-26,1661472000,32364.7865
2022-08-27,1661558400,32354.0007
2022-08-28,1661644800,32347.9018
2022-08-29,1661731200,32299.7336
2022-08-30,1661817600,32288.6534
2022-08-31,1661904000,32271.1067
2022-09-01,1661990400,32243.9615
2022-09-02,1662076800,32243.3106
2022-09-03,1662163200,32240.8352
2022-09-04,1662249600,32234.7440
2022-09-05,1662336000,32180.4060
2022-09-06,1662422400,32167.7034
2022-09-07,1662508800,32152.4516
2022-09-08,1662595200,32181.0438
2022-09-09,1662681600,32189.2094
2022-09-10,1662768000,32187.7593
2022-09-11,1662854400,32197.3793
2022-09-12,1662940800,32075.2924
2022-09-13,1663027200,32040.6002
2022-09-14,1663113600,31993.0338
2022-09-15,1663200000,31987.3653
2022-09-16,1663286400,31988.7736
2022-09-17,1663372800,31981.2988
2022-09-18,1663459200,31955.0277
2022-09-19,1663545600,31928.4901
2022-09-20,1663632000,31899.9928
2022-09-21,1663718400,31904.6098
2022-09-22,1663804800,31899.8351
2022-09-23,1663891200,31899.2968
2022-09-24,1663977600,31895.1388
2022-09-25,1664064000,31893.7326
2022-09-26,1664150400,31866.1379
2022-09-27,1664236800,31846.3289
2022-09-28,1664323200,31835.9100
2022-09-29,1664409600,31811.1189
2022-09-30,1664496000,31811.0951
2022-10-01,1664582400,31808.4949
2022-10-02,1664668800,31810.8790
2022-10-03,1664755200,31812.9208
2022-10-04,1664841600,31803.5477
2022-10-05,1664928000,31794.8568
2022-10-06,1665014400,31778.6919
2022-10-07,1665100800,31766.7623
2022-10-08,1665187200,31769.5279
2022-10-09,1665273600,31757.2939
2022-10-10,1665360000,31745.8553
2022-10-11,1665446400,31708.7078
2022-10-12,1665532800,31704.8238
2022-10-13,1665619200,31696.1816
2022-10-14,1665705600,31697.7720
2022-10-15,1665792000,31698.3843
2022-10-16,1665878400,31655.9291
2022-10-17,1665964800,31638.2215
2022-10-18,1666051200,31619.5065
2022-10-19,1666137600,31612.6789
2022-10-20,1666224000,31608.8430
2022-10-21,1666310400,31581.3882
2022-10-22,1666396800,31586.9668
2022-10-23,1666483200,31586.4952
2022-10-24,1666569600,31594.4866
2022-10-25,1666656000,31604.2493
2022-10-26,1666742400,31596.9929
2022-10-27,1666828800,31599.8866
2022-10-28,1666915200,31604.8520
2022-10-29,1667001600,31601.0106
2022-10-30,1667088000,31595.3307
2022-10-31,1667174400,31587.4118
2022-11-01,1667260800,31568.1022
2022-11-02,1667347200,31564.2111
2022-11-03,1667433600,31592.4481
2022-11-04,1667520000,31587.1911
2022-11-05,1667606400,31579.5346
2022-11-06,1667692800,31476.8774
2022-11-07,1667779200,31400.1860
2022-11-08,1667865600,31172.6138
2022-11-09,1667952000,31141.0831
2022-11-10,1668038400,31053.5575
2022-11-11,1668124800,30949.3057
2022-11-12,1668211200,30928.7435
2022-11-13,1668297600,30872.6871
2022-11-14,1668384000,30808.3381
2022-11-15,1668470400,30708.5014
2022-11-16,1668556800,30556.7020
2022-11-17,1668643200,30131.2281
2022-11-18,1668729600,30118.8198
2022-11-19,1668816000,30091.6773
2022-11-20,1668902400,30025.6237
2022-11-21,1668988800,29978.2414
2022-11-22,1669075200,29937.0533
2022-11-23,1669161600,29919.4144
2022-11-24,1669248000,29895.4177
2022-11-25,1669334400,29884.7547
2022-11-26,1669420800,29880.7014
2022-11-27,1669507200,29836.2316
2022-11-28,1669593600,29821.3150
2022-11-29,1669680000,29810.7586
2022-11-30,1669766400,29791.4882
2022-12-01,1669852800,29771.1220
2022-12-02,1669939200,29766.9266
2022-12-03,1670025600,29753.1532
2022-12-04,1670112000,29630.2444
2022-12-05,1670198400,29621.6785
2022-12-06,1670284800,29617.2790
2022-12-07,1670371200,29606.4759
2022-12-08,1670457600,29574.4760
2022-12-09,1670544000,29577.2810
2022-12-10,1670630400,29569.9483
2022-12-11,1670716800,29562.1701
2022-12-12,1670803200,29551.2385
2022-12-13,1670889600,29519.3386
2022-12-14,1670976000,29510.9794
2022-12-15,1671062400,29487.9154
2022-12-16,1671148800,29481.3621
2022-12-17,1671235200,29480.5769
2022-12-18,1671321600,29425.5927
2022-12-19,1671408000,29424.2304
2022-12-20,1671494400,29400.9918
2022-12-21,1671580800,29391.2920
2022-12-22,1671667200,29376.6534
2022-12-23,1671753600,29375.7991
2022-12-24,1671840000,29361.0228
2022-12-25,1671926400,29361.9471
2022-12-26,1672012800,29348.2346
2022-12-27,1672099200,29293.0862
2022-12-28,1672185600,29259.6757
2022-12-29,1672272000,29246.7937
2022-12-30,1672358400,29168.6063
2022-12-31,1672444800,29167.8840
2023-01-01,1672531200,29167.6629
2023-01-02,1672617600,29154.1386
2023-01-03,1672704000,29137.3025
2023-01-04,1672790400,29109.8260
2023-01-05,1672876800,29091.7817
2023-01-06,1672963200,29084.5940
2023-01-07,1673049600,29085.2290
2023-01-08,1673136000,29084.5216
2023-01-09,1673222400,29066.8961
2023-01-10,1673308800,29042.0640
2023-01-11,1673395200,29061.6565
2023-01-12,1673481600,29090.1458
2023-01-13,1673568000,29114.4294
2023-01-14,1673654400,29121.7235
2023-01-15,1673740800,29131.1580
2023-01-16,1673827200,29148.3822
2023-01-17,1673913600,29142.5542
2023-01-18,1674000000,29136.4846
2023-01-19,1674086400,29175.0915
2023-01-20,1674172800,29192.7243
2023-01-21,1674259200,29207.1168
2023-01-22,1674345600,29216.0587
2023-01-23,1674432000,29224.6295
2023-01-24,1674518400,29243.4828
2023-01-25,1674604800,29209.6803
2023-01-26,1674691200,29187.0498
2023-01-27,1674777600,29195.5209
2023-01-28,1674864000,29212.4319
2023-01-29,1674950400,29214.9770
2023-01-30,1675036800,29230.4873
2023-01-31,1675123200,29271.6734
2023-02-01,1675209600,29283.1049
2023-02-02,1675296000,29294.5419
2023-02-03,1675382400,29311.3665
2023-02-04,1675468800,29314.1485
2023-02-05,1675555200,29318.8381
2023-02-06,1675641600,29330.7462
2023-02-07,1675728000,29336.3778
2023-02-08,1675814400,29325.5009
2023-02-09,1675900800,29316.2729
2023-02-10,1675987200,29319.3767
2023-02-11,1676073600,29320.0014
2023-02-12,1676160000,29319.7327
2023-02-13,1676246400,29326.9347
2023-02-14,1676332800,29361.8706
2023-02-15,1676419200,29372.4912
2023-02-16,1676505600,29396.2772
2023-02-17,1676592000,29405.7386
2023-02-18,1676678400,29412.9650
2023-02-19,1676764800,29426.9183
2023-02-20,1676851200,29433.1431
2023-02-21,1676937600,29427.4022
2023-02-22,1677024000,29435.6519
2023-02-23,1677110400,29424.5363
2023-02-24,1677196800,29425.5357
2023-02-25,1677283200,29433.1150
2023-02-26,1677369600,29438.9414
2023-02-27,1677456000,29396.4436
2023-02-28,1677542400,29380.6936
2023-03-01,1677628800,29380.2524
2023-03-02,1677715200,29368.2500
2023-03-03,1677801600,29371.5682
2023-03-04,1677888000,29350.6450
2023-03-05,1677974400,29344.3890
2023-03-06,1678060800,29216.3775
2023-03-07,1678147200,29207.9233
2023-03-08,1678233600,29175.3636
2023-03-09,1678320000,29158.0199
2023-03-10,1678406400,29155.6972
2023-03-11,1678492800,29171.5873
2023-03-12,1678579200,29218.8613
2023-03-13,1678665600,29256.6483
2023-03-14,1678752000,29270.7944
2023-03-15,1678838400,29295.4114
2023-03-16,1678924800,29395.1491
2023-03-17,1679011200,29407.5531
2023-03-18,1679097600,29436.3507
2023-03-19,1679184000,29465.4808
2023-03-20,1679270400,29501.0628
2023-03-21,1679356800,29512.1391
2023-03-22,1679443200,29564.2191
2023-03-23,1679529600,29573.1190
2023-03-24,1679616000,29581.6748
2023-03-25,1679702400,29600.2817
2023-03-26,1679788800,29643.4784
2023-03-27,1679875200,29658.1069
2023-03-28,1679961600,29690.0050
2023-03-29,1680048000,29114.1493
2023-03-30,1680134400,29146.7957
2023-03-31,1680220800,29163.3990
2023-04-01,1680307200,29171.6810
2023-04-02,1680393600,29181.6370
2023-04-03,1680480000,29191.3732
2023-04-04,1680566400,29208.5555
2023-04-05,1680652800,29220.4755
2023-04-06,1680739200,29213.8735
2023-04-07,1680825600,29222.1812
2023-04-08,1680912000,29232.4736
2023-04-09,1680998400,29267.8998
2023-04-10,1681084800,29316.9918
2023-04-11,1681171200,29318.1966
2023-04-12,1681257600,29345.4585
2023-04-13,1681344000,29376.8802
2023-04-14,1681430400,29386.5038
2023-04-15,1681516800,29397.6972
2023-04-16,1681603200,29396.5602
2023-04-17,1681689600,29429.0216
2023-04-18,1681776000,29427.3488
2023-04-19,1681862400,29427.1667
2023-04-20,1681948800,29428.5487
2023-04-21,1682035200,29438.0602
2023-04-22,1682121600,29448.2095
2023-04-23,1682208000,29449.5218
2023-04-24,1682294400,29462.4589
2023-04-25,1682380800,29478.1510
2023-04-26,1682467200,29497.8233
2023-04-27,1682553600,29524.0637
2023-04-28,1682640000,29527.5825
2023-04-29,1682726400,29536.1786
2023-04-30,1682812800,29530.8588
2023-05-01,1682899200,29545.6156
2023-05-02,1682985600,29599.8546
2023-05-03,1683072000,29605.2544
2023-05-04,1683158400,29622.1535
2023-05-05,1683244800,29626.3507
2023-05-06,1683331200,29781.0362
2023-05-07,1683417600,29790.5190
2023-05-08,1683504000,29788.3086
2023-05-09,1683590400,29784.5405
2023-05-10,1683676800,29777.8384
2023-05-11,1683763200,29779.8008
2023-05-12,1683849600,29783.7901
2023-05-13,1683936000,29788.0365
2023-05-14,1684022400,29807.3482
2023-05-15,1684108800,29817.7933
2023-05-16,1684195200,29827.1706
2023-05-17,1684281600,29822.4399
2023-05-18,1684368000,29820.6662
2023-05-19,1684454400,29827.7687
2023-05-20,1684540800,29831.7577
2023-05-21,1684627200,29871.4145
2023-05-22,1684713600,29880.5985
2023-05-23,1684800000,29875.0574
2023-05-24,1684886400,29880.0143
2023-05-25,1684972800,29880.6033
2023-05-26,1685059200,29886.2135
2023-05-27,1685145600,29902.9796
2023-05-28,1685232000,29911.3475
2023-05-29,1685318400,29923.1987
2023-05-30,1685404800,29923.3282
2023-05-31,1685491200,29925.3523
2023-06-01,1685577600,29935.6119
2023-06-02,1685664000,29938.8095
2023-06-03,1685750400,29943.8255
2023-06-04,1685836800,29927.6968
2023-06-05,1685923200,29951.4198
2023-06-06,1686009600,29948.2550
2023-06-07,1686096000,29949.2301
2023-06-08,1686182400,29952.1551
2023-06-09,1686268800,29945.2325
2023-06-10,1686355200,29945.0897
2023-06-11,1686441600,29939.7540
2023-06-12,1686528000,29935.5013
2023-06-13,1686614400,29928.8419
2023-06-14,1686700800,29923.3270
2023-06-15,1686787200,29933.4999
2023-06-16,1686873600,29936.8793
2023-06-17,1686960000,29944.1937
2023-06-18,1687046400,29929.3241
2023-06-19,1687132800,29937.1030
2023-06-20,1687219200,29977.9713
2023-06-21,1687305600,30006.6677
2023-06-22,1687392000,30035.6675
2023-06-23,1687478400,30055.6975
2023-06-24,1687564800,30069.2266
2023-06-25,1687651200,30090.3485
2023-06-26,1687737600,30128.8209
2023-06-27,1687824000,30158.9737
2023-06-28,1687910400,30155.4640
2023-06-29,1687996800,30183.9208
2023-06-30,1688083200,30215.3680
2023-07-01,1688169600,30227.0883
2023-07-02,1688256000,30248.8451
2023-07-03,1688342400,30259.1635
2023-07-04,1688428800,30268.7713
2023-07-05,1688515200,30215.9136
2023-07-06,1688601600,30229.1043
2023-07-07,1688688000,30237.1639
2023-07-08,1688774400,30245.0692
2023-07-09,1688860800,30256.9526
2023-07-10,1688947200,30273.6143
2023-07-11,1689033600,30286.1378
2023-07-12,1689120000,30298.7662
2023-07-13,1689206400,30299.5138
2023-07-14,1689292800,30306.0587
2023-07-15,1689379200,30313.3149
2023-07-16,1689465600,30304.2797
2023-07-17,1689552000,30313.0210
2023-07-18,1689638400,30326.2821
2023-07-19,1689724800,30333.2922
2023-07-20,1689811200,30325.3229
2023-07-21,1689897600,30327.1436
2023-07-22,1689984000,30337.2604
2023-07-23,1690070400,30331.9682
2023-07-24,1690156800,30334.9033
2023-07-25,1690243200,30338.8109
2023-07-26,1690329600,30295.1616
2023-07-27,1690416000,30138.4752
2023-07-28,1690502400,30145.3273
2023-07-29,1690588800,30150.1061
2023-07-30,1690675200,30145.5815
2023-07-31,1690761600,30154.0856
2023-08-01,1690848000,30139.6068
2023-08-02,1690934400,30145.6533
2023-08-03,1691020800,30149.7931
2023-08-04,1691107200,30155.5713
2023-08-05,1691193600,30162.0857
2023-08-06,1691280000,30166.3318
2023-08-07,1691366400,30172.6572
2023-08-08,1691452800,30180.8601
2023-08-09,1691539200,30183.3909
2023-08-10,1691625600,30193.1748
2023-08-11,1691712000,30201.1394
2023-08-12,1691798400,30208.4546
2023-08-13,1691884800,30210.6395
2023-08-14,1691971200,30213.0204
2023-08-15,1692057600,30210.3871
2023-08-16,1692144000,30179.9514
2023-08-17,1692230400,30151.8998
2023-08-18,1692316800,30153.0787
2023-08-19,1692403200,30154.6173
2023-08-20,1692489600,30141.9866
2023-08-21,1692576000,30131.1973
2023-08-22,1692662400,30131.8158
2023-08-23,1692748800,30117.6121
2023-08-24,1692835200,30107.2710
2023-08-25,1692921600,30109.9275
2023-08-26,1693008000,30115.4806
2023-08-27,1693094400,30111.6340
2023-08-28,1693180800,30104.4378
2023-08-29,1693267200,30105.5432
2023-08-30,1693353600,30089.8524
2023-08-31,1693440000,30082.2517
2023-09-01,1693526400,30085.4676
2023-09-02,1693612800,30086.3338
2023-09-03,1693699200,30084.7198
2023-09-04,1693785600,30077.4856
2023-09-05,1693872000,30072.9137
2023-09-06,1693958400,30076.3581
2023-09-07,1694044800,30075.3638
2023-09-08,1694131200,30075.7916
2023-09-09,1694217600,30079.2995
2023-09-10,1694304000,30065.9330
2023-09-11,1694390400,30066.4779
2023-09-12,1694476800,30071.5889
2023-09-13,1694563200,30084.4751
2023-09-14,1694649600,30092.1009
2023-09-15,1694736000,30096.9116
2023-09-16,1694822400,30102.7005
2023-09-17,1694908800,30110.3064
2023-09-18,1694995200,30122.9865
2023-09-19,1695081600,30122.1503
2023-09-20,1695168000,30120.5931
2023-09-21,1695254400,30124.8927
2023-09-22,1695340800,30129.4984
2023-09-23,1695427200,30131.8458
2023-09-24,1695513600,30133.6472
2023-09-25,1695600000,30133.2387
2023-09-26,1695686400,30133.8983
2023-09-27,1695772800,30142.3589
2023-09-28,1695859200,30146.4411
2023-09-29,1695945600,30155.0407
2023-09-30,1696032000,30167.3325
2023-10-01,1696118400,30159.7163
2023-10-02,1696204800,30165.9852
2023-10-03,1696291200,30178.5331
2023-10-04,1696377600,30173.7886
2023-10-05,1696464000,30187.4326
2023-10-06,1696550400,30196.1271
2023-10-07,1696636800,30202.6209
2023-10-08,1696723200,30208.3063
2023-10-09,1696809600,30208.7537
2023-10-10,1696896000,30201.1043
2023-10-11,1696982400,30198.2727
2023-10-12,1697068800,30198.5621
2023-10-13,1697155200,30204.5384
2023-10-14,1697241600,30211.6556
2023-10-15,1697328000,30235.0837
2023-10-16,1697414400,30242.6764
2023-10-17,1697500800,30249.3777
2023-10-18,1697587200,30237.0183
2023-10-19,1697673600,30264.7513
2023-10-20,1697760000,30276.8089
2023-10-21,1697846400,30287.3152
2023-10-22,1697932800,30372.4385
2023-10-23,1698019200,30457.9154
2023-10-24,1698105600,30507.9436
2023-10-25,1698192000,30565.2723
2023-10-26,1698278400,30585.6719
2023-10-27,1698364800,30603.3478
2023-10-28,1698451200,30623.0996
2023-10-29,1698537600,30653.5339
2023-10-30,1698624000,30684.4512
2023-10-31,1698710400,30735.1186
2023-11-01,1698796800,30763.5127
2023-11-02,1698883200,30795.5870
2023-11-03,1698969600,30814.1705
2023-11-04,1699056000,30828.0079
2023-11-05,1699142400,30852.4092
2023-11-06,1699228800,30888.4830
2023-11-07,1699315200,30920.7095
2023-11-08,1699401600,31002.1514
2023-11-09,1699488000,31052.6017
2023-11-10,1699574400,31068.5684
2023-11-11,1699660800,31083.0902
2023-11-12,1699747200,31100.8619
2023-11-13,1699833600,31105.5134
2023-11-14,1699920000,31159.7436
2023-11-15,1700006400,31170.1869
2023-11-16,1700092800,31191.4483
2023-11-17,1700179200,31203.8153
2023-11-18,1700265600,31221.3648
2023-11-19,1700352000,31259.5769
2023-11-20,1700438400,31283.8768
2023-11-21,1700524800,31323.6676
2023-11-22,1700611200,31340.9693
2023-11-23,1700697600,31367.9948
2023-11-24,1700784000,31382.9578
2023-11-25,1700870400,31394.4940
2023-11-26,1700956800,31411.8482
2023-11-27,1701043200,31442.0615
2023-11-28,1701129600,31485.8273
2023-11-29,1701216000,31473.6055
2023-11-30,1701302400,31527.8075
2023-12-01,1701388800,31555.5865
2023-12-02,1701475200,31584.0775
2023-12-03,1701561600,31698.5733
2023-12-04,1701648000,31791.1494
2023-12-05,1701734400,31889.7981
2023-12-06,1701820800,31943.9155
2023-12-07,1701907200,32008.8487
2023-12-08,1701993600,32031.7567
2023-12-09,1702080000,32054.1152
2023-12-10,1702166400,32071.0143
2023-12-11,1702252800,32138.5069
2023-12-12,1702339200,32182.4409
2023-12-13,1702425600,32217.1830
2023-12-14,1702512000,32259.4166
2023-12-15,1702598400,32285.5360
2023-12-16,1702684800,32294.3120
2023-12-17,1702771200,32348.8751
2023-12-18,1702857600,32382.5628
2023-12-19,1702944000,32443.6116
2023-12-20,1703030400,32480.6576
2023-12-21,1703116800,32521.2524
2023-12-22,1703203200,32544.0575
2023-12-23,1703289600,32575.7987
2023-12-24,1703376000,32596.7224
2023-12-25,1703462400,32647.1733
2023-12-26,1703548800,32732.5124
2023-12-27,1703635200,32759.1165
2023-12-28,1703721600,32784.1755
2023-12-29,1703808000,32805.2563
2023-12-30,1703894400,32824.8806
2023-12-31,1703980800,32857.2392
2024-01-01,1704067200,32923.1860
2024-01-02,1704153600,32954.4313
2024-01-03,1704240000,33236.5345
2024-01-04,1704326400,33292.3546
2024-01-05,1704412800,33311.7462
2024-01-06,1704499200,33329.3111
2024-01-07,1704585600,33405.4682
2024-01-08,1704672000,33473.5832
2024-01-09,1704758400,33535.9776
2024-01-10,1704844800,33594.2197
2024-01-11,1704931200,33560.5737
2024-01-12,1705017600,33572.0246
2024-01-13,1705104000,33577.1187
2024-01-14,1705190400,33595.3694
2024-01-15,1705276800,33707.1157
2024-01-16,1705363200,33710.6467
2024-01-17,1705449600,33767.5025
2024-01-18,1705536000,33788.7905
2024-01-19,1705622400,33797.2978
2024-01-20,1705708800,33805.7291
2024-01-21,1705795200,33778.3951
2024-01-22,1705881600,33787.4280
2024-01-23,1705968000,33826.4332
2024-01-24,1706054400,33841.2293
2024-01-25,1706140800,33874.4178
2024-01-26,1706227200,33891.9267
2024-01-27,1706313600,33904.6295
2024-01-28,1706400000,33938.3091
2024-01-29,1706486400,34010.2876
2024-01-30,1706572800,34061.4374
2024-01-31,1706659200,34078.9722
2024-02-01,1706745600,34096.6619
2024-02-02,1706832000,34106.4728
2024-02-03,1706918400,34116.3604
2024-02-04,1707004800,34133.5092
2024-02-05,1707091200,34173.4345
2024-02-06,1707177600,34213.5630
2024-02-07,1707264000,34266.5554
2024-02-08,1707350400,34334.5684
2024-02-09,1707436800,34371.6939
2024-02-10,1707523200,34406.3862
2024-02-11,1707609600,34506.5532
2024-02-12,1707696000,34562.6179
2024-02-13,1707782400,34777.8490
2024-02-14,1707868800,34840.4142
2024-02-15,1707955200,34899.8206
2024-02-16,1708041600,34929.2159
2024-02-17,1708128000,34969.5448
2024-02-18,1708214400,35065.5913
2024-02-19,1708300800,35113.1163
2024-02-20,1708387200,35166.3062
2024-02-21,1708473600,35226.9192
2024-02-22,1708560000,35292.2508
2024-02-23,1708646400,35323.4975
2024-02-24,1708732800,35347.8713
2024-02-25,1708819200,35467.3762
2024-02-26,1708905600,35672.6033
2024-02-27,1708992000,36285.3819
2024-02-28,1709078400,36447.5849
2024-02-29,1709164800,36690.3638
2024-03-01,1709251200,36728.3400
2024-03-02,1709337600,36791.9734
2024-03-03,1709424000,37098.3914
2024-03-04,1709510400,37360.7603
2024-03-05,1709596800,37953.7982
2024-03-06,1709683200,38250.5411
2024-03-07,1709769600,38502.9120
2024-03-08,1709856000,38588.0851
2024-03-09,1709942400,38671.4609
2024-03-10,1710028800,39059.0809
2024-03-11,1710115200,39267.8467
2024-03-12,1710201600,40033.5147
2024-03-13,1710288000,40189.3087
2024-03-14,1710374400,40277.3123
2024-03-15,1710460800,40289.9924
2024-03-16,1710547200,40402.1913
2024-03-17,1710633600,40466.0193
2024-03-18,1710720000,40393.3021
2024-03-19,1710806400,40527.6494
2024-03-20,1710892800,40578.1387
2024-03-21,1710979200,40645.4049
2024-03-22,1711065600,40975.9743
2024-03-23,1711152000,41029.5380
2024-03-24,1711238400,41474.9001
2024-03-25,1711324800,41515.1727
2024-03-26,1711411200,41576.6733
2024-03-27,1711497600,41749.0804
2024-03-28,1711584000,41799.7016
2024-03-29,1711670400,41832.0392
2024-03-30,1711756800,41877.4543
2024-03-31,1711843200,42083.8825
2024-04-01,1711929600,42197.6513
2024-04-02,1712016000,42263.4140
2024-04-03,1712102400,42319.7497
2024-04-04,1712188800,42352.0242
2024-04-05,1712275200,42410.0707
2024-04-06,1712361600,42441.4038
2024-04-07,1712448000,42545.9490
2024-04-08,1712534400,42577.1715
2024-04-09,1712620800,42637.5151
2024-04-10,1712707200,42680.8068
2024-04-11,1712793600,42692.4340
2024-04-12,1712880000,42684.2007
2024-04-13,1712966400,42713.9491
2024-04-14,1713052800,42710.9860
2024-04-15,1713139200,42753.7293
2024-04-16,1713225600,42734.7505
2024-04-17,1713312000,42788.0939
2024-04-18,1713398400,42847.3672
2024-04-19,1713484800,42868.5021
2024-04-20,1713571200,42890.9230
2024-04-21,1713657600,42953.0863
2024-04-22,1713744000,42984.0447
2024-04-23,1713830400,43180.2066
2024-04-24,1713916800,43205.2276
2024-04-25,1714003200,43216.5105
2024-04-26,1714089600,43239.3341
2024-04-27,1714176000,43283.9384
2024-04-28,1714262400,43326.4478
2024-04-29,1714348800,43326.9112
2024-04-30,1714435200,43277.6971
2024-05-01,1714521600,43276.7233
2024-05-02,1714608000,43330.3989
2024-05-03,1714694400,43358.7124
2024-05-04,1714780800,43377.0427
2024-05-05,1714867200,43408.1332
2024-05-06,1714953600,43418.5611
2024-05-07,1715040000,43446.3898
2024-05-08,1715126400,43486.8194
2024-05-09,1715212800,43483.4313
2024-05-10,1715299200,43504.4610
2024-05-11,1715385600,43528.0724
2024-05-12,1715472000,43569.4907
2024-05-13,1715558400,43590.2575
2024-05-14,1715644800,43743.4999
2024-05-15,1715731200,43791.8101
2024-05-16,1715817600,43860.1884
2024-05-17,1715904000,43885.4821
2024-05-18,1715990400,43911.4870
2024-05-19,1716076800,44037.3808
2024-05-20,1716163200,44137.4890
2024-05-21,1716249600,44187.7780
2024-05-22,1716336000,44233.6156
2024-05-23,1716422400,44284.0692
2024-05-24,1716508800,44312.7865
2024-05-25,1716595200,44345.8797
2024-05-26,1716681600,44412.1451
2024-05-27,1716768000,44769.0613
2024-05-28,1716854400,44796.4363
2024-05-29,1716940800,44828.1388
2024-05-30,1717027200,44852.6360
2024-05-31,1717113600,44875.9367
2024-06-01,1717200000,44901.5923
2024-06-02,1717286400,44986.5112
2024-06-03,1717372800,45069.9076
2024-06-04,1717459200,45146.9965
2024-06-05,1717545600,45274.6313
2024-06-06,1717632000,45325.5770
2024-06-07,1717718400,45352.7611
2024-06-08,1717804800,45378.4474
2024-06-09,1717891200,45414.5016
2024-06-10,1717977600,45485.3976
2024-06-11,1718064000,45529.7758
2024-06-12,1718150400,45544.8302
2024-06-13,1718236800,45562.5045
2024-06-14,1718323200,45585.9876
2024-06-15,1718409600,45605.5006
2024-06-16,1718496000,45631.4669
2024-06-17,1718582400,45633.3059
2024-06-18,1718668800,45661.6460
2024-06-19,1718755200,45673.6091
2024-06-20,1718841600,45706.8379
2024-06-21,1718928000,45806.3210
2024-06-22,1719014400,45812.8226
2024-06-23,1719100800,45756.7035
2024-06-24,1719187200,45767.8249
2024-06-25,1719273600,45763.6276
2024-06-26,1719360000,45828.9252
2024-06-27,1719446400,45827.0600
2024-06-28,1719532800,45842.1486
2024-06-29,1719619200,45869.3735
2024-06-30,1719705600,45906.2700
2024-07-01,1719792000,45906.0217
2024-07-02,1719878400,45933.3675
2024-07-03,1719964800,45885.5305
2024-07-04,1720051200,45913.2038
2024-07-05,1720137600,45929.8280
2024-07-06,1720224000,45929.8852
2024-07-07,1720310400,45895.5809
2024-07-08,1720396800,45922.8726
2024-07-09,1720483200,45936.6134
2024-07-10,1720569600,45937.3169
2024-07-11,1720656000,45956.3947
2024-07-12,1720742400,45987.3422
2024-07-13,1720828800,46013.6178
2024-07-14,1720915200,46123.4985
2024-07-15,1721001600,46228.6883
2024-07-16,1721088000,46244.3987
2024-07-17,1721174400,46286.6758
2024-07-18,1721260800,46408.8978
2024-07-19,1721347200,46440.0606
2024-07-20,1721433600,46477.9281
2024-07-21,1721520000,46526.0864
2024-07-22,1721606400,46621.6598
2024-07-23,1721692800,46634.7343
2024-07-24,1721779200,46671.3649
2024-07-25,1721865600,46747.6801
2024-07-26,1721952000,46791.1594
2024-07-27,1722038400,46814.4382
2024-07-28,1722124800,46850.8552
2024-07-29,1722211200,46838.8803
2024-07-30,1722297600,46836.0696
2024-07-31,1722384000,46886.5257
2024-08-01,1722470400,46849.0248
2024-08-02,1722556800,46855.5640
2024-08-03,1722643200,46845.0951
2024-08-04,1722729600,46692.5757
2024-08-05,1722816000,46664.6308
2024-08-06,1722902400,46651.0891
2024-08-07,1722988800,46747.4722
2024-08-08,1723075200,46782.8250
2024-08-09,1723161600,46845.2833
2024-08-10,1723248000,46840.4075
2024-08-11,1723334400,46852.8813
2024-08-12,1723420800,46857.5559
2024-08-13,1723507200,46833.2086
2024-08-14,1723593600,46824.5552
2024-08-15,1723680000,46832.6641
2024-08-16,1723766400,46843.3869
2024-08-17,1723852800,46852.7545
2024-08-18,1723939200,46866.3421
2024-08-19,1724025600,46859.7853
2024-08-20,1724112000,46892.0991
2024-08-21,1724198400,46910.5641
2024-08-22,1724284800,46996.6263
2024-08-23,1724371200,47033.1317
2024-08-24,1724457600,47054.1607
2024-08-25,1724544000,47071.6489
2024-08-26,1724630400,46979.4033
2024-08-27,1724716800,47036.0914
2024-08-28,1724803200,47007.1300
2024-08-29,1724889600,47015.1544
2024-08-30,1724976000,47029.6550
2024-08-31,1725062400,47025.9655
2024-09-01,1725148800,47040.0594
2024-09-02,1725235200,47016.7729
2024-09-03,1725321600,47028.6172
2024-09-04,1725408000,47001.9187
2024-09-05,1725494400,46965.9211
2024-09-06,1725580800,46968.6186
2024-09-07,1725667200,46974.2746
2024-09-08,1725753600,47022.6212
2024-09-09,1725840000,47022.6570
2024-09-10,1725926400,47024.5435
2024-09-11,1726012800,47044.7949
2024-09-12,1726099200,47130.4517
2024-09-13,1726185600,47145.9228
2024-09-14,1726272000,47153.3678
2024-09-15,1726358400,47161.8815
2024-09-16,1726444800,47201.2864
2024-09-17,1726531200,47250.3226
2024-09-18,1726617600,47317.2954
2024-09-19,1726704000,47397.6113
2024-09-20,1726790400,47423.6198
2024-09-21,1726876800,47444.7485
2024-09-22,1726963200,47508.8020
2024-09-23,1727049600,47554.9145
2024-09-24,1727136000,47607.1796
2024-09-25,1727222400,47670.3629
2024-09-26,1727308800,47725.4419
2024-09-27,1727395200,47771.0935
2024-09-28,1727481600,47792.1879
2024-09-29,1727568000,47790.9227
2024-09-30,1727654400,47771.4718
2024-10-01,1727740800,47768.7689
2024-10-02,1727827200,47768.9097
2024-10-03,1727913600,47805.9552
2024-10-04,1728000000,47822.6318
2024-10-05,1728086400,47847.3063
2024-10-06,1728172800,47866.0739
2024-10-07,1728259200,48251.1140
2024-10-08,1728345600,48242.7185
2024-10-09,1728432000,48222.9794
2024-10-10,1728518400,48379.7108
2024-10-11,1728604800,48405.1927
2024-10-12,1728691200,48428.4332
2024-10-13,1728777600,48505.8892
2024-10-14,1728864000,48629.8344
2024-10-15,1728950400,48702.8912
2024-10-16,1729036800,48756.2042
2024-10-17,1729123200,48815.5517
2024-10-18,1729209600,48851.4065
2024-10-19,1729296000,48970.9755
2024-10-20,1729382400,49094.1020
2024-10-21,1729468800,49140.9184
2024-10-22,1729555200,49168.7493
2024-10-23,1729641600,49219.6602
2024-10-24,1729728000,49240.1635
2024-10-25,1729814400,49263.6543
2024-10-26,1729900800,49290.9312
2024-10-27,1729987200,49370.3399
2024-10-28,1730073600,49534.5553
2024-10-29,1730160000,49606.5854
2024-10-30,1730246400,49637.3025
2024-10-31,1730332800,49683.4834
2024-11-01,1730419200,49711.0777
2024-11-02,1730505600,49727.2757
2024-11-03,1730592000,49775.9061
2024-11-04,1730678400,49820.9830
2024-11-05,1730764800,50095.7920
2024-11-06,1730851200,50228.0162
2024-11-07,1730937600,50354.2511
2024-11-08,1731024000,50399.4399
2024-11-09,1731110400,50551.2806
2024-11-10,1731196800,51011.9684
2024-11-11,1731283200,51347.7326
2024-11-12,1731369600,51733.7854
2024-11-13,1731456000,52026.5329
2024-11-14,1731542400,52315.8747
2024-11-15,1731628800,52404.3900
2024-11-16,1731715200,52457.3270
2024-11-17,1731801600,52626.3882
2024-11-18,1731888000,53001.3657
2024-11-19,1731974400,53317.9048
2024-11-20,1732060800,54204.4067
2024-11-21,1732147200,54608.3494
2024-11-22,1732233600,54845.3014
2024-11-23,1732320000,54974.0927
2024-11-24,1732406400,55103.6260
2024-11-25,1732492800,55230.2291
2024-11-26,1732579200,55427.0254
2024-11-27,1732665600,55560.1279
2024-11-28,1732752000,55735.3987
2024-11-29,1732838400,55789.6494
2024-11-30,1732924800,55865.0455
2024-12-01,1733011200,56031.8459
2024-12-02,1733097600,56205.6765
2024-12-03,1733184000,56474.2332
2024-12-04,1733270400,56961.5582
2024-12-05,1733356800,56512.8835
2024-12-06,1733443200,56566.1550
2024-12-07,1733529600,56635.2255
2024-12-08,1733616000,57074.3855
2024-12-09,1733702400,57286.0655
2024-12-10,1733788800,57564.1404
2024-12-11,1733875200,57642.3781
2024-12-12,1733961600,57803.6647
2024-12-13,1734048000,57866.5034
2024-12-14,1734134400,57998.3708
2024-12-15,1734220800,57998.3708
2024-12-16,1734307200,58326.6148
2024-12-17,1734393600,58646.5640
2024-12-18,1734480000,58781.5549
2024-12-19,1734566400,59127.9103
2024-12-20,1734652800,59313.4052
2024-12-21,1734739200,59321.9529
2024-12-22,1734825600,59538.6536
2024-12-23,1734912000,59868.9680
2024-12-24,1734998400,60070.4507
2024-12-25,1735084800,60106.4674
2024-12-26,1735171200,60161.9562
2024-12-27,1735257600,60258.8690
2024-12-28,1735344000,60282.5847
2024-12-29,1735430400,60336.8026
2024-12-30,1735516800,60517.7068
2024-12-31,1735603200,60612.8370
2025-01-01,1735689600,60700.9539
2025-01-02,1735776000,60793.6057
2025-01-03,1735862400,60863.3596
2025-01-04,1735948800,60907.3547
2025-01-05,1736035200,60940.7784
2025-01-06,1736121600,61088.5766
2025-01-07,1736208000,61204.0337
2025-01-08,1736294400,61210.9596
2025-01-09,1736380800,61202.4751
2025-01-10,1736467200,61265.5174
2025-01-11,1736553600,61293.6026
2025-01-12,1736640000,61320.5909
2025-01-13,1736726400,61362.2086
2025-01-14,1736812800,61447.3856
2025-01-15,1736899200,61592.5539
2025-01-16,1736985600,61748.8612
2025-01-17,1737072000,61923.5042
2025-01-18,1737158400,62016.8364
2025-01-19,1737244800,62061.2779
2025-01-20,1737331200,62184.8070
2025-01-21,1737417600,62371.2526
2025-01-22,1737504000,62567.0796
2025-01-23,1737590400,62850.3478
2025-01-24,1737676800,62881.0174
2025-01-25,1737763200,62927.9205
2025-01-26,1737849600,62956.9251
2025-01-27,1737936000,63048.8486
2025-01-28,1738022400,63106.7493
2025-01-29,1738108800,63171.6874
2025-01-30,1738195200,63276.3455
2025-01-31,1738281600,63316.7646
2025-02-01,1738368000,63339.4768
2025-02-02,1738454400,63352.1951
2025-02-03,1738540800,63472.1434
2025-02-04,1738627200,63578.6745
2025-02-05,1738713600,63672.0738
2025-02-06,1738800000,63739.7369
2025-02-07,1738886400,63759.4893
2025-02-08,1738972800,63790.6076
2025-02-09,1739059200,63907.2405
2025-02-10,1739145600,63908.8559
2025-02-11,1739232000,63948.3093
2025-02-12,1739318400,63993.7321
2025-02-13,1739404800,64013.3403
2025-02-14,1739491200,64059.6995
2025-02-15,1739577600,64096.1132
2025-02-16,1739664000,64109.4756
2025-02-17,1739750400,64127.5509
2025-02-18,1739836800,64156.0813
2025-02-19,1739923200,64191.9560
2025-02-20,1740009600,64243.2197
2025-02-21,1740096000,64264.7862
2025-02-22,1740182400,64310.0062
2025-02-23,1740268800,64332.2315
2025-02-24,1740355200,64334.2400
2025-02-25,1740441600,64313.7175
2025-02-26,1740528000,64227.2101
2025-02-27,1740614400,64230.0863
2025-02-28,1740700800,64206.8891
2025-03-01,1740787200,64208.1253
2025-03-02,1740873600,64313.7657
2025-03-03,1740960000,64265.1534
2025-03-04,1741046400,64272.2613
2025-03-05,1741132800,64352.7559
2025-03-06,1741219200,64410.1052
2025-03-07,1741305600,64391.4460
2025-03-08,1741392000,64398.3359
2025-03-09,1741478400,64382.8864
2025-03-10,1741564800,64349.8561
2025-03-11,1741651200,64387.1237
2025-03-12,1741737600,64430.9552
2025-03-13,1741824000,64413.6352
2025-03-14,1741910400,64451.2589
2025-03-15,1741996800,64463.7582
2025-03-16,1742083200,64471.5752
2025-03-17,1742169600,64480.6770
2025-03-18,1742256000,64486.6408
2025-03-19,1742342400,64551.5316
2025-03-20,1742428800,64569.7999
2025-03-21,1742515200,64582.1534
2025-03-22,1742601600,64584.8136
2025-03-23,1742688000,64611.2706
2025-03-24,1742774400,64664.9956
2025-03-25,1742860800,64686.9741
2025-03-26,1742947200,64714.6749
2025-03-27,1743033600,64730.8659
2025-03-28,1743120000,64799.2714
2025-03-29,1743206400,64772.9660
2025-03-30,1743292800,64764.8116
2025-03-31,1743379200,64759.6134
2025-04-01,1743465600,64770.7281
2025-04-02,1743552000,64798.7975
2025-04-03,1743638400,64882.8036
2025-04-04,1743724800,64889.3801
2025-04-05,1743811200,64900.5562
2025-04-06,1743897600,64882.8649
2025-04-07,1743984000,64913.3244
2025-04-08,1744070400,64847.7476
2025-04-09,1744156800,64928.3709
2025-04-10,1744243200,64936.1317
2025-04-11,1744329600,64946.4124
2025-04-12,1744416000,64975.9913
2025-04-13,1744502400,65001.8514
2025-04-14,1744588800,65045.0351
2025-04-15,1744675200,64978.3868
2025-04-16,1744761600,64999.9007
2025-04-17,1744848000,64833.7642
2025-04-18,1744934400,64828.3729
2025-04-19,1745020800,64839.4202
2025-04-20,1745107200,64857.7292
2025-04-21,1745193600,64912.6228
2025-04-22,1745280000,65060.7933
2025-04-23,1745366400,65279.5694
2025-04-24,1745452800,65385.7772
2025-04-25,1745539200,65604.5351
2025-04-26,1745625600,65633.3220
2025-04-27,1745712000,65656.1311
2025-04-28,1745798400,65760.7017
2025-04-29,1745884800,65856.6445
2025-04-30,1745971200,65902.2506
2025-05-01,1746057600,65993.4171
2025-05-02,1746144000,66086.1758
2025-05-03,1746230400,66114.4128
2025-05-04,1746316800,66127.3398
2025-05-05,1746403200,66368.2908
2025-05-06,1746489600,66426.0692
2025-05-07,1746576000,66589.0222
2025-05-08,1746662400,66725.1922
2025-05-09,1746748800,66764.2837
2025-05-10,1746835200,66814.8265
2025-05-11,1746921600,66919.6735
2025-05-12,1747008000,67107.5473
2025-05-13,1747094400,67178.3625
2025-05-14,1747180800,67344.3852
2025-05-15,1747267200,67429.0866
2025-05-16,1747353600,67449.2455
2025-05-17,1747440000,67515.3209
2025-05-18,1747526400,67701.0309
2025-05-19,1747612800,67820.8948
2025-05-20,1747699200,68014.3004
2025-05-21,1747785600,68196.9577
2025-05-22,1747872000,68289.6296
2025-05-23,1747958400,68327.6593
2025-05-24,1748044800,68382.1938
2025-05-25,1748131200,68559.6077
2025-05-26,1748217600,68747.5622
2025-05-27,1748304000,68845.1976
2025-05-28,1748390400,68958.8215
2025-05-29,1748476800,69000.8612
2025-05-30,1748563200,69019.0180
2025-05-31,1748649600,69054.5838
2025-06-01,1748736000,69285.7223
2025-06-02,1748822400,69452.7043
2025-06-03,1748908800,69561.0453
2025-06-04,1748995200,69546.5272
2025-06-05,1749081600,69604.0487
2025-06-06,1749168000,69653.5518
2025-06-07,1749254400,69699.0965
2025-06-08,1749340800,69809.6361
2025-06-09,1749427200,69930.5283
2025-06-10,1749513600,70002.1239
2025-06-11,1749600000,70054.8600
2025-06-12,1749686400,70154.9786
2025-06-13,1749772800,70165.5047
2025-06-14,1749859200,70203.9165
2025-06-15,1749945600,70369.7223
2025-06-16,1750032000,70381.7777
2025-06-17,1750118400,70424.5696
2025-06-18,1750204800,70470.6292
2025-06-19,1750291200,70505.3301
2025-06-20,1750377600,70537.9916
2025-06-21,1750464000,70554.7602
2025-06-22,1750550400,70654.7509
2025-06-23,1750636800,70746.9488
2025-06-24,1750723200,70854.7839
2025-06-25,1750809600,71011.1589
2025-06-26,1750896000,71157.9200
2025-06-27,1750982400,71163.6237
2025-06-28,1751068800,71216.8091
2025-06-29,1751155200,71403.1342
2025-06-30,1751241600,71407.5034
