d,unixTs,valueDaysDestroyed
2017-01-01,1483228800,1.4947
2017-01-02,1483315200,1.5384
2017-01-03,1483401600,1.6070
2017-01-04,1483488000,1.7874
2017-01-05,1483574400,1.8452
2017-01-06,1483660800,1.8376
2017-01-07,1483747200,1.8506
2017-01-08,1483833600,1.8557
2017-01-09,1483920000,1.8691
2017-01-10,1484006400,1.9053
2017-01-11,1484092800,1.8936
2017-01-12,1484179200,1.8967
2017-01-13,1484265600,1.8812
2017-01-14,1484352000,1.8619
2017-01-15,1484438400,1.8532
2017-01-16,1484524800,1.8366
2017-01-17,1484611200,1.8389
2017-01-18,1484697600,1.8142
2017-01-19,1484784000,1.7098
2017-01-20,1484870400,1.6397
2017-01-21,1484956800,1.5820
2017-01-22,1485043200,1.5622
2017-01-23,1485129600,1.5732
2017-01-24,1485216000,1.5830
2017-01-25,1485302400,1.5618
2017-01-26,1485388800,1.4652
2017-01-27,1485475200,1.3803
2017-01-28,1485561600,1.4456
2017-01-29,1485648000,1.4386
2017-01-30,1485734400,1.4356
2017-01-31,1485820800,1.3788
2017-02-01,1485907200,1.3516
2017-02-02,1485993600,1.3214
2017-02-03,1486080000,1.1217
2017-02-04,1486166400,1.0799
2017-02-05,1486252800,1.0988
2017-02-06,1486339200,1.1435
2017-02-07,1486425600,1.1307
2017-02-08,1486512000,1.1559
2017-02-09,1486598400,1.1434
2017-02-10,1486684800,1.1239
2017-02-11,1486771200,1.1112
2017-02-12,1486857600,1.1362
2017-02-13,1486944000,1.1451
2017-02-14,1487030400,1.1400
2017-02-15,1487116800,1.1281
2017-02-16,1487203200,1.1598
2017-02-17,1487289600,1.1706
2017-02-18,1487376000,1.1826
2017-02-19,1487462400,1.1863
2017-02-20,1487548800,1.2096
2017-02-21,1487635200,1.2576
2017-02-22,1487721600,1.2630
2017-02-23,1487808000,1.3839
2017-02-24,1487894400,1.3826
2017-02-25,1487980800,1.3773
2017-02-26,1488067200,1.4011
2017-02-27,1488153600,1.3052
2017-02-28,1488240000,1.3400
2017-03-01,1488326400,1.3641
2017-03-02,1488412800,1.4792
2017-03-03,1488499200,1.4797
2017-03-04,1488585600,1.4307
2017-03-05,1488672000,1.4569
2017-03-06,1488758400,1.4830
2017-03-07,1488844800,1.4863
2017-03-08,1488931200,1.4572
2017-03-09,1489017600,1.4964
2017-03-10,1489104000,1.4717
2017-03-11,1489190400,1.4450
2017-03-12,1489276800,1.5443
2017-03-13,1489363200,1.5559
2017-03-14,1489449600,1.5742
2017-03-15,1489536000,1.6227
2017-03-16,1489622400,1.6982
2017-03-17,1489708800,1.7805
2017-03-18,1489795200,1.7892
2017-03-19,1489881600,1.8029
2017-03-20,1489968000,1.8335
2017-03-21,1490054400,1.8757
2017-03-22,1490140800,1.8590
2017-03-23,1490227200,2.0573
2017-03-24,1490313600,2.1048
2017-03-25,1490400000,2.0193
2017-03-26,1490486400,2.0357
2017-03-27,1490572800,2.0610
2017-03-28,1490659200,2.0592
2017-03-29,1490745600,2.0682
2017-03-30,1490832000,2.0774
2017-03-31,1490918400,2.0625
2017-04-01,1491004800,1.9651
2017-04-02,1491091200,1.9684
2017-04-03,1491177600,1.9589
2017-04-04,1491264000,1.9401
2017-04-05,1491350400,1.9178
2017-04-06,1491436800,1.9406
2017-04-07,1491523200,1.9174
2017-04-08,1491609600,1.8726
2017-04-09,1491696000,1.8723
2017-04-10,1491782400,1.8717
2017-04-11,1491868800,1.8206
2017-04-12,1491955200,1.8057
2017-04-13,1492041600,1.8078
2017-04-14,1492128000,1.7489
2017-04-15,1492214400,1.6722
2017-04-16,1492300800,1.6045
2017-04-17,1492387200,1.5765
2017-04-18,1492473600,1.5648
2017-04-19,1492560000,1.5316
2017-04-20,1492646400,1.4842
2017-04-21,1492732800,1.4669
2017-04-22,1492819200,1.1886
2017-04-23,1492905600,1.1287
2017-04-24,1492992000,1.0928
2017-04-25,1493078400,1.0814
2017-04-26,1493164800,1.0620
2017-04-27,1493251200,1.1369
2017-04-28,1493337600,1.1333
2017-04-29,1493424000,1.1383
2017-04-30,1493510400,1.2425
2017-05-01,1493596800,1.2859
2017-05-02,1493683200,1.2976
2017-05-03,1493769600,1.3556
2017-05-04,1493856000,1.4521
2017-05-05,1493942400,1.4549
2017-05-06,1494028800,1.4115
2017-05-07,1494115200,1.4655
2017-05-08,1494201600,1.5571
2017-05-09,1494288000,1.5789
2017-05-10,1494374400,1.7234
2017-05-11,1494460800,1.7204
2017-05-12,1494547200,1.7425
2017-05-13,1494633600,1.7109
2017-05-14,1494720000,1.7513
2017-05-15,1494806400,1.7761
2017-05-16,1494892800,1.8336
2017-05-17,1494979200,1.8400
2017-05-18,1495065600,1.8993
2017-05-19,1495152000,1.9354
2017-05-20,1495238400,1.9721
2017-05-21,1495324800,2.1052
2017-05-22,1495411200,2.2146
2017-05-23,1495497600,2.3657
2017-05-24,1495584000,2.6020
2017-05-25,1495670400,2.6570
2017-05-26,1495756800,2.7017
2017-05-27,1495843200,2.6633
2017-05-28,1495929600,2.6835
2017-05-29,1496016000,2.7048
2017-05-30,1496102400,2.7127
2017-05-31,1496188800,2.7202
2017-06-01,1496275200,2.7261
2017-06-02,1496361600,2.6995
2017-06-03,1496448000,2.6387
2017-06-04,1496534400,2.6749
2017-06-05,1496620800,2.7239
2017-06-06,1496707200,2.7053
2017-06-07,1496793600,2.6666
2017-06-08,1496880000,2.7048
2017-06-09,1496966400,2.7423
2017-06-10,1497052800,2.7522
2017-06-11,1497139200,3.0208
2017-06-12,1497225600,3.3059
2017-06-13,1497312000,3.3308
2017-06-14,1497398400,3.3613
2017-06-15,1497484800,3.3919
2017-06-16,1497571200,3.3885
2017-06-17,1497657600,3.3947
2017-06-18,1497744000,3.4005
2017-06-19,1497830400,3.4172
2017-06-20,1497916800,3.3328
2017-06-21,1498003200,3.2729
2017-06-22,1498089600,3.1304
2017-06-23,1498176000,2.9057
2017-06-24,1498262400,2.8520
2017-06-25,1498348800,2.8281
2017-06-26,1498435200,2.8117
2017-06-27,1498521600,2.8146
2017-06-28,1498608000,2.7809
2017-06-29,1498694400,2.7112
2017-06-30,1498780800,2.6591
2017-07-01,1498867200,2.6566
2017-07-02,1498953600,2.6749
2017-07-03,1499040000,2.6592
2017-07-04,1499126400,2.6684
2017-07-05,1499212800,2.6255
2017-07-06,1499299200,2.6235
2017-07-07,1499385600,2.5923
2017-07-08,1499472000,2.5407
2017-07-09,1499558400,2.3628
2017-07-10,1499644800,2.3414
2017-07-11,1499731200,2.0325
2017-07-12,1499817600,1.6957
2017-07-13,1499904000,1.6572
2017-07-14,1499990400,1.6159
2017-07-15,1500076800,1.5198
2017-07-16,1500163200,1.5858
2017-07-17,1500249600,1.5215
2017-07-18,1500336000,1.4885
2017-07-19,1500422400,1.4700
2017-07-20,1500508800,1.4640
2017-07-21,1500595200,1.4344
2017-07-22,1500681600,1.4204
2017-07-23,1500768000,1.4357
2017-07-24,1500854400,1.7290
2017-07-25,1500940800,1.7311
2017-07-26,1501027200,1.7797
2017-07-27,1501113600,1.9438
2017-07-28,1501200000,2.2762
2017-07-29,1501286400,2.3944
2017-07-30,1501372800,2.9444
2017-07-31,1501459200,2.9934
2017-08-01,1501545600,3.0311
2017-08-02,1501632000,3.1218
2017-08-03,1501718400,3.2972
2017-08-04,1501804800,3.4168
2017-08-05,1501891200,3.5363
2017-08-06,1501977600,3.5935
2017-08-07,1502064000,3.6640
2017-08-08,1502150400,3.7133
2017-08-09,1502236800,3.7227
2017-08-10,1502323200,3.7409
2017-08-11,1502409600,3.7756
2017-08-12,1502496000,3.8042
2017-08-13,1502582400,3.8374
2017-08-14,1502668800,3.8656
2017-08-15,1502755200,3.8340
2017-08-16,1502841600,3.8674
2017-08-17,1502928000,3.9132
2017-08-18,1503014400,3.9506
2017-08-19,1503100800,4.0153
2017-08-20,1503187200,4.0281
2017-08-21,1503273600,4.0757
2017-08-22,1503360000,4.1107
2017-08-23,1503446400,3.9198
2017-08-24,1503532800,3.9333
2017-08-25,1503619200,3.9052
2017-08-26,1503705600,3.7748
2017-08-27,1503792000,3.5077
2017-08-28,1503878400,3.4327
2017-08-29,1503964800,2.9535
2017-08-30,1504051200,2.9338
2017-08-31,1504137600,2.8977
2017-09-01,1504224000,2.8067
2017-09-02,1504310400,2.5906
2017-09-03,1504396800,2.4761
2017-09-04,1504483200,2.3239
2017-09-05,1504569600,2.2714
2017-09-06,1504656000,2.1989
2017-09-07,1504742400,2.1345
2017-09-08,1504828800,2.1080
2017-09-09,1504915200,2.0887
2017-09-10,1505001600,2.0426
2017-09-11,1505088000,1.9863
2017-09-12,1505174400,1.9539
2017-09-13,1505260800,1.9292
2017-09-14,1505347200,1.9485
2017-09-15,1505433600,1.9036
2017-09-16,1505520000,1.8304
2017-09-17,1505606400,1.7454
2017-09-18,1505692800,1.6479
2017-09-19,1505779200,1.6203
2017-09-20,1505865600,1.5580
2017-09-21,1505952000,1.5000
2017-09-22,1506038400,1.4647
2017-09-23,1506124800,1.4230
2017-09-24,1506211200,1.6204
2017-09-25,1506297600,1.6278
2017-09-26,1506384000,1.6068
2017-09-27,1506470400,1.5339
2017-09-28,1506556800,1.4804
2017-09-29,1506643200,1.4465
2017-09-30,1506729600,1.4039
2017-10-01,1506816000,1.4092
2017-10-02,1506902400,1.3886
2017-10-03,1506988800,1.3486
2017-10-04,1507075200,1.4404
2017-10-05,1507161600,1.4228
2017-10-06,1507248000,1.4002
2017-10-07,1507334400,1.4419
2017-10-08,1507420800,1.5051
2017-10-09,1507507200,1.5167
2017-10-10,1507593600,1.5062
2017-10-11,1507680000,1.5272
2017-10-12,1507766400,1.5824
2017-10-13,1507852800,1.5843
2017-10-14,1507939200,1.5944
2017-10-15,1508025600,1.6862
2017-10-16,1508112000,1.7268
2017-10-17,1508198400,1.7414
2017-10-18,1508284800,1.8408
2017-10-19,1508371200,1.8513
2017-10-20,1508457600,1.8506
2017-10-21,1508544000,1.8875
2017-10-22,1508630400,1.9741
2017-10-23,1508716800,2.0243
2017-10-24,1508803200,1.8607
2017-10-25,1508889600,1.8329
2017-10-26,1508976000,1.8398
2017-10-27,1509062400,1.8286
2017-10-28,1509148800,1.8396
2017-10-29,1509235200,1.8383
2017-10-30,1509321600,1.8565
2017-10-31,1509408000,1.9322
2017-11-01,1509494400,1.9699
2017-11-02,1509580800,2.0181
2017-11-03,1509667200,1.9298
2017-11-04,1509753600,2.0414
2017-11-05,1509840000,2.0446
2017-11-06,1509926400,2.0452
2017-11-07,1510012800,2.0252
2017-11-08,1510099200,2.0360
2017-11-09,1510185600,2.0897
2017-11-10,1510272000,2.1649
2017-11-11,1510358400,2.5519
2017-11-12,1510444800,2.6071
2017-11-13,1510531200,2.5879
2017-11-14,1510617600,2.5346
2017-11-15,1510704000,2.5922
2017-11-16,1510790400,2.6387
2017-11-17,1510876800,2.5687
2017-11-18,1510963200,2.5735
2017-11-19,1511049600,2.6475
2017-11-20,1511136000,2.6271
2017-11-21,1511222400,2.5650
2017-11-22,1511308800,2.5477
2017-11-23,1511395200,2.5643
2017-11-24,1511481600,2.5988
2017-11-25,1511568000,2.6575
2017-11-26,1511654400,2.7078
2017-11-27,1511740800,2.7661
2017-11-28,1511827200,2.8135
2017-11-29,1511913600,2.8293
2017-11-30,1512000000,2.7816
2017-12-01,1512086400,2.7776
2017-12-02,1512172800,2.7683
2017-12-03,1512259200,2.7940
2017-12-04,1512345600,2.7250
2017-12-05,1512432000,2.7955
2017-12-06,1512518400,3.1883
2017-12-07,1512604800,3.2917
2017-12-08,1512691200,3.3133
2017-12-09,1512777600,3.3290
2017-12-10,1512864000,3.3000
2017-12-11,1512950400,3.0701
2017-12-12,1513036800,3.0819
2017-12-13,1513123200,3.1079
2017-12-14,1513209600,3.1466
2017-12-15,1513296000,3.0996
2017-12-16,1513382400,3.2275
2017-12-17,1513468800,3.2606
2017-12-18,1513555200,3.2885
2017-12-19,1513641600,3.3799
2017-12-20,1513728000,3.3787
2017-12-21,1513814400,3.4476
2017-12-22,1513900800,3.4703
2017-12-23,1513987200,3.4418
2017-12-24,1514073600,3.4229
2017-12-25,1514160000,3.4022
2017-12-26,1514246400,3.4052
2017-12-27,1514332800,3.3590
2017-12-28,1514419200,3.3343
2017-12-29,1514505600,3.3574
2017-12-30,1514592000,3.3686
2017-12-31,1514678400,3.3440
2018-01-01,1514764800,3.3692
2018-01-02,1514851200,3.3519
2018-01-03,1514937600,3.3434
2018-01-04,1515024000,3.3424
2018-01-05,1515110400,2.9507
2018-01-06,1515196800,3.0810
2018-01-07,1515283200,3.0381
2018-01-08,1515369600,2.9891
2018-01-09,1515456000,2.9468
2018-01-10,1515542400,2.7930
2018-01-11,1515628800,2.7522
2018-01-12,1515715200,2.7020
2018-01-13,1515801600,2.6342
2018-01-14,1515888000,2.5955
2018-01-15,1515974400,2.4155
2018-01-16,1516060800,2.3942
2018-01-17,1516147200,2.3451
2018-01-18,1516233600,2.1582
2018-01-19,1516320000,2.1265
2018-01-20,1516406400,2.0326
2018-01-21,1516492800,2.0042
2018-01-22,1516579200,1.9797
2018-01-23,1516665600,1.9599
2018-01-24,1516752000,1.9151
2018-01-25,1516838400,1.8770
2018-01-26,1516924800,1.8544
2018-01-27,1517011200,1.8340
2018-01-28,1517097600,1.7630
2018-01-29,1517184000,1.6928
2018-01-30,1517270400,1.6907
2018-01-31,1517356800,1.6458
2018-02-01,1517443200,1.6284
2018-02-02,1517529600,1.5898
2018-02-03,1517616000,1.6444
2018-02-04,1517702400,1.6369
2018-02-05,1517788800,1.3338
2018-02-06,1517875200,1.3190
2018-02-07,1517961600,1.3257
2018-02-08,1518048000,1.2960
2018-02-09,1518134400,1.2427
2018-02-10,1518220800,1.1880
2018-02-11,1518307200,1.1695
2018-02-12,1518393600,1.1418
2018-02-13,1518480000,1.1298
2018-02-14,1518566400,1.1034
2018-02-15,1518652800,1.0476
2018-02-16,1518739200,1.0329
2018-02-17,1518825600,1.0173
2018-02-18,1518912000,1.0003
2018-02-19,1518998400,1.0037
2018-02-20,1519084800,0.9769
2018-02-21,1519171200,1.1082
2018-02-22,1519257600,1.1029
2018-02-23,1519344000,1.0920
2018-02-24,1519430400,1.0578
2018-02-25,1519516800,1.0492
2018-02-26,1519603200,1.0145
2018-02-27,1519689600,1.0286
2018-02-28,1519776000,1.0252
2018-03-01,1519862400,1.0029
2018-03-02,1519948800,0.9689
2018-03-03,1520035200,0.9493
2018-03-04,1520121600,0.9510
2018-03-05,1520208000,0.7824
2018-03-06,1520294400,0.7326
2018-03-07,1520380800,0.6765
2018-03-08,1520467200,0.6806
2018-03-09,1520553600,0.6339
2018-03-10,1520640000,0.6384
2018-03-11,1520726400,0.6376
2018-03-12,1520812800,0.6345
2018-03-13,1520899200,0.6256
2018-03-14,1520985600,0.6287
2018-03-15,1521072000,0.6295
2018-03-16,1521158400,0.6142
2018-03-17,1521244800,0.6068
2018-03-18,1521331200,0.6084
2018-03-19,1521417600,0.5995
2018-03-20,1521504000,0.5993
2018-03-21,1521590400,0.5827
2018-03-22,1521676800,0.5734
2018-03-23,1521763200,0.4112
2018-03-24,1521849600,0.4031
2018-03-25,1521936000,0.4007
2018-03-26,1522022400,0.3985
2018-03-27,1522108800,0.3949
2018-03-28,1522195200,0.3933
2018-03-29,1522281600,0.3650
2018-03-30,1522368000,0.3517
2018-03-31,1522454400,0.3469
2018-04-01,1522540800,0.3383
2018-04-02,1522627200,0.3353
2018-04-03,1522713600,0.3202
2018-04-04,1522800000,0.3144
2018-04-05,1522886400,0.3071
2018-04-06,1522972800,0.3063
2018-04-07,1523059200,0.2926
2018-04-08,1523145600,0.2908
2018-04-09,1523232000,0.2829
2018-04-10,1523318400,0.2917
2018-04-11,1523404800,0.2955
2018-04-12,1523491200,0.3026
2018-04-13,1523577600,0.2983
2018-04-14,1523664000,0.2918
2018-04-15,1523750400,0.2914
2018-04-16,1523836800,0.2929
2018-04-17,1523923200,0.3013
2018-04-18,1524009600,0.3882
2018-04-19,1524096000,0.4071
2018-04-20,1524182400,0.4184
2018-04-21,1524268800,0.4248
2018-04-22,1524355200,0.4382
2018-04-23,1524441600,0.4482
2018-04-24,1524528000,0.4549
2018-04-25,1524614400,0.5027
2018-04-26,1524700800,0.5036
2018-04-27,1524787200,0.4963
2018-04-28,1524873600,0.4956
2018-04-29,1524960000,0.5025
2018-04-30,1525046400,0.5012
2018-05-01,1525132800,0.5324
2018-05-02,1525219200,0.5339
2018-05-03,1525305600,0.5421
2018-05-04,1525392000,0.5443
2018-05-05,1525478400,0.5479
2018-05-06,1525564800,0.5480
2018-05-07,1525651200,0.5475
2018-05-08,1525737600,0.5540
2018-05-09,1525824000,0.5750
2018-05-10,1525910400,0.5681
2018-05-11,1525996800,0.5560
2018-05-12,1526083200,0.5463
2018-05-13,1526169600,0.6113
2018-05-14,1526256000,0.6141
2018-05-15,1526342400,0.6162
2018-05-16,1526428800,0.6905
2018-05-17,1526515200,0.6805
2018-05-18,1526601600,0.5946
2018-05-19,1526688000,0.5723
2018-05-20,1526774400,0.5589
2018-05-21,1526860800,0.5543
2018-05-22,1526947200,0.5447
2018-05-23,1527033600,0.5438
2018-05-24,1527120000,0.5328
2018-05-25,1527206400,0.4798
2018-05-26,1527292800,0.4756
2018-05-27,1527379200,0.4772
2018-05-28,1527465600,0.4739
2018-05-29,1527552000,0.4692
2018-05-30,1527638400,0.4689
2018-05-31,1527724800,0.4383
2018-06-01,1527811200,0.4312
2018-06-02,1527897600,0.4231
2018-06-03,1527984000,0.4220
2018-06-04,1528070400,0.4194
2018-06-05,1528156800,0.4216
2018-06-06,1528243200,0.4188
2018-06-07,1528329600,0.4148
2018-06-08,1528416000,0.3899
2018-06-09,1528502400,0.3855
2018-06-10,1528588800,0.3878
2018-06-11,1528675200,0.3880
2018-06-12,1528761600,0.3250
2018-06-13,1528848000,0.3188
2018-06-14,1528934400,0.3123
2018-06-15,1529020800,0.2222
2018-06-16,1529107200,0.2172
2018-06-17,1529193600,0.2162
2018-06-18,1529280000,0.2125
2018-06-19,1529366400,0.2092
2018-06-20,1529452800,0.2217
2018-06-21,1529539200,0.2134
2018-06-22,1529625600,0.1989
2018-06-23,1529712000,0.2018
2018-06-24,1529798400,0.2042
2018-06-25,1529884800,0.2067
2018-06-26,1529971200,0.2179
2018-06-27,1530057600,0.2205
2018-06-28,1530144000,0.2159
2018-06-29,1530230400,0.2151
2018-06-30,1530316800,0.2227
2018-07-01,1530403200,0.2271
2018-07-02,1530489600,0.2292
2018-07-03,1530576000,0.2290
2018-07-04,1530662400,0.2261
2018-07-05,1530748800,0.2242
2018-07-06,1530835200,0.2227
2018-07-07,1530921600,0.2221
2018-07-08,1531008000,0.2232
2018-07-09,1531094400,0.2234
2018-07-10,1531180800,0.2228
2018-07-11,1531267200,0.2229
2018-07-12,1531353600,0.2193
2018-07-13,1531440000,0.2172
2018-07-14,1531526400,0.2169
2018-07-15,1531612800,0.2233
2018-07-16,1531699200,0.2269
2018-07-17,1531785600,0.2302
2018-07-18,1531872000,0.2365
2018-07-19,1531958400,0.2382
2018-07-20,1532044800,0.2287
2018-07-21,1532131200,0.2303
2018-07-22,1532217600,0.2365
2018-07-23,1532304000,0.2395
2018-07-24,1532390400,0.2461
2018-07-25,1532476800,0.2462
2018-07-26,1532563200,0.2333
2018-07-27,1532649600,0.2314
2018-07-28,1532736000,0.2402
2018-07-29,1532822400,0.2440
2018-07-30,1532908800,0.2390
2018-07-31,1532995200,0.2364
2018-08-01,1533081600,0.2382
2018-08-02,1533168000,0.2357
2018-08-03,1533254400,0.2409
2018-08-04,1533340800,0.2382
2018-08-05,1533427200,0.2457
2018-08-06,1533513600,0.2422
2018-08-07,1533600000,0.2439
2018-08-08,1533686400,0.2508
2018-08-09,1533772800,0.2542
2018-08-10,1533859200,0.2557
2018-08-11,1533945600,0.2487
2018-08-12,1534032000,0.2695
2018-08-13,1534118400,0.2777
2018-08-14,1534204800,0.2809
2018-08-15,1534291200,0.2924
2018-08-16,1534377600,0.3074
2018-08-17,1534464000,0.2994
2018-08-18,1534550400,0.3095
2018-08-19,1534636800,0.3126
2018-08-20,1534723200,0.3282
2018-08-21,1534809600,0.3434
2018-08-22,1534896000,0.3593
2018-08-23,1534982400,0.3557
2018-08-24,1535068800,0.3825
2018-08-25,1535155200,0.3951
2018-08-26,1535241600,0.4228
2018-08-27,1535328000,0.4339
2018-08-28,1535414400,0.4609
2018-08-29,1535500800,0.4812
2018-08-30,1535587200,0.4838
2018-08-31,1535673600,0.4795
2018-09-01,1535760000,0.4789
2018-09-02,1535846400,0.4775
2018-09-03,1535932800,0.4803
2018-09-04,1536019200,0.4774
2018-09-05,1536105600,0.4827
2018-09-06,1536192000,0.4815
2018-09-07,1536278400,0.4709
2018-09-08,1536364800,0.4662
2018-09-09,1536451200,0.4703
2018-09-10,1536537600,0.4803
2018-09-11,1536624000,0.4652
2018-09-12,1536710400,0.4901
2018-09-13,1536796800,0.4827
2018-09-14,1536883200,0.4687
2018-09-15,1536969600,0.4476
2018-09-16,1537056000,0.4521
2018-09-17,1537142400,0.4398
2018-09-18,1537228800,0.4315
2018-09-19,1537315200,0.4171
2018-09-20,1537401600,0.4052
2018-09-21,1537488000,0.3823
2018-09-22,1537574400,0.3796
2018-09-23,1537660800,0.3505
2018-09-24,1537747200,0.3504
2018-09-25,1537833600,0.3213
2018-09-26,1537920000,0.3023
2018-09-27,1538006400,0.2845
2018-09-28,1538092800,0.2614
2018-09-29,1538179200,0.2625
2018-09-30,1538265600,0.2680
2018-10-01,1538352000,0.2757
2018-10-02,1538438400,0.2769
2018-10-03,1538524800,0.2768
2018-10-04,1538611200,0.2753
2018-10-05,1538697600,0.2718
2018-10-06,1538784000,0.2692
2018-10-07,1538870400,0.2764
2018-10-08,1538956800,0.2816
2018-10-09,1539043200,0.2840
2018-10-10,1539129600,0.2872
2018-10-11,1539216000,0.2859
2018-10-12,1539302400,0.2529
2018-10-13,1539388800,0.2543
2018-10-14,1539475200,0.2695
2018-10-15,1539561600,0.2824
2018-10-16,1539648000,0.2845
2018-10-17,1539734400,0.2871
2018-10-18,1539820800,0.3006
2018-10-19,1539907200,0.3174
2018-10-20,1539993600,0.3073
2018-10-21,1540080000,0.3135
2018-10-22,1540166400,0.3188
2018-10-23,1540252800,0.3195
2018-10-24,1540339200,0.3101
2018-10-25,1540425600,0.3193
2018-10-26,1540512000,0.3168
2018-10-27,1540598400,0.3026
2018-10-28,1540684800,0.3040
2018-10-29,1540771200,0.3012
2018-10-30,1540857600,0.3030
2018-10-31,1540944000,0.3001
2018-11-01,1541030400,0.3047
2018-11-02,1541116800,0.3014
2018-11-03,1541203200,0.3030
2018-11-04,1541289600,0.3058
2018-11-05,1541376000,0.3107
2018-11-06,1541462400,0.3112
2018-11-07,1541548800,0.3077
2018-11-08,1541635200,0.3045
2018-11-09,1541721600,0.2940
2018-11-10,1541808000,0.2926
2018-11-11,1541894400,0.3052
2018-11-12,1541980800,0.3132
2018-11-13,1542067200,0.3153
2018-11-14,1542153600,0.3623
2018-11-15,1542240000,0.3671
2018-11-16,1542326400,0.3659
2018-11-17,1542412800,0.3511
2018-11-18,1542499200,0.3395
2018-11-19,1542585600,0.3589
2018-11-20,1542672000,0.3563
2018-11-21,1542758400,0.3557
2018-11-22,1542844800,0.3574
2018-11-23,1542931200,0.3605
2018-11-24,1543017600,0.3558
2018-11-25,1543104000,0.3626
2018-11-26,1543190400,0.3709
2018-11-27,1543276800,0.3844
2018-11-28,1543363200,0.4324
2018-11-29,1543449600,0.5322
2018-11-30,1543536000,0.5907
2018-12-01,1543622400,0.5831
2018-12-02,1543708800,0.7279
2018-12-03,1543795200,1.1060
2018-12-04,1543881600,1.1570
2018-12-05,1543968000,1.2005
2018-12-06,1544054400,1.2479
2018-12-07,1544140800,1.2633
2018-12-08,1544227200,1.2624
2018-12-09,1544313600,1.2742
2018-12-10,1544400000,1.2927
2018-12-11,1544486400,1.3135
2018-12-12,1544572800,1.3189
2018-12-13,1544659200,1.3109
2018-12-14,1544745600,1.2542
2018-12-15,1544832000,1.2522
2018-12-16,1544918400,1.2821
2018-12-17,1545004800,1.3038
2018-12-18,1545091200,1.3080
2018-12-19,1545177600,1.3212
2018-12-20,1545264000,1.3299
2018-12-21,1545350400,1.3400
2018-12-22,1545436800,1.3456
2018-12-23,1545523200,1.3504
2018-12-24,1545609600,1.3473
2018-12-25,1545696000,1.3511
2018-12-26,1545782400,1.3570
2018-12-27,1545868800,1.3507
2018-12-28,1545955200,1.3113
2018-12-29,1546041600,1.1862
2018-12-30,1546128000,1.1193
2018-12-31,1546214400,1.1247
2019-01-01,1546300800,0.9415
2019-01-02,1546387200,0.3966
2019-01-03,1546473600,0.3224
2019-01-04,1546560000,0.2642
2019-01-05,1546646400,0.2565
2019-01-06,1546732800,0.2807
2019-01-07,1546819200,0.2875
2019-01-08,1546905600,0.2853
2019-01-09,1546992000,0.2875
2019-01-10,1547078400,0.3617
2019-01-11,1547164800,0.3596
2019-01-12,1547251200,0.3595
2019-01-13,1547337600,0.3986
2019-01-14,1547424000,0.5997
2019-01-15,1547510400,0.6349
2019-01-16,1547596800,0.6278
2019-01-17,1547683200,0.6148
2019-01-18,1547769600,0.6123
2019-01-19,1547856000,0.6050
2019-01-20,1547942400,0.6205
2019-01-21,1548028800,0.6295
2019-01-22,1548115200,0.6260
2019-01-23,1548201600,0.6283
2019-01-24,1548288000,0.6305
2019-01-25,1548374400,0.6292
2019-01-26,1548460800,0.6217
2019-01-27,1548547200,0.6146
2019-01-28,1548633600,0.6181
2019-01-29,1548720000,0.6368
2019-01-30,1548806400,0.6426
2019-01-31,1548892800,0.6496
2019-02-01,1548979200,0.6482
2019-02-02,1549065600,0.6475
2019-02-03,1549152000,0.6733
2019-02-04,1549238400,0.6823
2019-02-05,1549324800,0.6878
2019-02-06,1549411200,0.6875
2019-02-07,1549497600,0.6929
2019-02-08,1549584000,0.6749
2019-02-09,1549670400,0.5840
2019-02-10,1549756800,0.5911
2019-02-11,1549843200,0.5942
2019-02-12,1549929600,0.5662
2019-02-13,1550016000,0.3227
2019-02-14,1550102400,0.2845
2019-02-15,1550188800,0.2847
2019-02-16,1550275200,0.2842
2019-02-17,1550361600,0.2902
2019-02-18,1550448000,0.3032
2019-02-19,1550534400,0.3259
2019-02-20,1550620800,0.3347
2019-02-21,1550707200,0.3530
2019-02-22,1550793600,0.3631
2019-02-23,1550880000,0.3671
2019-02-24,1550966400,0.3779
2019-02-25,1551052800,0.3861
2019-02-26,1551139200,0.3827
2019-02-27,1551225600,0.4762
2019-02-28,1551312000,0.4562
2019-03-01,1551398400,0.4711
2019-03-02,1551484800,0.4670
2019-03-03,1551571200,0.4774
2019-03-04,1551657600,0.4872
2019-03-05,1551744000,0.4877
2019-03-06,1551830400,0.4896
2019-03-07,1551916800,0.4841
2019-03-08,1552003200,0.4807
2019-03-09,1552089600,0.4871
2019-03-10,1552176000,0.4898
2019-03-11,1552262400,0.5024
2019-03-12,1552348800,0.5031
2019-03-13,1552435200,0.5029
2019-03-14,1552521600,0.4937
2019-03-15,1552608000,0.5032
2019-03-16,1552694400,0.5036
2019-03-17,1552780800,0.5065
2019-03-18,1552867200,0.5162
2019-03-19,1552953600,0.5167
2019-03-20,1553040000,0.5232
2019-03-21,1553126400,0.4858
2019-03-22,1553212800,0.4686
2019-03-23,1553299200,0.4620
2019-03-24,1553385600,0.4563
2019-03-25,1553472000,0.4696
2019-03-26,1553558400,0.4636
2019-03-27,1553644800,0.4587
2019-03-28,1553731200,0.4882
2019-03-29,1553817600,0.3842
2019-03-30,1553904000,0.3877
2019-03-31,1553990400,0.3741
2019-04-01,1554076800,0.4210
2019-04-02,1554163200,0.4452
2019-04-03,1554249600,0.4477
2019-04-04,1554336000,0.4738
2019-04-05,1554422400,0.4724
2019-04-06,1554508800,0.4685
2019-04-07,1554595200,0.4897
2019-04-08,1554681600,0.4884
2019-04-09,1554768000,0.5067
2019-04-10,1554854400,0.5095
2019-04-11,1554940800,0.5271
2019-04-12,1555027200,0.5334
2019-04-13,1555113600,0.5767
2019-04-14,1555200000,0.5709
2019-04-15,1555286400,0.5755
2019-04-16,1555372800,0.5918
2019-04-17,1555459200,0.5946
2019-04-18,1555545600,0.6321
2019-04-19,1555632000,0.6216
2019-04-20,1555718400,0.6275
2019-04-21,1555804800,0.6548
2019-04-22,1555891200,0.6713
2019-04-23,1555977600,0.7296
2019-04-24,1556064000,0.7258
2019-04-25,1556150400,0.7641
2019-04-26,1556236800,0.7698
2019-04-27,1556323200,0.7423
2019-04-28,1556409600,0.7681
2019-04-29,1556496000,0.7671
2019-04-30,1556582400,0.8344
2019-05-01,1556668800,0.8029
2019-05-02,1556755200,0.7785
2019-05-03,1556841600,0.7767
2019-05-04,1556928000,0.7541
2019-05-05,1557014400,0.7727
2019-05-06,1557100800,0.7984
2019-05-07,1557187200,0.7957
2019-05-08,1557273600,0.8238
2019-05-09,1557360000,0.8575
2019-05-10,1557446400,0.8932
2019-05-11,1557532800,0.8965
2019-05-12,1557619200,0.9603
2019-05-13,1557705600,1.0854
2019-05-14,1557792000,1.1560
2019-05-15,1557878400,1.1908
2019-05-16,1557964800,1.2083
2019-05-17,1558051200,1.2115
2019-05-18,1558137600,1.2009
2019-05-19,1558224000,1.2437
2019-05-20,1558310400,1.2789
2019-05-21,1558396800,1.3005
2019-05-22,1558483200,1.3111
2019-05-23,1558569600,1.2711
2019-05-24,1558656000,1.2845
2019-05-25,1558742400,1.2711
2019-05-26,1558828800,1.2984
2019-05-27,1558915200,1.3284
2019-05-28,1559001600,1.4539
2019-05-29,1559088000,1.4675
2019-05-30,1559174400,1.4177
2019-05-31,1559260800,1.4208
2019-06-01,1559347200,1.4221
2019-06-02,1559433600,1.4973
2019-06-03,1559520000,1.5895
2019-06-04,1559606400,1.6813
2019-06-05,1559692800,1.6763
2019-06-06,1559779200,1.6714
2019-06-07,1559865600,1.6464
2019-06-08,1559952000,1.6113
2019-06-09,1560038400,1.6022
2019-06-10,1560124800,1.5971
2019-06-11,1560211200,1.5462
2019-06-12,1560297600,1.3888
2019-06-13,1560384000,1.4101
2019-06-14,1560470400,1.3795
2019-06-15,1560556800,1.3919
2019-06-16,1560643200,1.4142
2019-06-17,1560729600,1.4157
2019-06-18,1560816000,1.4362
2019-06-19,1560902400,1.4170
2019-06-20,1560988800,1.4262
2019-06-21,1561075200,1.4642
2019-06-22,1561161600,1.4768
2019-06-23,1561248000,1.4991
2019-06-24,1561334400,1.5630
2019-06-25,1561420800,1.6848
2019-06-26,1561507200,1.7552
2019-06-27,1561593600,1.7475
2019-06-28,1561680000,1.7711
2019-06-29,1561766400,1.8820
2019-06-30,1561852800,1.8959
2019-07-01,1561939200,1.9278
2019-07-02,1562025600,1.8946
2019-07-03,1562112000,1.8742
2019-07-04,1562198400,1.7975
2019-07-05,1562284800,1.7834
2019-07-06,1562371200,1.7837
2019-07-07,1562457600,1.8165
2019-07-08,1562544000,1.8418
2019-07-09,1562630400,1.8728
2019-07-10,1562716800,1.9063
2019-07-11,1562803200,1.9150
2019-07-12,1562889600,1.9191
2019-07-13,1562976000,1.8334
2019-07-14,1563062400,1.8452
2019-07-15,1563148800,1.8466
2019-07-16,1563235200,1.8868
2019-07-17,1563321600,1.9074
2019-07-18,1563408000,1.9042
2019-07-19,1563494400,1.9202
2019-07-20,1563580800,1.8890
2019-07-21,1563667200,1.8455
2019-07-22,1563753600,1.8254
2019-07-23,1563840000,1.9417
2019-07-24,1563926400,1.8879
2019-07-25,1564012800,1.7493
2019-07-26,1564099200,1.6583
2019-07-27,1564185600,1.5100
2019-07-28,1564272000,2.2919
2019-07-29,1564358400,2.1726
2019-07-30,1564444800,2.1631
2019-07-31,1564531200,2.1471
2019-08-01,1564617600,2.1126
2019-08-02,1564704000,2.0405
2019-08-03,1564790400,2.0276
2019-08-04,1564876800,2.1305
2019-08-05,1564963200,2.1889
2019-08-06,1565049600,2.1856
2019-08-07,1565136000,2.1810
2019-08-08,1565222400,2.1286
2019-08-09,1565308800,2.0909
2019-08-10,1565395200,2.0809
2019-08-11,1565481600,2.0842
2019-08-12,1565568000,2.1070
2019-08-13,1565654400,2.1137
2019-08-14,1565740800,2.0981
2019-08-15,1565827200,2.0391
2019-08-16,1565913600,2.0076
2019-08-17,1566000000,1.9464
2019-08-18,1566086400,1.9339
2019-08-19,1566172800,1.9364
2019-08-20,1566259200,1.9429
2019-08-21,1566345600,1.9484
2019-08-22,1566432000,1.8389
2019-08-23,1566518400,1.8145
2019-08-24,1566604800,1.8145
2019-08-25,1566691200,1.8228
2019-08-26,1566777600,1.8627
2019-08-27,1566864000,0.9451
2019-08-28,1566950400,0.9438
2019-08-29,1567036800,0.9425
2019-08-30,1567123200,0.9166
2019-08-31,1567209600,0.9125
2019-09-01,1567296000,0.9236
2019-09-02,1567382400,0.9175
2019-09-03,1567468800,0.8081
2019-09-04,1567555200,0.7545
2019-09-05,1567641600,1.0256
2019-09-06,1567728000,0.9890
2019-09-07,1567814400,0.9820
2019-09-08,1567900800,0.9907
2019-09-09,1567987200,0.9762
2019-09-10,1568073600,1.0184
2019-09-11,1568160000,1.0031
2019-09-12,1568246400,0.9904
2019-09-13,1568332800,0.9873
2019-09-14,1568419200,0.9875
2019-09-15,1568505600,0.9908
2019-09-16,1568592000,1.0071
2019-09-17,1568678400,1.0284
2019-09-18,1568764800,1.0183
2019-09-19,1568851200,1.0178
2019-09-20,1568937600,1.0181
2019-09-21,1569024000,0.9592
2019-09-22,1569110400,0.9684
2019-09-23,1569196800,1.0448
2019-09-24,1569283200,1.0548
2019-09-25,1569369600,1.0401
2019-09-26,1569456000,1.0424
2019-09-27,1569542400,1.0422
2019-09-28,1569628800,1.0394
2019-09-29,1569715200,1.0527
2019-09-30,1569801600,1.0533
2019-10-01,1569888000,1.0444
2019-10-02,1569974400,1.0300
2019-10-03,1570060800,1.0133
2019-10-04,1570147200,0.9844
2019-10-05,1570233600,0.6582
2019-10-06,1570320000,0.6668
2019-10-07,1570406400,0.6884
2019-10-08,1570492800,0.6709
2019-10-09,1570579200,0.6691
2019-10-10,1570665600,0.6183
2019-10-11,1570752000,0.6036
2019-10-12,1570838400,0.5912
2019-10-13,1570924800,0.7951
2019-10-14,1571011200,0.8197
2019-10-15,1571097600,0.8237
2019-10-16,1571184000,0.8215
2019-10-17,1571270400,0.7957
2019-10-18,1571356800,0.7889
2019-10-19,1571443200,0.7800
2019-10-20,1571529600,0.8601
2019-10-21,1571616000,0.8658
2019-10-22,1571702400,0.8608
2019-10-23,1571788800,0.7851
2019-10-24,1571875200,0.7910
2019-10-25,1571961600,0.7869
2019-10-26,1572048000,0.7818
2019-10-27,1572134400,0.8098
2019-10-28,1572220800,0.8334
2019-10-29,1572307200,0.8280
2019-10-30,1572393600,0.8572
2019-10-31,1572480000,0.9535
2019-11-01,1572566400,0.9582
2019-11-02,1572652800,0.9579
2019-11-03,1572739200,0.9674
2019-11-04,1572825600,1.0544
2019-11-05,1572912000,1.0946
2019-11-06,1572998400,1.0937
2019-11-07,1573084800,1.0992
2019-11-08,1573171200,1.0964
2019-11-09,1573257600,1.0870
2019-11-10,1573344000,1.0929
2019-11-11,1573430400,1.1053
2019-11-12,1573516800,0.9876
2019-11-13,1573603200,0.9603
2019-11-14,1573689600,0.9715
2019-11-15,1573776000,0.9552
2019-11-16,1573862400,0.9350
2019-11-17,1573948800,0.9647
2019-11-18,1574035200,0.9713
2019-11-19,1574121600,0.8898
2019-11-20,1574208000,0.9006
2019-11-21,1574294400,0.9415
2019-11-22,1574380800,0.9493
2019-11-23,1574467200,0.9639
2019-11-24,1574553600,0.9690
2019-11-25,1574640000,0.9737
2019-11-26,1574726400,0.9584
2019-11-27,1574812800,0.9340
2019-11-28,1574899200,0.9353
2019-11-29,1574985600,0.9235
2019-11-30,1575072000,0.8248
2019-12-01,1575158400,0.8248
2019-12-02,1575244800,0.8454
2019-12-03,1575331200,0.8985
2019-12-04,1575417600,0.8083
2019-12-05,1575504000,0.7610
2019-12-06,1575590400,0.7309
2019-12-07,1575676800,0.7203
2019-12-08,1575763200,0.7244
2019-12-09,1575849600,0.7287
2019-12-10,1575936000,0.7308
2019-12-11,1576022400,0.7273
2019-12-12,1576108800,0.6210
2019-12-13,1576195200,0.6184
2019-12-14,1576281600,0.6047
2019-12-15,1576368000,0.6142
2019-12-16,1576454400,0.6257
2019-12-17,1576540800,0.6207
2019-12-18,1576627200,0.6226
2019-12-19,1576713600,0.6682
2019-12-20,1576800000,0.6537
2019-12-21,1576886400,0.5971
2019-12-22,1576972800,0.5762
2019-12-23,1577059200,0.5332
2019-12-24,1577145600,0.5348
2019-12-25,1577232000,0.5503
2019-12-26,1577318400,0.5328
2019-12-27,1577404800,0.5354
2019-12-28,1577491200,0.5319
2019-12-29,1577577600,0.5388
2019-12-30,1577664000,0.5435
2019-12-31,1577750400,0.5322
2020-01-01,1577836800,0.5301
2020-01-02,1577923200,0.5145
2020-01-03,1578009600,0.5150
2020-01-04,1578096000,0.5032
2020-01-05,1578182400,0.5114
2020-01-06,1578268800,0.5241
2020-01-07,1578355200,0.5295
2020-01-08,1578441600,0.5427
2020-01-09,1578528000,0.5430
2020-01-10,1578614400,0.5384
2020-01-11,1578700800,0.5364
2020-01-12,1578787200,0.5410
2020-01-13,1578873600,0.5983
2020-01-14,1578960000,0.6362
2020-01-15,1579046400,0.6563
2020-01-16,1579132800,0.6304
2020-01-17,1579219200,0.6225
2020-01-18,1579305600,0.5773
2020-01-19,1579392000,0.5807
2020-01-20,1579478400,0.5900
2020-01-21,1579564800,0.5937
2020-01-22,1579651200,0.6129
2020-01-23,1579737600,0.6169
2020-01-24,1579824000,0.5885
2020-01-25,1579910400,0.5845
2020-01-26,1579996800,0.5902
2020-01-27,1580083200,0.6004
2020-01-28,1580169600,0.6330
2020-01-29,1580256000,0.6417
2020-01-30,1580342400,0.6775
2020-01-31,1580428800,0.6719
2020-02-01,1580515200,0.6945
2020-02-02,1580601600,0.8620
2020-02-03,1580688000,0.8774
2020-02-04,1580774400,0.8846
2020-02-05,1580860800,0.9403
2020-02-06,1580947200,1.0943
2020-02-07,1581033600,1.1032
2020-02-08,1581120000,1.1096
2020-02-09,1581206400,1.1914
2020-02-10,1581292800,1.2109
2020-02-11,1581379200,1.2190
2020-02-12,1581465600,1.1920
2020-02-13,1581552000,1.1726
2020-02-14,1581638400,1.1559
2020-02-15,1581724800,1.1540
2020-02-16,1581811200,1.1579
2020-02-17,1581897600,1.1676
2020-02-18,1581984000,1.1936
2020-02-19,1582070400,1.2261
2020-02-20,1582156800,1.2285
2020-02-21,1582243200,1.2033
2020-02-22,1582329600,1.1778
2020-02-23,1582416000,1.1800
2020-02-24,1582502400,1.2330
2020-02-25,1582588800,1.2371
2020-02-26,1582675200,1.2332
2020-02-27,1582761600,1.2042
2020-02-28,1582848000,1.1994
2020-02-29,1582934400,1.1752
2020-03-01,1583020800,1.2050
2020-03-02,1583107200,1.2238
2020-03-03,1583193600,1.0644
2020-03-04,1583280000,1.0655
2020-03-05,1583366400,1.0624
2020-03-06,1583452800,0.9960
2020-03-07,1583539200,0.8283
2020-03-08,1583625600,0.8368
2020-03-09,1583712000,0.8349
2020-03-10,1583798400,0.8302
2020-03-11,1583884800,0.8561
2020-03-12,1583971200,0.8887
2020-03-13,1584057600,0.8737
2020-03-14,1584144000,0.8642
2020-03-15,1584230400,0.8694
2020-03-16,1584316800,0.8863
2020-03-17,1584403200,0.8805
2020-03-18,1584489600,0.8713
2020-03-19,1584576000,0.8460
2020-03-20,1584662400,0.8045
2020-03-21,1584748800,0.7917
2020-03-22,1584835200,0.7977
2020-03-23,1584921600,0.7962
2020-03-24,1585008000,0.8068
2020-03-25,1585094400,0.7567
2020-03-26,1585180800,0.7519
2020-03-27,1585267200,0.7459
2020-03-28,1585353600,0.7326
2020-03-29,1585440000,0.7288
2020-03-30,1585526400,0.7232
2020-03-31,1585612800,0.6963
2020-04-01,1585699200,0.6559
2020-04-02,1585785600,0.6425
2020-04-03,1585872000,0.6253
2020-04-04,1585958400,0.6129
2020-04-05,1586044800,0.6167
2020-04-06,1586131200,0.6283
2020-04-07,1586217600,0.5953
2020-04-08,1586304000,0.5889
2020-04-09,1586390400,0.5216
2020-04-10,1586476800,0.4682
2020-04-11,1586563200,0.4135
2020-04-12,1586649600,0.3996
2020-04-13,1586736000,0.3958
2020-04-14,1586822400,0.3805
2020-04-15,1586908800,0.3690
2020-04-16,1586995200,0.3735
2020-04-17,1587081600,0.3629
2020-04-18,1587168000,0.3622
2020-04-19,1587254400,0.3669
2020-04-20,1587340800,0.3695
2020-04-21,1587427200,0.3664
2020-04-22,1587513600,0.3753
2020-04-23,1587600000,0.3629
2020-04-24,1587686400,0.3567
2020-04-25,1587772800,0.3523
2020-04-26,1587859200,0.3639
2020-04-27,1587945600,0.3644
2020-04-28,1588032000,0.4129
2020-04-29,1588118400,0.4362
2020-04-30,1588204800,0.4357
2020-05-01,1588291200,0.4306
2020-05-02,1588377600,0.4396
2020-05-03,1588464000,0.4451
2020-05-04,1588550400,0.4556
2020-05-05,1588636800,0.4860
2020-05-06,1588723200,0.5417
2020-05-07,1588809600,0.5829
2020-05-08,1588896000,0.5944
2020-05-09,1588982400,0.5854
2020-05-10,1589068800,0.6150
2020-05-11,1589155200,0.6271
2020-05-12,1589241600,0.6395
2020-05-13,1589328000,0.6544
2020-05-14,1589414400,0.6671
2020-05-15,1589500800,0.6654
2020-05-16,1589587200,0.6623
2020-05-17,1589673600,0.6781
2020-05-18,1589760000,0.6797
2020-05-19,1589846400,0.6878
2020-05-20,1589932800,0.7023
2020-05-21,1590019200,0.7042
2020-05-22,1590105600,0.6950
2020-05-23,1590192000,0.6909
2020-05-24,1590278400,0.6925
2020-05-25,1590364800,0.6961
2020-05-26,1590451200,0.6925
2020-05-27,1590537600,0.7111
2020-05-28,1590624000,0.6693
2020-05-29,1590710400,0.6496
2020-05-30,1590796800,0.6567
2020-05-31,1590883200,0.7176
2020-06-01,1590969600,0.7337
2020-06-02,1591056000,0.7427
2020-06-03,1591142400,0.7517
2020-06-04,1591228800,0.7250
2020-06-05,1591315200,0.6606
2020-06-06,1591401600,0.6226
2020-06-07,1591488000,0.6388
2020-06-08,1591574400,0.6425
2020-06-09,1591660800,0.6292
2020-06-10,1591747200,0.6317
2020-06-11,1591833600,0.6269
2020-06-12,1591920000,0.6173
2020-06-13,1592006400,0.6056
2020-06-14,1592092800,0.6088
2020-06-15,1592179200,0.6166
2020-06-16,1592265600,0.6080
2020-06-17,1592352000,0.6367
2020-06-18,1592438400,0.6323
2020-06-19,1592524800,0.6220
2020-06-20,1592611200,0.6228
2020-06-21,1592697600,0.6359
2020-06-22,1592784000,0.6583
2020-06-23,1592870400,0.7039
2020-06-24,1592956800,0.7098
2020-06-25,1593043200,0.7433
2020-06-26,1593129600,0.7431
2020-06-27,1593216000,0.7445
2020-06-28,1593302400,0.7591
2020-06-29,1593388800,0.7694
2020-06-30,1593475200,0.7116
2020-07-01,1593561600,0.6939
2020-07-02,1593648000,0.6939
2020-07-03,1593734400,0.6824
2020-07-04,1593820800,0.6705
2020-07-05,1593907200,0.6663
2020-07-06,1593993600,0.6765
2020-07-07,1594080000,0.6732
2020-07-08,1594166400,0.6721
2020-07-09,1594252800,0.6659
2020-07-10,1594339200,0.6582
2020-07-11,1594425600,0.6571
2020-07-12,1594512000,0.6689
2020-07-13,1594598400,0.6994
2020-07-14,1594684800,0.7251
2020-07-15,1594771200,0.7234
2020-07-16,1594857600,0.7283
2020-07-17,1594944000,0.6975
2020-07-18,1595030400,0.6964
2020-07-19,1595116800,0.6943
2020-07-20,1595203200,0.7063
2020-07-21,1595289600,0.7172
2020-07-22,1595376000,0.7220
2020-07-23,1595462400,0.6825
2020-07-24,1595548800,0.6866
2020-07-25,1595635200,0.6571
2020-07-26,1595721600,0.6955
2020-07-27,1595808000,0.8205
2020-07-28,1595894400,0.8393
2020-07-29,1595980800,0.8456
2020-07-30,1596067200,0.8868
2020-07-31,1596153600,0.9029
2020-08-01,1596240000,0.9208
2020-08-02,1596326400,0.9816
2020-08-03,1596412800,1.0229
2020-08-04,1596499200,1.0640
2020-08-05,1596585600,1.0996
2020-08-06,1596672000,1.1130
2020-08-07,1596758400,1.1240
2020-08-08,1596844800,1.1382
2020-08-09,1596931200,1.1584
2020-08-10,1597017600,1.2148
2020-08-11,1597104000,1.2462
2020-08-12,1597190400,1.2289
2020-08-13,1597276800,1.2194
2020-08-14,1597363200,1.2312
2020-08-15,1597449600,1.2361
2020-08-16,1597536000,1.3014
2020-08-17,1597622400,1.3157
2020-08-18,1597708800,1.3357
2020-08-19,1597795200,1.3404
2020-08-20,1597881600,1.3561
2020-08-21,1597968000,1.3494
2020-08-22,1598054400,1.3446
2020-08-23,1598140800,1.3521
2020-08-24,1598227200,1.3684
2020-08-25,1598313600,1.3535
2020-08-26,1598400000,1.2840
2020-08-27,1598486400,1.2935
2020-08-28,1598572800,1.2642
2020-08-29,1598659200,1.2228
2020-08-30,1598745600,1.2371
2020-08-31,1598832000,1.2764
2020-09-01,1598918400,1.2497
2020-09-02,1599004800,1.2613
2020-09-03,1599091200,1.2624
2020-09-04,1599177600,1.2608
2020-09-05,1599264000,1.2172
2020-09-06,1599350400,1.2084
2020-09-07,1599436800,1.1959
2020-09-08,1599523200,1.1963
2020-09-09,1599609600,1.1593
2020-09-10,1599696000,1.1366
2020-09-11,1599782400,1.1290
2020-09-12,1599868800,1.0974
2020-09-13,1599955200,1.0952
2020-09-14,1600041600,1.0980
2020-09-15,1600128000,1.0717
2020-09-16,1600214400,1.0828
2020-09-17,1600300800,1.0930
2020-09-18,1600387200,1.0986
2020-09-19,1600473600,1.0709
2020-09-20,1600560000,1.0781
2020-09-21,1600646400,1.0982
2020-09-22,1600732800,1.1048
2020-09-23,1600819200,1.1194
2020-09-24,1600905600,1.1126
2020-09-25,1600992000,1.1129
2020-09-26,1601078400,1.0809
2020-09-27,1601164800,1.0808
2020-09-28,1601251200,1.1312
2020-09-29,1601337600,1.1276
2020-09-30,1601424000,1.0671
2020-10-01,1601510400,1.0547
2020-10-02,1601596800,1.0148
2020-10-03,1601683200,0.9706
2020-10-04,1601769600,0.9653
2020-10-05,1601856000,0.9648
2020-10-06,1601942400,0.9887
2020-10-07,1602028800,1.0025
2020-10-08,1602115200,1.0098
2020-10-09,1602201600,0.9957
2020-10-10,1602288000,0.9875
2020-10-11,1602374400,1.0066
2020-10-12,1602460800,1.0339
2020-10-13,1602547200,1.0602
2020-10-14,1602633600,1.0703
2020-10-15,1602720000,1.0299
2020-10-16,1602806400,1.0055
2020-10-17,1602892800,0.9738
2020-10-18,1602979200,1.0507
2020-10-19,1603065600,1.0621
2020-10-20,1603152000,1.0847
2020-10-21,1603238400,1.1909
2020-10-22,1603324800,1.3985
2020-10-23,1603411200,1.4049
2020-10-24,1603497600,1.3973
2020-10-25,1603584000,1.3996
2020-10-26,1603670400,1.4404
2020-10-27,1603756800,1.4833
2020-10-28,1603843200,1.4705
2020-10-29,1603929600,1.4612
2020-10-30,1604016000,1.4883
2020-10-31,1604102400,1.4997
2020-11-01,1604188800,1.5826
2020-11-02,1604275200,2.2209
2020-11-03,1604361600,2.2687
2020-11-04,1604448000,2.3801
2020-11-05,1604534400,2.4203
2020-11-06,1604620800,2.4376
2020-11-07,1604707200,2.4654
2020-11-08,1604793600,2.5051
2020-11-09,1604880000,2.5251
2020-11-10,1604966400,2.5446
2020-11-11,1605052800,2.6244
2020-11-12,1605139200,2.6491
2020-11-13,1605225600,2.6613
2020-11-14,1605312000,2.6707
2020-11-15,1605398400,2.7093
2020-11-16,1605484800,2.7914
2020-11-17,1605571200,2.8018
2020-11-18,1605657600,2.8282
2020-11-19,1605744000,2.9193
2020-11-20,1605830400,2.8824
2020-11-21,1605916800,2.7180
2020-11-22,1606003200,2.7244
2020-11-23,1606089600,2.8112
2020-11-24,1606176000,2.8497
2020-11-25,1606262400,2.9513
2020-11-26,1606348800,2.9783
2020-11-27,1606435200,2.9484
2020-11-28,1606521600,2.9565
2020-11-29,1606608000,3.0280
2020-11-30,1606694400,3.0804
2020-12-01,1606780800,3.0708
2020-12-02,1606867200,2.5207
2020-12-03,1606953600,2.5369
2020-12-04,1607040000,2.4424
2020-12-05,1607126400,2.3948
2020-12-06,1607212800,2.4096
2020-12-07,1607299200,2.4055
2020-12-08,1607385600,2.4042
2020-12-09,1607472000,2.4279
2020-12-10,1607558400,2.4895
2020-12-11,1607644800,2.4870
2020-12-12,1607731200,2.5447
2020-12-13,1607817600,2.5525
2020-12-14,1607904000,2.5841
2020-12-15,1607990400,2.6417
2020-12-16,1608076800,2.6745
2020-12-17,1608163200,2.6905
2020-12-18,1608249600,2.7037
2020-12-19,1608336000,2.6648
2020-12-20,1608422400,2.6495
2020-12-21,1608508800,2.7861
2020-12-22,1608595200,2.8526
2020-12-23,1608681600,2.8163
2020-12-24,1608768000,2.7918
2020-12-25,1608854400,2.6990
2020-12-26,1608940800,2.7178
2020-12-27,1609027200,2.9537
2020-12-28,1609113600,3.0246
2020-12-29,1609200000,2.9878
2020-12-30,1609286400,2.9772
2020-12-31,1609372800,3.0098
2021-01-01,1609459200,3.1870
2021-01-02,1609545600,3.2910
2021-01-03,1609632000,3.4941
2021-01-04,1609718400,3.5604
2021-01-05,1609804800,3.6192
2021-01-06,1609891200,3.7492
2021-01-07,1609977600,3.8554
2021-01-08,1610064000,3.9292
2021-01-09,1610150400,3.9191
2021-01-10,1610236800,3.9520
2021-01-11,1610323200,3.9005
2021-01-12,1610409600,3.9281
2021-01-13,1610496000,3.9481
2021-01-14,1610582400,3.9330
2021-01-15,1610668800,3.8718
2021-01-16,1610755200,3.7885
2021-01-17,1610841600,3.7844
2021-01-18,1610928000,3.7487
2021-01-19,1611014400,3.7281
2021-01-20,1611100800,3.6030
2021-01-21,1611187200,3.5427
2021-01-22,1611273600,3.5041
2021-01-23,1611360000,3.4978
2021-01-24,1611446400,3.4737
2021-01-25,1611532800,3.4053
2021-01-26,1611619200,3.2808
2021-01-27,1611705600,3.2359
2021-01-28,1611792000,3.2376
2021-01-29,1611878400,3.1975
2021-01-30,1611964800,3.1612
2021-01-31,1612051200,2.9265
2021-02-01,1612137600,2.8039
2021-02-02,1612224000,2.5920
2021-02-03,1612310400,2.5500
2021-02-04,1612396800,2.5086
2021-02-05,1612483200,2.3493
2021-02-06,1612569600,2.2781
2021-02-07,1612656000,2.2141
2021-02-08,1612742400,2.2404
2021-02-09,1612828800,2.2018
2021-02-10,1612915200,2.2028
2021-02-11,1613001600,2.2064
2021-02-12,1613088000,2.1649
2021-02-13,1613174400,2.1291
2021-02-14,1613260800,2.1528
2021-02-15,1613347200,2.1895
2021-02-16,1613433600,2.2150
2021-02-17,1613520000,2.2650
2021-02-18,1613606400,2.3545
2021-02-19,1613692800,2.4313
2021-02-20,1613779200,2.4646
2021-02-21,1613865600,2.5190
2021-02-22,1613952000,2.6523
2021-02-23,1614038400,2.7608
2021-02-24,1614124800,2.8096
2021-02-25,1614211200,2.7537
2021-02-26,1614297600,2.7437
2021-02-27,1614384000,2.7158
2021-02-28,1614470400,2.7120
2021-03-01,1614556800,2.7189
2021-03-02,1614643200,2.7297
2021-03-03,1614729600,2.7401
2021-03-04,1614816000,2.7662
2021-03-05,1614902400,2.7302
2021-03-06,1614988800,2.6660
2021-03-07,1615075200,2.7219
2021-03-08,1615161600,2.6549
2021-03-09,1615248000,2.6097
2021-03-10,1615334400,2.6687
2021-03-11,1615420800,2.6744
2021-03-12,1615507200,2.6611
2021-03-13,1615593600,2.6788
2021-03-14,1615680000,2.6907
2021-03-15,1615766400,2.7153
2021-03-16,1615852800,2.7101
2021-03-17,1615939200,2.6629
2021-03-18,1616025600,2.6066
2021-03-19,1616112000,2.5581
2021-03-20,1616198400,2.4575
2021-03-21,1616284800,2.3986
2021-03-22,1616371200,2.4091
2021-03-23,1616457600,2.3732
2021-03-24,1616544000,2.3099
2021-03-25,1616630400,2.2056
2021-03-26,1616716800,2.1770
2021-03-27,1616803200,2.1201
2021-03-28,1616889600,2.1070
2021-03-29,1616976000,2.1112
2021-03-30,1617062400,2.1403
2021-03-31,1617148800,2.1827
2021-04-01,1617235200,2.2407
2021-04-02,1617321600,2.2143
2021-04-03,1617408000,2.1627
2021-04-04,1617494400,2.1672
2021-04-05,1617580800,2.3084
2021-04-06,1617667200,2.2388
2021-04-07,1617753600,2.2323
2021-04-08,1617840000,2.2271
2021-04-09,1617926400,2.0746
2021-04-10,1618012800,2.0527
2021-04-11,1618099200,2.0772
2021-04-12,1618185600,2.0440
2021-04-13,1618272000,2.1425
2021-04-14,1618358400,2.1720
2021-04-15,1618444800,2.1337
2021-04-16,1618531200,2.1402
2021-04-17,1618617600,2.2322
2021-04-18,1618704000,2.1881
2021-04-19,1618790400,2.2083
2021-04-20,1618876800,2.1747
2021-04-21,1618963200,2.1233
2021-04-22,1619049600,2.1367
2021-04-23,1619136000,2.1079
2021-04-24,1619222400,2.1019
2021-04-25,1619308800,2.0910
2021-04-26,1619395200,2.1465
2021-04-27,1619481600,2.1527
2021-04-28,1619568000,2.1581
2021-04-29,1619654400,2.1650
2021-04-30,1619740800,2.0604
2021-05-01,1619827200,1.9880
2021-05-02,1619913600,2.0124
2021-05-03,1620000000,2.0294
2021-05-04,1620086400,2.0295
2021-05-05,1620172800,1.8978
2021-05-06,1620259200,1.9533
2021-05-07,1620345600,1.9395
2021-05-08,1620432000,1.9318
2021-05-09,1620518400,1.9225
2021-05-10,1620604800,1.8885
2021-05-11,1620691200,1.8688
2021-05-12,1620777600,1.8614
2021-05-13,1620864000,1.7365
2021-05-14,1620950400,1.6419
2021-05-15,1621036800,1.6376
2021-05-16,1621123200,1.6215
2021-05-17,1621209600,1.5226
2021-05-18,1621296000,1.5729
2021-05-19,1621382400,1.5624
2021-05-20,1621468800,1.5645
2021-05-21,1621555200,1.5305
2021-05-22,1621641600,1.4967
2021-05-23,1621728000,1.4842
2021-05-24,1621814400,1.4606
2021-05-25,1621900800,1.4361
2021-05-26,1621987200,1.3493
2021-05-27,1622073600,1.3193
2021-05-28,1622160000,1.2668
2021-05-29,1622246400,1.2328
2021-05-30,1622332800,1.2171
2021-05-31,1622419200,1.2482
2021-06-01,1622505600,1.2196
2021-06-02,1622592000,1.2157
2021-06-03,1622678400,1.1877
2021-06-04,1622764800,1.1545
2021-06-05,1622851200,1.0661
2021-06-06,1622937600,1.0548
2021-06-07,1623024000,1.0387
2021-06-08,1623110400,1.0154
2021-06-09,1623196800,1.0015
2021-06-10,1623283200,0.9608
2021-06-11,1623369600,0.8961
2021-06-12,1623456000,0.8703
2021-06-13,1623542400,0.8618
2021-06-14,1623628800,0.8510
2021-06-15,1623715200,0.8340
2021-06-16,1623801600,0.8072
2021-06-17,1623888000,0.7402
2021-06-18,1623974400,0.6932
2021-06-19,1624060800,0.6651
2021-06-20,1624147200,0.6654
2021-06-21,1624233600,0.6487
2021-06-22,1624320000,0.6043
2021-06-23,1624406400,0.5997
2021-06-24,1624492800,0.6140
2021-06-25,1624579200,0.6078
2021-06-26,1624665600,0.6047
2021-06-27,1624752000,0.6086
2021-06-28,1624838400,0.5649
2021-06-29,1624924800,0.5659
2021-06-30,1625011200,0.5170
2021-07-01,1625097600,0.5180
2021-07-02,1625184000,0.4783
2021-07-03,1625270400,0.4748
2021-07-04,1625356800,0.4781
2021-07-05,1625443200,0.4759
2021-07-06,1625529600,0.4718
2021-07-07,1625616000,0.4557
2021-07-08,1625702400,0.4499
2021-07-09,1625788800,0.4294
2021-07-10,1625875200,0.4045
2021-07-11,1625961600,0.4273
2021-07-12,1626048000,0.4243
2021-07-13,1626134400,0.4182
2021-07-14,1626220800,0.4122
2021-07-15,1626307200,0.4112
2021-07-16,1626393600,0.5577
2021-07-17,1626480000,0.5533
2021-07-18,1626566400,0.5592
2021-07-19,1626652800,0.5692
2021-07-20,1626739200,0.5652
2021-07-21,1626825600,0.5613
2021-07-22,1626912000,0.5452
2021-07-23,1626998400,0.5281
2021-07-24,1627084800,0.4926
2021-07-25,1627171200,0.5407
2021-07-26,1627257600,0.5871
2021-07-27,1627344000,0.6614
2021-07-28,1627430400,1.0015
2021-07-29,1627516800,1.0054
2021-07-30,1627603200,1.0025
2021-07-31,1627689600,0.9879
2021-08-01,1627776000,0.9929
2021-08-02,1627862400,0.9939
2021-08-03,1627948800,0.9919
2021-08-04,1628035200,0.9924
2021-08-05,1628121600,0.9986
2021-08-06,1628208000,1.0002
2021-08-07,1628294400,1.0026
2021-08-08,1628380800,1.0136
2021-08-09,1628467200,1.0178
2021-08-10,1628553600,1.0075
2021-08-11,1628640000,1.0115
2021-08-12,1628726400,1.0142
2021-08-13,1628812800,1.0398
2021-08-14,1628899200,1.0357
2021-08-15,1628985600,0.8937
2021-08-16,1629072000,0.9023
2021-08-17,1629158400,0.9142
2021-08-18,1629244800,0.9115
2021-08-19,1629331200,0.9142
2021-08-20,1629417600,0.9210
2021-08-21,1629504000,0.9213
2021-08-22,1629590400,0.9478
2021-08-23,1629676800,0.9528
2021-08-24,1629763200,0.9842
2021-08-25,1629849600,0.9638
2021-08-26,1629936000,0.8913
2021-08-27,1630022400,0.5428
2021-08-28,1630108800,0.5383
2021-08-29,1630195200,0.5482
2021-08-30,1630281600,0.5641
2021-08-31,1630368000,0.5733
2021-09-01,1630454400,0.5812
2021-09-02,1630540800,0.5904
2021-09-03,1630627200,0.5933
2021-09-04,1630713600,0.5824
2021-09-05,1630800000,0.5883
2021-09-06,1630886400,0.5896
2021-09-07,1630972800,0.5880
2021-09-08,1631059200,0.6133
2021-09-09,1631145600,0.6252
2021-09-10,1631232000,0.6234
2021-09-11,1631318400,0.6190
2021-09-12,1631404800,0.5898
2021-09-13,1631491200,0.6158
2021-09-14,1631577600,0.6323
2021-09-15,1631664000,0.6506
2021-09-16,1631750400,0.6405
2021-09-17,1631836800,0.6361
2021-09-18,1631923200,0.6333
2021-09-19,1632009600,0.6299
2021-09-20,1632096000,0.6251
2021-09-21,1632182400,0.6108
2021-09-22,1632268800,0.6116
2021-09-23,1632355200,0.5353
2021-09-24,1632441600,0.5047
2021-09-25,1632528000,0.6604
2021-09-26,1632614400,0.6704
2021-09-27,1632700800,0.6752
2021-09-28,1632787200,0.6707
2021-09-29,1632873600,0.6736
2021-09-30,1632960000,0.6719
2021-10-01,1633046400,0.6675
2021-10-02,1633132800,0.6602
2021-10-03,1633219200,0.6678
2021-10-04,1633305600,0.6825
2021-10-05,1633392000,0.6989
2021-10-06,1633478400,0.7109
2021-10-07,1633564800,0.7155
2021-10-08,1633651200,0.6939
2021-10-09,1633737600,0.6989
2021-10-10,1633824000,0.7127
2021-10-11,1633910400,0.7601
2021-10-12,1633996800,0.7694
2021-10-13,1634083200,0.7605
2021-10-14,1634169600,0.7618
2021-10-15,1634256000,0.7627
2021-10-16,1634342400,0.7629
2021-10-17,1634428800,0.7956
2021-10-18,1634515200,0.8810
2021-10-19,1634601600,0.9192
2021-10-20,1634688000,0.9519
2021-10-21,1634774400,0.9799
2021-10-22,1634860800,0.9873
2021-10-23,1634947200,1.0284
2021-10-24,1635033600,1.0678
2021-10-25,1635120000,0.9330
2021-10-26,1635206400,0.9299
2021-10-27,1635292800,0.9397
2021-10-28,1635379200,0.9515
2021-10-29,1635465600,0.9416
2021-10-30,1635552000,0.9822
2021-10-31,1635638400,1.0676
2021-11-01,1635724800,1.1180
2021-11-02,1635811200,1.1640
2021-11-03,1635897600,1.1587
2021-11-04,1635984000,1.1786
2021-11-05,1636070400,1.1683
2021-11-06,1636156800,1.1603
2021-11-07,1636243200,1.2016
2021-11-08,1636329600,1.2084
2021-11-09,1636416000,1.2561
2021-11-10,1636502400,1.2342
2021-11-11,1636588800,1.3252
2021-11-12,1636675200,1.3269
2021-11-13,1636761600,1.3115
2021-11-14,1636848000,1.3096
2021-11-15,1636934400,1.3589
2021-11-16,1637020800,1.3656
2021-11-17,1637107200,1.2923
2021-11-18,1637193600,1.2605
2021-11-19,1637280000,1.2404
2021-11-20,1637366400,1.2120
2021-11-21,1637452800,1.2234
2021-11-22,1637539200,1.1988
2021-11-23,1637625600,1.1769
2021-11-24,1637712000,1.2589
2021-11-25,1637798400,1.2735
2021-11-26,1637884800,1.2603
2021-11-27,1637971200,1.2515
2021-11-28,1638057600,1.2631
2021-11-29,1638144000,1.2317
2021-11-30,1638230400,1.1678
2021-12-01,1638316800,1.1264
2021-12-02,1638403200,1.0947
2021-12-03,1638489600,1.0970
2021-12-04,1638576000,1.0594
2021-12-05,1638662400,1.0669
2021-12-06,1638748800,1.1062
2021-12-07,1638835200,1.0673
2021-12-08,1638921600,1.0586
2021-12-09,1639008000,1.0021
2021-12-10,1639094400,0.9852
2021-12-11,1639180800,0.8742
2021-12-12,1639267200,0.8723
2021-12-13,1639353600,0.9036
2021-12-14,1639440000,0.8902
2021-12-15,1639526400,0.8486
2021-12-16,1639612800,0.8126
2021-12-17,1639699200,0.8070
2021-12-18,1639785600,0.7936
2021-12-19,1639872000,0.7923
2021-12-20,1639958400,0.7936
2021-12-21,1640044800,0.7895
2021-12-22,1640131200,0.7873
2021-12-23,1640217600,0.7758
2021-12-24,1640304000,0.6668
2021-12-25,1640390400,0.6530
2021-12-26,1640476800,0.6606
2021-12-27,1640563200,0.6614
2021-12-28,1640649600,0.6552
2021-12-29,1640736000,0.6651
2021-12-30,1640822400,0.6711
2021-12-31,1640908800,0.6660
2022-01-01,1640995200,0.6532
2022-01-02,1641081600,0.6521
2022-01-03,1641168000,0.6579
2022-01-04,1641254400,0.6515
2022-01-05,1641340800,0.6262
2022-01-06,1641427200,0.6267
2022-01-07,1641513600,0.6014
2022-01-08,1641600000,0.5927
2022-01-09,1641686400,0.5928
2022-01-10,1641772800,0.6001
2022-01-11,1641859200,0.5977
2022-01-12,1641945600,0.5562
2022-01-13,1642032000,0.5464
2022-01-14,1642118400,0.5259
2022-01-15,1642204800,0.5181
2022-01-16,1642291200,0.5196
2022-01-17,1642377600,0.5256
2022-01-18,1642464000,0.5300
2022-01-19,1642550400,0.5337
2022-01-20,1642636800,0.5291
2022-01-21,1642723200,0.5173
2022-01-22,1642809600,0.5253
2022-01-23,1642896000,0.5296
2022-01-24,1642982400,0.5359
2022-01-25,1643068800,0.5303
2022-01-26,1643155200,0.5373
2022-01-27,1643241600,0.5264
2022-01-28,1643328000,0.5021
2022-01-29,1643414400,0.4647
2022-01-30,1643500800,0.4608
2022-01-31,1643587200,0.8437
2022-02-01,1643673600,0.8339
2022-02-02,1643760000,0.8289
2022-02-03,1643846400,0.8188
2022-02-04,1643932800,0.8005
2022-02-05,1644019200,0.7958
2022-02-06,1644105600,0.8102
2022-02-07,1644192000,0.8205
2022-02-08,1644278400,0.8227
2022-02-09,1644364800,0.8391
2022-02-10,1644451200,0.8384
2022-02-11,1644537600,0.8390
2022-02-12,1644624000,0.8373
2022-02-13,1644710400,0.8429
2022-02-14,1644796800,0.8531
2022-02-15,1644883200,0.8511
2022-02-16,1644969600,0.8595
2022-02-17,1645056000,0.8516
2022-02-18,1645142400,0.8415
2022-02-19,1645228800,0.8386
2022-02-20,1645315200,0.8529
2022-02-21,1645401600,0.8473
2022-02-22,1645488000,0.8584
2022-02-23,1645574400,0.8503
2022-02-24,1645660800,0.8618
2022-02-25,1645747200,0.8535
2022-02-26,1645833600,0.8578
2022-02-27,1645920000,0.9624
2022-02-28,1646006400,0.9744
2022-03-01,1646092800,0.9934
2022-03-02,1646179200,0.5885
2022-03-03,1646265600,0.5983
2022-03-04,1646352000,0.5941
2022-03-05,1646438400,0.5937
2022-03-06,1646524800,0.6143
2022-03-07,1646611200,0.6271
2022-03-08,1646697600,0.6362
2022-03-09,1646784000,0.6378
2022-03-10,1646870400,0.7123
2022-03-11,1646956800,0.6973
2022-03-12,1647043200,0.6864
2022-03-13,1647129600,0.6959
2022-03-14,1647216000,0.7028
2022-03-15,1647302400,0.7282
2022-03-16,1647388800,0.7630
2022-03-17,1647475200,0.7613
2022-03-18,1647561600,0.7538
2022-03-19,1647648000,0.7511
2022-03-20,1647734400,0.7604
2022-03-21,1647820800,0.7604
2022-03-22,1647907200,0.7458
2022-03-23,1647993600,0.7499
2022-03-24,1648080000,0.8663
2022-03-25,1648166400,0.8708
2022-03-26,1648252800,0.8614
2022-03-27,1648339200,0.8789
2022-03-28,1648425600,0.9593
2022-03-29,1648512000,0.8411
2022-03-30,1648598400,0.8422
2022-03-31,1648684800,0.8399
2022-04-01,1648771200,0.8250
2022-04-02,1648857600,0.8205
2022-04-03,1648944000,0.8459
2022-04-04,1649030400,0.8598
2022-04-05,1649116800,0.8533
2022-04-06,1649203200,0.8445
2022-04-07,1649289600,0.8291
2022-04-08,1649376000,0.8193
2022-04-09,1649462400,0.7351
2022-04-10,1649548800,0.7403
2022-04-11,1649635200,0.7847
2022-04-12,1649721600,0.7905
2022-04-13,1649808000,0.8695
2022-04-14,1649894400,0.8473
2022-04-15,1649980800,0.7985
2022-04-16,1650067200,0.7962
2022-04-17,1650153600,0.7988
2022-04-18,1650240000,0.8102
2022-04-19,1650326400,0.8131
2022-04-20,1650412800,0.8932
2022-04-21,1650499200,0.9004
2022-04-22,1650585600,0.8982
2022-04-23,1650672000,0.7471
2022-04-24,1650758400,0.7461
2022-04-25,1650844800,0.7563
2022-04-26,1650931200,0.7421
2022-04-27,1651017600,0.6497
2022-04-28,1651104000,0.6577
2022-04-29,1651190400,0.6476
2022-04-30,1651276800,0.6378
2022-05-01,1651363200,0.6645
2022-05-02,1651449600,0.6821
2022-05-03,1651536000,0.6738
2022-05-04,1651622400,0.6713
2022-05-05,1651708800,0.6772
2022-05-06,1651795200,0.6744
2022-05-07,1651881600,0.6743
2022-05-08,1651968000,0.7049
2022-05-09,1652054400,0.7230
2022-05-10,1652140800,0.7558
2022-05-11,1652227200,0.7394
2022-05-12,1652313600,0.7786
2022-05-13,1652400000,0.7722
2022-05-14,1652486400,0.7719
2022-05-15,1652572800,0.7839
2022-05-16,1652659200,0.8016
2022-05-17,1652745600,0.8047
2022-05-18,1652832000,0.8193
2022-05-19,1652918400,0.8216
2022-05-20,1653004800,0.7250
2022-05-21,1653091200,0.7076
2022-05-22,1653177600,0.7115
2022-05-23,1653264000,0.7229
2022-05-24,1653350400,0.7228
2022-05-25,1653436800,0.7171
2022-05-26,1653523200,0.7275
2022-05-27,1653609600,0.7127
2022-05-28,1653696000,0.6993
2022-05-29,1653782400,0.7037
2022-05-30,1653868800,0.7184
2022-05-31,1653955200,0.7086
2022-06-01,1654041600,0.7167
2022-06-02,1654128000,0.7120
2022-06-03,1654214400,0.7068
2022-06-04,1654300800,0.6881
2022-06-05,1654387200,0.6944
2022-06-06,1654473600,0.7069
2022-06-07,1654560000,0.6847
2022-06-08,1654646400,0.6756
2022-06-09,1654732800,0.6465
2022-06-10,1654819200,0.6239
2022-06-11,1654905600,0.5779
2022-06-12,1654992000,0.5233
2022-06-13,1655078400,0.5510
2022-06-14,1655164800,0.5704
2022-06-15,1655251200,0.5625
2022-06-16,1655337600,0.6489
2022-06-17,1655424000,0.6402
2022-06-18,1655510400,0.6310
2022-06-19,1655596800,0.6336
2022-06-20,1655683200,0.6445
2022-06-21,1655769600,0.6455
2022-06-22,1655856000,0.6396
2022-06-23,1655942400,0.6410
2022-06-24,1656028800,0.6549
2022-06-25,1656115200,0.6356
2022-06-26,1656201600,0.6412
2022-06-27,1656288000,0.6452
2022-06-28,1656374400,0.6509
2022-06-29,1656460800,0.6418
2022-06-30,1656547200,0.6255
2022-07-01,1656633600,0.5893
2022-07-02,1656720000,0.5774
2022-07-03,1656806400,0.5657
2022-07-04,1656892800,0.5670
2022-07-05,1656979200,0.5675
2022-07-06,1657065600,0.5460
2022-07-07,1657152000,0.5398
2022-07-08,1657238400,0.5308
2022-07-09,1657324800,0.5120
2022-07-10,1657411200,0.5220
2022-07-11,1657497600,0.5168
2022-07-12,1657584000,0.4758
2022-07-13,1657670400,0.4519
2022-07-14,1657756800,0.4345
2022-07-15,1657843200,0.4240
2022-07-16,1657929600,0.3287
2022-07-17,1658016000,0.3159
2022-07-18,1658102400,0.3716
2022-07-19,1658188800,0.3779
2022-07-20,1658275200,0.4171
2022-07-21,1658361600,0.4190
2022-07-22,1658448000,0.4204
2022-07-23,1658534400,0.4109
2022-07-24,1658620800,0.3964
2022-07-25,1658707200,0.4047
2022-07-26,1658793600,0.4033
2022-07-27,1658880000,0.4001
2022-07-28,1658966400,0.4027
2022-07-29,1659052800,0.3864
2022-07-30,1659139200,0.3835
2022-07-31,1659225600,0.3838
2022-08-01,1659312000,0.3831
2022-08-02,1659398400,0.3861
2022-08-03,1659484800,0.3962
2022-08-04,1659571200,0.3877
2022-08-05,1659657600,0.3876
2022-08-06,1659744000,0.3838
2022-08-07,1659830400,0.3851
2022-08-08,1659916800,0.3988
2022-08-09,1660003200,0.3980
2022-08-10,1660089600,0.3981
2022-08-11,1660176000,0.4035
2022-08-12,1660262400,0.3961
2022-08-13,1660348800,0.3803
2022-08-14,1660435200,0.3832
2022-08-15,1660521600,0.3869
2022-08-16,1660608000,0.3856
2022-08-17,1660694400,0.3268
2022-08-18,1660780800,0.3231
2022-08-19,1660867200,0.2682
2022-08-20,1660953600,0.2554
2022-08-21,1661040000,0.2556
2022-08-22,1661126400,0.2596
2022-08-23,1661212800,0.2553
2022-08-24,1661299200,0.2540
2022-08-25,1661385600,0.2566
2022-08-26,1661472000,0.2556
2022-08-27,1661558400,0.2730
2022-08-28,1661644800,0.2970
2022-08-29,1661731200,0.3053
2022-08-30,1661817600,0.3057
2022-08-31,1661904000,0.3048
2022-09-01,1661990400,0.3069
2022-09-02,1662076800,0.2948
2022-09-03,1662163200,0.3153
2022-09-04,1662249600,0.3144
2022-09-05,1662336000,0.3239
2022-09-06,1662422400,0.3266
2022-09-07,1662508800,0.3158
2022-09-08,1662595200,0.2957
2022-09-09,1662681600,0.2934
2022-09-10,1662768000,0.2889
2022-09-11,1662854400,0.2922
2022-09-12,1662940800,0.3125
2022-09-13,1663027200,0.3177
2022-09-14,1663113600,0.3226
2022-09-15,1663200000,0.3188
2022-09-16,1663286400,0.3120
2022-09-17,1663372800,0.3017
2022-09-18,1663459200,0.3161
2022-09-19,1663545600,0.3223
2022-09-20,1663632000,0.3233
2022-09-21,1663718400,0.3224
2022-09-22,1663804800,0.3231
2022-09-23,1663891200,0.3196
2022-09-24,1663977600,0.3141
2022-09-25,1664064000,0.3217
2022-09-26,1664150400,0.3118
2022-09-27,1664236800,0.2909
2022-09-28,1664323200,0.2832
2022-09-29,1664409600,0.2909
2022-09-30,1664496000,0.2858
2022-10-01,1664582400,0.2795
2022-10-02,1664668800,0.2813
2022-10-03,1664755200,0.2628
2022-10-04,1664841600,0.2700
2022-10-05,1664928000,0.2618
2022-10-06,1665014400,0.2620
2022-10-07,1665100800,0.2632
2022-10-08,1665187200,0.2583
2022-10-09,1665273600,0.2611
2022-10-10,1665360000,0.2667
2022-10-11,1665446400,0.2754
2022-10-12,1665532800,0.2576
2022-10-13,1665619200,0.2540
2022-10-14,1665705600,0.2470
2022-10-15,1665792000,0.2478
2022-10-16,1665878400,0.2810
2022-10-17,1665964800,0.3657
2022-10-18,1666051200,0.3622
2022-10-19,1666137600,0.3609
2022-10-20,1666224000,0.3592
2022-10-21,1666310400,0.3753
2022-10-22,1666396800,0.3726
2022-10-23,1666483200,0.3802
2022-10-24,1666569600,0.3988
2022-10-25,1666656000,0.4261
2022-10-26,1666742400,0.4295
2022-10-27,1666828800,0.4290
2022-10-28,1666915200,0.4265
2022-10-29,1667001600,0.4182
2022-10-30,1667088000,0.4290
2022-10-31,1667174400,0.4442
2022-11-01,1667260800,0.4723
2022-11-02,1667347200,0.4806
2022-11-03,1667433600,0.5379
2022-11-04,1667520000,0.5499
2022-11-05,1667606400,0.5559
2022-11-06,1667692800,0.5852
2022-11-07,1667779200,0.6098
2022-11-08,1667865600,0.6417
2022-11-09,1667952000,0.6635
2022-11-10,1668038400,0.7197
2022-11-11,1668124800,0.7706
2022-11-12,1668211200,0.7716
2022-11-13,1668297600,0.7905
2022-11-14,1668384000,0.8100
2022-11-15,1668470400,0.8278
2022-11-16,1668556800,0.7610
2022-11-17,1668643200,0.8599
2022-11-18,1668729600,0.8632
2022-11-19,1668816000,0.8709
2022-11-20,1668902400,0.8659
2022-11-21,1668988800,0.8890
2022-11-22,1669075200,1.0103
2022-11-23,1669161600,1.0034
2022-11-24,1669248000,0.9946
2022-11-25,1669334400,0.9814
2022-11-26,1669420800,0.9788
2022-11-27,1669507200,0.9889
2022-11-28,1669593600,1.0002
2022-11-29,1669680000,1.0033
2022-11-30,1669766400,1.0174
2022-12-01,1669852800,0.9987
2022-12-02,1669939200,0.9913
2022-12-03,1670025600,0.9231
2022-12-04,1670112000,0.9323
2022-12-05,1670198400,0.9300
2022-12-06,1670284800,0.9039
2022-12-07,1670371200,0.8906
2022-12-08,1670457600,0.8724
2022-12-09,1670544000,0.8527
2022-12-10,1670630400,0.7813
2022-12-11,1670716800,0.7386
2022-12-12,1670803200,0.7530
2022-12-13,1670889600,0.7578
2022-12-14,1670976000,0.7451
2022-12-15,1671062400,0.7009
2022-12-16,1671148800,0.6798
2022-12-17,1671235200,0.5571
2022-12-18,1671321600,0.5738
2022-12-19,1671408000,0.5669
2022-12-20,1671494400,0.5591
2022-12-21,1671580800,0.5445
2022-12-22,1671667200,0.4123
2022-12-23,1671753600,0.4043
2022-12-24,1671840000,0.4055
2022-12-25,1671926400,0.4044
2022-12-26,1672012800,0.4074
2022-12-27,1672099200,0.4213
2022-12-28,1672185600,0.4309
2022-12-29,1672272000,0.4399
2022-12-30,1672358400,0.4521
2022-12-31,1672444800,0.4438
2023-01-01,1672531200,0.4476
2023-01-02,1672617600,0.4529
2023-01-03,1672704000,0.4380
2023-01-04,1672790400,0.4792
2023-01-05,1672876800,0.4911
2023-01-06,1672963200,0.4957
2023-01-07,1673049600,0.4825
2023-01-08,1673136000,0.4850
2023-01-09,1673222400,0.4996
2023-01-10,1673308800,0.5098
2023-01-11,1673395200,0.5064
2023-01-12,1673481600,0.4989
2023-01-13,1673568000,0.5007
2023-01-14,1673654400,0.4984
2023-01-15,1673740800,0.5242
2023-01-16,1673827200,0.5336
2023-01-17,1673913600,0.5319
2023-01-18,1674000000,0.5434
2023-01-19,1674086400,0.5470
2023-01-20,1674172800,0.5486
2023-01-21,1674259200,0.5395
2023-01-22,1674345600,0.5473
2023-01-23,1674432000,0.5519
2023-01-24,1674518400,0.5643
2023-01-25,1674604800,0.6288
2023-01-26,1674691200,0.6303
2023-01-27,1674777600,0.6139
2023-01-28,1674864000,0.6037
2023-01-29,1674950400,0.5799
2023-01-30,1675036800,0.5894
2023-01-31,1675123200,0.6555
2023-02-01,1675209600,0.6511
2023-02-02,1675296000,0.6569
2023-02-03,1675382400,0.6033
2023-02-04,1675468800,0.5927
2023-02-05,1675555200,0.5889
2023-02-06,1675641600,0.5929
2023-02-07,1675728000,0.5986
2023-02-08,1675814400,0.5919
2023-02-09,1675900800,0.5893
2023-02-10,1675987200,0.5829
2023-02-11,1676073600,0.5741
2023-02-12,1676160000,0.5742
2023-02-13,1676246400,0.5694
2023-02-14,1676332800,0.5467
2023-02-15,1676419200,0.5483
2023-02-16,1676505600,0.5379
2023-02-17,1676592000,0.5254
2023-02-18,1676678400,0.5223
2023-02-19,1676764800,0.5188
2023-02-20,1676851200,0.5290
2023-02-21,1676937600,0.5365
2023-02-22,1677024000,0.5342
2023-02-23,1677110400,0.5436
2023-02-24,1677196800,0.4686
2023-02-25,1677283200,0.4421
2023-02-26,1677369600,0.4617
2023-02-27,1677456000,0.5042
2023-02-28,1677542400,0.5348
2023-03-01,1677628800,0.5330
2023-03-02,1677715200,0.5201
2023-03-03,1677801600,0.5205
2023-03-04,1677888000,0.5253
2023-03-05,1677974400,0.5386
2023-03-06,1678060800,0.5984
2023-03-07,1678147200,0.6029
2023-03-08,1678233600,0.6152
2023-03-09,1678320000,0.6142
2023-03-10,1678406400,0.6232
2023-03-11,1678492800,0.6150
2023-03-12,1678579200,0.6425
2023-03-13,1678665600,0.6771
2023-03-14,1678752000,0.7014
2023-03-15,1678838400,0.7271
2023-03-16,1678924800,0.7455
2023-03-17,1679011200,0.7404
2023-03-18,1679097600,0.7432
2023-03-19,1679184000,0.7639
2023-03-20,1679270400,0.7773
2023-03-21,1679356800,0.8007
2023-03-22,1679443200,0.8259
2023-03-23,1679529600,0.8346
2023-03-24,1679616000,0.8601
2023-03-25,1679702400,0.8513
2023-03-26,1679788800,0.8808
2023-03-27,1679875200,0.8925
2023-03-28,1679961600,0.8982
2023-03-29,1680048000,1.1780
2023-03-30,1680134400,1.1893
2023-03-31,1680220800,1.1934
2023-04-01,1680307200,1.1875
2023-04-02,1680393600,1.2028
2023-04-03,1680480000,1.2136
2023-04-04,1680566400,1.2385
2023-04-05,1680652800,1.2006
2023-04-06,1680739200,1.2151
2023-04-07,1680825600,1.2034
2023-04-08,1680912000,1.1947
2023-04-09,1680998400,1.2058
2023-04-10,1681084800,1.2750
2023-04-11,1681171200,1.3152
2023-04-12,1681257600,1.3030
2023-04-13,1681344000,1.3343
2023-04-14,1681430400,1.3156
2023-04-15,1681516800,1.2942
2023-04-16,1681603200,1.3033
2023-04-17,1681689600,1.3090
2023-04-18,1681776000,1.3798
2023-04-19,1681862400,1.3729
2023-04-20,1681948800,1.3879
2023-04-21,1682035200,1.3566
2023-04-22,1682121600,1.3344
2023-04-23,1682208000,1.3409
2023-04-24,1682294400,1.3420
2023-04-25,1682380800,1.3240
2023-04-26,1682467200,1.3258
2023-04-27,1682553600,1.3333
2023-04-28,1682640000,1.0106
2023-04-29,1682726400,0.9596
2023-04-30,1682812800,0.9603
2023-05-01,1682899200,0.9759
2023-05-02,1682985600,1.0099
2023-05-03,1683072000,0.9958
2023-05-04,1683158400,0.9679
2023-05-05,1683244800,0.9380
2023-05-06,1683331200,1.0076
2023-05-07,1683417600,1.0336
2023-05-08,1683504000,1.0464
2023-05-09,1683590400,1.0472
2023-05-10,1683676800,0.9963
2023-05-11,1683763200,0.9511
2023-05-12,1683849600,0.9326
2023-05-13,1683936000,0.9216
2023-05-14,1684022400,1.0276
2023-05-15,1684108800,1.0519
2023-05-16,1684195200,1.0434
2023-05-17,1684281600,1.0354
2023-05-18,1684368000,0.9404
2023-05-19,1684454400,0.9338
2023-05-20,1684540800,0.9196
2023-05-21,1684627200,0.9816
2023-05-22,1684713600,0.9930
2023-05-23,1684800000,0.9963
2023-05-24,1684886400,1.1082
2023-05-25,1684972800,1.1173
2023-05-26,1685059200,1.1084
2023-05-27,1685145600,1.1030
2023-05-28,1685232000,1.0865
2023-05-29,1685318400,1.1186
2023-05-30,1685404800,1.1436
2023-05-31,1685491200,1.1692
2023-06-01,1685577600,1.1365
2023-06-02,1685664000,1.1298
2023-06-03,1685750400,1.1230
2023-06-04,1685836800,1.1479
2023-06-05,1685923200,1.0584
2023-06-06,1686009600,1.0452
2023-06-07,1686096000,1.0710
2023-06-08,1686182400,1.0591
2023-06-09,1686268800,1.0515
2023-06-10,1686355200,1.0337
2023-06-11,1686441600,1.0558
2023-06-12,1686528000,1.0654
2023-06-13,1686614400,0.9706
2023-06-14,1686700800,0.9718
2023-06-15,1686787200,0.9797
2023-06-16,1686873600,0.9925
2023-06-17,1686960000,1.0264
2023-06-18,1687046400,1.0555
2023-06-19,1687132800,1.1135
2023-06-20,1687219200,1.1281
2023-06-21,1687305600,1.1360
2023-06-22,1687392000,1.1973
2023-06-23,1687478400,1.0751
2023-06-24,1687564800,1.0696
2023-06-25,1687651200,1.0833
2023-06-26,1687737600,1.1071
2023-06-27,1687824000,1.1111
2023-06-28,1687910400,1.1471
2023-06-29,1687996800,1.1372
2023-06-30,1688083200,1.2270
2023-07-01,1688169600,1.2210
2023-07-02,1688256000,1.2396
2023-07-03,1688342400,1.2468
2023-07-04,1688428800,1.2348
2023-07-05,1688515200,1.3015
2023-07-06,1688601600,1.3017
2023-07-07,1688688000,1.2733
2023-07-08,1688774400,1.2701
2023-07-09,1688860800,1.2766
2023-07-10,1688947200,1.3201
2023-07-11,1689033600,1.3184
2023-07-12,1689120000,1.3293
2023-07-13,1689206400,1.3311
2023-07-14,1689292800,1.3088
2023-07-15,1689379200,1.2955
2023-07-16,1689465600,1.3261
2023-07-17,1689552000,1.3232
2023-07-18,1689638400,1.3351
2023-07-19,1689724800,1.2940
2023-07-20,1689811200,1.2478
2023-07-21,1689897600,1.2470
2023-07-22,1689984000,1.1709
2023-07-23,1690070400,1.1750
2023-07-24,1690156800,1.1685
2023-07-25,1690243200,1.1604
2023-07-26,1690329600,1.2065
2023-07-27,1690416000,1.4114
2023-07-28,1690502400,1.3443
2023-07-29,1690588800,1.3264
2023-07-30,1690675200,1.2137
2023-07-31,1690761600,1.2110
2023-08-01,1690848000,1.2222
2023-08-02,1690934400,1.2167
2023-08-03,1691020800,1.2189
2023-08-04,1691107200,1.1301
2023-08-05,1691193600,1.1235
2023-08-06,1691280000,1.1325
2023-08-07,1691366400,1.1504
2023-08-08,1691452800,1.1436
2023-08-09,1691539200,1.1179
2023-08-10,1691625600,1.1031
2023-08-11,1691712000,1.0750
2023-08-12,1691798400,1.0534
2023-08-13,1691884800,1.0889
2023-08-14,1691971200,1.1046
2023-08-15,1692057600,1.0887
2023-08-16,1692144000,1.0768
2023-08-17,1692230400,1.0766
2023-08-18,1692316800,1.0545
2023-08-19,1692403200,1.0236
2023-08-20,1692489600,1.0167
2023-08-21,1692576000,1.0278
2023-08-22,1692662400,1.0159
2023-08-23,1692748800,1.0139
2023-08-24,1692835200,1.0156
2023-08-25,1692921600,0.9266
2023-08-26,1693008000,0.6900
2023-08-27,1693094400,0.7017
2023-08-28,1693180800,0.7448
2023-08-29,1693267200,0.7349
2023-08-30,1693353600,0.7421
2023-08-31,1693440000,0.7209
2023-09-01,1693526400,0.7150
2023-09-02,1693612800,0.7040
2023-09-03,1693699200,0.7178
2023-09-04,1693785600,0.7270
2023-09-05,1693872000,0.7345
2023-09-06,1693958400,0.7140
2023-09-07,1694044800,0.7047
2023-09-08,1694131200,0.6885
2023-09-09,1694217600,0.6803
2023-09-10,1694304000,0.6779
2023-09-11,1694390400,0.6819
2023-09-12,1694476800,0.6473
2023-09-13,1694563200,0.6461
2023-09-14,1694649600,0.6374
2023-09-15,1694736000,0.6076
2023-09-16,1694822400,0.5724
2023-09-17,1694908800,0.6107
2023-09-18,1694995200,0.7096
2023-09-19,1695081600,0.7133
2023-09-20,1695168000,0.6984
2023-09-21,1695254400,0.6901
2023-09-22,1695340800,0.6823
2023-09-23,1695427200,0.6753
2023-09-24,1695513600,0.6877
2023-09-25,1695600000,0.6828
2023-09-26,1695686400,0.6769
2023-09-27,1695772800,0.6471
2023-09-28,1695859200,0.6579
2023-09-29,1695945600,0.6480
2023-09-30,1696032000,0.6387
2023-10-01,1696118400,0.6975
2023-10-02,1696204800,0.7139
2023-10-03,1696291200,0.7384
2023-10-04,1696377600,0.7453
2023-10-05,1696464000,0.7562
2023-10-06,1696550400,0.7799
2023-10-07,1696636800,0.7766
2023-10-08,1696723200,0.8216
2023-10-09,1696809600,0.8400
2023-10-10,1696896000,0.8692
2023-10-11,1696982400,0.8736
2023-10-12,1697068800,0.8794
2023-10-13,1697155200,0.9343
2023-10-14,1697241600,0.9216
2023-10-15,1697328000,0.9354
2023-10-16,1697414400,0.9616
2023-10-17,1697500800,0.9560
2023-10-18,1697587200,0.9152
2023-10-19,1697673600,0.9245
2023-10-20,1697760000,0.9281
2023-10-21,1697846400,0.9376
2023-10-22,1697932800,0.9880
2023-10-23,1698019200,1.0687
2023-10-24,1698105600,1.0948
2023-10-25,1698192000,1.1443
2023-10-26,1698278400,1.1729
2023-10-27,1698364800,1.1858
2023-10-28,1698451200,1.1807
2023-10-29,1698537600,1.2000
2023-10-30,1698624000,1.2330
2023-10-31,1698710400,1.2956
2023-11-01,1698796800,1.3015
2023-11-02,1698883200,1.2935
2023-11-03,1698969600,1.2949
2023-11-04,1699056000,1.2804
2023-11-05,1699142400,1.2643
2023-11-06,1699228800,1.2913
2023-11-07,1699315200,1.2647
2023-11-08,1699401600,1.3428
2023-11-09,1699488000,1.3395
2023-11-10,1699574400,1.3469
2023-11-11,1699660800,1.3556
2023-11-12,1699747200,1.3011
2023-11-13,1699833600,1.3239
2023-11-14,1699920000,1.3756
2023-11-15,1700006400,1.3936
2023-11-16,1700092800,1.3974
2023-11-17,1700179200,1.3640
2023-11-18,1700265600,1.3594
2023-11-19,1700352000,1.3797
2023-11-20,1700438400,1.4238
2023-11-21,1700524800,1.4371
2023-11-22,1700611200,1.3815
2023-11-23,1700697600,1.3607
2023-11-24,1700784000,1.3052
2023-11-25,1700870400,1.2811
2023-11-26,1700956800,1.2499
2023-11-27,1701043200,1.2558
2023-11-28,1701129600,1.2540
2023-11-29,1701216000,1.3558
2023-11-30,1701302400,1.2548
2023-12-01,1701388800,1.2465
2023-12-02,1701475200,1.2321
2023-12-03,1701561600,1.3123
2023-12-04,1701648000,1.3676
2023-12-05,1701734400,1.4582
2023-12-06,1701820800,1.4808
2023-12-07,1701907200,1.5063
2023-12-08,1701993600,1.4324
2023-12-09,1702080000,1.4121
2023-12-10,1702166400,1.4503
2023-12-11,1702252800,1.5237
2023-12-12,1702339200,1.5243
2023-12-13,1702425600,1.5218
2023-12-14,1702512000,1.5162
2023-12-15,1702598400,1.5160
2023-12-16,1702684800,1.4993
2023-12-17,1702771200,1.5628
2023-12-18,1702857600,1.5786
2023-12-19,1702944000,1.6004
2023-12-20,1703030400,1.5765
2023-12-21,1703116800,1.5816
2023-12-22,1703203200,1.5958
2023-12-23,1703289600,1.6628
2023-12-24,1703376000,1.6673
2023-12-25,1703462400,1.6688
2023-12-26,1703548800,1.9147
2023-12-27,1703635200,1.9192
2023-12-28,1703721600,2.0247
2023-12-29,1703808000,1.9192
2023-12-30,1703894400,1.9113
2023-12-31,1703980800,1.9072
2024-01-01,1704067200,1.9408
2024-01-02,1704153600,1.8925
2024-01-03,1704240000,2.1170
2024-01-04,1704326400,2.0417
2024-01-05,1704412800,2.0063
2024-01-06,1704499200,1.9711
2024-01-07,1704585600,1.9810
2024-01-08,1704672000,2.0105
2024-01-09,1704758400,2.0022
2024-01-10,1704844800,1.9638
2024-01-11,1704931200,1.9870
2024-01-12,1705017600,1.9829
2024-01-13,1705104000,1.9379
2024-01-14,1705190400,1.9263
2024-01-15,1705276800,2.3314
2024-01-16,1705363200,2.3482
2024-01-17,1705449600,2.3845
2024-01-18,1705536000,2.3927
2024-01-19,1705622400,2.3729
2024-01-20,1705708800,2.3066
2024-01-21,1705795200,2.3652
2024-01-22,1705881600,2.3535
2024-01-23,1705968000,2.5302
2024-01-24,1706054400,2.5963
2024-01-25,1706140800,2.4178
2024-01-26,1706227200,2.4106
2024-01-27,1706313600,2.2877
2024-01-28,1706400000,2.2982
2024-01-29,1706486400,2.3512
2024-01-30,1706572800,2.4003
2024-01-31,1706659200,2.3873
2024-02-01,1706745600,2.3885
2024-02-02,1706832000,2.0963
2024-02-03,1706918400,2.0982
2024-02-04,1707004800,2.1235
2024-02-05,1707091200,2.2032
2024-02-06,1707177600,2.1997
2024-02-07,1707264000,2.1798
2024-02-08,1707350400,2.1746
2024-02-09,1707436800,2.1481
2024-02-10,1707523200,2.1185
2024-02-11,1707609600,2.1583
2024-02-12,1707696000,2.1757
2024-02-13,1707782400,2.2462
2024-02-14,1707868800,1.8746
2024-02-15,1707955200,1.8346
2024-02-16,1708041600,1.7732
2024-02-17,1708128000,1.7296
2024-02-18,1708214400,1.8870
2024-02-19,1708300800,1.9158
2024-02-20,1708387200,1.8736
2024-02-21,1708473600,1.8646
2024-02-22,1708560000,1.7126
2024-02-23,1708646400,1.6386
2024-02-24,1708732800,1.5957
2024-02-25,1708819200,1.6262
2024-02-26,1708905600,1.7007
2024-02-27,1708992000,1.8807
2024-02-28,1709078400,1.9428
2024-02-29,1709164800,2.1528
2024-03-01,1709251200,2.1441
2024-03-02,1709337600,2.1297
2024-03-03,1709424000,2.2575
2024-03-04,1709510400,2.4280
2024-03-05,1709596800,2.6859
2024-03-06,1709683200,2.7325
2024-03-07,1709769600,2.8227
2024-03-08,1709856000,2.8371
2024-03-09,1709942400,2.8853
2024-03-10,1710028800,2.9795
2024-03-11,1710115200,3.0489
2024-03-12,1710201600,3.1347
2024-03-13,1710288000,3.2451
2024-03-14,1710374400,3.2216
2024-03-15,1710460800,3.1969
2024-03-16,1710547200,3.2749
2024-03-17,1710633600,3.3142
2024-03-18,1710720000,3.3411
2024-03-19,1710806400,3.2453
2024-03-20,1710892800,3.2999
2024-03-21,1710979200,3.3761
2024-03-22,1711065600,3.8001
2024-03-23,1711152000,3.7877
2024-03-24,1711238400,3.9819
2024-03-25,1711324800,4.0463
2024-03-26,1711411200,4.0437
2024-03-27,1711497600,4.0961
2024-03-28,1711584000,3.9907
2024-03-29,1711670400,3.8990
2024-03-30,1711756800,3.6852
2024-03-31,1711843200,3.8692
2024-04-01,1711929600,3.9116
2024-04-02,1712016000,3.8298
2024-04-03,1712102400,3.6899
2024-04-04,1712188800,3.4398
2024-04-05,1712275200,3.3315
2024-04-06,1712361600,3.2274
2024-04-07,1712448000,3.2144
2024-04-08,1712534400,3.1703
2024-04-09,1712620800,3.0855
2024-04-10,1712707200,3.0260
2024-04-11,1712793600,2.9160
2024-04-12,1712880000,2.7792
2024-04-13,1712966400,2.7315
2024-04-14,1713052800,2.7330
2024-04-15,1713139200,2.6584
2024-04-16,1713225600,2.6199
2024-04-17,1713312000,2.6426
2024-04-18,1713398400,2.6211
2024-04-19,1713484800,2.5349
2024-04-20,1713571200,2.4093
2024-04-21,1713657600,1.8241
2024-04-22,1713744000,1.8021
2024-04-23,1713830400,1.5925
2024-04-24,1713916800,1.5125
2024-04-25,1714003200,1.4906
2024-04-26,1714089600,1.3549
2024-04-27,1714176000,1.3438
2024-04-28,1714262400,1.3502
2024-04-29,1714348800,1.3640
2024-04-30,1714435200,1.1080
2024-05-01,1714521600,1.0394
2024-05-02,1714608000,1.0326
2024-05-03,1714694400,1.0064
2024-05-04,1714780800,0.9917
2024-05-05,1714867200,0.9943
2024-05-06,1714953600,0.9905
2024-05-07,1715040000,0.9762
2024-05-08,1715126400,0.9482
2024-05-09,1715212800,0.9330
2024-05-10,1715299200,0.9228
2024-05-11,1715385600,0.9153
2024-05-12,1715472000,0.9204
2024-05-13,1715558400,0.9310
2024-05-14,1715644800,1.0364
2024-05-15,1715731200,0.9753
2024-05-16,1715817600,0.9726
2024-05-17,1715904000,0.9110
2024-05-18,1715990400,0.8865
2024-05-19,1716076800,0.9116
2024-05-20,1716163200,0.9400
2024-05-21,1716249600,0.9802
2024-05-22,1716336000,0.9961
2024-05-23,1716422400,0.9503
2024-05-24,1716508800,0.9360
2024-05-25,1716595200,0.9341
2024-05-26,1716681600,0.9351
2024-05-27,1716768000,2.4248
2024-05-28,1716854400,2.4172
2024-05-29,1716940800,2.3997
2024-05-30,1717027200,2.3920
2024-05-31,1717113600,2.3819
2024-06-01,1717200000,2.3676
2024-06-02,1717286400,2.4008
2024-06-03,1717372800,2.4195
2024-06-04,1717459200,2.4239
2024-06-05,1717545600,2.4598
2024-06-06,1717632000,2.4611
2024-06-07,1717718400,2.4589
2024-06-08,1717804800,2.4586
2024-06-09,1717891200,2.4633
2024-06-10,1717977600,2.5513
2024-06-11,1718064000,2.5591
2024-06-12,1718150400,2.5447
2024-06-13,1718236800,2.4402
2024-06-14,1718323200,2.4429
2024-06-15,1718409600,2.4256
2024-06-16,1718496000,2.4430
2024-06-17,1718582400,2.4454
2024-06-18,1718668800,2.4370
2024-06-19,1718755200,2.4224
2024-06-20,1718841600,2.5011
2024-06-21,1718928000,2.4978
2024-06-22,1719014400,2.4804
2024-06-23,1719100800,2.5134
2024-06-24,1719187200,2.5099
2024-06-25,1719273600,2.5021
2024-06-26,1719360000,1.0622
2024-06-27,1719446400,1.0685
2024-06-28,1719532800,1.0492
2024-06-29,1719619200,1.0440
2024-06-30,1719705600,1.0539
2024-07-01,1719792000,1.0549
2024-07-02,1719878400,1.0675
2024-07-03,1719964800,1.0740
2024-07-04,1720051200,1.1386
2024-07-05,1720137600,1.0987
2024-07-06,1720224000,1.0903
2024-07-07,1720310400,1.0865
2024-07-08,1720396800,1.1195
2024-07-09,1720483200,1.1381
2024-07-10,1720569600,1.0171
2024-07-11,1720656000,1.0026
2024-07-12,1720742400,0.9992
2024-07-13,1720828800,0.9953
2024-07-14,1720915200,0.9933
2024-07-15,1721001600,1.0090
2024-07-16,1721088000,1.0060
2024-07-17,1721174400,1.0286
2024-07-18,1721260800,1.0871
2024-07-19,1721347200,1.0822
2024-07-20,1721433600,1.0613
2024-07-21,1721520000,0.9242
2024-07-22,1721606400,1.0645
2024-07-23,1721692800,1.0398
2024-07-24,1721779200,1.0655
2024-07-25,1721865600,1.0582
2024-07-26,1721952000,0.9710
2024-07-27,1722038400,0.9593
2024-07-28,1722124800,0.9936
2024-07-29,1722211200,1.1068
2024-07-30,1722297600,1.1020
2024-07-31,1722384000,1.1222
2024-08-01,1722470400,1.0780
2024-08-02,1722556800,1.0596
2024-08-03,1722643200,0.9672
2024-08-04,1722729600,1.0295
2024-08-05,1722816000,1.0275
2024-08-06,1722902400,1.0497
2024-08-07,1722988800,1.0187
2024-08-08,1723075200,1.0033
2024-08-09,1723161600,1.0291
2024-08-10,1723248000,1.0197
2024-08-11,1723334400,1.0275
2024-08-12,1723420800,1.0288
2024-08-13,1723507200,1.0147
2024-08-14,1723593600,1.0083
2024-08-15,1723680000,0.9961
2024-08-16,1723766400,0.9628
2024-08-17,1723852800,0.8954
2024-08-18,1723939200,0.9028
2024-08-19,1724025600,0.9107
2024-08-20,1724112000,0.9111
2024-08-21,1724198400,0.7706
2024-08-22,1724284800,0.7704
2024-08-23,1724371200,0.7337
2024-08-24,1724457600,0.7230
2024-08-25,1724544000,0.7148
2024-08-26,1724630400,0.7467
2024-08-27,1724716800,0.7205
2024-08-28,1724803200,0.6812
2024-08-29,1724889600,0.6748
2024-08-30,1724976000,0.6555
2024-08-31,1725062400,0.6411
2024-09-01,1725148800,0.6328
2024-09-02,1725235200,0.6360
2024-09-03,1725321600,0.5827
2024-09-04,1725408000,0.5835
2024-09-05,1725494400,0.5835
2024-09-06,1725580800,0.5594
2024-09-07,1725667200,0.5410
2024-09-08,1725753600,0.5278
2024-09-09,1725840000,0.5438
2024-09-10,1725926400,0.5417
2024-09-11,1726012800,0.5390
2024-09-12,1726099200,0.5613
2024-09-13,1726185600,0.5525
2024-09-14,1726272000,0.5493
2024-09-15,1726358400,0.5710
2024-09-16,1726444800,0.5798
2024-09-17,1726531200,0.5898
2024-09-18,1726617600,0.5923
2024-09-19,1726704000,0.6037
2024-09-20,1726790400,0.5981
2024-09-21,1726876800,0.5833
2024-09-22,1726963200,0.5986
2024-09-23,1727049600,0.6089
2024-09-24,1727136000,0.6228
2024-09-25,1727222400,0.6152
2024-09-26,1727308800,0.6130
2024-09-27,1727395200,0.5330
2024-09-28,1727481600,0.5292
2024-09-29,1727568000,0.5325
2024-09-30,1727654400,0.5394
2024-10-01,1727740800,0.5441
2024-10-02,1727827200,0.5434
2024-10-03,1727913600,0.5419
2024-10-04,1728000000,0.5353
2024-10-05,1728086400,0.5154
2024-10-06,1728172800,0.5273
2024-10-07,1728259200,0.7065
2024-10-08,1728345600,0.7059
2024-10-09,1728432000,0.7031
2024-10-10,1728518400,0.7487
2024-10-11,1728604800,0.7517
2024-10-12,1728691200,0.7329
2024-10-13,1728777600,0.7491
2024-10-14,1728864000,0.8002
2024-10-15,1728950400,0.7931
2024-10-16,1729036800,0.7997
2024-10-17,1729123200,0.8038
2024-10-18,1729209600,0.8108
2024-10-19,1729296000,0.8237
2024-10-20,1729382400,0.8741
2024-10-21,1729468800,0.8808
2024-10-22,1729555200,0.8763
2024-10-23,1729641600,0.8750
2024-10-24,1729728000,0.8700
2024-10-25,1729814400,0.8428
2024-10-26,1729900800,0.8413
2024-10-27,1729987200,0.8515
2024-10-28,1730073600,0.8855
2024-10-29,1730160000,0.8946
2024-10-30,1730246400,0.9111
2024-10-31,1730332800,0.9289
2024-11-01,1730419200,0.9287
2024-11-02,1730505600,0.9209
2024-11-03,1730592000,0.9336
2024-11-04,1730678400,0.9547
2024-11-05,1730764800,1.0862
2024-11-06,1730851200,0.9381
2024-11-07,1730937600,0.9647
2024-11-08,1731024000,0.9595
2024-11-09,1731110400,0.9293
2024-11-10,1731196800,0.9926
2024-11-11,1731283200,1.0708
2024-11-12,1731369600,1.1149
2024-11-13,1731456000,1.1993
2024-11-14,1731542400,1.2413
2024-11-15,1731628800,1.2440
2024-11-16,1731715200,1.2401
2024-11-17,1731801600,1.2523
2024-11-18,1731888000,1.3094
2024-11-19,1731974400,1.3427
2024-11-20,1732060800,1.4320
2024-11-21,1732147200,1.5116
2024-11-22,1732233600,1.5179
2024-11-23,1732320000,1.5239
2024-11-24,1732406400,1.5800
2024-11-25,1732492800,1.6687
2024-11-26,1732579200,1.7215
2024-11-27,1732665600,1.7476
2024-11-28,1732752000,1.7629
2024-11-29,1732838400,1.7585
2024-11-30,1732924800,1.7444
2024-12-01,1733011200,1.8056
2024-12-02,1733097600,1.9008
2024-12-03,1733184000,1.9273
2024-12-04,1733270400,2.0549
2024-12-05,1733356800,1.9565
2024-12-06,1733443200,1.9504
2024-12-07,1733529600,1.9166
2024-12-08,1733616000,2.0104
2024-12-09,1733702400,2.0204
2024-12-10,1733788800,1.9666
2024-12-11,1733875200,1.9063
2024-12-12,1733961600,1.8911
2024-12-13,1734048000,1.7785
2024-12-14,1734134400,1.7483
2024-12-15,1734220800,2.0581
2024-12-16,1734307200,2.1115
2024-12-17,1734393600,2.1458
2024-12-18,1734480000,2.1601
2024-12-19,1734566400,2.1523
2024-12-20,1734652800,2.0284
2024-12-21,1734739200,1.9513
2024-12-22,1734825600,1.9966
2024-12-23,1734912000,2.0639
2024-12-24,1734998400,2.0108
2024-12-25,1735084800,2.0108
2024-12-26,1735171200,1.9494
2024-12-27,1735257600,1.9325
2024-12-28,1735344000,1.8863
2024-12-29,1735430400,1.9060
2024-12-30,1735516800,1.9680
2024-12-31,1735603200,2.0235
2025-01-01,1735689600,1.9988
2025-01-02,1735776000,1.9191
2025-01-03,1735862400,1.9012
2025-01-04,1735948800,1.7613
2025-01-05,1736035200,1.6458
2025-01-06,1736121600,1.6456
2025-01-07,1736208000,1.6946
2025-01-08,1736294400,1.6035
2025-01-09,1736380800,1.5831
2025-01-10,1736467200,1.5189
2025-01-11,1736553600,1.5023
2025-01-12,1736640000,1.4621
2025-01-13,1736726400,1.4527
2025-01-14,1736812800,1.4394
2025-01-15,1736899200,1.4194
2025-01-16,1736985600,1.3672
2025-01-17,1737072000,1.3200
2025-01-18,1737158400,1.2347
2025-01-19,1737244800,1.1712
2025-01-20,1737331200,1.1905
2025-01-21,1737417600,1.2107
2025-01-22,1737504000,1.1751
2025-01-23,1737590400,1.3055
2025-01-24,1737676800,1.3135
2025-01-25,1737763200,1.2989
2025-01-26,1737849600,1.2442
2025-01-27,1737936000,1.2532
2025-01-28,1738022400,1.2158
2025-01-29,1738108800,1.1439
2025-01-30,1738195200,1.0786
2025-01-31,1738281600,1.0394
2025-02-01,1738368000,1.0277
2025-02-02,1738454400,1.0261
2025-02-03,1738540800,1.0436
2025-02-04,1738627200,1.0915
2025-02-05,1738713600,1.1482
2025-02-06,1738800000,1.1206
2025-02-07,1738886400,1.1148
2025-02-08,1738972800,1.1106
2025-02-09,1739059200,1.1737
2025-02-10,1739145600,1.1793
2025-02-11,1739232000,1.2215
2025-02-12,1739318400,1.2244
2025-02-13,1739404800,1.2244
2025-02-14,1739491200,1.1954
2025-02-15,1739577600,1.1782
2025-02-16,1739664000,1.1485
2025-02-17,1739750400,1.1241
2025-02-18,1739836800,1.1212
2025-02-19,1739923200,1.0971
2025-02-20,1740009600,1.0667
2025-02-21,1740096000,1.0154
2025-02-22,1740182400,0.7752
2025-02-23,1740268800,0.7622
2025-02-24,1740355200,0.7648
2025-02-25,1740441600,0.8085
2025-02-26,1740528000,0.8298
2025-02-27,1740614400,0.8413
2025-02-28,1740700800,0.8577
2025-03-01,1740787200,0.8552
2025-03-02,1740873600,0.8517
2025-03-03,1740960000,0.8716
2025-03-04,1741046400,0.8801
2025-03-05,1741132800,0.8670
2025-03-06,1741219200,0.8468
2025-03-07,1741305600,0.7887
2025-03-08,1741392000,0.7401
2025-03-09,1741478400,0.7312
2025-03-10,1741564800,0.7692
2025-03-11,1741651200,0.7091
2025-03-12,1741737600,0.7235
2025-03-13,1741824000,0.6896
2025-03-14,1741910400,0.6983
2025-03-15,1741996800,0.6892
2025-03-16,1742083200,0.6773
2025-03-17,1742169600,0.6850
2025-03-18,1742256000,0.6925
2025-03-19,1742342400,0.6982
2025-03-20,1742428800,0.7116
2025-03-21,1742515200,0.7104
2025-03-22,1742601600,0.7187
2025-03-23,1742688000,0.7227
2025-03-24,1742774400,0.7235
2025-03-25,1742860800,0.7405
2025-03-26,1742947200,0.7418
2025-03-27,1743033600,0.6929
2025-03-28,1743120000,0.6989
2025-03-29,1743206400,0.6722
2025-03-30,1743292800,0.6476
2025-03-31,1743379200,0.6582
2025-04-01,1743465600,0.6627
2025-04-02,1743552000,0.6601
2025-04-03,1743638400,0.7168
2025-04-04,1743724800,0.7222
2025-04-05,1743811200,0.6930
2025-04-06,1743897600,0.6752
2025-04-07,1743984000,0.7319
2025-04-08,1744070400,0.7389
2025-04-09,1744156800,0.7165
2025-04-10,1744243200,0.7280
2025-04-11,1744329600,0.7325
2025-04-12,1744416000,0.7191
2025-04-13,1744502400,0.7075
2025-04-14,1744588800,0.7182
2025-04-15,1744675200,0.7414
2025-04-16,1744761600,0.7538
2025-04-17,1744848000,0.8030
2025-04-18,1744934400,0.7948
2025-04-19,1745020800,0.7660
2025-04-20,1745107200,0.7640
2025-04-21,1745193600,0.7586
2025-04-22,1745280000,0.7774
2025-04-23,1745366400,0.7964
2025-04-24,1745452800,0.8304
2025-04-25,1745539200,0.8835
2025-04-26,1745625600,0.8895
2025-04-27,1745712000,0.8386
2025-04-28,1745798400,0.8828
2025-04-29,1745884800,0.9320
2025-04-30,1745971200,0.9480
2025-05-01,1746057600,0.9785
2025-05-02,1746144000,0.9876
2025-05-03,1746230400,0.9182
2025-05-04,1746316800,0.9034
2025-05-05,1746403200,1.0020
2025-05-06,1746489600,1.0690
2025-05-07,1746576000,1.0513
2025-05-08,1746662400,1.0885
2025-05-09,1746748800,1.1104
2025-05-10,1746835200,1.0709
2025-05-11,1746921600,1.0464
2025-05-12,1747008000,1.0693
2025-05-13,1747094400,1.1333
2025-05-14,1747180800,1.1454
2025-05-15,1747267200,1.1982
2025-05-16,1747353600,1.1455
2025-05-17,1747440000,1.1522
2025-05-18,1747526400,1.2181
2025-05-19,1747612800,1.2683
2025-05-20,1747699200,1.3202
2025-05-21,1747785600,1.3346
2025-05-22,1747872000,1.3408
2025-05-23,1747958400,1.3025
2025-05-24,1748044800,1.2511
2025-05-25,1748131200,1.3055
2025-05-26,1748217600,1.3538
2025-05-27,1748304000,1.4382
2025-05-28,1748390400,1.4402
2025-05-29,1748476800,1.4281
2025-05-30,1748563200,1.3899
2025-05-31,1748649600,1.3527
2025-06-01,1748736000,1.3739
2025-06-02,1748822400,1.3977
2025-06-03,1748908800,1.3426
2025-06-04,1748995200,1.2765
2025-06-05,1749081600,1.2487
2025-06-06,1749168000,1.2069
2025-06-07,1749254400,1.1616
2025-06-08,1749340800,1.1688
2025-06-09,1749427200,1.1895
2025-06-10,1749513600,1.1873
2025-06-11,1749600000,1.1171
2025-06-12,1749686400,1.1446
2025-06-13,1749772800,1.0676
2025-06-14,1749859200,1.0495
2025-06-15,1749945600,1.0796
2025-06-16,1750032000,1.0842
2025-06-17,1750118400,1.0300
2025-06-18,1750204800,0.9841
2025-06-19,1750291200,0.9264
2025-06-20,1750377600,0.9015
2025-06-21,1750464000,0.8969
2025-06-22,1750550400,0.9154
2025-06-23,1750636800,0.9301
2025-06-24,1750723200,0.8821
2025-06-25,1750809600,0.8931
2025-06-26,1750896000,0.9427
2025-06-27,1750982400,0.8834
2025-06-28,1751068800,0.8691
2025-06-29,1751155200,0.8691
2025-06-30,1751241600,0.9547
